height,slope_avg,river_distance_avg,drainscore_avg,permeable,distance_avg,length_sew,numpoints,dept_avg
635.0,5.0,542.0,4.0,1,348.0,0.0,0.0,0.0
58.5,2.0,317.0,4.0,1,599.0,0.0,0.0,0.0
1244.0,10.0,893.0,4.0,1,1294.0,0.0,0.0,0.0
58.0,2.5,290.0,4.0,1,419.0,9.75,1.0,0.0
1565.0,8.0,521.0,4.0,1,421.0,0.0,0.0,0.0
396.0,10.0,521.0,4.0,1,717.0,0.0,0.0,0.0
274.0,6.5,167.0,4.0,1,500.0,0.0,0.0,0.0
76.0,2.0,777.0,4.0,0,488.0,11.11111111111111,3.0,0.0
235.75,4.0,1224.0,4.0,1,656.0,0.0,0.0,0.0
251.0,5.0,824.0,4.0,1,237.0,0.0,0.0,0.0
1285.5,13.333333333333334,1051.0,4.0,1,598.0,0.0,0.0,0.0
458.5,2.0,196.0,4.0,1,198.0,0.0,0.0,0.0
39.0,1.0,797.0,4.0,1,693.0,12.5,1.0,0.0
451.0,5.333333333333333,86.0,4.0,1,1652.0,0.0,0.0,0.0
636.0,5.0,506.0,4.0,1,791.0,0.0,0.0,0.0
571.5,4.0,25.0,4.0,1,85.0,0.0,0.0,0.0
152.0,2.5,587.0,4.0,1,62.0,22.0,0.0,0.0
67.0,3.0,521.0,4.0,1,211.0,0.0,0.0,0.0
72.25,2.0,401.0,4.0,1,237.0,6.0,0.0,0.0
224.0,4.5,192.0,4.0,1,126.0,0.0,0.0,0.0
289.25,7.0,395.0,2.0,1,23.0,0.0,0.0,0.0
388.0,4.0,648.0,4.0,1,195.0,0.0,0.0,0.0
2.0,7.333333333333333,624.0,0.0,0,470.0,10.0,5.0,0.0
609.0,6.0,932.0,5.0,1,1474.0,0.0,0.0,0.0
394.0,4.0,234.0,4.0,1,674.0,0.0,0.0,0.0
411.0,4.0,227.0,4.0,1,1050.0,0.0,0.0,0.0
455.0,4.0,188.0,4.0,1,1515.0,0.0,0.0,0.0
39.0,1.0,127.0,4.0,0,128.0,12.375,5.0,0.0
172.66666666666666,4.0,296.0,4.0,1,56.0,0.0,0.0,0.0
604.5,5.0,28.0,4.0,1,613.0,0.0,0.0,0.0
369.0,5.0,188.0,4.0,1,134.0,0.0,0.0,0.0
380.0,5.0,584.0,4.0,1,856.0,0.0,0.0,0.0
684.5,6.0,913.0,4.0,1,537.0,0.0,0.0,0.0
336.0,4.0,347.0,4.0,1,83.0,0.0,0.0,0.0
64.0,1.5,615.0,4.0,1,502.0,0.0,0.0,0.0
42.0,2.0,408.0,4.0,1,325.0,30.0,0.0,0.0
106.0,2.0,296.0,4.0,1,209.0,0.0,0.0,0.0
193.5,21.0,363.0,4.0,1,328.0,0.0,0.0,0.0
16.0,4.0,259.0,5.0,1,417.0,13.6,3.0,0.0
128.0,3.0,845.0,4.0,1,21.0,0.0,0.0,0.0
22.0,1.0,475.0,4.0,1,937.0,0.0,0.0,0.0
463.0,3.0,335.0,4.0,1,1578.0,0.0,0.0,0.0
458.0,4.0,255.0,4.0,1,81.0,0.0,0.0,0.0
267.0,4.0,1022.0,4.0,1,192.0,0.0,0.0,0.0
761.0,6.0,1515.0,4.0,1,2502.0,0.0,0.0,0.0
991.0,10.5,1438.0,4.0,1,1805.0,0.0,0.0,0.0
362.0,7.0,82.0,4.0,1,670.0,0.0,0.0,0.0
995.0,11.0,2234.0,4.0,1,3940.0,0.0,0.0,0.0
480.0,8.0,205.0,2.0,1,4.0,0.0,0.0,0.0
215.0,4.0,1152.0,4.0,1,55.0,0.0,0.0,0.0
143.5,3.0,1078.0,5.0,1,430.0,0.0,0.0,0.0
133.0,1.5,771.0,4.5,1,271.0,0.0,0.0,0.0
63.0,1.5,584.0,4.0,0,717.0,0.0,0.0,0.0
364.5,15.0,467.0,4.0,1,756.0,0.0,0.0,0.0
1501.0,27.0,690.0,5.0,1,233.0,0.0,0.0,0.0
1004.25,18.0,657.0,5.0,1,972.0,0.0,0.0,0.0
874.0,5.0,1258.0,4.0,1,3466.0,0.0,0.0,0.0
275.0,5.0,321.0,4.0,1,729.0,0.0,0.0,0.0
660.5,4.0,422.0,4.0,1,1430.0,0.0,0.0,0.0
747.0,8.333333333333334,953.0,4.0,1,770.0,0.0,0.0,0.0
740.5,15.0,1173.0,4.0,1,63.0,0.0,0.0,0.0
413.0,2.0,291.0,4.0,1,117.0,0.0,0.0,0.0
119.0,3.0,128.0,4.0,1,741.0,30.0,0.0,0.0
772.0,4.5,1187.0,4.0,1,2114.0,0.0,0.0,0.0
38.75,1.0,655.0,5.0,1,669.0,0.0,0.0,0.0
491.5,4.0,414.0,4.0,1,0.0,0.0,0.0,0.0
401.5,6.0,252.0,2.6666666666666665,1,270.0,0.0,0.0,0.0
605.0,5.0,312.0,4.0,1,1264.0,0.0,0.0,0.0
389.0,3.0,756.0,4.0,1,651.0,0.0,0.0,0.0
68.5,3.0,760.0,4.0,1,148.0,10.142857142857142,4.0,0.0
239.5,14.0,297.0,4.0,1,454.0,0.0,0.0,0.0
684.0,5.5,395.0,4.0,1,1416.0,0.0,0.0,0.0
138.5,2.0,409.0,4.0,1,158.0,0.0,0.0,0.0
74.0,1.5,599.0,4.0,1,158.0,0.0,0.0,0.0
384.5,4.0,93.0,4.0,0,162.0,0.0,0.0,0.0
431.0,4.5,124.0,4.0,1,1187.0,0.0,0.0,0.0
377.0,4.0,261.0,4.0,1,708.0,0.0,0.0,0.0
115.0,1.0,372.0,2.0,1,35.0,17.0,0.0,0.0
372.0,12.0,309.0,4.0,1,449.0,0.0,0.0,0.0
497.0,6.0,201.0,4.0,1,385.0,0.0,0.0,0.0
319.25,7.0,470.0,4.0,1,387.0,0.0,0.0,0.0
650.0,5.5,683.0,4.0,1,747.0,0.0,0.0,0.0
287.0,2.0,384.0,4.0,1,628.0,0.0,0.0,0.0
323.5,7.0,942.0,4.0,1,330.0,0.0,0.0,0.0
337.5,5.0,462.0,4.0,1,733.0,0.0,0.0,0.0
1177.0,8.0,1176.0,4.0,1,2950.0,0.0,0.0,0.0
762.0,20.0,633.0,5.0,1,711.0,0.0,0.0,0.0
462.0,7.0,405.0,4.0,1,236.0,0.0,0.0,0.0
40.0,2.0,777.0,4.0,0,1259.0,0.0,0.0,0.0
543.5,2.0,247.0,4.0,1,1057.0,0.0,0.0,0.0
209.0,3.5,338.0,4.0,1,285.0,0.0,0.0,0.0
950.0,7.5,1003.0,5.0,1,1452.0,0.0,0.0,0.0
950.0,7.0,2105.0,4.0,1,480.0,0.0,0.0,0.0
238.0,6.5,1106.0,4.0,1,457.0,0.0,0.0,0.0
111.0,6.0,911.0,4.0,1,334.0,0.0,0.0,0.0
314.0,4.0,600.0,4.0,1,104.0,0.0,0.0,0.0
114.75,2.0,299.0,4.0,0,31.0,0.0,0.0,0.0
1571.0,23.0,1322.0,5.0,1,147.0,0.0,0.0,0.0
798.0,4.0,1693.0,4.0,1,2634.0,0.0,0.0,0.0
57.0,1.0,415.0,2.0,1,13.0,13.0,2.0,0.0
412.0,12.0,722.0,4.0,1,464.0,0.0,0.0,0.0
496.0,3.0,60.0,4.0,1,369.0,0.0,0.0,0.0
810.0,6.0,1783.0,4.0,1,2627.0,0.0,0.0,0.0
39.0,2.0,402.0,5.0,1,410.0,0.0,0.0,0.0
24.0,1.0,828.0,4.0,1,894.0,0.0,0.0,0.0
693.75,7.0,496.0,4.0,1,549.0,0.0,0.0,0.0
298.0,15.0,256.0,4.0,1,321.0,0.0,0.0,0.0
532.5,6.0,140.0,4.0,1,191.0,0.0,0.0,0.0
577.0,15.0,460.0,5.0,1,963.0,0.0,0.0,0.0
164.5,6.0,1285.0,4.0,1,645.0,3.0,0.0,0.0
565.5,4.5,229.0,4.0,1,338.0,0.0,0.0,0.0
845.0,9.5,1845.0,4.0,1,1826.0,0.0,0.0,0.0
398.0,5.5,223.0,4.0,1,303.0,0.0,0.0,0.0
393.0,4.0,101.0,4.0,1,801.0,0.0,0.0,0.0
31.0,2.0,921.0,4.0,1,782.0,2.0,0.0,0.0
519.5,4.0,205.0,4.0,1,536.0,0.0,0.0,0.0
704.25,11.75,705.0,4.0,1,2154.0,0.0,0.0,0.0
561.5,4.5,254.0,4.0,1,173.0,0.0,0.0,0.0
486.0,8.0,754.0,4.0,1,1063.0,0.0,0.0,0.0
7.0,1.0,319.0,4.0,1,601.0,0.0,0.0,0.0
101.0,2.0,275.0,4.0,1,199.0,0.0,0.0,0.0
392.5,5.0,345.0,2.0,1,59.0,0.0,0.0,0.0
173.0,10.5,520.0,4.0,1,221.0,0.0,0.0,0.0
7.0,3.0,1033.0,4.0,1,186.0,31.0,0.0,0.0
377.0,5.0,20.0,4.0,1,738.0,0.0,0.0,0.0
627.0,9.0,757.0,4.0,1,1247.0,0.0,0.0,0.0
662.0,5.0,698.0,4.0,1,687.0,0.0,0.0,0.0
590.5,6.5,711.0,4.0,1,692.0,0.0,0.0,0.0
952.0,19.0,1639.0,5.0,1,3766.0,0.0,0.0,0.0
722.0,7.0,964.0,4.0,1,1632.0,0.0,0.0,0.0
4.0,1.0,588.0,2.5,1,818.0,18.428571428571427,1.0,0.0
115.0,1.0,438.0,4.0,1,242.0,4.0,0.0,0.0
275.5,6.0,1069.0,2.0,1,30.0,0.0,0.0,0.0
111.0,3.0,393.0,4.0,1,454.0,0.0,0.0,0.0
226.0,3.0,381.0,4.0,1,124.0,0.0,0.0,0.0
13.0,2.0,987.0,4.0,0,413.0,15.75,4.0,0.0
394.0,2.0,510.0,4.0,1,125.0,0.0,0.0,0.0
369.0,15.0,364.0,4.0,1,693.0,0.0,0.0,0.0
28.5,1.5,1114.0,4.0,0,549.0,15.0,2.0,0.0
50.0,4.0,1036.0,4.0,1,280.0,0.0,0.0,0.0
34.0,2.0,667.0,4.0,1,352.0,0.0,0.0,0.0
25.5,2.0,837.0,4.0,1,762.0,0.0,0.0,0.0
69.0,1.0,780.0,4.0,0,675.0,10.4,5.0,0.0
624.0,3.0,515.0,4.0,1,506.0,0.0,0.0,0.0
55.0,1.0,394.0,4.0,1,754.0,10.0,0.0,0.0
558.0,5.0,119.0,4.0,1,843.0,0.0,0.0,0.0
633.25,11.5,403.0,4.0,1,1320.0,0.0,0.0,0.0
568.0,10.0,483.0,4.0,1,1063.0,0.0,0.0,0.0
564.0,8.25,110.0,4.0,1,93.0,0.0,0.0,0.0
717.0,11.0,1135.0,4.0,1,928.0,0.0,0.0,0.0
348.0,2.0,319.0,4.0,1,160.0,0.0,0.0,0.0
133.5,1.0,163.0,4.0,1,76.0,0.0,0.0,0.0
984.0,9.0,1837.0,5.0,1,3982.0,0.0,0.0,0.0
337.0,4.0,282.0,4.0,1,281.0,0.0,0.0,0.0
177.0,2.5,524.0,4.0,1,14.0,0.0,0.0,0.0
1124.0,7.0,348.0,4.0,1,1784.0,0.0,0.0,0.0
1154.0,10.0,177.0,4.0,1,1698.0,0.0,0.0,0.0
290.0,5.0,122.0,4.0,1,1079.0,0.0,0.0,0.0
130.0,2.5,71.0,4.0,1,101.0,0.0,0.0,0.0
454.0,7.0,298.0,4.0,1,63.0,0.0,0.0,0.0
340.75,4.0,392.0,4.0,1,152.0,0.0,0.0,0.0
169.66666666666666,5.0,592.0,4.0,1,249.0,0.0,0.0,0.0
35.0,1.0,977.0,4.0,1,742.0,0.0,0.0,0.0
21.0,3.5,515.0,4.0,1,227.0,30.666666666666668,1.0,0.0
175.0,2.0,797.0,4.0,1,149.0,30.0,0.0,0.0
22.0,4.0,421.0,4.0,1,340.0,26.0,0.0,0.0
450.0,6.0,38.0,4.0,1,324.0,0.0,0.0,0.0
211.0,5.0,526.0,4.0,1,64.0,22.0,1.0,0.0
811.0,22.5,979.0,5.0,1,1116.0,0.0,0.0,0.0
306.0,9.0,436.0,4.0,1,385.0,0.0,0.0,0.0
519.0,6.0,355.0,4.0,1,1605.0,0.0,0.0,0.0
1398.5,30.0,951.0,4.0,1,1535.0,0.0,0.0,0.0
673.0,9.0,1116.0,4.0,1,1467.0,0.0,0.0,0.0
197.5,3.0,296.0,4.0,1,392.0,0.0,0.0,0.0
739.0,12.5,543.0,5.0,1,2448.0,0.0,0.0,0.0
1016.0,15.0,506.0,4.5,1,786.0,0.0,0.0,0.0
355.5,4.0,223.0,4.0,1,71.0,0.0,0.0,0.0
1404.0,14.25,1034.0,5.0,1,68.0,0.0,0.0,0.0
349.0,2.5,169.0,2.0,1,12.0,0.0,0.0,0.0
269.75,4.0,173.0,4.0,1,363.0,0.0,0.0,0.0
91.0,1.0,774.0,4.0,1,1149.0,30.0,0.0,0.0
231.0,4.0,425.0,4.0,1,133.0,0.0,0.0,0.0
879.0,12.0,1979.0,5.0,1,417.0,0.0,0.0,0.0
111.0,6.0,925.0,4.0,1,305.0,0.0,0.0,0.0
579.5,11.0,178.0,4.0,1,727.0,0.0,0.0,0.0
155.5,3.0,1021.0,4.0,0,355.0,15.0,1.0,0.0
383.5,4.0,780.0,4.0,1,57.0,0.0,0.0,0.0
344.0,4.0,919.0,4.0,1,121.0,0.0,0.0,0.0
41.0,1.5,273.0,4.0,0,394.0,0.0,0.0,0.0
854.0,7.0,1794.0,4.0,1,3220.0,0.0,0.0,0.0
703.0,5.5,978.0,4.0,1,1463.0,0.0,0.0,0.0
622.0,5.0,710.0,4.0,1,877.0,0.0,0.0,0.0
87.75,3.0,752.0,4.0,0,464.0,16.0,0.0,0.0
369.0,4.0,554.0,4.0,1,948.0,0.0,0.0,0.0
496.0,8.0,563.0,4.0,1,139.0,0.0,0.0,0.0
166.5,6.0,848.0,4.0,1,537.0,0.0,0.0,0.0
71.0,2.5,691.0,4.0,1,704.0,0.0,0.0,0.0
100.0,2.5,520.0,3.0,1,56.0,0.0,0.0,0.0
7.5,2.0,264.0,4.0,1,284.0,8.5,0.0,0.0
1178.0,6.0,1377.0,4.0,1,3058.0,0.0,0.0,0.0
455.5,2.5,55.0,4.0,1,514.0,0.0,0.0,0.0
962.0,9.0,2016.0,4.0,1,400.0,0.0,0.0,0.0
109.0,2.0,857.0,4.0,1,83.0,0.0,0.0,0.0
81.0,3.0,505.0,4.0,1,207.0,21.666666666666668,1.0,0.0
787.0,9.0,980.0,4.0,1,3700.0,0.0,0.0,0.0
859.0,12.5,1258.0,5.0,1,2908.0,0.0,0.0,0.0
63.0,1.5,637.0,4.0,0,253.0,0.0,0.0,0.0
277.0,3.0,371.0,4.0,1,96.0,15.5,1.0,0.0
494.5,5.0,344.0,4.0,1,117.0,0.0,0.0,0.0
147.5,6.0,871.0,4.0,1,308.0,0.0,0.0,0.0
1412.5,9.0,1453.0,4.0,1,2182.0,0.0,0.0,0.0
190.0,4.0,631.0,4.0,1,238.0,0.0,0.0,0.0
303.5,4.0,320.0,4.0,1,372.0,0.0,0.0,0.0
467.0,4.0,494.0,4.0,1,941.0,0.0,0.0,0.0
103.5,4.5,963.0,4.0,1,720.0,0.0,0.0,0.0
111.0,2.0,83.0,4.0,0,182.0,0.0,0.0,0.0
48.0,1.0,302.0,4.0,1,229.0,0.0,0.0,0.0
445.5,5.5,507.0,2.0,1,3.0,0.0,0.0,0.0
33.5,1.5,894.0,4.0,1,871.0,0.0,0.0,0.0
388.0,3.0,216.0,4.0,1,741.0,0.0,0.0,0.0
797.0,12.0,1149.0,4.0,1,2420.0,0.0,0.0,0.0
167.0,2.0,242.0,4.0,1,105.0,0.0,0.0,0.0
557.5,8.0,433.0,4.0,1,507.0,0.0,0.0,0.0
1108.0,8.0,543.0,4.0,1,1712.0,0.0,0.0,0.0
1534.0,18.5,2107.0,4.0,1,663.0,0.0,0.0,0.0
1341.0,15.0,1235.0,4.0,1,1721.0,0.0,0.0,0.0
112.5,1.5,590.0,4.0,0,187.0,0.0,0.0,0.0
61.0,3.0,502.0,3.0,1,295.0,0.0,0.0,0.0
158.0,2.5,714.0,4.0,1,349.0,20.33333333333333,1.0,0.0
269.0,3.5,143.0,4.0,1,285.0,0.0,0.0,0.0
339.25,3.0,266.0,4.0,1,255.0,12.0,1.0,0.0
106.0,3.0,864.0,4.0,1,94.0,0.0,0.0,0.0
325.0,6.0,521.0,4.0,1,782.0,0.0,0.0,0.0
117.5,4.5,325.0,4.0,1,350.0,0.0,0.0,0.0
8.5,2.0,263.0,4.0,1,305.0,0.0,0.0,0.0
582.5,4.0,125.0,4.0,1,106.0,0.0,0.0,0.0
284.5,3.0,422.0,4.0,1,113.0,0.0,0.0,0.0
9.0,1.0,810.0,4.5,1,48.0,0.0,0.0,0.0
549.75,4.0,394.0,4.0,1,549.0,0.0,0.0,0.0
363.0,6.0,148.0,4.0,1,423.0,0.0,0.0,0.0
424.0,3.0,155.0,4.0,1,429.0,0.0,0.0,0.0
686.5,7.0,389.0,4.0,1,580.0,0.0,0.0,0.0
536.5,8.5,115.0,4.0,1,307.0,0.0,0.0,0.0
53.0,1.0,547.0,4.0,0,667.0,15.0,0.0,0.0
224.5,4.5,443.0,2.0,1,0.0,0.0,0.0,0.0
504.5,9.0,1015.0,4.0,1,756.0,0.0,0.0,0.0
224.0,4.0,555.0,4.0,1,38.0,0.0,0.0,0.0
46.5,4.0,530.0,4.0,1,1261.0,0.0,0.0,0.0
37.0,12.0,280.0,4.0,1,667.0,35.0,0.0,0.0
908.5,14.5,614.0,4.5,1,930.0,0.0,0.0,0.0
5.0,2.0,487.0,2.5,1,830.0,0.0,0.0,0.0
18.0,2.5,866.0,4.5,1,433.0,0.0,0.0,0.0
474.0,7.0,399.0,4.0,1,454.0,0.0,0.0,0.0
80.0,0.5,688.0,4.0,0,565.0,0.0,0.0,0.0
632.0,15.0,560.0,4.0,1,866.0,0.0,0.0,0.0
1190.0,4.0,324.0,4.0,1,1772.0,0.0,0.0,0.0
476.5,7.0,718.0,4.0,1,996.0,0.0,0.0,0.0
542.5,9.0,238.0,4.0,1,394.0,0.0,0.0,0.0
54.0,2.0,233.0,4.0,1,490.0,0.0,0.0,0.0
774.0,15.0,331.0,5.0,1,2958.0,0.0,0.0,0.0
318.0,4.5,1172.0,4.0,1,862.0,0.0,0.0,0.0
69.75,3.0,156.0,4.0,1,1062.0,0.0,0.0,0.0
436.0,5.666666666666667,256.0,4.0,1,687.0,0.0,0.0,0.0
191.5,4.0,420.0,4.0,1,521.0,0.0,0.0,0.0
476.0,3.5,297.0,4.0,1,674.0,0.0,0.0,0.0
413.0,7.666666666666667,220.0,4.0,1,473.0,0.0,0.0,0.0
106.0,1.0,156.0,4.0,1,464.0,15.666666666666666,3.0,0.0
281.0,2.5,335.0,4.0,1,111.0,0.0,0.0,0.0
9.0,3.0,235.0,4.0,1,765.0,0.0,0.0,0.0
553.5,5.0,221.0,4.0,1,632.0,0.0,0.0,0.0
371.0,10.5,161.0,4.0,1,559.0,0.0,0.0,0.0
97.5,1.5,945.0,4.0,1,807.0,15.0,1.0,0.0
347.0,8.0,479.0,4.0,1,209.0,0.0,0.0,0.0
152.5,3.5,685.0,2.0,1,51.0,22.5,0.0,0.0
174.0,7.0,200.0,4.0,1,283.0,0.0,0.0,0.0
867.0,19.0,1000.0,5.0,1,1412.0,0.0,0.0,0.0
19.0,2.5,155.0,4.0,1,77.0,0.0,0.0,0.0
455.0,8.0,651.0,4.0,1,654.0,0.0,0.0,0.0
80.0,10.0,152.0,4.0,1,691.0,0.0,0.0,0.0
630.0,13.0,253.0,4.5,1,997.0,0.0,0.0,0.0
153.0,1.5,565.0,4.0,1,184.0,0.0,0.0,0.0
207.0,4.0,1430.0,4.0,1,586.0,0.0,0.0,0.0
382.5,2.0,0.0,4.0,1,870.0,0.0,0.0,0.0
725.0,5.0,1226.0,4.0,1,342.0,0.0,0.0,0.0
90.0,2.0,518.0,4.0,1,61.0,0.0,0.0,0.0
672.0,10.5,658.0,4.0,1,1629.0,0.0,0.0,0.0
721.0,14.0,447.0,4.0,1,495.0,0.0,0.0,0.0
437.0,5.5,103.0,4.0,1,486.0,0.0,0.0,0.0
248.5,4.0,642.0,4.0,1,122.0,0.0,0.0,0.0
328.0,3.0,232.0,4.0,1,1556.0,0.0,0.0,0.0
799.0,10.0,1240.0,4.0,1,176.0,0.0,0.0,0.0
216.0,5.0,125.0,2.0,1,106.0,0.0,0.0,0.0
23.0,1.0,596.0,4.0,1,1017.0,0.0,0.0,0.0
34.0,1.5,676.0,4.0,1,542.0,0.0,0.0,0.0
616.0,3.5,394.0,4.0,1,628.0,0.0,0.0,0.0
170.0,2.0,404.0,4.0,1,147.0,0.0,0.0,0.0
682.0,4.5,972.0,4.0,1,247.0,0.0,0.0,0.0
183.0,4.0,411.0,4.0,1,101.0,0.0,0.0,0.0
1082.0,18.0,709.0,4.0,1,824.0,0.0,0.0,0.0
488.0,9.0,890.0,4.0,1,861.0,0.0,0.0,0.0
419.0,8.0,197.0,4.0,1,1081.0,0.0,0.0,0.0
228.0,7.0,1007.0,4.0,1,712.0,0.0,0.0,0.0
328.0,6.5,338.0,4.0,1,302.0,0.0,0.0,0.0
202.5,6.0,151.0,2.0,1,32.0,0.0,0.0,0.0
539.0,5.0,391.0,4.0,1,647.0,0.0,0.0,0.0
209.5,4.0,324.0,4.0,1,356.0,0.0,0.0,0.0
310.0,3.0,659.0,4.0,1,475.0,0.0,0.0,0.0
1441.25,17.0,724.0,4.0,1,1404.0,0.0,0.0,0.0
493.5,16.0,682.0,4.0,1,259.0,0.0,0.0,0.0
725.0,7.5,1099.0,4.0,1,465.0,0.0,0.0,0.0
196.5,2.0,470.0,4.0,1,71.0,30.0,2.0,0.0
190.0,4.5,473.0,4.0,1,515.0,0.0,0.0,0.0
65.5,5.0,105.0,4.0,1,1108.0,0.0,0.0,0.0
453.5,3.5,116.0,4.0,1,1585.0,20.0,0.0,0.0
82.0,9.0,138.0,4.0,1,651.0,0.0,0.0,0.0
684.0,18.0,405.0,4.0,1,676.0,0.0,0.0,0.0
47.5,4.0,305.0,4.0,1,115.0,0.0,0.0,0.0
154.0,2.5,886.0,4.0,1,500.0,15.0,2.0,0.0
576.0,4.0,71.0,4.0,1,615.0,0.0,0.0,0.0
226.0,4.0,646.0,4.0,1,155.0,0.0,0.0,0.0
621.5,7.5,525.0,4.0,1,1173.0,0.0,0.0,0.0
170.5,2.0,603.0,4.0,1,212.0,20.166666666666668,2.0,0.0
590.5,7.0,171.0,4.0,1,939.0,0.0,0.0,0.0
443.0,2.0,82.0,4.0,0,1418.0,0.0,0.0,0.0
724.5,7.5,1336.0,4.0,1,1799.0,0.0,0.0,0.0
339.0,7.0,710.0,4.0,1,381.0,0.0,0.0,0.0
999.3333333333334,11.0,1232.0,5.0,1,1275.0,0.0,0.0,0.0
713.5,5.0,1202.0,4.0,1,2098.0,0.0,0.0,0.0
265.5,3.5,221.0,4.0,1,198.0,0.0,0.0,0.0
400.0,5.0,708.0,4.0,1,162.0,0.0,0.0,0.0
527.0,6.0,505.0,4.5,1,1810.0,0.0,0.0,0.0
310.5,3.0,208.0,4.0,1,246.0,0.0,0.0,0.0
631.0,11.0,337.0,4.0,1,1015.0,0.0,0.0,0.0
1023.5,18.5,286.0,5.0,1,996.0,0.0,0.0,0.0
888.5,4.0,894.0,4.0,1,300.0,0.0,0.0,0.0
292.0,7.0,223.0,4.0,1,464.0,0.0,0.0,0.0
88.5,2.0,542.0,4.0,1,568.0,15.571428571428571,3.0,0.0
1309.0,14.0,1043.0,5.0,1,2374.0,0.0,0.0,0.0
1041.1666666666667,5.0,1999.0,4.0,1,3823.0,0.0,0.0,0.0
876.0,21.0,785.0,5.0,1,886.0,0.0,0.0,0.0
766.0,13.0,979.0,4.0,1,580.0,0.0,0.0,0.0
145.0,2.0,1072.0,4.0,1,238.0,18.4,2.0,0.0
556.0,7.5,405.0,4.0,1,731.0,0.0,0.0,0.0
9.0,3.0,670.0,5.0,1,178.0,0.0,0.0,0.0
178.5,4.0,187.0,4.0,1,275.0,15.5,1.0,0.0
553.0,2.0,121.0,4.5,1,1345.0,0.0,0.0,0.0
28.0,5.0,939.0,4.0,0,357.0,0.0,0.0,0.0
8.0,2.5,47.0,4.5,1,243.0,0.0,0.0,0.0
162.0,7.0,440.0,4.0,1,371.0,0.0,0.0,0.0
1575.5,11.0,2032.0,4.0,1,602.0,0.0,0.0,0.0
461.0,5.0,304.0,4.0,1,668.0,0.0,0.0,0.0
533.0,5.75,736.0,4.0,1,583.0,0.0,0.0,0.0
327.0,4.666666666666667,25.0,2.0,1,17.0,11.0,1.0,0.0
68.0,2.5,849.0,4.0,1,433.0,0.0,0.0,0.0
108.0,12.0,104.0,4.0,1,691.0,0.0,0.0,0.0
875.5,19.0,833.0,5.0,1,1210.0,0.0,0.0,0.0
261.0,4.0,569.0,4.0,1,463.0,0.0,0.0,0.0
433.0,8.0,22.0,4.0,1,1276.0,0.0,0.0,0.0
1133.5,32.0,2013.0,5.0,1,886.0,0.0,0.0,0.0
1028.5,10.0,1098.0,4.0,1,1343.0,0.0,0.0,0.0
1460.0,24.0,308.0,4.0,1,984.0,0.0,0.0,0.0
698.5,6.0,862.0,2.0,1,1174.0,0.0,0.0,0.0
30.0,1.5,409.0,4.5,1,67.0,11.333333333333334,2.0,0.0
765.0,3.0,589.0,5.0,1,3254.0,0.0,0.0,0.0
627.0,6.0,212.0,4.0,1,403.0,0.0,0.0,0.0
494.0,9.0,468.0,4.0,1,282.0,0.0,0.0,0.0
581.0,18.5,727.0,4.0,1,1042.0,0.0,0.0,0.0
7.5,2.0,783.0,5.0,1,247.0,0.0,0.0,0.0
799.0,18.5,1777.0,5.0,1,56.0,0.0,0.0,0.0
90.0,1.5,1081.0,4.0,0,101.0,15.0,2.0,0.0
144.0,2.5,164.0,3.0,1,399.0,0.0,0.0,0.0
189.5,5.0,630.0,4.0,1,583.0,0.0,0.0,0.0
595.5,5.0,137.0,4.0,1,1225.0,0.0,0.0,0.0
383.0,3.0,92.0,4.0,1,828.0,0.0,0.0,0.0
114.0,2.0,191.0,4.0,1,294.0,11.0,1.0,0.0
333.5,4.0,160.0,4.0,1,381.0,0.0,0.0,0.0
263.5,4.0,338.0,4.0,1,323.0,0.0,0.0,0.0
470.5,6.5,471.0,4.0,1,2.0,0.0,0.0,0.0
1566.5,18.5,180.0,4.0,1,1129.0,0.0,0.0,0.0
677.0,6.0,745.0,4.0,1,1641.0,0.0,0.0,0.0
272.0,4.0,338.0,4.0,1,43.0,0.0,0.0,0.0
532.0,16.0,512.0,4.0,1,345.0,0.0,0.0,0.0
842.0,12.0,1671.0,5.0,1,1820.0,0.0,0.0,0.0
373.0,4.0,28.0,4.0,1,111.0,0.0,0.0,0.0
437.75,4.0,232.0,4.0,1,621.0,0.0,0.0,0.0
98.0,3.5,118.0,4.0,1,265.0,0.0,0.0,0.0
162.0,2.0,613.0,4.0,1,289.0,0.0,0.0,0.0
60.0,2.0,936.0,4.0,1,61.0,0.0,0.0,0.0
423.0,4.0,273.0,4.0,1,297.0,0.0,0.0,0.0
64.75,3.0,155.0,5.0,1,107.0,0.0,0.0,0.0
586.0,4.5,398.0,4.0,1,805.0,0.0,0.0,0.0
232.0,4.5,544.0,4.0,1,133.0,0.0,0.0,0.0
598.5,10.0,478.0,4.5,1,27.0,0.0,0.0,0.0
1170.0,13.0,1474.0,4.0,1,1026.0,0.0,0.0,0.0
847.5,1.5,753.0,4.0,1,3251.0,0.0,0.0,0.0
199.0,5.0,1318.0,4.0,1,453.0,0.0,0.0,0.0
549.0,3.5,424.0,4.0,1,931.0,0.0,0.0,0.0
16.0,2.0,245.0,4.0,1,360.0,30.0,0.0,0.0
381.0,5.0,873.0,4.0,1,263.0,0.0,0.0,0.0
555.5,3.0,587.0,4.0,1,567.0,0.0,0.0,0.0
23.0,2.0,869.0,4.5,1,648.0,0.0,0.0,0.0
126.0,3.0,319.0,4.0,1,177.0,15.0,2.0,0.0
472.0,7.0,295.0,4.0,1,299.0,0.0,0.0,0.0
1032.0,16.0,1517.0,5.0,1,488.0,0.0,0.0,0.0
509.5,5.5,514.0,4.0,1,846.0,0.0,0.0,0.0
93.0,1.0,1260.0,4.0,1,269.0,0.0,0.0,0.0
19.0,2.0,603.0,4.0,1,635.0,0.0,0.0,0.0
275.0,3.5,253.0,4.0,1,771.0,0.0,0.0,0.0
1355.0,8.5,668.0,4.0,1,638.0,0.0,0.0,0.0
584.5,5.0,436.0,2.0,1,825.0,0.0,0.0,0.0
594.3333333333334,2.5,882.0,4.0,1,2138.0,0.0,0.0,0.0
914.3333333333334,14.5,615.0,4.5,1,960.0,0.0,0.0,0.0
559.75,3.5,146.0,4.0,1,1500.0,0.0,0.0,0.0
43.0,2.0,1446.0,4.0,0,130.0,22.75,0.0,0.0
659.0,13.0,1034.0,4.0,1,1317.0,0.0,0.0,0.0
80.25,4.0,452.0,4.0,1,166.0,0.0,0.0,0.0
623.5,2.5,519.0,4.0,1,495.0,0.0,0.0,0.0
289.0,4.75,244.0,4.0,1,448.0,0.0,0.0,0.0
290.6666666666667,2.5,211.0,4.0,1,498.0,0.0,0.0,0.0
24.0,0.0,708.0,4.0,1,530.0,0.0,0.0,0.0
523.5,4.0,91.0,4.0,1,547.0,0.0,0.0,0.0
57.5,1.0,335.0,4.0,0,75.0,0.0,0.0,0.0
922.0,14.0,1724.0,4.0,1,2957.0,0.0,0.0,0.0
1036.0,7.0,2181.0,4.0,1,4035.0,0.0,0.0,0.0
324.25,7.0,721.0,4.0,1,631.0,0.0,0.0,0.0
1037.0,11.0,1320.0,2.0,1,1615.0,0.0,0.0,0.0
288.0,7.5,1061.0,4.0,1,943.0,0.0,0.0,0.0
525.0,11.0,510.0,5.0,1,1054.0,0.0,0.0,0.0
138.0,14.0,446.0,4.0,1,445.0,0.0,0.0,0.0
355.0,4.0,193.0,4.0,1,460.0,0.0,0.0,0.0
301.0,4.0,111.0,4.0,1,170.0,0.0,0.0,0.0
122.0,9.0,451.0,4.0,1,244.0,0.0,0.0,0.0
128.0,3.0,829.0,4.0,1,70.0,0.0,0.0,0.0
270.0,6.0,565.0,4.0,1,110.0,0.0,0.0,0.0
461.0,3.0,110.0,4.0,1,392.0,0.0,0.0,0.0
162.5,4.0,100.0,4.0,1,12.0,31.0,0.0,0.0
682.5,16.0,782.0,4.0,1,2603.0,0.0,0.0,0.0
425.5,5.5,246.0,4.0,1,1280.0,0.0,0.0,0.0
1471.0,20.0,730.0,5.0,1,192.0,0.0,0.0,0.0
249.5,2.0,470.0,4.0,1,45.0,0.0,0.0,0.0
167.0,2.0,321.0,4.0,1,61.0,15.0,1.0,0.0
340.0,4.0,297.0,4.0,1,394.0,17.0,1.0,0.0
117.0,2.0,436.0,2.0,1,1.0,15.0,2.0,0.0
330.0,2.0,314.0,0.0,1,2.0,0.0,0.0,0.0
600.0,4.0,636.0,4.0,1,1012.0,0.0,0.0,0.0
31.0,2.0,1059.0,4.0,1,104.0,15.5,3.0,0.0
1173.0,8.5,439.0,4.0,1,2304.0,0.0,0.0,0.0
470.5,6.0,442.0,4.0,1,35.0,0.0,0.0,0.0
171.0,7.0,773.0,4.0,1,292.0,0.0,0.0,0.0
448.5,3.5,665.0,2.0,1,38.0,0.0,0.0,0.0
28.0,5.0,297.0,4.0,1,83.0,0.0,0.0,0.0
132.0,3.0,313.0,4.0,1,50.0,0.0,0.0,0.0
474.5,9.0,203.0,4.0,1,62.0,0.0,0.0,0.0
98.0,5.0,1012.0,4.0,1,728.0,0.0,0.0,0.0
855.0,12.0,1866.0,4.0,1,606.0,0.0,0.0,0.0
784.0,3.0,1253.0,4.0,1,2257.0,0.0,0.0,0.0
495.0,23.0,423.0,4.0,1,461.0,0.0,0.0,0.0
387.5,4.0,330.0,4.0,1,476.0,0.0,0.0,0.0
299.5,6.0,697.0,4.0,1,575.0,0.0,0.0,0.0
273.5,6.0,748.0,4.0,1,268.0,0.0,0.0,0.0
471.0,5.0,409.0,4.0,1,489.0,0.0,0.0,0.0
573.0,9.5,797.0,2.0,1,640.0,0.0,0.0,0.0
467.0,6.5,902.0,4.0,1,964.0,0.0,0.0,0.0
203.75,4.0,840.0,4.0,1,297.0,0.0,0.0,0.0
59.0,4.0,192.0,4.0,1,335.0,0.0,0.0,0.0
528.0,6.0,706.0,4.0,1,236.0,0.0,0.0,0.0
545.0,2.0,538.0,5.0,1,1184.0,0.0,0.0,0.0
533.5,8.0,664.0,4.0,1,828.0,0.0,0.0,0.0
117.0,4.0,125.0,4.0,1,523.0,7.0,0.0,0.0
1188.0,6.0,360.0,4.0,1,1613.0,0.0,0.0,0.0
254.0,3.0,721.0,4.0,1,39.0,0.0,0.0,0.0
332.0,3.0,233.0,4.0,1,398.0,0.0,0.0,0.0
1496.0,12.0,552.0,4.0,1,1384.0,0.0,0.0,0.0
1618.5,15.0,484.0,4.0,1,1380.0,0.0,0.0,0.0
316.5,2.0,125.0,4.0,1,313.0,0.0,0.0,0.0
64.5,2.5,440.0,4.0,1,310.0,0.0,0.0,0.0
1185.75,11.5,1527.0,4.0,1,364.0,0.0,0.0,0.0
2.5,3.0,1014.0,2.0,1,47.0,9.25,2.0,0.0
223.0,6.0,950.0,4.0,1,855.0,0.0,0.0,0.0
1119.0,10.5,995.0,4.0,1,1163.0,0.0,0.0,0.0
341.5,3.5,293.0,4.0,1,67.0,0.0,0.0,0.0
78.5,5.0,375.0,4.0,1,138.0,0.0,0.0,0.0
587.5,6.5,463.0,4.0,1,485.0,0.0,0.0,0.0
454.0,9.0,377.0,4.0,1,892.0,0.0,0.0,0.0
464.5,4.0,23.0,4.0,1,411.0,0.0,0.0,0.0
110.0,2.5,190.0,4.0,1,679.0,0.0,0.0,0.0
435.0,7.0,113.0,4.0,1,608.0,0.0,0.0,0.0
903.0,20.0,718.0,5.0,1,931.0,0.0,0.0,0.0
1136.0,16.0,2570.0,4.0,1,1247.0,0.0,0.0,0.0
58.0,3.0,121.0,3.5,1,495.0,30.0,0.0,0.0
282.0,4.5,1036.0,4.0,1,845.0,0.0,0.0,0.0
444.0,10.5,544.0,4.0,1,125.0,0.0,0.0,0.0
778.0,18.0,699.0,5.0,1,777.0,0.0,0.0,0.0
777.0,4.0,1162.0,4.0,1,2173.0,0.0,0.0,0.0
204.0,6.0,328.0,4.0,1,546.0,0.0,0.0,0.0
298.0,5.0,312.0,4.0,0,387.0,0.0,0.0,0.0
230.0,6.0,586.0,4.0,1,1101.0,0.0,0.0,0.0
79.0,0.5,544.0,4.0,1,639.0,0.0,0.0,0.0
1307.3333333333333,12.5,1016.0,4.0,1,1011.0,0.0,0.0,0.0
85.5,4.0,335.0,4.0,1,247.0,4.0,0.0,0.0
406.0,12.0,694.0,4.0,1,895.0,0.0,0.0,0.0
1063.0,3.0,1909.0,4.0,1,3776.0,0.0,0.0,0.0
256.0,4.0,160.0,4.0,1,84.0,0.0,0.0,0.0
120.5,5.0,229.0,4.0,1,256.0,0.0,0.0,0.0
896.5,18.0,1906.0,4.0,1,1588.0,0.0,0.0,0.0
123.0,6.0,277.0,2.0,1,56.0,0.0,0.0,0.0
355.0,8.0,372.0,4.0,1,527.0,0.0,0.0,0.0
889.25,14.0,1768.0,4.5,1,1057.0,0.0,0.0,0.0
370.0,6.0,502.0,4.0,1,779.0,0.0,0.0,0.0
298.0,6.0,484.0,4.0,1,161.0,0.0,0.0,0.0
318.0,6.0,438.0,4.0,1,325.0,0.0,0.0,0.0
573.0,3.0,320.0,4.0,1,472.0,0.0,0.0,0.0
72.5,1.5,361.0,4.0,1,270.0,0.0,0.0,0.0
570.0,4.0,27.0,4.0,1,9.0,0.0,0.0,0.0
514.5,19.0,662.0,4.0,1,236.0,0.0,0.0,0.0
157.0,2.0,673.0,4.0,1,283.0,0.0,0.0,0.0
450.0,7.0,588.0,4.0,1,310.0,0.0,0.0,0.0
314.5,4.0,407.0,4.0,1,1273.0,0.0,0.0,0.0
328.5,8.0,675.0,4.0,1,408.0,0.0,0.0,0.0
519.0,9.5,592.0,4.0,1,235.0,0.0,0.0,0.0
56.5,4.0,380.0,4.0,1,715.0,0.0,0.0,0.0
577.0,6.0,113.0,4.0,1,238.0,0.0,0.0,0.0
776.0,5.0,1481.0,4.5,1,2427.0,0.0,0.0,0.0
824.0,6.0,576.0,4.0,1,2918.0,0.0,0.0,0.0
1242.75,8.0,1047.0,4.0,1,2638.0,0.0,0.0,0.0
68.5,1.0,828.0,4.0,0,775.0,12.375,4.0,0.0
124.0,2.5,151.0,4.0,1,19.0,0.0,0.0,0.0
786.5,15.0,1083.0,4.0,1,470.0,0.0,0.0,0.0
160.0,1.5,520.0,4.0,1,130.0,15.5,1.0,0.0
1173.0,12.0,1825.0,4.0,1,1330.0,0.0,0.0,0.0
1441.0,26.0,629.0,4.0,1,1271.0,0.0,0.0,0.0
75.0,1.5,366.0,4.0,1,313.0,0.0,0.0,0.0
737.5,10.0,1206.0,4.0,1,1219.0,0.0,0.0,0.0
436.0,3.0,228.0,4.0,1,1056.0,0.0,0.0,0.0
54.0,12.0,372.0,4.0,1,517.0,0.0,0.0,0.0
125.0,2.0,596.0,4.0,1,242.0,20.0,1.0,0.0
237.0,3.0,878.0,4.0,1,160.0,0.0,0.0,0.0
545.0,5.5,153.0,4.0,1,274.0,0.0,0.0,0.0
392.0,10.0,564.0,4.0,1,786.0,0.0,0.0,0.0
168.0,4.0,247.0,4.0,1,105.0,0.0,0.0,0.0
518.0,4.0,171.0,4.0,1,534.0,0.0,0.0,0.0
100.0,1.5,424.0,4.0,0,255.0,1.3333333333333333,1.0,0.0
282.0,4.0,60.0,4.0,1,214.0,0.0,0.0,0.0
571.75,7.5,167.0,2.0,1,809.0,0.0,0.0,0.0
767.0,6.0,1574.0,4.0,1,2199.0,0.0,0.0,0.0
731.0,4.0,1141.0,4.0,1,2126.0,0.0,0.0,0.0
1013.0,11.0,1456.0,4.5,1,686.0,0.0,0.0,0.0
730.0,9.0,1072.0,4.0,1,1009.0,0.0,0.0,0.0
442.0,3.0,86.0,4.0,1,1506.0,0.0,0.0,0.0
732.5,6.0,1191.0,4.0,1,516.0,0.0,0.0,0.0
759.0,17.0,1004.0,4.0,1,296.0,0.0,0.0,0.0
118.0,3.5,584.0,4.0,0,38.0,0.0,0.0,0.0
606.0,4.0,1505.0,4.0,1,2319.0,0.0,0.0,0.0
457.0,4.5,630.0,4.0,1,853.0,0.0,0.0,0.0
284.0,4.0,276.0,4.0,1,105.0,0.0,0.0,0.0
1788.5,11.0,886.0,4.0,1,603.0,0.0,0.0,0.0
533.0,10.0,594.0,4.0,1,1222.0,0.0,0.0,0.0
656.0,5.0,388.0,4.0,1,604.0,0.0,0.0,0.0
593.5,7.0,70.0,4.0,1,1075.0,0.0,0.0,0.0
891.0,14.0,61.0,5.0,1,2624.0,0.0,0.0,0.0
386.5,3.5,259.0,4.0,1,39.0,0.0,0.0,0.0
293.0,8.0,331.0,4.0,1,465.0,0.0,0.0,0.0
575.5,5.5,292.0,4.0,1,157.0,0.0,0.0,0.0
361.0,9.0,503.0,4.0,1,567.0,0.0,0.0,0.0
699.0,8.5,950.0,4.0,1,1162.0,0.0,0.0,0.0
332.0,2.0,52.0,4.0,1,282.0,0.0,0.0,0.0
77.0,1.5,296.0,4.0,1,288.0,0.0,0.0,0.0
627.0,5.0,148.0,4.0,1,322.0,0.0,0.0,0.0
530.5,7.0,447.0,4.0,1,71.0,0.0,0.0,0.0
162.5,4.0,929.0,4.0,1,327.0,0.0,0.0,0.0
292.0,4.5,445.0,4.0,1,262.0,0.0,0.0,0.0
495.0,3.0,542.0,4.0,1,1247.0,0.0,0.0,0.0
595.0,2.5,1471.0,4.0,1,2447.0,0.0,0.0,0.0
421.0,9.0,610.0,4.0,1,769.0,0.0,0.0,0.0
553.0,5.0,979.0,4.0,1,875.0,0.0,0.0,0.0
113.25,2.0,515.0,4.0,1,379.0,15.25,2.0,0.0
1248.0,22.0,1281.0,5.0,1,63.0,0.0,0.0,0.0
3.0,1.0,434.0,0.0,0,766.0,0.0,0.0,0.0
834.0,10.0,1323.0,4.0,1,497.0,0.0,0.0,0.0
595.5,3.0,430.0,4.0,1,1050.0,0.0,0.0,0.0
68.0,3.0,572.0,4.0,1,636.0,18.33333333333333,1.0,0.0
709.5,7.0,1284.0,4.0,1,354.0,0.0,0.0,0.0
719.0,6.5,311.0,4.0,1,420.0,0.0,0.0,0.0
769.0,5.0,1294.0,4.0,1,2075.0,0.0,0.0,0.0
653.0,6.0,962.0,4.0,1,1983.0,0.0,0.0,0.0
682.0,11.0,1040.0,4.0,1,1249.0,0.0,0.0,0.0
27.5,1.0,834.0,4.0,1,479.0,0.0,0.0,0.0
551.0,7.5,201.0,5.0,1,1150.0,0.0,0.0,0.0
481.0,6.5,378.0,3.5,1,566.0,0.0,0.0,0.0
140.5,2.0,256.0,4.0,1,343.0,0.0,0.0,0.0
495.0,4.5,780.0,4.0,1,470.0,0.0,0.0,0.0
947.5,28.0,1932.0,4.0,1,1335.0,0.0,0.0,0.0
1060.0,12.0,1065.0,4.5,1,1397.0,0.0,0.0,0.0
55.5,2.0,618.0,4.0,0,82.0,25.166666666666668,1.0,0.0
514.5,7.0,589.0,4.0,1,1176.0,0.0,0.0,0.0
212.0,9.0,525.0,4.0,1,787.0,0.0,0.0,0.0
412.5,4.0,149.0,4.0,1,569.0,0.0,0.0,0.0
165.0,3.0,920.0,4.0,1,250.0,0.0,0.0,0.0
309.0,4.0,136.0,4.0,1,544.0,0.0,0.0,0.0
150.0,4.0,904.0,4.0,1,170.0,0.0,0.0,0.0
333.5,2.0,29.0,4.0,1,130.0,0.0,0.0,0.0
203.5,3.0,125.0,4.0,1,206.0,0.0,0.0,0.0
799.0,6.0,1597.0,4.0,1,2690.0,0.0,0.0,0.0
309.5,3.0,375.0,2.0,1,21.0,0.0,0.0,0.0
657.0,8.0,775.0,4.0,1,496.0,0.0,0.0,0.0
34.0,1.5,684.0,4.0,1,567.0,0.0,0.0,0.0
532.0,4.0,167.0,4.0,1,18.0,0.0,0.0,0.0
188.0,3.0,435.0,4.0,1,176.0,0.0,0.0,0.0
40.0,2.75,331.0,4.0,1,30.0,0.0,0.0,0.0
420.5,8.0,344.0,4.0,1,409.0,0.0,0.0,0.0
21.0,1.0,509.0,4.0,1,563.0,17.0,2.0,0.0
477.5,9.0,712.0,2.0,1,369.0,0.0,0.0,0.0
62.0,2.0,670.0,4.0,1,419.0,17.0,1.0,0.0
681.5,5.0,770.0,4.0,1,1778.0,0.0,0.0,0.0
217.0,6.0,427.0,4.0,1,657.0,0.0,0.0,0.0
323.0,5.5,371.0,4.0,1,423.0,0.0,0.0,0.0
864.0,8.0,1767.0,4.0,1,3314.0,0.0,0.0,0.0
516.0,6.0,667.0,4.0,1,515.0,0.0,0.0,0.0
1023.0,17.0,2128.0,4.0,1,839.0,0.0,0.0,0.0
769.0,18.0,1089.0,5.0,1,1001.0,0.0,0.0,0.0
240.0,4.5,164.0,4.0,1,199.0,0.0,0.0,0.0
278.0,4.0,170.0,4.0,1,619.0,0.0,0.0,0.0
597.0,9.0,330.0,4.0,1,963.0,0.0,0.0,0.0
697.0,11.0,802.0,4.0,1,1925.0,0.0,0.0,0.0
25.0,1.0,863.0,4.0,0,980.0,0.0,0.0,0.0
34.0,1.0,1107.0,5.0,1,690.0,0.0,0.0,0.0
114.0,5.0,981.0,4.0,1,290.0,0.0,0.0,0.0
671.0,9.0,906.0,4.0,1,1150.0,0.0,0.0,0.0
1274.0,11.0,1175.0,4.0,1,912.0,0.0,0.0,0.0
386.0,6.0,27.0,2.0,1,22.0,0.0,0.0,0.0
50.0,0.0,1110.0,2.0,1,0.0,7.0,0.0,0.0
184.75,3.0,507.0,4.0,1,235.0,0.0,0.0,0.0
1122.0,9.0,929.0,4.0,1,2775.0,0.0,0.0,0.0
496.0,5.0,183.0,4.0,1,333.0,0.0,0.0,0.0
466.5,9.0,622.0,4.0,1,593.0,0.0,0.0,0.0
352.0,10.0,839.0,4.0,1,665.0,0.0,0.0,0.0
29.0,1.0,495.0,4.0,1,109.0,6.5,0.0,0.0
299.5,3.0,504.0,4.0,1,704.0,0.0,0.0,0.0
34.5,2.0,579.0,4.0,1,173.0,0.0,0.0,0.0
328.0,2.0,125.0,4.0,1,40.0,12.2,2.0,0.0
59.0,3.0,608.0,4.0,1,567.0,21.0,1.0,0.0
601.5,2.0,787.0,4.0,1,938.0,0.0,0.0,0.0
104.5,3.0,15.0,2.0,1,16.0,0.0,0.0,0.0
722.0,10.5,532.0,4.5,1,2971.0,0.0,0.0,0.0
301.0,6.0,277.0,4.0,1,598.0,0.0,0.0,0.0
954.75,26.5,1833.0,4.0,1,1095.0,0.0,0.0,0.0
513.5,5.0,1068.0,4.0,1,2066.0,0.0,0.0,0.0
395.0,5.5,381.0,4.0,1,1168.0,0.0,0.0,0.0
259.5,4.0,224.0,4.0,1,236.0,0.0,0.0,0.0
795.0,14.0,1574.0,4.0,1,1956.0,0.0,0.0,0.0
164.5,5.5,666.0,4.0,1,45.0,0.0,0.0,0.0
7.0,3.0,807.0,2.5,1,33.0,0.0,0.0,0.0
1153.3333333333333,10.0,1129.0,4.0,1,1003.0,0.0,0.0,0.0
908.0,7.0,2175.0,4.0,1,3635.0,0.0,0.0,0.0
810.0,15.0,1684.0,4.0,1,2005.0,0.0,0.0,0.0
629.0,7.0,605.0,4.0,1,501.0,0.0,0.0,0.0
70.0,2.5,712.0,4.0,0,725.0,23.666666666666668,1.0,0.0
806.5,6.5,1685.0,4.0,1,2778.0,0.0,0.0,0.0
605.0,8.0,428.0,4.0,1,396.0,0.0,0.0,0.0
395.0,12.0,353.0,4.0,1,374.0,0.0,0.0,0.0
708.5,11.0,699.0,4.0,1,2306.0,0.0,0.0,0.0
98.0,2.0,802.0,3.0,0,383.0,0.0,0.0,0.0
934.0,14.0,1347.0,5.0,1,1769.0,0.0,0.0,0.0
33.5,2.0,425.0,4.0,1,687.0,0.0,0.0,0.0
138.5,2.0,338.0,4.0,1,13.0,0.0,0.0,0.0
1149.0,8.0,1129.0,4.0,1,2965.0,0.0,0.0,0.0
437.0,4.0,253.0,4.0,1,564.0,0.0,0.0,0.0
357.0,11.0,311.0,4.0,1,265.0,0.0,0.0,0.0
49.0,1.0,695.0,4.0,1,560.0,0.0,0.0,0.0
1355.0,19.75,1190.0,4.0,1,1725.0,0.0,0.0,0.0
118.0,5.0,559.0,4.0,1,357.0,0.0,0.0,0.0
133.0,12.0,280.0,4.0,1,184.0,0.0,0.0,0.0
1188.0,8.0,477.0,4.0,1,1381.0,0.0,0.0,0.0
850.5,4.5,2281.0,4.0,1,3221.0,0.0,0.0,0.0
297.0,5.5,121.0,2.0,1,23.0,0.0,0.0,0.0
919.0,4.0,672.0,4.0,1,27.0,0.0,0.0,0.0
1577.0,26.0,1850.0,4.5,1,286.0,0.0,0.0,0.0
456.0,4.0,6.0,4.0,1,1408.0,0.0,0.0,0.0
227.0,15.5,297.0,4.0,1,299.0,0.0,0.0,0.0
643.6666666666666,5.0,100.0,4.5,1,1111.0,0.0,0.0,0.0
61.5,2.0,828.0,4.0,1,58.0,18.6,2.0,0.0
1095.0,5.0,1290.0,4.0,1,3133.0,0.0,0.0,0.0
129.33333333333334,5.0,211.0,4.0,1,326.0,0.0,0.0,0.0
27.5,3.0,845.0,4.0,1,172.0,0.0,0.0,0.0
3.0,0.0,568.0,0.0,0,890.0,15.5,1.0,0.0
1033.0,6.0,1914.0,4.0,1,3704.0,0.0,0.0,0.0
463.0,6.0,152.0,4.0,1,1289.0,0.0,0.0,0.0
116.0,1.5,146.0,4.0,1,387.0,0.0,0.0,0.0
244.5,3.0,447.0,4.0,1,397.0,0.0,0.0,0.0
202.0,4.0,228.0,4.0,1,127.0,0.0,0.0,0.0
206.0,7.0,316.0,4.0,1,517.0,0.0,0.0,0.0
566.0,7.0,263.0,5.0,1,1824.0,0.0,0.0,0.0
715.0,6.0,1111.0,4.0,1,1704.0,0.0,0.0,0.0
302.0,2.0,526.0,4.0,1,6.0,0.0,0.0,0.0
73.5,2.0,461.0,4.0,1,478.0,0.0,0.0,0.0
695.0,7.0,726.0,4.0,1,1264.0,0.0,0.0,0.0
434.0,5.0,232.0,4.0,1,320.0,0.0,0.0,0.0
127.0,4.5,255.0,4.0,1,726.0,0.0,0.0,0.0
859.0,6.5,1901.0,4.0,1,2708.0,0.0,0.0,0.0
1297.0,9.0,1306.0,5.0,1,201.0,0.0,0.0,0.0
638.0,17.0,460.0,4.0,1,1307.0,0.0,0.0,0.0
597.5,15.5,499.0,4.0,1,695.0,0.0,0.0,0.0
27.25,1.0,484.0,4.0,1,262.0,0.0,0.0,0.0
425.0,4.5,65.0,4.0,1,98.0,0.0,0.0,0.0
273.0,3.5,63.0,4.0,0,136.0,0.0,0.0,0.0
81.0,4.0,970.0,4.0,1,337.0,0.0,0.0,0.0
1124.5,6.0,1344.0,4.0,1,3196.0,0.0,0.0,0.0
826.3333333333334,11.5,1696.0,4.0,1,1989.0,0.0,0.0,0.0
301.0,2.0,588.0,4.0,1,49.0,0.0,0.0,0.0
1654.0,11.0,798.0,4.0,1,301.0,0.0,0.0,0.0
694.0,12.0,755.0,4.0,1,2395.0,0.0,0.0,0.0
196.25,6.0,239.0,4.0,1,64.0,0.0,0.0,0.0
332.0,5.5,400.0,4.0,1,193.0,0.0,0.0,0.0
40.0,4.0,609.0,4.0,1,1070.0,0.0,0.0,0.0
843.0,9.0,1825.0,5.0,1,1703.0,0.0,0.0,0.0
513.5,3.5,93.0,4.0,1,194.0,0.0,0.0,0.0
65.0,5.5,1016.0,4.0,1,415.0,0.0,0.0,0.0
439.0,4.5,186.0,4.0,1,1386.0,0.0,0.0,0.0
1039.0,8.0,1300.0,4.0,1,887.0,0.0,0.0,0.0
109.5,1.0,205.0,4.0,1,304.0,0.0,0.0,0.0
616.0,6.0,724.0,4.0,1,1221.0,0.0,0.0,0.0
170.0,2.0,480.0,4.0,1,458.0,0.0,0.0,0.0
665.0,5.0,462.0,4.0,1,1447.0,0.0,0.0,0.0
261.5,4.0,549.0,4.0,1,188.0,0.0,0.0,0.0
550.0,8.0,228.0,4.0,1,1233.0,0.0,0.0,0.0
155.25,4.0,437.0,4.0,1,458.0,23.0,0.0,0.0
447.0,5.5,713.0,4.0,1,771.0,0.0,0.0,0.0
1089.25,8.5,606.0,4.0,1,2214.0,0.0,0.0,0.0
240.0,6.0,740.0,4.0,1,966.0,0.0,0.0,0.0
128.0,7.0,398.0,2.0,1,147.0,0.0,0.0,0.0
130.75,4.0,196.0,4.0,1,773.0,0.0,0.0,0.0
26.0,1.0,589.0,4.0,1,475.0,0.0,0.0,0.0
286.25,4.0,333.0,4.0,1,98.0,12.666666666666666,2.0,0.0
515.0,3.5,634.0,4.0,1,545.0,0.0,0.0,0.0
479.75,6.0,638.0,4.0,1,135.0,0.0,0.0,0.0
366.0,7.0,105.0,4.0,1,350.0,0.0,0.0,0.0
448.5,10.0,812.0,4.0,1,928.0,0.0,0.0,0.0
199.0,4.0,605.0,4.0,1,353.0,0.0,0.0,0.0
219.0,4.0,486.0,4.0,1,109.0,0.0,0.0,0.0
155.0,1.0,395.0,4.0,1,461.0,0.0,0.0,0.0
178.0,3.0,991.0,4.0,1,230.0,0.0,0.0,0.0
70.0,14.0,213.0,4.0,1,687.0,0.0,0.0,0.0
46.0,2.5,350.0,4.0,1,337.0,0.0,0.0,0.0
16.0,2.0,1330.0,4.0,0,403.0,10.454545454545457,6.0,0.0
589.0,4.0,30.0,4.0,1,994.0,0.0,0.0,0.0
1243.0,3.5,1121.0,4.0,1,2655.0,0.0,0.0,0.0
287.0,2.5,466.0,4.0,1,243.0,0.0,0.0,0.0
242.0,6.0,578.0,4.0,1,113.0,0.0,0.0,0.0
851.0,6.0,1022.0,4.0,1,3582.0,0.0,0.0,0.0
411.0,5.5,162.0,4.0,1,550.0,0.0,0.0,0.0
175.0,2.0,358.0,4.0,1,125.0,0.0,0.0,0.0
59.0,1.0,879.0,4.0,0,662.0,22.0,0.0,0.0
297.5,7.0,619.0,4.0,1,211.0,0.0,0.0,0.0
1007.0,18.0,601.0,5.0,1,1009.0,0.0,0.0,0.0
123.0,3.0,171.0,4.0,1,13.0,0.0,0.0,0.0
105.0,3.0,143.0,4.0,1,496.0,0.0,0.0,0.0
309.0,4.0,572.0,4.0,1,399.0,15.0,1.0,0.0
551.5,3.0,117.0,4.0,1,704.0,0.0,0.0,0.0
1016.5,3.5,2421.0,4.0,1,4275.0,0.0,0.0,0.0
256.5,4.0,347.0,4.0,1,372.0,0.0,0.0,0.0
1086.0,17.5,838.0,4.0,1,1114.0,0.0,0.0,0.0
615.5,5.0,370.0,4.0,1,620.0,0.0,0.0,0.0
556.0,6.0,431.0,4.0,1,352.0,0.0,0.0,0.0
58.0,2.0,510.0,4.5,0,976.0,31.0,0.0,0.0
157.5,4.0,235.0,4.0,1,395.0,0.0,0.0,0.0
111.0,1.0,97.0,2.0,1,49.0,0.0,0.0,0.0
525.5,16.0,660.0,4.0,1,373.0,0.0,0.0,0.0
1173.5,10.0,911.0,4.0,1,2749.0,0.0,0.0,0.0
49.0,1.0,275.0,4.0,0,233.0,0.0,0.0,0.0
45.0,13.25,284.0,4.0,0,860.0,0.0,0.0,0.0
692.0,10.5,1389.0,4.0,1,1548.0,0.0,0.0,0.0
561.0,5.5,1338.0,4.0,1,2686.0,0.0,0.0,0.0
598.0,5.5,855.0,4.0,1,205.0,0.0,0.0,0.0
716.0,3.0,1019.0,4.0,1,1577.0,0.0,0.0,0.0
509.0,3.5,252.0,2.0,1,374.0,0.0,0.0,0.0
379.25,4.0,219.0,4.0,1,1060.0,0.0,0.0,0.0
607.0,6.0,113.0,4.0,1,239.0,0.0,0.0,0.0
860.5,19.0,1029.0,5.0,1,1439.0,0.0,0.0,0.0
567.0,6.5,245.0,4.0,1,606.0,0.0,0.0,0.0
356.0,9.0,194.0,4.0,1,732.0,0.0,0.0,0.0
712.0,3.0,903.0,4.0,1,1452.0,0.0,0.0,0.0
324.0,5.5,460.0,4.0,1,509.0,0.0,0.0,0.0
641.0,4.0,225.0,4.0,1,793.0,0.0,0.0,0.0
1156.0,11.0,1042.0,4.0,1,808.0,0.0,0.0,0.0
512.5,5.0,627.0,4.0,1,195.0,0.0,0.0,0.0
244.5,4.0,661.0,4.0,1,120.0,0.0,0.0,0.0
748.5,7.5,1754.0,4.0,1,1737.0,0.0,0.0,0.0
140.0,3.0,227.0,4.0,1,310.0,17.5,0.0,0.0
577.0,5.5,140.0,4.0,1,200.0,0.0,0.0,0.0
1329.25,16.0,1436.0,5.0,1,486.0,0.0,0.0,0.0
52.0,1.0,311.0,4.0,1,245.0,0.0,0.0,0.0
69.0,6.0,1086.0,4.0,1,408.0,0.0,0.0,0.0
741.5,3.5,684.0,4.0,1,3411.0,0.0,0.0,0.0
68.0,1.0,908.0,4.0,1,565.0,16.0,2.0,0.0
1318.0,34.0,1277.0,5.0,1,329.0,0.0,0.0,0.0
473.0,4.0,462.0,4.0,1,1264.0,0.0,0.0,0.0
425.0,6.0,138.0,4.0,1,1126.0,0.0,0.0,0.0
39.0,2.0,470.0,4.0,1,74.0,2.0,0.0,0.0
342.0,3.5,233.0,4.0,1,1333.0,0.0,0.0,0.0
340.5,3.0,907.0,4.0,1,203.0,0.0,0.0,0.0
280.5,6.5,679.0,4.0,1,337.0,0.0,0.0,0.0
422.0,7.0,399.0,4.0,1,163.0,0.0,0.0,0.0
947.0,14.0,1972.0,5.0,1,82.0,0.0,0.0,0.0
184.5,5.0,671.0,4.0,1,54.0,0.0,0.0,0.0
459.0,6.0,96.0,4.0,1,993.0,0.0,0.0,0.0
153.0,2.0,234.0,2.0,1,37.0,0.0,0.0,0.0
160.0,12.0,516.0,4.0,1,412.0,0.0,0.0,0.0
58.5,2.5,508.0,4.0,1,985.0,0.0,0.0,0.0
424.75,4.0,441.0,4.0,1,488.0,0.0,0.0,0.0
585.0,2.0,814.0,4.0,1,1525.0,0.0,0.0,0.0
77.5,6.0,640.0,3.5,1,421.0,0.0,0.0,0.0
405.0,4.0,65.0,4.0,1,413.0,0.0,0.0,0.0
649.5,6.0,345.0,4.0,1,844.0,0.0,0.0,0.0
1509.0,24.0,1141.0,5.0,1,181.0,0.0,0.0,0.0
161.5,3.0,274.0,4.0,1,311.0,0.0,0.0,0.0
87.0,3.5,1113.0,4.0,1,379.0,0.0,0.0,0.0
366.0,3.5,265.0,4.0,1,122.0,20.0,1.0,0.0
293.0,5.0,144.0,2.0,1,0.0,0.0,0.0,0.0
138.66666666666666,2.0,863.0,4.0,1,92.0,0.0,0.0,0.0
162.0,1.0,627.0,4.0,1,151.0,0.0,0.0,0.0
805.25,13.0,1415.0,4.0,1,2718.0,0.0,0.0,0.0
99.5,3.0,933.0,4.0,1,419.0,0.0,0.0,0.0
60.5,2.0,795.0,4.0,1,122.0,12.666666666666666,2.0,0.0
116.0,1.0,502.0,4.0,0,156.0,0.0,0.0,0.0
39.5,2.5,864.0,4.0,1,80.0,15.0,1.0,0.0
214.0,7.0,454.0,4.0,1,462.0,0.0,0.0,0.0
82.0,3.5,545.0,4.0,1,1140.0,30.0,0.0,0.0
122.5,3.0,292.0,4.0,1,237.0,0.0,0.0,0.0
582.0,5.0,154.0,4.0,1,1031.0,0.0,0.0,0.0
999.0,12.5,138.0,5.0,1,588.0,0.0,0.0,0.0
84.5,1.0,991.0,4.0,0,483.0,5.0,0.0,0.0
1612.5,16.0,841.0,4.5,1,263.0,0.0,0.0,0.0
472.5,6.5,230.0,4.0,1,1564.0,0.0,0.0,0.0
492.0,7.0,279.0,4.0,1,621.0,0.0,0.0,0.0
318.0,4.5,215.0,4.0,1,185.0,0.0,0.0,0.0
582.0,7.0,152.0,4.0,1,1192.0,0.0,0.0,0.0
121.0,2.0,33.0,4.0,1,409.0,0.0,0.0,0.0
602.0,4.0,253.0,4.0,1,852.0,0.0,0.0,0.0
299.0,12.0,469.0,4.0,1,35.0,0.0,0.0,0.0
227.0,5.5,727.0,4.0,1,1100.0,0.0,0.0,0.0
27.0,3.0,423.0,4.0,1,356.0,0.0,0.0,0.0
135.5,2.0,81.0,4.0,1,330.0,0.0,0.0,0.0
304.0,5.0,515.0,4.0,1,287.0,0.0,0.0,0.0
673.0,10.0,1258.0,2.0,1,1223.0,0.0,0.0,0.0
509.0,2.0,1093.0,4.0,1,1717.0,0.0,0.0,0.0
1148.0,12.5,1308.0,4.0,1,1062.0,0.0,0.0,0.0
940.0,18.0,1837.0,4.0,1,325.0,0.0,0.0,0.0
109.0,3.0,956.0,4.0,1,547.0,0.0,0.0,0.0
736.0,6.0,1543.0,4.0,1,1618.0,0.0,0.0,0.0
954.5,18.0,1388.0,5.0,1,1313.0,0.0,0.0,0.0
34.0,1.0,649.0,4.0,1,228.0,32.0,0.0,0.0
98.0,2.5,733.0,4.0,1,76.0,0.0,0.0,0.0
410.5,7.0,395.0,4.0,1,251.0,0.0,0.0,0.0
560.5,6.5,1289.0,4.0,1,2627.0,0.0,0.0,0.0
949.5,7.5,395.0,4.0,1,131.0,0.0,0.0,0.0
32.0,8.0,611.0,4.0,1,170.0,0.0,0.0,0.0
90.0,2.5,701.0,4.0,1,556.0,4.0,0.0,0.0
584.3333333333334,8.5,660.0,4.0,1,783.0,0.0,0.0,0.0
384.5,6.0,345.0,4.0,1,425.0,0.0,0.0,0.0
445.0,6.0,115.0,4.0,1,226.0,0.0,0.0,0.0
65.0,2.0,742.0,4.0,0,161.0,10.25,2.0,0.0
389.0,4.0,240.0,0.0,1,156.0,0.0,0.0,0.0
372.0,7.0,318.0,4.0,1,1187.0,0.0,0.0,0.0
224.0,9.5,719.0,4.0,1,389.0,0.0,0.0,0.0
609.5,5.5,1188.0,4.0,1,2073.0,0.0,0.0,0.0
255.5,2.5,647.0,4.0,1,3.0,0.0,0.0,0.0
55.0,2.0,57.0,4.0,1,377.0,0.0,0.0,0.0
346.5,4.0,441.0,4.0,1,722.0,0.0,0.0,0.0
584.0,6.0,677.0,2.0,1,669.0,0.0,0.0,0.0
961.0,15.0,1392.0,5.0,1,1158.0,0.0,0.0,0.0
88.0,2.5,857.0,4.0,1,545.0,0.0,0.0,0.0
420.5,12.0,796.0,4.0,1,980.0,0.0,0.0,0.0
222.0,3.5,161.0,4.0,1,170.0,0.0,0.0,0.0
569.0,13.0,513.0,4.0,1,824.0,0.0,0.0,0.0
32.0,6.5,695.0,4.0,1,1241.0,0.0,0.0,0.0
370.0,7.0,322.0,4.0,1,122.0,0.0,0.0,0.0
167.0,2.0,164.0,4.0,1,29.0,0.0,0.0,0.0
213.5,5.5,431.0,4.0,1,30.0,0.0,0.0,0.0
870.0,15.0,1848.0,4.0,1,1026.0,0.0,0.0,0.0
216.0,5.0,686.0,4.0,1,1144.0,0.0,0.0,0.0
176.0,3.5,1223.0,4.0,1,668.0,0.0,0.0,0.0
293.5,3.0,249.0,4.0,1,561.0,0.0,0.0,0.0
531.0,5.0,101.0,2.0,1,368.0,0.0,0.0,0.0
274.0,4.0,207.0,4.0,1,392.0,0.0,0.0,0.0
430.0,8.0,342.0,4.0,1,570.0,0.0,0.0,0.0
374.0,8.5,224.0,4.0,1,1310.0,0.0,0.0,0.0
850.5,13.0,1862.0,4.0,1,49.0,0.0,0.0,0.0
368.5,5.5,593.0,4.0,1,307.0,0.0,0.0,0.0
681.0,2.0,920.0,4.0,1,1234.0,0.0,0.0,0.0
76.0,1.0,897.0,4.0,0,808.0,20.0,1.0,0.0
79.5,4.0,524.0,4.0,1,359.0,0.0,0.0,0.0
312.0,3.0,738.0,4.0,1,527.0,0.0,0.0,0.0
439.0,9.0,211.0,4.0,1,412.0,0.0,0.0,0.0
189.0,3.0,599.0,4.0,1,328.0,0.0,0.0,0.0
386.3333333333333,4.0,525.0,4.0,1,129.0,14.5,2.0,0.0
25.0,0.0,975.0,4.0,0,848.0,0.0,0.0,0.0
661.0,6.0,1075.0,4.0,1,2285.0,0.0,0.0,0.0
837.75,15.0,2059.0,4.0,1,2014.0,0.0,0.0,0.0
288.0,3.0,676.0,4.0,1,334.0,0.0,0.0,0.0
278.0,3.5,173.0,4.0,1,267.0,0.0,0.0,0.0
667.0,5.0,866.0,4.0,1,1562.0,0.0,0.0,0.0
63.0,3.0,783.0,4.0,0,546.0,7.5,0.0,0.0
498.0,8.0,146.0,4.0,1,514.0,0.0,0.0,0.0
23.0,3.5,483.0,3.5,1,243.0,0.0,0.0,0.0
453.0,8.5,765.0,4.0,1,814.0,0.0,0.0,0.0
52.0,3.0,494.0,4.0,1,198.0,0.0,0.0,0.0
3.0,3.0,107.0,0.0,0,312.0,20.0,1.0,0.0
44.5,2.25,356.0,4.0,1,321.0,0.0,0.0,0.0
276.0,5.0,182.0,4.0,1,345.0,0.0,0.0,0.0
671.0,13.0,937.0,4.0,1,1253.0,0.0,0.0,0.0
89.0,3.0,1044.0,4.0,1,398.0,17.5,1.0,0.0
1009.75,14.5,211.0,4.0,1,362.0,0.0,0.0,0.0
355.5,7.0,213.0,4.0,1,958.0,0.0,0.0,0.0
185.5,2.0,85.0,2.0,1,5.0,0.0,0.0,0.0
535.0,8.0,284.0,5.0,1,1827.0,0.0,0.0,0.0
54.0,1.0,711.0,4.0,0,503.0,7.5,0.0,0.0
136.5,4.0,658.0,4.0,1,447.0,0.0,0.0,0.0
324.5,6.0,178.0,4.0,1,76.0,0.0,0.0,0.0
865.0,21.0,125.0,5.0,1,2537.0,0.0,0.0,0.0
193.0,11.0,412.0,4.0,1,181.0,0.0,0.0,0.0
555.5,9.5,438.0,4.0,1,537.0,0.0,0.0,0.0
388.0,6.0,519.0,4.0,1,435.0,0.0,0.0,0.0
168.0,3.0,436.0,4.0,1,490.0,0.0,0.0,0.0
409.5,5.0,726.0,0.0,1,28.0,0.0,0.0,0.0
590.0,3.5,924.0,4.0,1,1682.0,0.0,0.0,0.0
77.0,1.0,476.0,5.0,1,552.0,0.0,0.0,0.0
711.5,6.0,243.0,4.0,1,371.0,0.0,0.0,0.0
676.0,10.0,1324.0,4.0,1,1473.0,0.0,0.0,0.0
370.0,2.0,660.0,4.0,1,395.0,0.0,0.0,0.0
873.0,15.5,1616.0,4.0,1,1061.0,0.0,0.0,0.0
416.0,5.0,559.0,4.0,1,33.0,0.0,0.0,0.0
520.5,5.5,283.0,4.0,1,512.0,0.0,0.0,0.0
114.0,2.5,217.0,4.0,1,129.0,0.0,0.0,0.0
457.0,7.0,160.0,4.0,1,1699.0,0.0,0.0,0.0
300.0,4.0,797.0,2.0,1,3.0,0.0,0.0,0.0
53.0,1.0,137.0,4.0,1,53.0,0.0,0.0,0.0
534.0,5.0,225.0,4.0,1,358.0,0.0,0.0,0.0
230.0,4.5,245.0,4.0,1,510.0,0.0,0.0,0.0
326.0,2.5,364.0,0.0,1,19.0,0.0,0.0,0.0
164.5,3.0,747.0,4.0,1,414.0,15.6,3.0,0.0
299.0,4.0,474.0,4.0,1,207.0,0.0,0.0,0.0
636.0,5.0,639.0,0.0,1,0.0,0.0,0.0,0.0
255.0,3.5,391.0,2.0,1,28.0,0.0,0.0,0.0
211.0,2.5,370.0,4.0,1,85.0,0.0,0.0,0.0
300.0,3.0,490.0,4.0,1,653.0,0.0,0.0,0.0
129.0,3.0,300.0,4.0,1,786.0,0.0,0.0,0.0
556.0,4.0,213.0,4.0,1,364.0,0.0,0.0,0.0
334.0,11.0,650.0,4.0,1,757.0,0.0,0.0,0.0
62.0,1.5,476.0,4.0,0,518.0,11.272727272727272,3.0,0.0
364.0,7.0,414.0,2.0,1,691.0,0.0,0.0,0.0
468.0,6.0,225.0,4.0,1,322.0,0.0,0.0,0.0
190.0,3.5,1089.0,4.0,1,851.0,16.0,1.0,0.0
1132.0,8.5,1203.0,4.0,1,648.0,0.0,0.0,0.0
191.0,2.0,718.0,0.0,1,5.0,0.0,0.0,0.0
404.0,5.0,551.0,4.0,1,466.0,0.0,0.0,0.0
368.0,4.0,559.0,4.0,1,944.0,0.0,0.0,0.0
1599.0,20.5,201.0,4.0,1,824.0,0.0,0.0,0.0
308.0,2.0,272.0,4.0,1,331.0,0.0,0.0,0.0
884.0,17.0,1992.0,4.0,1,267.0,0.0,0.0,0.0
74.0,2.5,438.0,4.0,1,437.0,30.0,0.0,0.0
1178.0,8.0,592.0,4.0,1,1257.0,0.0,0.0,0.0
1151.0,25.5,2229.0,5.0,1,1063.0,0.0,0.0,0.0
318.0,6.25,410.0,4.0,1,143.0,0.0,0.0,0.0
397.0,4.5,469.0,4.0,1,318.0,0.0,0.0,0.0
289.0,4.0,1027.0,4.0,1,346.0,0.0,0.0,0.0
666.0,10.5,593.0,4.0,1,1561.0,0.0,0.0,0.0
1218.5,33.5,1294.0,4.0,1,95.0,0.0,0.0,0.0
443.0,5.0,314.0,4.0,1,1338.0,0.0,0.0,0.0
175.0,4.5,551.0,4.0,1,286.0,0.0,0.0,0.0
10.0,9.0,480.0,4.0,1,337.0,25.0,0.0,0.0
840.5,14.0,1454.0,4.0,1,1006.0,0.0,0.0,0.0
707.0,9.0,1322.0,4.0,1,1991.0,0.0,0.0,0.0
63.0,2.0,692.0,4.0,0,418.0,27.0,0.0,0.0
520.0,7.0,454.0,4.0,1,655.0,0.0,0.0,0.0
263.6666666666667,2.5,171.0,4.0,1,226.0,0.0,0.0,0.0
670.0,8.5,0.0,4.0,1,70.0,0.0,0.0,0.0
51.0,3.5,166.0,4.0,1,519.0,0.0,0.0,0.0
1238.5,9.0,898.0,4.0,1,1257.0,0.0,0.0,0.0
175.5,2.0,555.0,4.0,1,257.0,30.0,0.0,0.0
251.5,3.0,315.0,4.0,1,485.0,0.0,0.0,0.0
394.0,3.5,248.0,4.0,1,748.0,0.0,0.0,0.0
443.5,3.0,68.0,4.0,1,643.0,0.0,0.0,0.0
165.0,5.5,462.0,4.0,1,109.0,21.0,1.0,0.0
866.0,14.0,1989.0,4.0,1,791.0,0.0,0.0,0.0
413.0,4.0,736.0,4.0,1,209.0,0.0,0.0,0.0
413.5,7.0,62.0,4.0,1,1286.0,0.0,0.0,0.0
1353.0,19.0,1294.0,4.0,1,1859.0,0.0,0.0,0.0
387.0,4.0,390.0,4.0,1,1360.0,0.0,0.0,0.0
26.0,1.0,551.0,4.0,0,416.0,3.0,0.0,0.0
177.0,3.5,66.0,4.0,1,252.0,0.0,0.0,0.0
103.5,2.0,526.0,4.0,1,199.0,23.666666666666668,3.0,0.0
182.75,3.0,434.0,4.5,1,58.0,0.0,0.0,0.0
527.0,7.5,289.0,4.0,1,688.0,0.0,0.0,0.0
570.0,6.0,854.0,0.0,1,767.0,0.0,0.0,0.0
622.0,23.0,323.0,5.0,1,2079.0,0.0,0.0,0.0
234.0,2.5,394.0,4.0,1,731.0,0.0,0.0,0.0
756.0,23.0,1006.0,5.0,1,947.0,0.0,0.0,0.0
889.0,11.0,1490.0,4.0,1,3529.0,0.0,0.0,0.0
477.5,5.0,122.0,4.0,1,1541.0,0.0,0.0,0.0
177.5,2.0,279.0,4.0,1,143.0,0.0,0.0,0.0
566.0,8.5,421.0,4.0,1,882.0,0.0,0.0,0.0
112.5,1.0,348.0,3.5,1,167.0,0.0,0.0,0.0
530.0,3.0,736.0,4.0,1,426.0,0.0,0.0,0.0
413.0,8.0,211.0,4.0,1,1171.0,0.0,0.0,0.0
209.5,2.0,470.0,4.0,1,61.0,0.0,0.0,0.0
510.0,7.0,419.0,4.0,1,665.0,0.0,0.0,0.0
195.5,6.0,227.0,4.0,1,93.0,0.0,0.0,0.0
384.0,3.5,719.0,4.0,1,800.0,0.0,0.0,0.0
842.0,10.5,1954.0,5.0,1,60.0,0.0,0.0,0.0
654.0,11.0,610.0,4.0,1,72.0,0.0,0.0,0.0
230.5,6.5,1104.0,4.0,1,802.0,0.0,0.0,0.0
782.0,9.0,358.0,4.5,1,2452.0,0.0,0.0,0.0
677.0,23.0,783.0,5.0,1,1630.0,0.0,0.0,0.0
102.5,2.0,431.0,4.0,1,832.0,16.25,1.0,0.0
226.5,1.5,602.0,4.0,1,589.0,0.0,0.0,0.0
1005.0,3.0,2433.0,4.0,1,4362.0,0.0,0.0,0.0
233.0,4.0,610.0,4.0,1,218.0,0.0,0.0,0.0
812.0,13.5,1807.0,2.0,1,2011.0,0.0,0.0,0.0
62.0,1.0,960.0,4.0,0,375.0,12.75,2.0,0.0
557.0,14.0,475.0,5.0,1,1440.0,0.0,0.0,0.0
62.5,2.0,673.0,4.0,1,389.0,0.0,0.0,0.0
671.0,5.5,257.0,4.0,1,470.0,0.0,0.0,0.0
426.0,6.666666666666667,238.0,4.0,1,359.0,0.0,0.0,0.0
670.25,7.0,238.0,4.0,1,1227.0,0.0,0.0,0.0
404.0,3.5,458.0,4.0,1,277.0,0.0,0.0,0.0
79.0,1.0,126.0,4.0,1,340.0,5.0,1.0,0.0
369.5,6.0,618.0,4.0,1,236.0,0.0,0.0,0.0
770.5,4.5,1405.0,4.0,1,2072.0,0.0,0.0,0.0
757.25,6.0,1390.0,4.0,1,2282.0,0.0,0.0,0.0
463.0,4.0,47.0,4.0,1,950.0,0.0,0.0,0.0
1282.0,26.0,1344.0,5.0,1,391.0,0.0,0.0,0.0
92.5,4.0,663.0,4.0,1,38.0,0.0,0.0,0.0
234.0,3.5,354.0,4.0,1,76.0,0.0,0.0,0.0
355.0,3.5,262.0,4.0,1,218.0,0.0,0.0,0.0
481.0,8.0,490.0,4.0,1,1100.0,0.0,0.0,0.0
186.0,3.0,958.0,4.0,1,308.0,0.0,0.0,0.0
52.0,2.0,294.0,4.0,1,537.0,0.0,0.0,0.0
428.5,5.0,94.0,4.0,1,135.0,0.0,0.0,0.0
608.0,11.0,291.0,4.0,1,182.0,0.0,0.0,0.0
151.5,3.75,566.0,4.0,1,558.0,0.0,0.0,0.0
419.0,4.0,316.0,2.0,1,18.0,0.0,0.0,0.0
202.5,3.0,401.0,4.0,1,329.0,0.0,0.0,0.0
30.0,4.5,586.0,5.0,0,231.0,8.2,2.0,0.0
892.0,23.5,162.0,5.0,1,2902.0,0.0,0.0,0.0
1138.0,7.0,1291.0,4.0,1,3122.0,0.0,0.0,0.0
581.0,13.0,361.0,4.0,1,971.0,0.0,0.0,0.0
886.0,7.0,1703.0,4.0,1,3473.0,0.0,0.0,0.0
137.5,7.0,735.0,4.0,1,30.0,0.0,0.0,0.0
314.5,3.0,457.0,4.0,1,186.0,0.0,0.0,0.0
162.5,1.0,533.0,2.0,1,0.0,15.0,0.0,0.0
481.5,4.0,259.0,4.0,1,1241.0,0.0,0.0,0.0
639.5,6.5,699.0,4.0,1,544.0,0.0,0.0,0.0
662.5,3.5,387.0,4.0,1,146.0,0.0,0.0,0.0
99.0,2.0,217.0,4.0,1,363.0,0.0,0.0,0.0
437.0,4.0,165.0,4.0,1,1310.0,0.0,0.0,0.0
240.0,2.0,297.0,4.0,1,608.0,0.0,0.0,0.0
22.0,0.5,715.0,4.0,1,736.0,0.0,0.0,0.0
843.0,4.0,2194.0,4.0,1,3152.0,0.0,0.0,0.0
435.0,2.0,28.0,4.0,1,234.0,0.0,0.0,0.0
282.0,4.5,701.0,4.0,1,503.0,0.0,0.0,0.0
699.5,9.0,1420.0,4.5,1,1428.0,0.0,0.0,0.0
495.5,2.0,811.0,4.0,1,416.0,0.0,0.0,0.0
224.5,3.0,442.0,4.0,1,123.0,0.0,0.0,0.0
626.0,6.0,447.0,4.0,1,1450.0,0.0,0.0,0.0
653.0,4.5,202.0,4.0,1,285.0,0.0,0.0,0.0
1119.0,7.0,1367.0,4.0,1,3223.0,0.0,0.0,0.0
96.0,1.0,916.0,4.0,1,1046.0,0.0,0.0,0.0
714.0,6.0,642.0,4.0,1,1649.0,0.0,0.0,0.0
111.0,3.0,663.0,4.0,0,126.0,22.5,1.0,0.0
1038.5,11.0,1186.0,4.0,1,1522.0,0.0,0.0,0.0
813.5,5.0,469.0,4.0,1,2620.0,0.0,0.0,0.0
765.0,4.0,1840.0,4.0,1,2471.0,0.0,0.0,0.0
542.5,7.0,636.0,4.0,1,893.0,0.0,0.0,0.0
1398.0,18.0,1902.0,5.0,1,939.0,0.0,0.0,0.0
1213.5,7.5,570.0,4.0,1,2343.0,0.0,0.0,0.0
776.0,6.0,975.0,4.0,1,676.0,0.0,0.0,0.0
36.5,2.0,98.0,4.0,1,524.0,0.0,0.0,0.0
6.0,3.0,496.0,5.0,1,404.0,26.5,0.0,0.0
46.5,1.0,270.0,3.5,1,222.0,0.0,0.0,0.0
161.5,3.0,813.0,4.0,0,479.0,16.0,2.0,0.0
91.0,1.5,540.0,4.0,1,102.0,1.0,0.0,0.0
235.5,2.0,340.0,4.0,1,361.0,0.0,0.0,0.0
663.0,5.0,822.0,4.0,1,373.0,0.0,0.0,0.0
501.0,10.0,21.0,4.0,1,205.0,0.0,0.0,0.0
237.0,3.0,117.0,2.0,1,352.0,0.0,0.0,0.0
542.0,3.0,257.0,4.0,1,205.0,0.0,0.0,0.0
796.0,10.5,711.0,4.0,1,3429.0,0.0,0.0,0.0
331.0,2.0,128.0,4.0,1,440.0,0.0,0.0,0.0
168.5,2.0,182.0,4.0,1,32.0,0.0,0.0,0.0
501.0,4.0,201.0,4.0,1,623.0,0.0,0.0,0.0
23.0,1.0,700.0,4.0,0,431.0,0.0,0.0,0.0
275.0,3.0,1115.0,4.0,1,135.0,0.0,0.0,0.0
511.5,6.0,540.0,4.0,1,143.0,0.0,0.0,0.0
157.0,2.5,816.0,4.0,1,474.0,0.0,0.0,0.0
148.0,2.5,72.0,4.0,1,353.0,0.0,0.0,0.0
347.0,2.5,264.0,4.0,1,797.0,0.0,0.0,0.0
274.0,6.0,452.0,4.0,1,167.0,0.0,0.0,0.0
266.5,3.5,785.0,4.0,1,142.0,0.0,0.0,0.0
1579.0,19.0,208.0,4.0,1,788.0,0.0,0.0,0.0
880.5,5.5,831.0,4.0,1,485.0,0.0,0.0,0.0
96.0,1.0,950.0,4.0,0,1004.0,0.0,0.0,0.0
553.0,8.5,281.0,4.0,1,350.0,0.0,0.0,0.0
496.0,8.0,308.0,4.0,1,562.0,0.0,0.0,0.0
940.0,16.0,1395.0,5.0,1,1499.0,0.0,0.0,0.0
378.0,5.0,616.0,4.0,1,891.0,0.0,0.0,0.0
397.0,2.0,522.0,4.0,1,113.0,0.0,0.0,0.0
60.0,3.0,708.0,4.0,0,108.0,7.333333333333333,1.0,0.0
416.5,3.5,199.0,4.0,1,282.0,0.0,0.0,0.0
30.0,1.5,956.0,5.0,1,813.0,0.0,0.0,0.0
5.0,1.0,452.0,4.0,1,584.0,0.0,0.0,0.0
1528.25,33.0,1774.0,5.0,1,239.0,0.0,0.0,0.0
736.0,7.0,1079.0,4.0,1,1734.0,0.0,0.0,0.0
870.5,4.0,2326.0,4.0,1,3447.0,0.0,0.0,0.0
277.0,4.0,1176.0,4.0,1,505.0,0.0,0.0,0.0
159.5,2.5,332.0,4.0,1,367.0,0.0,0.0,0.0
412.0,4.0,361.0,4.0,1,279.0,0.0,0.0,0.0
166.0,3.5,569.0,4.0,1,193.0,13.5,1.0,0.0
732.0,5.0,1315.0,4.0,1,2000.0,0.0,0.0,0.0
33.0,1.0,1149.0,4.5,0,453.0,30.0,0.0,0.0
200.0,7.0,294.0,4.0,1,456.0,0.0,0.0,0.0
24.0,1.0,875.0,4.0,1,825.0,0.0,0.0,0.0
44.0,1.0,393.0,4.0,1,194.0,0.0,0.0,0.0
540.75,3.0,628.0,4.0,1,358.0,0.0,0.0,0.0
109.0,2.0,114.0,4.0,1,64.0,0.0,0.0,0.0
105.0,1.0,153.0,4.0,1,303.0,0.0,0.0,0.0
355.0,9.5,463.0,4.0,1,170.0,0.0,0.0,0.0
4.0,2.0,43.0,5.0,1,952.0,31.0,0.0,0.0
877.0,6.0,2340.0,4.0,1,3514.0,0.0,0.0,0.0
981.0,12.0,1353.0,5.0,1,1125.0,0.0,0.0,0.0
87.0,2.0,814.0,4.0,1,312.0,0.0,0.0,0.0
231.0,7.5,430.0,4.0,1,145.0,0.0,0.0,0.0
215.5,4.0,1014.0,4.0,1,331.0,0.0,0.0,0.0
324.0,9.0,730.0,4.0,1,576.0,0.0,0.0,0.0
330.0,7.0,716.0,4.0,1,665.0,0.0,0.0,0.0
35.0,2.0,574.0,2.0,1,0.0,17.0,1.0,0.0
1138.75,5.5,419.0,4.0,1,1482.0,0.0,0.0,0.0
294.5,2.0,685.0,4.0,1,494.0,0.0,0.0,0.0
27.0,0.5,1069.0,4.0,0,925.0,0.0,0.0,0.0
82.0,3.0,655.0,3.0,1,538.0,0.0,0.0,0.0
434.75,7.5,393.0,3.5,1,314.0,0.0,0.0,0.0
453.0,3.0,515.0,4.0,1,57.0,0.0,0.0,0.0
25.0,1.0,563.0,4.0,0,336.0,14.454545454545457,4.0,0.0
546.5,6.5,199.0,4.0,1,337.0,0.0,0.0,0.0
1102.5,29.5,138.0,5.0,1,571.0,0.0,0.0,0.0
844.0,8.0,925.0,4.0,1,656.0,0.0,0.0,0.0
26.0,0.5,737.0,4.0,0,706.0,0.0,0.0,0.0
460.0,6.0,589.0,4.0,1,77.0,0.0,0.0,0.0
466.0,3.5,115.0,4.0,1,602.0,0.0,0.0,0.0
585.0,4.0,572.0,4.0,1,894.0,0.0,0.0,0.0
797.0,6.5,1533.0,4.0,1,413.0,0.0,0.0,0.0
842.0,7.0,977.0,4.0,1,3592.0,0.0,0.0,0.0
502.0,5.0,296.0,4.5,1,908.0,0.0,0.0,0.0
1193.5,11.0,906.0,4.0,1,978.0,0.0,0.0,0.0
108.0,1.0,474.0,4.0,1,314.0,0.0,0.0,0.0
380.0,6.0,432.0,4.0,1,1117.0,0.0,0.0,0.0
288.3333333333333,4.0,797.0,4.0,1,378.0,0.0,0.0,0.0
600.0,2.0,1405.0,4.0,1,2287.0,0.0,0.0,0.0
941.5,11.0,1351.0,4.0,1,2385.0,0.0,0.0,0.0
451.0,5.0,355.0,4.0,1,731.0,0.0,0.0,0.0
1665.0,18.5,391.0,4.0,1,873.0,0.0,0.0,0.0
337.0,4.0,295.0,4.0,1,92.0,0.0,0.0,0.0
144.0,1.5,37.0,4.0,1,470.0,0.0,0.0,0.0
82.0,1.0,638.0,4.0,0,436.0,21.666666666666668,0.0,0.0
301.0,5.0,468.0,4.0,1,73.0,0.0,0.0,0.0
53.0,1.0,368.0,4.0,1,450.0,0.0,0.0,0.0
301.0,5.0,543.0,4.0,1,879.0,0.0,0.0,0.0
336.25,2.5,33.0,4.0,1,150.0,0.0,0.0,0.0
1202.0,9.5,1207.0,4.0,1,787.0,0.0,0.0,0.0
29.0,0.0,777.0,4.0,0,297.0,0.0,0.0,0.0
133.0,2.0,183.0,3.0,1,372.0,0.0,0.0,0.0
164.0,4.0,820.0,4.0,1,383.0,8.857142857142858,3.0,0.0
1105.0,22.5,2179.0,5.0,1,981.0,0.0,0.0,0.0
175.25,9.0,505.0,4.0,1,342.0,0.0,0.0,0.0
355.5,6.0,112.0,4.0,1,192.0,0.0,0.0,0.0
302.5,3.0,439.0,4.0,1,716.0,0.0,0.0,0.0
155.5,6.5,763.0,4.0,1,317.0,0.0,0.0,0.0
458.5,4.0,247.0,4.0,1,562.0,0.0,0.0,0.0
552.5,3.5,588.0,4.0,1,470.0,0.0,0.0,0.0
510.5,4.0,316.0,4.0,1,119.0,0.0,0.0,0.0
28.5,1.0,860.0,4.0,1,174.0,13.0,1.0,0.0
349.0,1.0,811.0,4.0,1,808.0,0.0,0.0,0.0
174.0,3.0,589.0,4.0,1,150.0,0.0,0.0,0.0
44.333333333333336,1.0,391.0,4.0,1,391.0,0.0,0.0,0.0
5.0,5.0,771.0,4.0,0,1402.0,0.0,0.0,0.0
746.0,5.0,1290.0,4.0,1,245.0,0.0,0.0,0.0
719.25,6.5,1034.0,4.0,1,1606.0,0.0,0.0,0.0
554.0,2.0,440.0,4.0,1,1083.0,0.0,0.0,0.0
81.0,2.0,316.0,4.0,1,292.0,0.0,0.0,0.0
582.5,4.0,99.0,4.0,1,1070.0,0.0,0.0,0.0
926.0,10.0,1146.0,5.0,1,1598.0,0.0,0.0,0.0
598.0,6.0,99.0,4.0,1,1014.0,0.0,0.0,0.0
346.0,3.5,281.0,4.0,1,1428.0,0.0,0.0,0.0
336.25,11.0,790.0,4.0,1,685.0,0.0,0.0,0.0
382.5,3.0,482.0,4.0,1,673.0,0.0,0.0,0.0
489.5,5.5,374.0,4.0,1,789.0,0.0,0.0,0.0
836.0,6.0,902.0,4.0,1,3184.0,0.0,0.0,0.0
411.0,5.0,514.0,4.0,1,470.0,0.0,0.0,0.0
152.0,2.0,561.0,4.0,1,270.0,29.0,3.0,0.0
140.0,1.5,473.0,4.0,1,113.0,0.0,0.0,0.0
107.5,2.0,321.0,4.0,1,77.0,0.0,0.0,0.0
105.0,2.0,488.0,3.0,1,410.0,8.555555555555555,3.0,0.0
221.0,4.5,1160.0,4.0,1,517.0,0.0,0.0,0.0
1038.0,11.5,1502.0,4.0,1,3210.0,0.0,0.0,0.0
143.5,2.0,501.0,4.0,1,104.0,0.0,0.0,0.0
502.0,7.0,473.0,4.0,1,748.0,0.0,0.0,0.0
1064.0,24.0,234.0,5.0,1,942.0,0.0,0.0,0.0
29.0,2.0,342.0,4.0,1,65.0,0.0,0.0,0.0
161.0,7.0,421.0,4.0,1,347.0,0.0,0.0,0.0
258.0,4.0,328.0,4.0,1,342.0,0.0,0.0,0.0
538.0,5.0,810.0,4.0,1,942.0,0.0,0.0,0.0
138.5,6.0,573.0,4.0,1,569.0,0.0,0.0,0.0
582.5,4.0,591.0,4.0,1,872.0,0.0,0.0,0.0
1125.0,7.0,1125.0,4.0,1,733.0,0.0,0.0,0.0
587.0,7.0,529.0,4.0,1,653.0,0.0,0.0,0.0
492.0,4.0,573.0,4.0,1,176.0,0.0,0.0,0.0
398.5,4.0,387.0,4.0,1,54.0,0.0,0.0,0.0
1436.0,15.5,2045.0,4.0,1,604.0,0.0,0.0,0.0
398.0,5.0,156.0,4.0,1,585.0,0.0,0.0,0.0
1031.0,10.0,2151.0,2.5,1,702.0,0.0,0.0,0.0
398.0,6.0,624.0,4.0,1,201.0,0.0,0.0,0.0
686.5,13.0,607.0,4.5,1,1379.0,0.0,0.0,0.0
730.0,8.0,1030.0,4.0,1,977.0,0.0,0.0,0.0
268.0,3.0,452.0,4.0,1,496.0,0.0,0.0,0.0
212.0,5.0,329.0,4.0,1,203.0,0.0,0.0,0.0
23.0,0.5,587.0,4.0,1,916.0,0.0,0.0,0.0
869.0,16.0,1651.0,4.0,1,1149.0,0.0,0.0,0.0
193.0,5.5,105.0,4.0,1,92.0,0.0,0.0,0.0
84.0,1.5,240.0,4.0,1,302.0,30.0,0.0,0.0
545.0,5.5,459.0,4.0,1,460.0,0.0,0.0,0.0
770.0,4.5,1856.0,4.0,1,2441.0,0.0,0.0,0.0
41.66666666666666,2.0,702.0,4.0,1,1195.0,0.0,0.0,0.0
24.5,0.0,665.0,4.0,1,837.0,0.0,0.0,0.0
379.0,5.0,270.0,4.0,1,210.0,0.0,0.0,0.0
326.75,8.0,432.0,0.0,1,32.0,0.0,0.0,0.0
847.0,8.0,1598.0,4.0,1,3184.0,0.0,0.0,0.0
2.0,1.0,546.0,0.0,1,559.0,0.0,0.0,0.0
499.0,9.5,276.0,4.0,1,568.0,0.0,0.0,0.0
98.0,17.0,304.0,4.0,1,205.0,0.0,0.0,0.0
146.0,3.0,473.0,2.0,1,3.0,0.0,0.0,0.0
332.0,6.0,756.0,4.0,1,267.0,0.0,0.0,0.0
90.0,4.5,279.0,2.0,1,35.0,0.0,0.0,0.0
60.0,2.0,853.0,4.0,0,252.0,20.0,1.0,0.0
65.0,2.0,569.0,4.0,1,183.0,0.0,0.0,0.0
267.0,5.0,221.0,4.0,1,62.0,0.0,0.0,0.0
1124.3333333333333,4.0,410.0,4.5,1,1573.0,0.0,0.0,0.0
419.0,4.0,64.0,4.0,1,535.0,0.0,0.0,0.0
135.0,3.0,215.0,4.0,1,248.0,0.0,0.0,0.0
372.0,5.0,503.0,4.0,1,337.0,0.0,0.0,0.0
136.0,4.0,773.0,4.0,1,32.0,0.0,0.0,0.0
493.5,4.0,82.0,4.0,1,587.0,0.0,0.0,0.0
516.0,6.0,204.0,4.0,1,551.0,0.0,0.0,0.0
750.0,9.0,1553.0,4.0,1,2233.0,0.0,0.0,0.0
451.0,4.5,241.0,4.0,1,122.0,0.0,0.0,0.0
551.0,4.5,277.0,4.0,1,863.0,0.0,0.0,0.0
100.0,3.5,397.0,4.0,1,216.0,0.0,0.0,0.0
1126.25,9.5,1109.0,4.0,1,1179.0,0.0,0.0,0.0
1218.5,29.75,1308.0,4.0,1,65.0,0.0,0.0,0.0
817.5,11.0,1645.0,4.0,1,1922.0,0.0,0.0,0.0
741.0,12.5,495.0,5.0,1,2904.0,0.0,0.0,0.0
206.0,3.5,362.0,4.0,1,338.0,0.0,0.0,0.0
27.5,3.0,455.0,5.0,0,304.0,12.75,2.0,0.0
135.0,2.0,482.0,2.0,1,43.0,0.0,0.0,0.0
85.0,4.5,546.0,4.0,1,482.0,0.0,0.0,0.0
48.0,4.0,634.0,4.0,1,245.0,0.0,0.0,0.0
247.5,1.0,749.0,4.0,1,603.0,0.0,0.0,0.0
906.0,18.0,1915.0,4.5,1,438.0,0.0,0.0,0.0
171.0,2.0,624.0,4.0,1,194.0,6.666666666666667,3.0,0.0
501.5,9.0,506.0,4.0,1,89.0,0.0,0.0,0.0
262.0,3.0,394.0,4.0,1,108.0,0.0,0.0,0.0
529.0,4.0,602.0,4.0,1,458.0,0.0,0.0,0.0
1164.0,9.0,106.0,4.0,1,1818.0,0.0,0.0,0.0
93.0,4.0,318.0,4.0,1,262.0,12.0,1.0,0.0
248.0,2.0,481.0,4.0,1,1034.0,0.0,0.0,0.0
78.0,5.5,568.0,4.0,1,368.0,0.0,0.0,0.0
210.5,4.0,346.0,4.0,1,596.0,0.0,0.0,0.0
23.5,1.0,995.0,4.0,1,574.0,0.0,0.0,0.0
423.0,6.5,402.0,2.0,1,72.0,0.0,0.0,0.0
65.0,4.0,262.0,4.0,1,417.0,0.0,0.0,0.0
531.0,5.0,140.0,2.0,1,410.0,0.0,0.0,0.0
717.0,6.0,1528.0,4.0,1,40.0,0.0,0.0,0.0
295.0,4.0,805.0,4.0,1,401.0,0.0,0.0,0.0
116.5,1.0,156.0,4.0,1,774.0,0.0,0.0,0.0
504.5,5.0,11.0,4.0,1,140.0,0.0,0.0,0.0
48.0,2.5,681.0,4.0,0,229.0,0.0,0.0,0.0
1001.0,19.0,318.0,5.0,1,398.0,0.0,0.0,0.0
652.5,11.0,540.0,4.0,1,1072.0,0.0,0.0,0.0
524.0,13.0,359.0,4.0,1,375.0,0.0,0.0,0.0
278.5,4.0,360.0,4.0,1,166.0,0.0,0.0,0.0
800.0,8.5,1024.0,5.0,1,1409.0,0.0,0.0,0.0
138.5,4.0,457.0,4.0,0,494.0,0.0,0.0,0.0
550.5,7.0,373.0,5.0,1,1763.0,0.0,0.0,0.0
263.0,3.0,317.0,4.0,1,74.0,0.0,0.0,0.0
375.0,6.0,363.0,4.0,1,173.0,0.0,0.0,0.0
334.5,8.0,697.0,4.0,1,532.0,0.0,0.0,0.0
391.0,5.5,547.0,4.0,1,286.0,0.0,0.0,0.0
519.0,3.0,151.0,4.0,1,20.0,0.0,0.0,0.0
43.0,2.5,584.0,4.0,1,984.0,0.0,0.0,0.0
333.0,5.0,623.0,4.0,1,525.0,0.0,0.0,0.0
138.0,1.5,111.0,4.0,1,502.0,16.5,1.0,0.0
265.0,4.0,346.0,4.0,1,218.0,0.0,0.0,0.0
218.0,7.5,894.0,4.0,1,919.0,0.0,0.0,0.0
162.5,4.0,1032.0,4.0,1,222.0,0.0,0.0,0.0
29.0,1.5,927.0,4.0,1,435.0,27.0,1.0,0.0
242.0,3.5,483.0,0.0,1,90.0,0.0,0.0,0.0
584.0,7.0,697.0,4.0,1,624.0,0.0,0.0,0.0
191.0,4.5,484.0,4.0,1,366.0,0.0,0.0,0.0
774.0,12.0,1883.0,4.0,1,1885.0,0.0,0.0,0.0
656.5,9.0,683.0,4.0,1,1087.0,0.0,0.0,0.0
325.0,7.0,282.0,4.0,1,177.0,0.0,0.0,0.0
13.0,3.0,698.0,4.0,1,328.0,15.428571428571429,3.0,0.0
178.0,1.5,109.0,4.0,1,179.0,0.0,0.0,0.0
371.5,4.0,29.0,4.0,1,683.0,0.0,0.0,0.0
307.0,6.0,377.0,2.0,1,43.0,0.0,0.0,0.0
292.0,2.0,652.0,4.0,0,444.0,0.0,0.0,0.0
1275.0,13.0,1925.0,4.0,1,967.0,0.0,0.0,0.0
658.0,7.0,324.0,4.0,1,541.0,0.0,0.0,0.0
15.0,5.0,277.0,4.0,1,76.0,12.0,2.0,0.0
62.0,1.0,608.0,4.0,0,170.0,6.0,0.0,0.0
599.0,3.0,1357.0,4.0,1,2353.0,0.0,0.0,0.0
113.0,1.5,630.0,4.0,1,142.0,0.0,0.0,0.0
347.0,2.0,236.0,4.0,1,824.0,0.0,0.0,0.0
667.0,7.0,169.0,4.0,1,589.0,0.0,0.0,0.0
570.0,4.0,17.0,4.0,1,86.0,0.0,0.0,0.0
205.5,4.0,803.0,4.0,1,1121.0,0.0,0.0,0.0
906.0,10.0,1616.0,4.0,1,1265.0,0.0,0.0,0.0
825.0,9.0,779.0,4.5,1,2466.0,0.0,0.0,0.0
1497.0,22.5,2024.0,4.0,1,854.0,0.0,0.0,0.0
513.0,6.0,390.0,2.0,1,16.0,0.0,0.0,0.0
767.0,4.0,1375.0,4.0,1,2015.0,0.0,0.0,0.0
156.0,5.0,201.0,4.0,1,151.0,0.0,0.0,0.0
65.0,2.5,375.0,4.0,1,479.0,0.0,0.0,0.0
80.5,2.0,778.0,3.0,1,759.0,0.0,0.0,0.0
438.0,6.5,578.0,2.0,1,618.0,0.0,0.0,0.0
82.0,3.0,1019.0,4.0,0,702.0,21.0,1.0,0.0
7.0,3.0,1011.0,4.0,1,156.0,10.0,0.0,0.0
104.25,1.0,348.0,4.0,1,460.0,8.666666666666666,3.0,0.0
25.0,1.0,469.0,4.0,1,496.0,7.444444444444445,9.0,0.0
326.3333333333333,3.0,212.0,4.0,1,222.0,0.0,0.0,0.0
336.0,13.0,107.0,4.0,1,431.0,0.0,0.0,0.0
293.5,2.0,234.0,4.0,1,549.0,0.0,0.0,0.0
302.0,4.5,304.0,4.0,1,417.0,0.0,0.0,0.0
95.75,2.0,323.0,4.0,1,341.0,0.0,0.0,0.0
8.0,2.5,633.0,4.5,1,344.0,0.0,0.0,0.0
10.0,12.0,541.0,4.0,1,679.0,0.0,0.0,0.0
280.0,5.5,78.0,4.0,1,729.0,0.0,0.0,0.0
66.5,3.0,126.0,4.0,1,1057.0,0.0,0.0,0.0
83.0,2.0,987.0,4.0,0,226.0,0.0,0.0,0.0
705.0,6.0,436.0,4.0,1,621.0,0.0,0.0,0.0
527.5,6.0,357.0,4.0,1,606.0,0.0,0.0,0.0
456.5,9.0,170.0,4.0,1,697.0,0.0,0.0,0.0
253.5,5.0,771.0,4.0,1,818.0,0.0,0.0,0.0
39.0,1.5,108.0,4.0,1,127.0,0.0,0.0,0.0
614.0,14.0,928.0,5.0,1,1446.0,0.0,0.0,0.0
236.0,5.0,1155.0,4.0,1,751.0,0.0,0.0,0.0
362.0,2.0,547.0,4.0,1,77.0,0.0,0.0,0.0
253.0,5.5,497.0,4.0,1,448.0,0.0,0.0,0.0
515.25,5.0,653.0,4.0,1,532.0,0.0,0.0,0.0
1307.25,22.5,1009.0,5.0,1,84.0,0.0,0.0,0.0
391.0,2.5,277.0,4.0,1,377.0,0.0,0.0,0.0
696.0,3.0,783.0,4.0,1,1432.0,0.0,0.0,0.0
966.3333333333334,3.5,154.0,4.0,1,205.0,0.0,0.0,0.0
846.5,12.0,1209.0,4.0,1,3266.0,0.0,0.0,0.0
63.5,1.0,144.0,4.0,1,731.0,0.0,0.0,0.0
1369.0,11.0,880.0,4.0,1,1133.0,0.0,0.0,0.0
610.0,5.5,100.0,4.0,1,197.0,0.0,0.0,0.0
189.5,3.0,324.0,4.0,1,121.0,0.0,0.0,0.0
472.0,8.0,830.0,4.0,1,821.0,0.0,0.0,0.0
739.0,7.0,625.0,4.0,1,2026.0,0.0,0.0,0.0
103.0,1.0,98.0,4.0,1,464.0,0.0,0.0,0.0
1082.0,11.5,941.0,4.0,1,1221.0,0.0,0.0,0.0
536.5,6.0,588.0,2.0,1,380.0,0.0,0.0,0.0
582.5,13.5,525.0,5.0,1,1039.0,0.0,0.0,0.0
105.0,2.0,266.0,4.0,0,465.0,14.0,0.0,0.0
327.0,3.0,169.0,4.0,1,98.0,0.0,0.0,0.0
107.5,1.0,583.0,4.0,0,595.0,18.83333333333333,2.0,0.0
687.0,17.0,425.0,4.0,1,620.0,0.0,0.0,0.0
375.0,6.5,240.0,4.0,1,298.0,0.0,0.0,0.0
262.0,4.0,877.0,2.0,1,5.0,0.0,0.0,0.0
97.5,3.0,434.0,4.0,1,481.0,18.5,1.0,0.0
380.0,3.0,459.0,4.0,1,800.0,0.0,0.0,0.0
290.0,3.0,183.0,4.0,1,176.0,0.0,0.0,0.0
25.0,0.5,939.0,4.0,0,838.0,0.0,0.0,0.0
815.0,5.5,1998.0,4.0,1,2900.0,0.0,0.0,0.0
424.5,4.0,327.0,2.0,1,9.0,0.0,0.0,0.0
17.0,2.0,600.0,4.0,1,188.0,19.0,0.0,0.0
64.0,1.0,955.0,4.0,1,187.0,0.0,0.0,0.0
313.5,2.5,207.0,2.0,1,28.0,15.5,1.0,0.0
43.5,4.0,224.0,4.0,1,496.0,0.0,0.0,0.0
27.0,3.0,379.0,2.0,1,12.0,0.0,0.0,0.0
327.0,5.0,396.0,4.0,1,195.0,0.0,0.0,0.0
944.0,19.5,1878.0,4.0,1,684.0,0.0,0.0,0.0
230.5,3.0,604.0,2.0,1,22.0,0.0,0.0,0.0
531.0,4.0,109.0,4.0,1,250.0,0.0,0.0,0.0
5.0,3.0,777.0,2.0,0,1374.0,0.0,0.0,0.0
3.5,1.0,644.0,4.0,0,467.0,31.0,0.0,0.0
527.5,16.0,658.0,4.5,1,1784.0,0.0,0.0,0.0
585.0,5.5,133.0,4.0,1,987.0,0.0,0.0,0.0
926.0,16.0,1996.0,4.0,1,1609.0,0.0,0.0,0.0
73.0,2.0,479.0,4.0,1,0.0,0.0,0.0,0.0
906.0,12.0,1466.0,4.0,1,2161.0,0.0,0.0,0.0
589.0,5.0,197.0,4.0,1,317.0,0.0,0.0,0.0
370.0,4.5,666.0,2.0,1,32.0,0.0,0.0,0.0
110.0,3.5,889.0,4.0,1,695.0,0.0,0.0,0.0
204.0,3.0,321.0,4.0,1,404.0,15.0,1.0,0.0
35.5,3.5,559.0,2.0,1,44.0,9.75,4.0,0.0
621.25,7.0,397.0,4.0,1,368.0,0.0,0.0,0.0
598.0,5.5,825.0,4.0,1,176.0,0.0,0.0,0.0
154.5,4.5,336.0,4.0,1,284.0,0.0,0.0,0.0
1185.5,16.0,1590.0,4.0,1,202.0,0.0,0.0,0.0
223.0,2.0,618.0,4.0,1,194.0,0.0,0.0,0.0
476.0,5.0,167.0,4.0,0,506.0,0.0,0.0,0.0
1079.5,6.0,1200.0,4.0,1,2986.0,0.0,0.0,0.0
186.5,3.5,528.0,4.0,1,349.0,0.0,0.0,0.0
226.3333333333333,3.0,500.0,4.0,1,199.0,0.0,0.0,0.0
1.6666666666666667,2.0,567.0,5.0,1,498.0,10.666666666666666,1.0,0.0
454.5,4.0,61.0,4.0,0,1349.0,0.0,0.0,0.0
818.0,8.5,1663.0,4.0,1,333.0,0.0,0.0,0.0
574.0,6.0,325.0,4.0,1,695.0,0.0,0.0,0.0
412.0,3.0,154.0,4.0,1,451.0,0.0,0.0,0.0
695.0,4.0,1127.0,4.0,1,456.0,0.0,0.0,0.0
2.0,0.5,932.0,0.0,0,1330.0,0.0,0.0,0.0
748.5,7.0,1447.0,4.5,1,1973.0,0.0,0.0,0.0
223.0,7.0,1084.0,4.0,1,812.0,0.0,0.0,0.0
374.5,7.666666666666667,55.0,4.0,1,613.0,10.0,0.0,0.0
601.0,2.0,1601.0,4.0,1,2441.0,0.0,0.0,0.0
184.0,3.0,557.0,4.0,1,112.0,0.0,0.0,0.0
38.0,2.0,680.0,5.0,1,698.0,0.0,0.0,0.0
182.5,3.0,456.0,4.0,0,24.0,0.0,0.0,0.0
39.333333333333336,1.0,343.0,4.0,1,173.0,0.0,0.0,0.0
351.5,5.0,380.0,4.0,1,119.0,0.0,0.0,0.0
562.5,5.0,124.0,0.0,1,839.0,0.0,0.0,0.0
7.5,1.0,465.0,4.5,1,128.0,0.0,0.0,0.0
378.0,4.0,618.0,4.0,1,941.0,0.0,0.0,0.0
68.75,2.0,807.0,4.0,0,550.0,19.5,0.0,0.0
708.75,6.5,924.0,4.0,1,678.0,0.0,0.0,0.0
743.0,7.5,1383.0,4.5,1,1924.0,0.0,0.0,0.0
580.0,2.0,202.0,2.0,1,0.0,0.0,0.0,0.0
963.6666666666666,15.5,1419.0,4.0,1,1814.0,0.0,0.0,0.0
818.0,6.0,1684.0,4.0,1,253.0,0.0,0.0,0.0
16.0,1.0,392.0,4.0,0,296.0,0.0,0.0,0.0
54.0,2.0,852.0,4.0,1,157.0,12.666666666666666,2.0,0.0
163.0,4.0,163.0,4.0,1,303.0,0.0,0.0,0.0
63.0,5.5,462.0,4.0,1,644.0,0.0,0.0,0.0
164.0,3.5,891.0,4.0,1,396.0,0.0,0.0,0.0
390.0,6.0,366.0,4.0,1,111.0,0.0,0.0,0.0
288.5,2.0,383.0,4.0,1,659.0,0.0,0.0,0.0
134.0,5.0,577.0,4.0,1,389.0,0.0,0.0,0.0
435.5,6.5,144.0,4.0,1,1334.0,0.0,0.0,0.0
970.5,12.0,1394.0,5.0,1,1096.0,0.0,0.0,0.0
630.0,5.0,659.0,4.0,1,272.0,0.0,0.0,0.0
206.5,2.0,1304.0,4.0,1,304.0,0.0,0.0,0.0
365.5,2.0,220.0,4.0,1,322.0,0.0,0.0,0.0
1197.0,7.5,992.0,4.0,1,952.0,0.0,0.0,0.0
251.5,4.0,366.0,4.0,1,230.0,0.0,0.0,0.0
68.5,1.0,334.0,4.0,1,158.0,0.0,0.0,0.0
519.0,5.0,560.0,2.0,1,206.0,0.0,0.0,0.0
504.0,4.0,645.0,4.0,1,244.0,0.0,0.0,0.0
10.0,2.0,395.0,0.0,0,177.0,15.0,2.0,0.0
451.0,4.0,183.0,4.0,1,57.0,0.0,0.0,0.0
217.0,5.0,638.0,4.0,1,450.0,0.0,0.0,0.0
83.66666666666667,2.0,492.0,4.0,1,52.0,0.0,0.0,0.0
949.0,9.333333333333334,476.0,4.0,1,155.0,0.0,0.0,0.0
458.0,2.5,173.0,4.0,1,379.0,0.0,0.0,0.0
335.0,9.0,563.0,4.0,1,199.0,0.0,0.0,0.0
52.5,2.0,168.0,4.5,1,319.0,0.0,0.0,0.0
1081.0,4.0,1639.0,4.0,1,3505.0,0.0,0.0,0.0
328.5,3.5,284.0,4.0,1,562.0,0.0,0.0,0.0
563.0,4.0,141.0,4.0,1,497.0,0.0,0.0,0.0
238.0,4.0,636.0,4.0,1,327.0,0.0,0.0,0.0
293.0,3.0,153.0,4.0,1,524.0,0.0,0.0,0.0
654.0,12.0,1033.0,4.0,1,1353.0,0.0,0.0,0.0
677.0,5.0,949.0,4.0,1,448.0,0.0,0.0,0.0
679.5,8.0,547.0,4.0,1,744.0,0.0,0.0,0.0
1332.5,8.0,811.0,4.0,1,841.0,0.0,0.0,0.0
782.0,8.5,1602.0,4.0,1,1410.0,0.0,0.0,0.0
809.0,16.0,314.0,5.0,1,2994.0,0.0,0.0,0.0
884.0,4.0,1468.0,4.0,1,3847.0,0.0,0.0,0.0
985.0,10.5,1493.0,4.0,1,2930.0,0.0,0.0,0.0
25.0,1.0,556.0,4.0,0,549.0,0.0,0.0,0.0
49.0,1.5,245.0,4.0,1,214.0,0.0,0.0,0.0
161.0,3.0,360.0,4.0,1,294.0,0.0,0.0,0.0
5.0,3.0,493.0,2.5,1,440.0,9.375,3.0,0.0
924.0,14.0,1665.0,4.0,1,2867.0,0.0,0.0,0.0
519.0,5.0,96.0,4.0,1,395.0,0.0,0.0,0.0
255.0,5.0,643.0,4.0,1,461.0,0.0,0.0,0.0
1133.0,9.0,737.0,4.0,1,2532.0,0.0,0.0,0.0
25.5,1.5,478.0,3.5,1,52.0,0.0,0.0,0.0
1290.0,14.5,1404.0,4.0,1,177.0,0.0,0.0,0.0
644.0,10.5,591.0,4.0,1,1019.0,0.0,0.0,0.0
443.0,4.0,54.0,4.0,1,227.0,0.0,0.0,0.0
289.5,4.0,390.0,4.0,1,194.0,0.0,0.0,0.0
338.0,5.0,373.0,4.0,1,508.0,0.0,0.0,0.0
532.0,3.0,740.0,4.0,1,390.0,0.0,0.0,0.0
434.0,7.0,52.0,4.0,1,49.0,0.0,0.0,0.0
258.25,3.0,431.0,4.0,1,63.0,0.0,0.0,0.0
27.0,2.0,627.0,4.0,1,472.0,0.0,0.0,0.0
566.0,5.0,940.0,4.0,1,1098.0,0.0,0.0,0.0
10.5,1.0,761.0,5.0,1,160.0,0.0,0.0,0.0
610.0,6.0,219.0,4.0,1,1224.0,0.0,0.0,0.0
328.0,5.0,274.0,0.0,1,125.0,0.0,0.0,0.0
196.0,3.5,981.0,4.0,1,944.0,0.0,0.0,0.0
599.0,8.5,525.0,4.0,1,939.0,0.0,0.0,0.0
31.5,1.0,983.0,4.0,1,945.0,0.0,0.0,0.0
506.0,2.5,450.0,4.0,1,772.0,0.0,0.0,0.0
392.0,3.0,580.0,4.0,1,578.0,0.0,0.0,0.0
516.0,5.0,359.0,4.0,1,309.0,0.0,0.0,0.0
163.0,4.0,98.0,4.0,1,50.0,0.0,0.0,0.0
1059.75,16.5,516.0,4.0,1,85.0,0.0,0.0,0.0
672.0,8.5,1069.0,2.0,1,1746.0,0.0,0.0,0.0
207.0,8.0,538.0,4.0,1,136.0,0.0,0.0,0.0
153.0,2.0,479.0,4.0,1,152.0,0.0,0.0,0.0
151.5,1.0,156.0,4.0,1,178.0,0.0,0.0,0.0
46.0,2.0,256.0,4.0,1,653.0,0.0,0.0,0.0
79.0,2.5,511.0,4.0,1,17.0,0.0,0.0,0.0
202.25,6.0,310.0,4.0,1,33.0,10.0,1.0,0.0
1482.5,23.0,426.0,4.0,1,512.0,0.0,0.0,0.0
697.0,8.0,1001.0,4.0,1,1883.0,0.0,0.0,0.0
821.0,5.0,1691.0,4.0,1,2918.0,0.0,0.0,0.0
264.5,4.0,203.0,4.0,1,412.0,0.0,0.0,0.0
1004.0,16.0,375.0,5.0,1,429.0,0.0,0.0,0.0
121.0,3.5,388.0,4.0,1,736.0,13.0,0.0,0.0
862.0,10.0,1817.0,4.0,1,1431.0,0.0,0.0,0.0
25.0,2.0,164.0,4.0,1,187.0,14.666666666666666,0.0,0.0
41.0,2.0,280.0,4.0,1,635.0,0.0,0.0,0.0
203.0,3.0,262.0,4.0,1,156.0,0.0,0.0,0.0
451.0,9.0,396.0,4.0,1,261.0,0.0,0.0,0.0
65.66666666666667,1.0,501.0,4.0,0,592.0,40.0,0.0,0.0
520.0,10.0,116.0,4.0,1,313.0,0.0,0.0,0.0
1132.0,9.0,1522.0,4.0,1,1179.0,0.0,0.0,0.0
175.75,7.0,717.0,4.0,1,576.0,0.0,0.0,0.0
1184.0,38.0,1189.0,4.0,1,75.0,0.0,0.0,0.0
554.0,4.5,81.0,4.0,1,438.0,0.0,0.0,0.0
259.0,4.0,143.0,4.0,1,150.0,0.0,0.0,0.0
370.0,2.0,744.0,4.0,1,225.0,0.0,0.0,0.0
783.0,5.0,1630.0,4.0,1,2513.0,0.0,0.0,0.0
506.0,5.0,113.0,4.0,1,685.0,0.0,0.0,0.0
159.5,2.0,699.0,4.0,1,23.0,0.0,0.0,0.0
69.25,8.0,396.0,4.0,1,669.0,0.0,0.0,0.0
41.0,2.0,400.0,4.0,1,55.0,30.0,0.0,0.0
633.5,8.5,1324.0,4.5,1,2104.0,0.0,0.0,0.0
268.5,3.0,88.0,4.0,1,611.0,0.0,0.0,0.0
854.5,5.0,997.0,4.0,1,506.0,0.0,0.0,0.0
1252.0,10.5,2300.0,4.0,1,1435.0,0.0,0.0,0.0
618.0,4.5,328.0,4.0,1,579.0,0.0,0.0,0.0
22.5,2.5,455.0,4.0,1,117.0,0.0,0.0,0.0
617.75,4.5,1397.0,4.0,1,2393.0,0.0,0.0,0.0
280.0,5.5,586.0,4.0,1,445.0,0.0,0.0,0.0
302.0,4.0,118.0,4.0,1,199.0,0.0,0.0,0.0
479.0,7.0,409.0,4.0,1,442.0,0.0,0.0,0.0
108.0,2.0,764.0,4.0,1,630.0,10.0,2.0,0.0
158.5,6.5,177.0,4.0,1,757.0,0.0,0.0,0.0
55.0,1.5,548.0,4.0,1,621.0,15.833333333333334,3.0,0.0
286.0,5.0,159.0,4.0,1,264.0,0.0,0.0,0.0
290.0,9.0,502.0,4.0,1,196.0,0.0,0.0,0.0
198.0,14.5,591.0,4.0,1,213.0,0.0,0.0,0.0
80.5,2.0,700.0,4.0,0,524.0,15.833333333333334,3.0,0.0
500.0,5.5,392.0,4.0,1,447.0,0.0,0.0,0.0
1126.0,30.0,123.0,5.0,1,586.0,0.0,0.0,0.0
51.0,2.0,564.0,4.0,0,163.0,25.666666666666668,1.0,0.0
88.0,3.0,754.0,4.0,1,946.0,0.0,0.0,0.0
287.0,2.0,350.0,4.0,1,502.0,0.0,0.0,0.0
127.0,6.0,535.0,4.0,1,317.0,0.0,0.0,0.0
293.0,4.0,372.0,4.0,1,278.0,0.0,0.0,0.0
489.0,4.0,266.0,4.0,1,655.0,0.0,0.0,0.0
419.0,5.0,478.0,4.0,1,90.0,0.0,0.0,0.0
228.0,6.0,993.0,4.0,1,911.0,0.0,0.0,0.0
564.0,6.5,35.0,4.0,1,655.0,0.0,0.0,0.0
325.0,3.0,270.0,4.0,1,166.0,0.0,0.0,0.0
86.0,3.0,607.0,0.0,1,15.0,0.0,0.0,0.0
1172.0,9.0,322.0,4.0,1,2182.0,0.0,0.0,0.0
37.0,2.0,205.0,2.0,1,39.0,0.0,0.0,0.0
894.0,5.666666666666667,883.0,4.0,1,209.0,0.0,0.0,0.0
63.0,4.0,155.0,4.0,1,195.0,0.0,0.0,0.0
693.0,6.5,631.0,4.0,1,1331.0,0.0,0.0,0.0
103.0,2.0,138.0,2.0,1,9.0,0.0,0.0,0.0
104.0,3.5,593.0,0.0,1,18.0,0.0,0.0,0.0
579.5,5.0,770.0,4.0,1,886.0,0.0,0.0,0.0
28.5,1.0,839.0,4.0,0,348.0,8.125,3.0,0.0
245.0,4.0,771.0,4.0,1,661.0,0.0,0.0,0.0
15.0,2.0,1249.0,2.0,0,485.0,0.0,0.0,0.0
931.0,11.0,1893.0,4.0,1,456.0,0.0,0.0,0.0
58.0,2.0,154.0,4.0,1,1094.0,4.5,0.0,0.0
255.25,2.5,346.0,4.0,1,323.0,0.0,0.0,0.0
408.0,2.0,718.0,4.0,1,274.0,0.0,0.0,0.0
48.0,3.0,578.0,4.0,1,1164.0,0.0,0.0,0.0
1280.0,11.5,1086.0,4.0,1,711.0,0.0,0.0,0.0
108.0,3.0,489.0,4.0,1,231.0,0.0,0.0,0.0
1481.0,22.0,2013.0,4.0,1,895.0,0.0,0.0,0.0
831.5,13.0,1859.0,4.0,1,18.0,0.0,0.0,0.0
272.0,3.0,97.0,2.0,1,37.0,0.0,0.0,0.0
529.0,10.0,545.0,4.0,1,188.0,0.0,0.0,0.0
436.5,5.5,490.0,2.0,1,65.0,0.0,0.0,0.0
513.0,5.0,602.0,4.0,1,165.0,0.0,0.0,0.0
347.0,7.0,820.0,4.0,1,528.0,0.0,0.0,0.0
285.0,5.5,249.0,4.0,1,694.0,0.0,0.0,0.0
50.0,2.0,289.0,4.0,1,642.0,0.0,0.0,0.0
173.0,2.0,564.0,4.0,1,9.0,0.0,0.0,0.0
390.0,3.5,687.0,4.0,1,241.0,0.0,0.0,0.0
71.0,3.0,720.0,4.5,1,808.0,0.0,0.0,0.0
126.0,2.0,241.0,4.0,1,119.0,15.0,1.0,0.0
41.5,3.0,464.0,4.0,0,333.0,0.0,0.0,0.0
1267.0,11.0,992.0,4.5,1,2497.0,0.0,0.0,0.0
186.5,4.0,556.0,4.0,1,499.0,0.0,0.0,0.0
580.0,5.0,155.0,4.0,1,296.0,0.0,0.0,0.0
206.0,4.0,105.0,4.0,1,172.0,0.0,0.0,0.0
352.0,8.0,711.0,4.0,1,492.0,0.0,0.0,0.0
553.5,7.0,542.0,4.0,1,652.0,0.0,0.0,0.0
51.0,1.5,1021.0,0.0,1,0.0,0.0,0.0,0.0
934.0,10.5,478.0,4.5,1,907.0,0.0,0.0,0.0
1000.0,9.0,1362.0,4.0,1,2783.0,0.0,0.0,0.0
128.0,3.5,948.0,4.0,1,250.0,0.0,0.0,0.0
637.0,6.0,702.0,4.0,1,284.0,0.0,0.0,0.0
498.5,5.0,768.0,4.0,1,634.0,0.0,0.0,0.0
1216.0,9.0,1363.0,4.0,1,631.0,0.0,0.0,0.0
307.0,6.0,686.0,4.0,1,596.0,0.0,0.0,0.0
185.0,2.0,1308.0,4.0,1,786.0,0.0,0.0,0.0
1333.0,10.0,2322.0,4.0,1,1140.0,0.0,0.0,0.0
887.5,13.0,218.0,5.0,1,2806.0,0.0,0.0,0.0
923.0,13.0,663.0,5.0,1,1101.0,0.0,0.0,0.0
957.0,5.0,2109.0,4.0,1,3963.0,0.0,0.0,0.0
732.0,14.0,1221.0,2.0,1,2056.0,0.0,0.0,0.0
353.5,11.5,496.0,4.0,1,90.0,0.0,0.0,0.0
609.0,6.0,311.0,2.0,1,667.0,0.0,0.0,0.0
649.5,5.5,950.0,4.0,1,733.0,0.0,0.0,0.0
259.0,3.5,186.0,4.0,1,61.0,0.0,0.0,0.0
56.0,2.5,773.0,2.0,1,0.0,12.333333333333334,2.0,0.0
64.5,2.0,565.0,4.0,0,459.0,12.666666666666666,2.0,0.0
1235.0,12.5,1267.0,4.0,1,615.0,0.0,0.0,0.0
303.0,4.0,141.0,4.0,1,173.0,0.0,0.0,0.0
683.5,3.0,830.0,4.0,1,1224.0,0.0,0.0,0.0
216.5,6.0,1025.0,4.0,1,608.0,0.0,0.0,0.0
290.0,3.0,206.0,4.0,1,204.0,0.0,0.0,0.0
43.0,2.5,529.0,4.0,1,486.0,0.0,0.0,0.0
439.5,5.0,299.0,4.0,1,269.0,0.0,0.0,0.0
213.0,6.0,150.0,4.0,1,122.0,0.0,0.0,0.0
440.5,6.0,351.0,4.0,1,12.0,0.0,0.0,0.0
83.5,3.5,866.0,4.0,1,664.0,0.0,0.0,0.0
281.0,3.0,425.0,4.0,1,58.0,0.0,0.0,0.0
451.0,3.5,184.0,4.0,1,502.0,0.0,0.0,0.0
84.75,3.5,445.0,4.0,1,645.0,0.0,0.0,0.0
41.0,3.0,392.0,4.0,1,347.0,0.0,0.0,0.0
972.0,9.0,2197.0,4.0,1,4107.0,0.0,0.0,0.0
60.0,3.0,539.0,4.0,0,353.0,14.875,2.0,0.0
562.0,3.0,190.0,4.0,1,367.0,0.0,0.0,0.0
85.33333333333333,1.0,986.0,4.0,0,476.0,6.0,0.0,0.0
410.0,5.0,251.0,4.0,1,593.0,0.0,0.0,0.0
61.0,1.5,641.0,4.0,0,940.0,14.875,3.0,0.0
396.0,9.0,441.0,4.0,1,954.0,0.0,0.0,0.0
49.0,1.0,758.0,4.0,1,422.0,29.0,0.0,0.0
63.0,2.0,464.0,4.0,1,146.0,7.5,1.0,0.0
549.5,3.0,279.0,4.0,1,466.0,0.0,0.0,0.0
739.5,10.0,1387.0,4.0,1,1484.0,0.0,0.0,0.0
181.5,2.0,234.0,2.0,1,53.0,0.0,0.0,0.0
375.0,6.5,49.0,4.0,1,244.0,0.0,0.0,0.0
135.0,1.5,899.0,4.5,1,371.0,0.0,0.0,0.0
13.0,2.0,388.0,2.5,1,107.0,24.0,2.0,0.0
652.0,18.0,482.0,4.0,1,1286.0,0.0,0.0,0.0
45.0,4.5,484.0,3.5,1,335.0,0.0,0.0,0.0
151.5,2.0,246.0,4.0,1,318.0,0.0,0.0,0.0
710.0,11.0,1041.0,5.0,1,858.0,0.0,0.0,0.0
39.0,3.0,494.0,4.0,1,1204.0,0.0,0.0,0.0
162.0,7.0,498.0,4.0,1,430.0,0.0,0.0,0.0
1238.5,9.0,741.0,4.0,1,2418.0,0.0,0.0,0.0
738.0,5.0,846.0,4.0,1,681.0,0.0,0.0,0.0
1623.0,28.5,1016.0,5.0,1,109.0,0.0,0.0,0.0
158.0,4.0,235.0,4.0,1,172.0,0.0,0.0,0.0
765.0,17.0,365.0,5.0,1,2610.0,0.0,0.0,0.0
824.0,11.0,1369.0,4.0,1,827.0,0.0,0.0,0.0
1060.0,7.0,1523.0,4.0,1,3317.0,0.0,0.0,0.0
519.0,5.5,403.0,2.0,1,62.0,0.0,0.0,0.0
663.25,5.0,794.0,4.0,1,1604.0,0.0,0.0,0.0
42.0,2.5,142.0,4.0,1,181.0,0.0,0.0,0.0
499.0,18.0,546.0,4.5,1,1192.0,0.0,0.0,0.0
22.0,1.5,559.0,4.0,1,561.0,10.0,0.0,0.0
25.0,0.0,748.0,4.0,1,982.0,0.0,0.0,0.0
1099.0,23.0,706.0,4.0,1,82.0,0.0,0.0,0.0
922.0,6.0,678.0,4.0,1,88.0,0.0,0.0,0.0
1025.25,16.5,1423.0,5.0,1,600.0,0.0,0.0,0.0
210.0,5.0,32.0,2.0,1,8.0,0.0,0.0,0.0
991.0,16.0,2403.0,4.0,1,647.0,0.0,0.0,0.0
120.0,2.0,422.0,4.0,1,133.0,0.0,0.0,0.0
18.0,6.0,507.0,4.0,1,880.0,17.0,0.0,0.0
289.0,5.333333333333333,1248.0,4.0,1,92.0,0.0,0.0,0.0
276.0,4.0,103.0,2.0,1,46.0,0.0,0.0,0.0
411.0,5.0,750.0,4.0,1,101.0,0.0,0.0,0.0
79.66666666666667,2.0,511.0,4.0,0,638.0,8.8,3.0,0.0
76.0,1.5,1134.0,4.0,0,45.0,0.0,0.0,0.0
472.0,4.5,91.0,4.0,1,524.0,0.0,0.0,0.0
33.0,1.5,446.0,2.0,1,32.0,8.0,0.0,0.0
25.0,1.5,739.0,4.0,0,344.0,0.0,0.0,0.0
290.0,2.0,194.0,4.0,1,403.0,0.0,0.0,0.0
701.0,6.5,1290.0,4.0,1,1394.0,0.0,0.0,0.0
414.0,8.0,860.0,4.0,1,603.0,0.0,0.0,0.0
26.0,1.0,1052.0,4.0,1,967.0,0.0,0.0,0.0
1193.0,4.0,352.0,4.0,1,1778.0,0.0,0.0,0.0
369.0,4.0,57.0,4.0,1,598.0,0.0,0.0,0.0
417.5,6.333333333333333,426.0,4.0,1,1037.0,0.0,0.0,0.0
465.5,5.0,213.0,4.0,1,323.0,0.0,0.0,0.0
902.0,14.0,1934.0,4.0,1,3171.0,0.0,0.0,0.0
105.0,2.5,190.0,4.0,1,554.0,0.0,0.0,0.0
107.0,2.0,445.0,3.0,1,27.0,0.0,0.0,0.0
21.0,1.0,586.0,4.0,1,639.0,16.0,0.0,0.0
197.0,2.0,445.0,4.0,1,92.0,12.0,3.0,0.0
497.5,6.5,286.0,4.0,1,548.0,0.0,0.0,0.0
170.0,3.5,544.0,4.0,1,303.0,0.0,0.0,0.0
33.0,2.5,291.0,4.0,0,311.0,11.090909090909092,5.0,0.0
818.0,26.0,714.0,5.0,1,739.0,0.0,0.0,0.0
397.0,4.5,196.0,4.0,1,616.0,0.0,0.0,0.0
807.0,19.0,561.0,4.0,1,3294.0,0.0,0.0,0.0
442.0,4.0,536.0,2.0,1,20.0,0.0,0.0,0.0
784.0,9.5,1692.0,4.0,1,1890.0,0.0,0.0,0.0
67.0,2.0,875.0,4.0,0,504.0,0.0,0.0,0.0
631.0,12.0,568.0,4.0,1,968.0,0.0,0.0,0.0
49.5,1.0,732.0,4.0,1,138.0,0.0,0.0,0.0
695.0,5.5,1177.0,4.0,1,1489.0,0.0,0.0,0.0
294.0,5.5,206.0,4.0,1,15.0,0.0,0.0,0.0
410.5,1.5,721.0,4.0,1,404.0,0.0,0.0,0.0
602.3333333333334,11.0,350.0,4.0,1,118.0,0.0,0.0,0.0
1175.5,7.0,49.0,4.0,1,1883.0,0.0,0.0,0.0
837.0,5.5,1054.0,4.0,1,3646.0,0.0,0.0,0.0
360.0,8.0,321.0,4.0,1,156.0,0.0,0.0,0.0
89.5,2.0,430.0,4.0,1,95.0,15.0,2.0,0.0
22.0,2.333333333333333,563.0,4.0,1,1029.0,31.0,0.0,0.0
72.0,2.5,188.0,4.0,1,1009.0,0.0,0.0,0.0
132.5,1.0,286.0,4.0,1,12.0,0.0,0.0,0.0
567.25,7.666666666666667,203.0,4.0,1,468.0,0.0,0.0,0.0
356.5,7.5,256.0,4.0,1,443.0,0.0,0.0,0.0
883.0,5.0,1452.0,4.0,1,3762.0,0.0,0.0,0.0
504.0,4.0,454.0,4.0,1,214.0,0.0,0.0,0.0
81.5,3.0,1046.0,4.0,0,742.0,0.0,0.0,0.0
120.0,2.0,381.0,2.0,1,69.0,1.0,0.0,0.0
153.0,2.0,928.0,4.0,1,494.0,0.0,0.0,0.0
157.0,1.0,274.0,4.0,1,395.0,0.0,0.0,0.0
470.0,6.0,321.0,4.0,1,318.0,0.0,0.0,0.0
1721.0,29.0,1444.0,0.0,1,175.0,0.0,0.0,0.0
289.0,2.0,354.0,4.0,1,654.0,0.0,0.0,0.0
451.0,5.0,198.0,4.0,1,265.0,0.0,0.0,0.0
708.0,5.5,215.0,4.0,1,300.0,0.0,0.0,0.0
666.5,15.0,273.0,5.0,1,1221.0,0.0,0.0,0.0
132.0,2.0,311.0,4.0,1,92.0,0.0,0.0,0.0
32.0,2.5,1001.0,4.0,0,486.0,0.0,0.0,0.0
421.0,8.0,181.0,4.0,1,1132.0,0.0,0.0,0.0
548.5,5.0,160.0,4.0,1,1857.0,0.0,0.0,0.0
499.0,7.0,294.0,3.0,1,486.0,0.0,0.0,0.0
87.5,3.0,245.0,4.0,1,52.0,0.0,0.0,0.0
681.0,7.5,749.0,4.0,1,1221.0,0.0,0.0,0.0
921.5,14.0,556.0,5.0,1,862.0,0.0,0.0,0.0
159.0,3.0,1196.0,4.0,1,575.0,0.0,0.0,0.0
77.0,2.0,1147.0,4.0,1,153.0,0.0,0.0,0.0
349.0,4.0,469.0,4.0,1,749.0,0.0,0.0,0.0
640.0,7.25,707.0,4.0,1,1351.0,0.0,0.0,0.0
1306.0,30.0,1711.0,5.0,1,692.0,0.0,0.0,0.0
1072.0,24.0,390.0,4.0,1,184.0,0.0,0.0,0.0
728.0,11.0,1121.0,4.0,1,2034.0,0.0,0.0,0.0
1346.5,11.0,878.0,5.0,1,205.0,0.0,0.0,0.0
23.0,0.0,789.0,4.0,1,593.0,0.0,0.0,0.0
434.0,6.0,65.0,4.0,1,7.0,0.0,0.0,0.0
285.0,2.0,366.0,4.0,1,82.0,12.5,0.0,0.0
602.5,3.0,328.0,4.0,1,805.0,0.0,0.0,0.0
61.5,1.0,568.0,4.0,0,316.0,14.0,2.0,0.0
442.0,3.0,243.0,4.0,1,1000.0,0.0,0.0,0.0
467.5,9.0,259.0,4.0,1,198.0,0.0,0.0,0.0
476.0,3.0,396.0,4.0,1,882.0,0.0,0.0,0.0
81.5,2.0,881.0,4.0,0,280.0,7.0,0.0,0.0
454.5,4.0,409.0,4.0,1,1246.0,0.0,0.0,0.0
581.0,4.0,463.0,4.0,1,516.0,0.0,0.0,0.0
228.0,3.5,1039.0,4.0,1,528.0,0.0,0.0,0.0
495.0,5.666666666666667,533.0,4.0,1,1027.0,0.0,0.0,0.0
419.0,12.0,581.0,4.0,1,763.0,0.0,0.0,0.0
34.75,3.0,807.0,4.0,1,207.0,0.0,0.0,0.0
189.75,4.0,867.0,4.0,1,49.0,0.0,0.0,0.0
851.0,24.5,768.0,5.0,1,801.0,0.0,0.0,0.0
515.0,3.0,251.0,4.0,1,431.0,0.0,0.0,0.0
199.0,17.0,354.0,4.0,1,297.0,0.0,0.0,0.0
65.0,2.0,838.0,4.0,0,544.0,6.666666666666667,2.0,0.0
277.0,4.0,774.0,4.0,1,116.0,0.0,0.0,0.0
469.0,6.0,299.0,4.0,1,49.0,0.0,0.0,0.0
367.0,10.5,567.0,4.0,1,231.0,0.0,0.0,0.0
292.5,5.0,379.0,4.0,1,32.0,0.0,0.0,0.0
526.0,5.0,418.0,4.0,1,414.0,0.0,0.0,0.0
343.0,8.0,921.0,4.0,1,948.0,0.0,0.0,0.0
582.0,8.5,549.0,4.0,1,100.0,0.0,0.0,0.0
378.6666666666667,11.0,385.0,4.0,1,749.0,0.0,0.0,0.0
477.0,12.0,442.0,4.0,1,1472.0,0.0,0.0,0.0
846.0,17.0,924.0,5.0,1,2507.0,0.0,0.0,0.0
3.0,3.0,96.0,0.0,1,282.0,20.0,1.0,0.0
536.0,7.0,153.0,4.0,1,539.0,0.0,0.0,0.0
1792.5,13.0,994.0,4.0,1,335.0,0.0,0.0,0.0
47.0,1.0,590.0,4.0,1,368.0,0.0,0.0,0.0
1008.0,11.0,2178.0,4.0,1,3922.0,0.0,0.0,0.0
236.0,5.0,416.0,4.0,1,971.0,0.0,0.0,0.0
205.0,2.5,646.0,4.0,1,189.0,0.0,0.0,0.0
62.0,4.0,777.0,4.0,1,425.0,0.0,0.0,0.0
643.0,5.0,1222.0,4.0,1,2299.0,0.0,0.0,0.0
679.0,6.0,544.0,4.0,1,1563.0,0.0,0.0,0.0
82.0,1.0,603.0,4.0,1,189.0,0.0,0.0,0.0
503.25,4.0,268.0,4.0,1,183.0,0.0,0.0,0.0
364.0,4.0,156.0,4.0,1,228.0,20.0,1.0,0.0
22.0,0.5,388.0,4.0,1,915.0,20.0,0.0,0.0
320.5,8.0,459.0,0.0,1,36.0,0.0,0.0,0.0
289.0,3.0,100.0,4.0,1,369.0,0.0,0.0,0.0
589.0,5.5,337.0,4.0,1,1021.0,0.0,0.0,0.0
46.0,1.5,1413.0,4.0,1,275.0,30.0,0.0,0.0
712.0,8.5,960.0,4.0,1,1494.0,0.0,0.0,0.0
659.5,6.0,825.0,4.0,1,1471.0,0.0,0.0,0.0
105.5,4.0,532.0,4.0,1,75.0,0.0,0.0,0.0
47.0,4.0,556.0,4.0,1,1258.0,0.0,0.0,0.0
89.0,1.5,420.0,4.0,0,482.0,12.666666666666666,4.0,0.0
497.5,17.0,369.0,4.0,1,153.0,0.0,0.0,0.0
59.0,2.0,291.0,4.0,1,635.0,0.0,0.0,0.0
117.5,3.0,542.0,4.0,1,0.0,26.0,0.0,0.0
1684.5,21.0,502.0,4.0,1,691.0,0.0,0.0,0.0
1265.5,12.0,1059.0,4.5,1,2538.0,0.0,0.0,0.0
828.5,2.0,885.0,4.0,1,3065.0,0.0,0.0,0.0
1098.0,9.5,500.0,4.0,1,1946.0,0.0,0.0,0.0
415.0,4.0,555.0,4.0,1,514.0,0.0,0.0,0.0
85.0,1.0,1396.0,4.0,1,40.0,0.0,0.0,0.0
548.0,3.0,247.0,4.0,1,438.0,0.0,0.0,0.0
515.0,3.5,345.0,4.0,1,345.0,0.0,0.0,0.0
105.0,1.0,392.0,3.0,1,69.0,0.0,0.0,0.0
112.0,3.5,507.0,4.0,0,447.0,15.0,0.0,0.0
60.0,3.0,348.0,4.0,1,310.0,0.0,0.0,0.0
868.0,5.0,2294.0,4.0,1,3421.0,0.0,0.0,0.0
274.0,8.0,443.0,4.0,1,235.0,0.0,0.0,0.0
707.0,9.0,1296.0,4.0,1,1961.0,0.0,0.0,0.0
689.0,5.0,827.0,4.0,1,1844.0,0.0,0.0,0.0
322.5,4.5,440.0,4.0,1,163.0,0.0,0.0,0.0
128.0,3.0,265.0,4.0,1,4.0,0.0,0.0,0.0
27.5,2.0,925.0,5.0,1,701.0,0.0,0.0,0.0
477.5,8.0,223.0,4.0,1,422.0,0.0,0.0,0.0
492.5,5.0,702.0,4.0,1,1180.0,0.0,0.0,0.0
177.0,2.5,943.0,4.0,1,201.0,0.0,0.0,0.0
194.0,4.0,1018.0,4.0,1,1.0,0.0,0.0,0.0
417.0,4.5,579.0,4.0,1,158.0,0.0,0.0,0.0
372.0,2.0,685.0,4.0,1,315.0,0.0,0.0,0.0
41.66666666666666,1.5,731.0,4.0,1,1197.0,0.0,0.0,0.0
37.0,2.0,1003.0,5.0,0,739.0,14.5,2.0,0.0
327.0,3.5,318.0,2.0,1,25.0,0.0,0.0,0.0
409.0,5.0,405.0,2.0,1,234.0,0.0,0.0,0.0
59.0,2.0,270.0,4.0,1,573.0,12.0,4.0,0.0
762.0,6.0,898.0,4.0,1,692.0,0.0,0.0,0.0
374.5,4.5,597.0,4.0,1,735.0,0.0,0.0,0.0
30.0,2.0,588.0,4.0,0,268.0,0.0,0.0,0.0
59.0,7.5,436.0,4.0,1,382.0,0.0,0.0,0.0
81.0,2.5,471.0,2.0,1,14.0,0.0,0.0,0.0
826.75,9.5,974.0,4.0,1,761.0,0.0,0.0,0.0
491.0,6.5,738.0,4.0,1,648.0,0.0,0.0,0.0
578.0,5.5,222.0,2.0,1,826.0,0.0,0.0,0.0
1407.5,20.0,776.0,4.0,1,1322.0,0.0,0.0,0.0
206.0,10.5,271.0,4.5,1,278.0,0.0,0.0,0.0
356.0,13.5,830.0,4.0,1,719.0,0.0,0.0,0.0
93.5,2.0,321.0,4.0,1,402.0,0.0,0.0,0.0
304.0,9.0,127.0,4.0,1,389.0,0.0,0.0,0.0
324.0,6.5,403.0,4.0,1,680.0,0.0,0.0,0.0
485.0,5.5,677.0,4.0,1,1092.0,0.0,0.0,0.0
52.0,3.0,797.0,4.0,1,411.0,0.0,0.0,0.0
88.0,1.0,1035.0,4.0,0,609.0,17.0,1.0,0.0
882.0,21.0,1014.0,5.0,1,1439.0,0.0,0.0,0.0
189.0,4.0,1176.0,4.0,1,409.0,0.0,0.0,0.0
109.5,2.0,132.0,4.0,1,169.0,20.33333333333333,1.0,0.0
195.0,3.0,444.0,4.0,1,452.0,0.0,0.0,0.0
263.0,5.0,896.0,4.0,1,54.0,0.0,0.0,0.0
62.5,2.5,533.0,4.0,1,587.0,0.0,0.0,0.0
373.0,4.0,37.0,2.0,1,48.0,0.0,0.0,0.0
3.0,1.0,654.0,0.0,0,819.0,0.0,0.0,0.0
852.0,8.0,1255.0,4.0,1,45.0,0.0,0.0,0.0
164.0,3.0,86.0,4.0,1,103.0,0.0,0.0,0.0
455.0,5.0,315.0,4.0,1,725.0,0.0,0.0,0.0
578.0,5.25,435.0,4.0,1,0.0,0.0,0.0,0.0
274.5,5.666666666666667,484.0,4.0,1,14.0,0.0,0.0,0.0
1394.0,15.5,482.0,4.0,1,942.0,0.0,0.0,0.0
345.0,5.0,410.0,0.0,1,34.0,0.0,0.0,0.0
704.0,7.0,1073.0,4.0,1,1500.0,0.0,0.0,0.0
674.5,13.0,1122.0,5.0,1,1885.0,0.0,0.0,0.0
825.75,16.0,1893.0,4.0,1,1980.0,0.0,0.0,0.0
87.0,1.5,350.0,4.0,1,210.0,0.0,0.0,0.0
64.0,2.0,772.0,4.0,0,633.0,21.0,1.0,0.0
228.0,6.5,150.0,4.0,1,505.0,0.0,0.0,0.0
249.0,3.0,314.0,4.0,1,382.0,0.0,0.0,0.0
304.0,5.0,602.0,4.0,1,577.0,0.0,0.0,0.0
470.0,5.0,305.0,4.0,1,201.0,0.0,0.0,0.0
825.5,5.5,1783.0,4.0,1,2978.0,0.0,0.0,0.0
430.0,3.5,2.0,4.0,1,823.0,0.0,0.0,0.0
621.5,4.0,527.0,4.0,1,667.0,0.0,0.0,0.0
1052.0,11.0,1199.0,4.0,1,1516.0,0.0,0.0,0.0
21.0,3.0,509.0,4.0,1,232.0,19.666666666666668,1.0,0.0
1291.5,12.5,1524.0,4.0,1,540.0,0.0,0.0,0.0
138.0,7.5,704.0,4.0,1,157.0,0.0,0.0,0.0
56.5,3.0,224.0,4.0,1,256.0,0.0,0.0,0.0
224.25,6.0,329.0,4.0,1,575.0,0.0,0.0,0.0
462.0,6.0,671.0,4.0,1,315.0,0.0,0.0,0.0
423.0,4.5,232.0,2.0,1,24.0,0.0,0.0,0.0
507.0,5.5,613.0,4.0,1,138.0,0.0,0.0,0.0
549.0,4.0,455.0,4.0,1,306.0,0.0,0.0,0.0
426.5,7.0,637.0,4.0,1,770.0,0.0,0.0,0.0
121.0,3.0,481.0,4.0,1,113.0,0.0,0.0,0.0
1531.0,32.0,1687.0,5.0,1,665.0,0.0,0.0,0.0
354.5,8.0,389.0,4.0,1,556.0,0.0,0.0,0.0
980.0,19.0,626.0,5.0,1,1093.0,0.0,0.0,0.0
424.0,4.0,641.0,4.0,1,265.0,0.0,0.0,0.0
39.0,2.0,150.0,4.0,1,86.0,0.0,0.0,0.0
424.5,7.0,585.0,4.0,1,29.0,0.0,0.0,0.0
227.5,3.5,453.0,2.0,1,32.0,0.0,0.0,0.0
236.0,5.0,576.0,4.0,1,166.0,0.0,0.0,0.0
214.25,4.0,351.0,4.0,1,234.0,0.0,0.0,0.0
1009.0,16.0,373.0,5.0,1,361.0,0.0,0.0,0.0
757.6666666666666,7.0,1287.0,4.0,1,2227.0,0.0,0.0,0.0
178.5,3.0,530.0,4.0,1,152.0,0.0,0.0,0.0
602.5,9.0,496.0,4.0,1,961.0,0.0,0.0,0.0
73.5,1.5,375.0,4.0,0,213.0,1.0,0.0,0.0
750.0,8.75,698.0,5.0,1,3326.0,0.0,0.0,0.0
676.0,7.5,993.0,4.0,1,667.0,0.0,0.0,0.0
712.0,8.0,1453.0,4.0,1,1440.0,0.0,0.0,0.0
333.0,2.0,76.0,4.0,1,264.0,0.0,0.0,0.0
386.5,4.5,457.0,4.0,1,280.0,0.0,0.0,0.0
553.0,5.0,371.0,4.0,1,408.0,0.0,0.0,0.0
554.5,13.25,344.0,5.0,1,1916.0,0.0,0.0,0.0
671.5,9.5,1101.0,4.0,1,1485.0,0.0,0.0,0.0
1143.5,11.0,860.0,4.0,1,2720.0,0.0,0.0,0.0
708.0,17.0,778.0,5.0,1,1420.0,0.0,0.0,0.0
167.0,2.5,677.0,4.0,1,234.0,0.0,0.0,0.0
728.0,9.0,755.0,4.0,1,437.0,0.0,0.0,0.0
41.0,2.0,479.0,4.0,1,149.0,0.0,0.0,0.0
400.0,5.0,567.0,4.0,1,760.0,0.0,0.0,0.0
386.0,3.5,405.0,4.0,1,100.0,0.0,0.0,0.0
299.0,6.0,183.0,4.0,1,184.0,0.0,0.0,0.0
668.0,5.0,823.0,5.0,1,1630.0,0.0,0.0,0.0
1138.0,11.5,858.0,4.0,1,952.0,0.0,0.0,0.0
26.0,4.0,417.0,3.0,1,271.0,0.0,0.0,0.0
826.0,0.0,605.0,4.0,1,2855.0,0.0,0.0,0.0
74.0,1.0,287.0,4.0,1,115.0,21.428571428571427,2.0,0.0
338.0,4.0,278.0,4.0,1,506.0,0.0,0.0,0.0
1543.0,10.0,280.0,4.0,1,649.0,0.0,0.0,0.0
1453.0,18.0,2034.0,4.0,1,969.0,0.0,0.0,0.0
980.0,11.0,1606.0,5.0,1,545.0,0.0,0.0,0.0
858.0,5.0,1955.0,4.0,1,2773.0,0.0,0.0,0.0
334.0,2.0,23.0,4.0,1,189.0,0.0,0.0,0.0
673.0,14.0,495.0,4.0,1,645.0,0.0,0.0,0.0
376.0,5.5,333.0,4.0,1,343.0,0.0,0.0,0.0
497.0,5.5,77.0,4.0,1,1594.0,0.0,0.0,0.0
718.0,10.5,1197.0,4.0,1,1492.0,0.0,0.0,0.0
216.0,4.5,742.0,4.0,1,580.0,0.0,0.0,0.0
534.0,6.5,156.0,4.0,1,355.0,0.0,0.0,0.0
82.0,1.5,275.0,4.0,0,306.0,0.0,0.0,0.0
1003.0,3.0,2411.0,4.0,1,4392.0,0.0,0.0,0.0
546.0,17.0,416.0,4.0,1,424.0,0.0,0.0,0.0
75.0,2.0,360.0,4.0,1,205.0,0.0,0.0,0.0
611.25,3.5,750.0,4.0,1,913.0,0.0,0.0,0.0
344.5,6.0,930.0,0.0,1,0.0,0.0,0.0,0.0
344.5,9.0,964.0,4.0,1,60.0,0.0,0.0,0.0
1029.0,15.0,383.0,5.0,1,755.0,0.0,0.0,0.0
404.0,5.0,276.0,4.0,1,102.0,0.0,0.0,0.0
801.5,9.0,1025.0,4.0,1,702.0,0.0,0.0,0.0
802.25,8.0,1237.0,4.0,1,450.0,0.0,0.0,0.0
577.0,7.0,425.0,5.0,1,1359.0,0.0,0.0,0.0
133.0,3.0,316.0,4.0,1,12.0,0.0,0.0,0.0
585.6666666666666,7.0,877.0,4.0,1,950.0,0.0,0.0,0.0
167.0,3.0,420.0,4.0,1,482.0,12.75,2.0,0.0
666.0,3.0,475.0,5.0,1,2099.0,0.0,0.0,0.0
918.0,13.5,1833.0,4.0,1,472.0,0.0,0.0,0.0
107.0,3.0,669.0,2.0,1,44.0,2.0,0.0,0.0
278.25,3.0,104.0,4.0,1,348.0,0.0,0.0,0.0
113.0,2.5,71.0,4.0,1,681.0,0.0,0.0,0.0
610.75,3.0,1473.0,4.0,1,2462.0,0.0,0.0,0.0
674.5,11.0,583.0,4.0,1,1527.0,0.0,0.0,0.0
555.0,20.0,797.0,5.0,1,2099.0,0.0,0.0,0.0
325.0,1.5,224.0,4.0,1,610.0,0.0,0.0,0.0
171.0,5.0,989.0,4.0,1,405.0,0.0,0.0,0.0
306.0,3.0,344.0,4.0,1,1307.0,0.0,0.0,0.0
239.0,6.0,224.0,4.0,1,52.0,0.0,0.0,0.0
588.5,8.0,621.0,4.0,1,1023.0,0.0,0.0,0.0
381.0,8.0,187.0,4.0,1,238.0,0.0,0.0,0.0
163.0,5.0,636.0,4.0,1,603.0,0.0,0.0,0.0
950.0,12.0,499.0,4.0,1,243.0,0.0,0.0,0.0
840.0,5.0,2199.0,4.0,1,3127.0,0.0,0.0,0.0
68.0,1.0,553.0,4.0,0,528.0,14.0,3.0,0.0
35.5,2.0,1221.0,4.5,0,528.0,0.0,0.0,0.0
155.75,5.0,719.0,4.0,1,150.0,0.0,0.0,0.0
661.0,4.0,609.0,4.0,1,1621.0,0.0,0.0,0.0
446.0,2.5,349.0,4.0,1,150.0,0.0,0.0,0.0
783.0,18.0,1599.0,4.0,1,749.0,0.0,0.0,0.0
128.0,2.0,421.0,4.0,1,111.0,0.0,0.0,0.0
872.0,18.5,778.0,5.0,1,963.0,0.0,0.0,0.0
102.5,4.666666666666667,753.0,4.0,1,110.0,0.0,0.0,0.0
174.5,2.0,670.0,4.0,1,330.0,0.0,0.0,0.0
596.0,9.75,332.0,4.0,1,1028.0,0.0,0.0,0.0
689.5,13.75,1075.0,4.5,1,838.0,0.0,0.0,0.0
1280.5,30.0,1591.0,5.0,1,619.0,0.0,0.0,0.0
89.0,2.0,534.0,4.0,1,149.0,0.0,0.0,0.0
404.25,4.0,339.0,4.0,1,392.0,0.0,0.0,0.0
150.0,3.0,103.0,2.0,1,32.0,0.0,0.0,0.0
406.0,3.0,161.0,4.0,1,558.0,0.0,0.0,0.0
374.5,4.0,605.0,4.0,1,939.0,0.0,0.0,0.0
708.0,7.0,443.0,4.0,1,608.0,0.0,0.0,0.0
49.0,0.0,736.0,4.0,1,530.0,0.0,0.0,0.0
5.5,3.0,674.0,2.0,1,824.0,14.142857142857142,2.0,0.0
342.0,3.0,600.0,4.0,1,580.0,0.0,0.0,0.0
1339.0,20.0,1264.0,5.0,1,226.0,0.0,0.0,0.0
738.5,19.75,540.0,5.0,1,567.0,0.0,0.0,0.0
727.0,8.0,1415.0,4.0,1,1538.0,0.0,0.0,0.0
846.5,13.0,1529.0,4.0,1,1126.0,0.0,0.0,0.0
53.0,1.5,685.0,4.0,0,523.0,16.5,1.0,0.0
67.0,3.0,330.0,4.0,1,192.0,0.0,0.0,0.0
71.0,2.5,743.0,4.0,1,614.0,22.5,1.0,0.0
1196.0,8.5,276.0,4.0,1,2131.0,0.0,0.0,0.0
29.5,4.5,675.0,4.0,1,66.0,9.0,1.0,0.0
44.5,3.0,454.0,4.0,0,291.0,19.5,6.0,0.0
460.0,4.0,26.0,4.0,1,1413.0,0.0,0.0,0.0
566.5,16.0,439.0,5.0,1,1970.0,0.0,0.0,0.0
109.0,3.0,697.0,4.0,1,197.0,5.2,3.0,0.0
454.0,3.0,200.0,4.0,1,317.0,0.0,0.0,0.0
349.0,5.0,575.0,4.0,1,190.0,0.0,0.0,0.0
830.0,2.0,939.0,4.0,1,3010.0,0.0,0.0,0.0
550.0,7.5,118.0,4.0,1,722.0,0.0,0.0,0.0
1325.75,9.0,1272.0,4.0,1,1614.0,0.0,0.0,0.0
881.0,10.333333333333334,1593.0,4.0,1,487.0,0.0,0.0,0.0
352.0,9.5,400.0,4.0,1,415.0,0.0,0.0,0.0
5.666666666666667,9.0,559.0,0.0,0,403.0,24.666666666666668,0.0,0.0
370.0,2.0,694.0,4.0,1,543.0,0.0,0.0,0.0
53.0,1.5,1219.0,4.0,0,88.0,30.0,0.0,0.0
900.0,6.0,2017.0,4.0,1,3599.0,0.0,0.0,0.0
677.0,7.0,527.0,4.0,1,128.0,0.0,0.0,0.0
63.0,2.0,313.0,4.0,1,647.0,0.0,0.0,0.0
1169.0,3.0,872.0,4.0,1,2734.0,0.0,0.0,0.0
169.0,6.0,438.0,4.0,1,102.0,15.5,2.0,0.0
1186.0,11.0,1292.0,4.5,1,601.0,0.0,0.0,0.0
75.5,2.5,694.0,4.0,1,678.0,0.0,0.0,0.0
129.5,3.0,51.0,2.0,1,13.0,0.0,0.0,0.0
367.0,2.0,649.0,4.0,1,692.0,0.0,0.0,0.0
582.0,7.666666666666667,289.0,4.0,1,304.0,0.0,0.0,0.0
220.0,6.0,210.0,4.0,1,285.0,0.0,0.0,0.0
708.0,6.0,430.0,4.0,1,1424.0,0.0,0.0,0.0
578.0,4.0,359.0,4.0,1,53.0,0.0,0.0,0.0
137.5,4.0,636.0,2.0,1,5.0,0.0,0.0,0.0
963.0,17.0,512.0,5.0,1,950.0,0.0,0.0,0.0
866.0,15.5,770.0,4.0,1,936.0,0.0,0.0,0.0
794.0,11.0,378.0,5.0,1,3079.0,0.0,0.0,0.0
340.0,4.5,308.0,4.0,1,211.0,0.0,0.0,0.0
259.5,3.0,360.0,4.0,1,926.0,0.0,0.0,0.0
111.0,2.0,650.0,2.0,1,6.0,0.0,0.0,0.0
443.5,6.0,259.0,4.0,1,1432.0,0.0,0.0,0.0
334.0,3.0,82.0,4.0,1,1127.0,0.0,0.0,0.0
57.66666666666666,3.0,442.0,4.0,1,622.0,30.0,0.0,0.0
69.0,2.0,786.0,4.0,1,644.0,4.0,0.0,0.0
624.0,9.5,353.0,4.0,1,113.0,0.0,0.0,0.0
1156.0,7.0,678.0,4.0,1,2543.0,0.0,0.0,0.0
393.0,4.0,255.0,4.0,1,188.0,0.0,0.0,0.0
930.0,8.0,2187.0,4.0,1,3781.0,0.0,0.0,0.0
381.5,8.666666666666666,322.0,4.0,1,647.0,0.0,0.0,0.0
42.0,0.0,433.0,5.0,1,452.0,20.0,1.0,0.0
1214.0,9.0,1002.0,4.0,1,2745.0,0.0,0.0,0.0
500.0,7.0,518.0,4.0,1,287.0,0.0,0.0,0.0
1680.0,27.5,735.0,4.0,1,414.0,0.0,0.0,0.0
4.0,3.5,353.0,2.5,1,560.0,14.166666666666666,2.0,0.0
340.5,2.0,339.0,4.0,1,109.0,0.0,0.0,0.0
91.75,4.0,241.0,4.0,1,247.0,0.0,0.0,0.0
526.0,3.5,166.0,4.0,1,573.0,0.0,0.0,0.0
956.0,8.0,2241.0,4.0,1,3940.0,0.0,0.0,0.0
712.0,9.25,433.0,4.0,1,393.0,0.0,0.0,0.0
660.0,6.0,301.0,4.0,1,966.0,0.0,0.0,0.0
953.5,21.0,1548.0,5.0,1,956.0,0.0,0.0,0.0
558.5,4.0,172.0,4.0,1,848.0,1.0,0.0,0.0
755.0,9.0,1342.0,4.0,1,187.0,0.0,0.0,0.0
613.0,5.0,732.0,4.0,1,834.0,0.0,0.0,0.0
329.6666666666667,3.0,312.0,4.0,1,160.0,0.0,0.0,0.0
944.0,9.0,1927.0,4.5,1,3859.0,0.0,0.0,0.0
853.0,6.5,1255.0,4.0,1,174.0,0.0,0.0,0.0
29.0,2.0,969.0,4.0,1,1022.0,0.0,0.0,0.0
608.0,6.0,207.0,4.0,1,1065.0,0.0,0.0,0.0
73.0,2.5,766.0,4.0,0,803.0,0.0,0.0,0.0
72.0,1.5,623.0,4.0,1,268.0,0.0,0.0,0.0
665.0,7.0,879.0,4.0,1,1643.0,0.0,0.0,0.0
166.5,3.0,450.0,4.0,1,258.0,0.0,0.0,0.0
270.5,4.0,638.0,4.0,1,584.0,0.0,0.0,0.0
468.0,6.0,265.0,4.0,1,339.0,0.0,0.0,0.0
488.0,7.5,312.0,4.0,1,215.0,0.0,0.0,0.0
709.0,6.5,243.0,4.0,1,379.0,0.0,0.0,0.0
27.0,2.0,615.0,4.0,1,70.0,24.0,0.0,0.0
615.0,6.5,324.0,4.0,1,1163.0,0.0,0.0,0.0
610.0,5.5,78.0,4.0,1,176.0,0.0,0.0,0.0
72.0,3.0,254.0,4.0,1,142.0,0.0,0.0,0.0
92.0,2.0,1164.0,4.0,0,135.0,24.5,1.0,0.0
806.0,24.0,734.0,5.0,1,730.0,0.0,0.0,0.0
735.75,11.5,531.0,5.0,1,2556.0,0.0,0.0,0.0
412.0,6.0,284.0,4.0,1,229.0,0.0,0.0,0.0
106.0,12.0,74.0,4.0,1,719.0,0.0,0.0,0.0
62.0,1.5,326.0,4.0,0,359.0,16.2,3.0,0.0
334.5,6.0,342.0,4.0,1,261.0,0.0,0.0,0.0
194.0,3.0,523.0,4.0,1,325.0,0.0,0.0,0.0
50.25,3.0,833.0,4.0,1,151.0,0.0,0.0,0.0
284.5,5.0,487.0,4.0,1,21.0,0.0,0.0,0.0
559.25,6.0,348.0,5.0,1,1673.0,0.0,0.0,0.0
1404.0,23.5,819.0,4.0,1,1389.0,0.0,0.0,0.0
825.0,17.0,349.0,5.0,1,3080.0,0.0,0.0,0.0
901.5,8.0,2108.0,4.0,1,3586.0,0.0,0.0,0.0
599.5,4.0,242.0,4.0,1,882.0,0.0,0.0,0.0
761.0,9.5,1819.0,4.0,1,1824.0,0.0,0.0,0.0
480.0,8.0,430.0,4.0,1,223.0,0.0,0.0,0.0
359.0,4.0,373.0,4.0,1,217.0,0.0,0.0,0.0
278.0,4.0,83.0,4.5,1,83.0,0.0,0.0,0.0
159.5,3.5,713.0,4.0,1,242.0,0.0,0.0,0.0
187.0,6.0,314.0,4.0,1,330.0,0.0,0.0,0.0
566.0,7.0,373.0,4.0,1,678.0,0.0,0.0,0.0
485.0,5.0,367.0,4.0,1,789.0,0.0,0.0,0.0
743.5,6.5,565.0,4.0,1,2083.0,0.0,0.0,0.0
269.0,2.0,332.0,4.0,1,70.0,0.0,0.0,0.0
875.0,11.5,738.0,4.0,1,823.0,0.0,0.0,0.0
932.0,16.0,1354.0,5.0,1,1555.0,0.0,0.0,0.0
736.0,9.0,762.0,4.0,1,1741.0,0.0,0.0,0.0
261.0,4.0,195.0,4.0,1,282.0,0.0,0.0,0.0
1286.5,14.666666666666666,1022.0,4.0,1,432.0,0.0,0.0,0.0
249.0,2.5,600.0,2.0,1,16.0,0.0,0.0,0.0
155.25,4.0,945.0,4.0,1,199.0,0.0,0.0,0.0
359.0,5.5,471.0,2.0,1,719.0,0.0,0.0,0.0
156.0,5.0,1217.0,4.0,1,471.0,0.0,0.0,0.0
41.0,2.0,646.0,4.0,1,232.0,0.0,0.0,0.0
1154.0,25.0,508.0,4.0,1,367.0,0.0,0.0,0.0
85.5,1.0,570.0,4.0,1,182.0,0.0,0.0,0.0
349.0,4.0,259.0,4.0,1,118.0,0.0,0.0,0.0
294.5,3.5,43.0,4.0,1,263.0,0.0,0.0,0.0
291.0,11.0,455.0,4.0,1,735.0,0.0,0.0,0.0
456.5,5.0,669.0,4.0,1,807.0,0.0,0.0,0.0
380.0,6.5,308.0,4.0,1,382.0,0.0,0.0,0.0
616.0,7.5,543.0,4.5,1,1172.0,0.0,0.0,0.0
265.0,6.0,1297.0,4.0,1,531.0,0.0,0.0,0.0
192.0,3.0,148.0,4.0,1,16.0,0.0,0.0,0.0
5.0,6.0,831.0,2.0,0,1469.0,0.0,0.0,0.0
78.0,1.5,293.0,4.0,1,305.0,20.0,2.0,0.0
565.0,5.5,29.0,4.0,1,409.0,0.0,0.0,0.0
240.0,5.0,221.0,4.0,1,120.0,0.0,0.0,0.0
113.5,4.5,751.0,4.0,1,65.0,0.0,0.0,0.0
189.0,3.5,554.0,4.0,1,35.0,0.0,0.0,0.0
500.0,6.0,274.0,4.0,1,523.0,0.0,0.0,0.0
24.0,0.5,688.0,4.0,1,717.0,0.0,0.0,0.0
37.75,1.0,210.0,4.0,1,522.0,0.0,0.0,0.0
161.0,3.0,417.0,4.0,1,111.0,0.0,0.0,0.0
33.0,1.0,388.0,4.0,1,202.0,30.0,0.0,0.0
211.0,6.5,394.0,4.0,1,354.0,0.0,0.0,0.0
14.0,3.0,612.0,4.0,1,362.0,0.0,0.0,0.0
787.0,11.5,1162.0,4.0,1,274.0,0.0,0.0,0.0
800.75,16.0,244.0,4.0,1,2413.0,0.0,0.0,0.0
411.6666666666667,2.5,618.0,4.0,1,201.0,0.0,0.0,0.0
537.0,7.0,313.0,4.0,1,807.0,0.0,0.0,0.0
377.5,6.0,392.0,4.0,1,164.0,0.0,0.0,0.0
41.75,5.0,545.0,4.0,1,1289.0,0.0,0.0,0.0
198.0,10.5,559.0,4.0,1,189.0,0.0,0.0,0.0
276.5,3.5,373.0,2.0,1,25.0,0.0,0.0,0.0
174.5,3.5,413.0,4.0,1,111.0,0.0,0.0,0.0
448.0,10.0,205.0,4.0,1,79.0,0.0,0.0,0.0
497.0,23.5,398.0,4.0,1,247.0,0.0,0.0,0.0
362.5,3.0,376.0,4.0,1,1126.0,0.0,0.0,0.0
666.0,5.0,874.0,4.5,1,1596.0,0.0,0.0,0.0
550.0,3.0,625.0,4.0,1,526.0,0.0,0.0,0.0
133.0,2.0,91.0,4.0,1,82.0,0.0,0.0,0.0
126.0,8.0,136.0,4.0,1,652.0,0.0,0.0,0.0
68.0,2.0,210.0,4.0,1,38.0,0.0,0.0,0.0
148.5,1.0,243.0,4.0,1,278.0,0.0,0.0,0.0
446.0,4.0,392.0,4.0,1,108.0,0.0,0.0,0.0
474.0,7.0,279.0,3.0,1,330.0,0.0,0.0,0.0
404.0,2.5,532.0,4.0,1,98.0,0.0,0.0,0.0
784.0,13.0,1424.0,5.0,1,1134.0,0.0,0.0,0.0
402.0,5.0,544.0,4.0,1,731.0,0.0,0.0,0.0
808.5,3.0,733.0,4.0,1,2404.0,0.0,0.0,0.0
52.0,4.0,382.0,4.0,1,387.0,0.0,0.0,0.0
15.0,1.5,972.0,4.0,1,261.0,0.0,0.0,0.0
67.0,2.0,593.0,4.0,0,533.0,16.666666666666668,2.0,0.0
300.5,7.0,1152.0,4.0,1,68.0,0.0,0.0,0.0
1136.0,4.5,937.0,4.0,1,916.0,0.0,0.0,0.0
128.0,2.5,729.0,4.0,1,137.0,0.0,0.0,0.0
149.0,2.5,848.0,4.0,1,318.0,0.0,0.0,0.0
948.0,20.0,550.0,5.0,1,1128.0,0.0,0.0,0.0
538.5,12.0,449.0,5.0,1,1172.0,0.0,0.0,0.0
57.5,1.0,334.0,4.0,1,815.0,0.0,0.0,0.0
464.0,4.0,903.0,4.0,1,953.0,0.0,0.0,0.0
1700.0,13.0,491.0,4.0,1,958.0,0.0,0.0,0.0
940.0,17.0,1711.0,5.0,1,3703.0,0.0,0.0,0.0
337.0,3.0,413.0,4.0,1,1426.0,0.0,0.0,0.0
747.5,17.0,1525.0,4.0,1,1020.0,0.0,0.0,0.0
443.5,6.0,420.0,2.0,1,125.0,0.0,0.0,0.0
242.0,2.0,572.0,4.0,1,907.0,0.0,0.0,0.0
72.0,3.0,177.0,2.0,1,49.0,0.0,0.0,0.0
602.0,14.0,595.0,5.0,1,1119.0,0.0,0.0,0.0
1488.0,41.0,1301.0,5.0,1,341.0,0.0,0.0,0.0
426.0,6.5,61.0,4.0,1,1360.0,0.0,0.0,0.0
232.0,2.5,482.0,4.0,1,76.0,0.0,0.0,0.0
745.0,16.5,1250.0,5.0,1,967.0,0.0,0.0,0.0
530.0,4.0,394.0,2.0,1,523.0,0.0,0.0,0.0
775.25,25.5,840.0,5.0,1,917.0,0.0,0.0,0.0
645.0,4.5,222.0,4.0,1,835.0,0.0,0.0,0.0
41.0,2.0,241.0,4.0,1,165.0,0.0,0.0,0.0
209.5,4.0,459.0,4.0,1,58.0,0.0,0.0,0.0
116.0,1.5,151.0,4.0,1,417.0,0.0,0.0,0.0
1198.5,7.0,548.0,4.0,1,1372.0,0.0,0.0,0.0
562.0,14.0,537.0,4.0,1,869.0,0.0,0.0,0.0
98.0,1.5,776.0,4.0,1,143.0,0.0,0.0,0.0
529.3333333333334,6.0,763.0,4.0,1,558.0,0.0,0.0,0.0
808.0,6.0,1614.0,4.0,1,125.0,0.0,0.0,0.0
99.0,3.0,216.0,4.0,1,152.0,8.6,0.0,0.0
145.0,3.0,582.0,4.5,1,40.0,22.75,1.0,0.0
432.5,2.5,103.0,4.0,1,187.0,0.0,0.0,0.0
1016.0,15.0,536.0,4.5,1,806.0,0.0,0.0,0.0
260.5,4.0,399.0,4.0,1,253.0,0.0,0.0,0.0
419.5,8.0,454.0,4.0,1,548.0,0.0,0.0,0.0
363.0,13.0,563.0,4.0,1,334.0,0.0,0.0,0.0
347.0,5.0,108.0,4.0,1,81.0,0.0,0.0,0.0
698.0,22.0,547.0,4.5,1,740.0,0.0,0.0,0.0
404.5,3.5,455.0,4.0,1,1265.0,0.0,0.0,0.0
3.5,2.0,77.0,4.0,1,131.0,0.0,0.0,0.0
387.0,10.0,105.0,4.0,1,273.0,0.0,0.0,0.0
669.0,18.5,453.0,5.0,1,1364.0,0.0,0.0,0.0
1838.0,15.0,1159.0,4.0,1,323.0,0.0,0.0,0.0
23.0,1.0,671.0,4.0,1,579.0,0.0,0.0,0.0
707.0,7.5,404.0,4.0,1,369.0,0.0,0.0,0.0
198.0,6.0,339.0,4.0,1,594.0,0.0,0.0,0.0
23.0,1.0,539.0,4.0,1,378.0,0.0,0.0,0.0
110.0,2.5,455.0,4.0,1,23.0,0.0,0.0,0.0
568.0,5.0,449.0,4.5,1,729.0,0.0,0.0,0.0
615.0,7.0,1108.0,5.0,1,1639.0,0.0,0.0,0.0
58.0,3.5,410.0,4.0,1,77.0,15.0,1.0,0.0
519.75,3.0,626.0,4.0,1,797.0,0.0,0.0,0.0
355.0,4.5,355.0,4.0,1,324.0,0.0,0.0,0.0
676.0,3.0,896.0,5.0,1,1756.0,0.0,0.0,0.0
88.0,3.0,379.0,4.0,1,576.0,0.0,0.0,0.0
414.5,6.0,107.0,4.0,1,100.0,0.0,0.0,0.0
1190.5,12.5,2456.0,4.0,1,1538.0,0.0,0.0,0.0
232.0,6.0,356.0,4.0,1,801.0,0.0,0.0,0.0
1.0,1.0,306.0,2.5,1,590.0,6.6,1.0,0.0
68.5,2.0,730.0,4.0,1,77.0,0.0,0.0,0.0
146.0,3.0,81.0,4.0,1,106.0,0.0,0.0,0.0
1644.5,15.0,1599.0,5.0,1,400.0,0.0,0.0,0.0
912.0,14.5,1859.0,4.0,1,639.0,0.0,0.0,0.0
601.0,10.25,575.0,4.5,1,924.0,0.0,0.0,0.0
656.0,6.0,280.0,4.0,1,1280.0,0.0,0.0,0.0
234.0,6.0,461.0,4.0,1,407.0,0.0,0.0,0.0
482.0,7.0,251.0,4.0,1,442.0,0.0,0.0,0.0
371.5,1.0,601.0,4.0,1,311.0,0.0,0.0,0.0
917.5,8.5,2207.0,4.0,1,3719.0,0.0,0.0,0.0
323.0,4.0,266.0,4.0,1,770.0,0.0,0.0,0.0
190.0,7.0,431.0,4.0,1,75.0,0.0,0.0,0.0
235.0,3.5,405.0,4.0,1,119.0,0.0,0.0,0.0
480.0,9.0,552.0,4.0,1,1196.0,0.0,0.0,0.0
12.0,2.5,523.0,4.0,1,568.0,0.0,0.0,0.0
92.5,3.0,520.0,4.0,1,699.0,0.0,0.0,0.0
551.0,9.0,706.0,4.0,1,624.0,0.0,0.0,0.0
332.5,5.0,412.0,2.0,1,34.0,0.0,0.0,0.0
13.0,2.0,478.0,4.0,1,95.0,26.666666666666668,1.0,0.0
1246.0,16.0,896.0,5.0,1,1821.0,0.0,0.0,0.0
777.0,11.0,1662.0,4.0,1,2193.0,0.0,0.0,0.0
19.0,2.5,619.0,4.0,1,436.0,27.0,1.0,0.0
839.0,9.0,770.0,5.0,1,2646.0,0.0,0.0,0.0
1010.0,7.0,1663.0,4.0,1,3275.0,0.0,0.0,0.0
267.0,20.666666666666668,424.0,4.0,1,289.0,0.0,0.0,0.0
142.0,2.0,196.0,4.0,1,242.0,0.0,0.0,0.0
28.0,2.0,726.0,4.0,1,727.0,0.0,0.0,0.0
42.5,1.0,297.0,4.0,1,304.0,30.0,0.0,0.0
378.0,4.5,404.0,4.0,1,299.0,0.0,0.0,0.0
996.0,6.0,2307.0,4.0,1,4438.0,0.0,0.0,0.0
653.0,6.0,481.0,4.0,1,413.0,0.0,0.0,0.0
533.25,5.0,197.0,4.0,1,517.0,0.0,0.0,0.0
172.0,4.0,1055.0,4.0,1,460.0,0.0,0.0,0.0
177.0,2.5,1214.0,4.0,1,408.0,0.0,0.0,0.0
1481.0,22.0,689.0,4.5,1,230.0,0.0,0.0,0.0
23.0,1.0,931.0,4.0,0,200.0,0.0,0.0,0.0
158.0,3.0,1047.0,4.0,1,205.0,0.0,0.0,0.0
63.0,2.0,572.0,4.0,1,117.0,0.0,0.0,0.0
655.0,4.0,766.0,4.0,1,633.0,0.0,0.0,0.0
1170.0,11.0,927.0,4.0,1,868.0,0.0,0.0,0.0
344.5,4.0,351.0,4.0,1,99.0,0.0,0.0,0.0
1265.5,9.0,1214.0,4.0,1,867.0,0.0,0.0,0.0
38.0,1.0,202.0,4.0,1,106.0,0.0,0.0,0.0
74.5,3.0,739.0,4.0,0,586.0,15.5,1.0,0.0
1441.0,24.0,1195.0,5.0,1,242.0,0.0,0.0,0.0
773.75,8.0,1524.0,4.0,1,1260.0,0.0,0.0,0.0
468.0,6.0,339.0,4.0,1,346.0,0.0,0.0,0.0
433.0,5.666666666666667,367.0,4.0,1,432.0,0.0,0.0,0.0
40.0,2.0,187.0,5.0,1,206.0,0.0,0.0,0.0
505.0,7.5,650.0,4.0,1,874.0,0.0,0.0,0.0
529.0,5.0,828.0,4.0,1,738.0,0.0,0.0,0.0
691.0,6.0,529.0,4.0,1,773.0,0.0,0.0,0.0
514.5,6.5,532.0,4.0,1,1143.0,0.0,0.0,0.0
1305.75,13.0,964.0,4.0,1,727.0,0.0,0.0,0.0
990.0,11.0,2339.0,4.0,1,4063.0,0.0,0.0,0.0
337.0,3.0,4.0,4.0,1,355.0,0.0,0.0,0.0
8.0,2.0,1135.0,2.0,1,181.0,3.5,1.0,0.0
267.5,4.0,656.0,4.0,1,737.0,0.0,0.0,0.0
188.0,2.0,373.0,4.0,1,214.0,0.0,0.0,0.0
297.5,4.0,1081.0,4.0,1,782.0,0.0,0.0,0.0
878.0,5.0,942.0,4.0,1,332.0,0.0,0.0,0.0
751.0,7.5,1512.0,4.0,1,2256.0,0.0,0.0,0.0
339.0,4.5,385.0,4.0,1,202.0,0.0,0.0,0.0
669.0,8.0,1013.0,4.0,1,1764.0,0.0,0.0,0.0
477.75,9.0,491.0,4.0,1,147.0,0.0,0.0,0.0
1.0,1.0,387.0,0.0,1,635.0,0.0,0.0,0.0
227.5,5.0,519.0,4.0,1,999.0,0.0,0.0,0.0
120.0,2.0,410.0,2.0,1,67.0,35.0,0.0,0.0
118.0,1.0,666.0,4.0,1,384.0,0.0,0.0,0.0
488.0,12.0,326.0,5.0,1,1736.0,0.0,0.0,0.0
36.5,3.0,1209.0,4.0,0,686.0,11.857142857142858,3.0,0.0
126.5,3.0,991.0,4.0,1,157.0,0.0,0.0,0.0
188.0,8.0,397.0,4.0,1,152.0,0.0,0.0,0.0
288.0,3.0,301.0,4.0,1,693.0,0.0,0.0,0.0
288.0,3.0,341.0,4.0,1,397.0,0.0,0.0,0.0
1054.0,16.5,474.0,4.0,1,103.0,0.0,0.0,0.0
104.0,2.0,380.0,4.5,1,464.0,0.0,0.0,0.0
282.5,5.5,236.0,4.0,1,653.0,0.0,0.0,0.0
246.0,4.0,260.0,4.0,1,716.0,0.0,0.0,0.0
55.5,2.0,1046.0,4.0,1,334.0,30.0,0.0,0.0
251.0,2.0,364.0,4.0,1,319.0,0.0,0.0,0.0
342.0,6.0,468.0,4.0,1,273.0,0.0,0.0,0.0
350.0,11.25,613.0,4.0,1,389.0,0.0,0.0,0.0
183.75,3.0,422.0,4.0,1,117.0,0.0,0.0,0.0
694.0,22.0,695.0,5.0,1,1537.0,0.0,0.0,0.0
47.0,2.0,747.0,4.0,0,322.0,0.0,0.0,0.0
982.0,18.0,1955.0,4.0,1,813.0,0.0,0.0,0.0
454.5,4.0,271.0,4.0,1,1160.0,0.0,0.0,0.0
51.0,1.5,624.0,4.0,1,563.0,11.88888888888889,6.0,0.0
200.0,1.5,604.0,4.0,1,315.0,0.0,0.0,0.0
81.0,1.0,499.0,4.0,1,1259.0,12.0,1.0,0.0
529.0,4.0,123.0,4.0,1,756.0,0.0,0.0,0.0
163.0,4.0,312.0,4.0,1,544.0,0.0,0.0,0.0
107.5,1.0,65.0,2.0,1,20.0,0.0,0.0,0.0
301.0,3.5,487.0,4.0,1,320.0,14.5,1.0,0.0
295.5,5.0,334.0,4.0,1,773.0,0.0,0.0,0.0
334.0,4.5,425.0,4.0,1,625.0,0.0,0.0,0.0
106.5,1.5,415.0,4.0,1,402.0,0.0,0.0,0.0
30.0,4.0,861.0,4.0,1,1112.0,0.0,0.0,0.0
426.0,5.0,325.0,2.0,1,98.0,0.0,0.0,0.0
153.0,4.0,349.0,3.0,1,168.0,0.0,0.0,0.0
265.5,4.666666666666667,811.0,4.0,1,188.0,0.0,0.0,0.0
158.0,5.0,446.0,4.0,1,188.0,0.0,0.0,0.0
40.0,2.0,670.0,4.0,1,177.0,0.0,0.0,0.0
220.25,3.0,124.0,4.0,1,534.0,0.0,0.0,0.0
600.5,3.0,569.0,4.0,1,988.0,0.0,0.0,0.0
273.0,3.0,116.0,4.0,1,633.0,0.0,0.0,0.0
34.0,2.0,967.0,4.0,0,360.0,13.0,2.0,0.0
23.5,1.0,751.0,4.0,1,825.0,0.0,0.0,0.0
163.0,4.5,147.0,4.0,1,295.0,0.0,0.0,0.0
460.0,7.0,242.0,4.0,1,129.0,0.0,0.0,0.0
19.0,2.0,519.0,4.0,1,82.0,13.8,2.0,0.0
293.0,5.5,0.0,4.0,1,82.0,0.0,0.0,0.0
300.0,3.0,248.0,4.0,1,319.0,0.0,0.0,0.0
362.0,5.0,183.0,4.0,1,310.0,0.0,0.0,0.0
378.0,4.5,244.0,4.0,1,366.0,0.0,0.0,0.0
327.0,2.0,253.0,4.0,1,411.0,0.0,0.0,0.0
936.5,17.0,1580.0,4.0,1,1061.0,0.0,0.0,0.0
417.0,4.0,507.0,3.5,1,316.0,0.0,0.0,0.0
359.5,6.0,65.0,4.0,1,199.0,30.0,0.0,0.0
224.5,4.0,419.0,4.0,1,83.0,0.0,0.0,0.0
1105.4,14.0,1064.0,4.0,1,1248.0,0.0,0.0,0.0
56.0,1.5,375.0,4.0,0,156.0,12.0,3.0,0.0
153.0,2.0,262.0,0.0,1,16.0,0.0,0.0,0.0
590.0,6.5,255.0,4.0,1,1055.0,0.0,0.0,0.0
100.0,1.5,610.0,4.0,1,212.0,0.0,0.0,0.0
612.5,5.0,245.0,4.0,1,1132.0,0.0,0.0,0.0
1300.0,23.0,873.0,5.0,1,2085.0,0.0,0.0,0.0
51.0,1.0,511.0,4.0,1,750.0,0.0,0.0,0.0
503.0,9.5,934.0,4.0,1,638.0,0.0,0.0,0.0
172.0,1.0,1106.0,4.0,1,556.0,0.0,0.0,0.0
333.0,6.666666666666667,636.0,4.0,1,508.0,0.0,0.0,0.0
521.25,11.0,620.0,4.0,1,1251.0,0.0,0.0,0.0
30.5,1.5,549.0,4.0,1,290.0,20.0,1.0,0.0
63.0,2.5,693.0,4.0,0,812.0,9.0,0.0,0.0
172.0,3.5,395.0,4.0,1,199.0,0.0,0.0,0.0
248.0,6.0,981.0,4.0,1,0.0,0.0,0.0,0.0
244.75,2.0,625.0,4.0,1,960.0,0.0,0.0,0.0
694.0,10.0,629.0,4.5,1,1285.0,0.0,0.0,0.0
427.5,10.0,818.0,4.0,1,791.0,0.0,0.0,0.0
22.0,1.0,681.0,4.0,1,487.0,0.0,0.0,0.0
430.0,9.0,86.0,4.0,1,335.0,0.0,0.0,0.0
2.0,0.5,742.0,0.0,0,1160.0,0.0,0.0,0.0
265.0,4.5,1018.0,2.0,1,42.0,0.0,0.0,0.0
732.5,6.0,1427.0,4.0,1,2192.0,0.0,0.0,0.0
1062.0,17.0,476.0,4.0,1,551.0,0.0,0.0,0.0
392.0,3.0,401.0,2.0,1,275.0,0.0,0.0,0.0
718.0,16.5,1233.0,5.0,1,944.0,0.0,0.0,0.0
623.5,13.0,768.0,5.0,1,2258.0,0.0,0.0,0.0
35.5,1.0,482.0,4.0,1,600.0,0.0,0.0,0.0
26.0,1.0,772.0,4.0,1,644.0,0.0,0.0,0.0
32.5,2.0,854.0,4.0,1,871.0,0.0,0.0,0.0
505.5,6.5,528.0,4.0,1,849.0,0.0,0.0,0.0
1240.0,8.0,1137.0,4.0,1,960.0,0.0,0.0,0.0
36.0,2.0,266.0,4.0,1,18.0,0.0,0.0,0.0
337.0,5.0,415.0,4.0,1,216.0,0.0,0.0,0.0
61.0,1.5,922.0,4.0,0,457.0,0.0,0.0,0.0
86.0,1.0,625.0,4.0,0,106.0,20.25,1.0,0.0
144.0,4.0,884.0,4.0,1,242.0,0.0,0.0,0.0
62.0,2.0,618.0,4.0,0,314.0,11.5,1.0,0.0
179.0,3.5,1003.0,4.0,1,368.0,0.0,0.0,0.0
480.0,7.0,279.0,4.0,1,95.0,0.0,0.0,0.0
785.0,10.0,776.0,4.0,1,873.0,0.0,0.0,0.0
136.0,2.5,340.0,4.0,1,290.0,0.0,0.0,0.0
254.5,8.0,117.0,4.0,1,630.0,0.0,0.0,0.0
275.0,3.0,619.0,4.0,1,826.0,0.0,0.0,0.0
358.0,3.0,234.0,4.0,1,207.0,0.0,0.0,0.0
660.0,9.0,621.0,5.0,1,36.0,0.0,0.0,0.0
144.0,4.0,676.0,4.0,1,308.0,0.0,0.0,0.0
295.0,6.5,563.0,4.0,1,154.0,0.0,0.0,0.0
341.0,3.0,272.0,4.0,1,859.0,0.0,0.0,0.0
147.5,7.0,339.0,4.0,1,288.0,0.0,0.0,0.0
1106.0,7.5,1184.0,4.0,1,707.0,0.0,0.0,0.0
779.0,4.5,1485.0,4.0,1,2385.0,0.0,0.0,0.0
504.5,4.5,850.0,4.0,1,368.0,0.0,0.0,0.0
43.5,2.0,165.0,4.0,1,35.0,0.0,0.0,0.0
492.25,8.0,240.0,4.0,1,453.0,0.0,0.0,0.0
171.0,2.5,347.0,4.0,1,119.0,0.0,0.0,0.0
386.0,6.0,405.0,4.0,1,47.0,0.0,0.0,0.0
52.0,5.0,429.0,3.5,1,117.0,0.0,0.0,0.0
509.5,3.0,118.0,4.0,1,424.0,0.0,0.0,0.0
246.0,6.0,40.0,4.0,1,162.0,0.0,0.0,0.0
30.5,3.0,181.0,4.0,1,254.0,0.0,0.0,0.0
315.0,5.0,302.0,4.0,1,349.0,0.0,0.0,0.0
282.0,4.0,58.0,4.0,1,236.0,0.0,0.0,0.0
100.0,3.5,656.0,4.0,1,947.0,0.0,0.0,0.0
348.0,4.0,450.0,4.0,1,207.0,0.0,0.0,0.0
53.0,2.5,837.0,4.0,1,180.0,0.0,0.0,0.0
343.5,5.0,389.0,2.0,1,49.0,0.0,0.0,0.0
75.0,1.0,879.0,4.0,0,780.0,0.0,0.0,0.0
413.0,5.0,61.0,4.0,1,317.0,0.0,0.0,0.0
89.0,2.0,1189.0,4.0,0,488.0,20.0,1.0,0.0
21.5,1.0,629.0,4.0,1,805.0,0.0,0.0,0.0
339.0,9.0,214.0,4.0,1,697.0,0.0,0.0,0.0
136.0,2.0,596.0,3.0,1,11.0,0.0,0.0,0.0
715.0,6.0,550.0,4.0,1,1541.0,0.0,0.0,0.0
62.0,0.0,436.0,4.0,1,229.0,0.0,0.0,0.0
44.5,2.5,614.0,4.0,1,1014.0,0.0,0.0,0.0
998.5,5.0,2326.0,4.0,1,4421.0,0.0,0.0,0.0
489.0,3.0,114.0,4.0,1,390.0,0.0,0.0,0.0
42.5,3.0,333.0,4.0,1,143.0,3.5,1.0,0.0
497.0,6.5,266.0,4.0,1,262.0,0.0,0.0,0.0
1170.0,12.0,921.0,4.0,1,843.0,0.0,0.0,0.0
880.0,11.5,718.0,5.0,1,1166.0,0.0,0.0,0.0
933.6666666666666,12.0,1960.0,4.5,1,4260.0,0.0,0.0,0.0
131.5,5.0,223.0,4.0,1,160.0,0.0,0.0,0.0
421.0,4.5,504.0,4.0,1,943.0,0.0,0.0,0.0
99.5,3.0,778.0,3.0,0,298.0,0.0,0.0,0.0
25.0,2.0,865.0,4.0,1,885.0,0.0,0.0,0.0
773.0,4.5,1508.0,4.0,1,2205.0,0.0,0.0,0.0
421.5,4.0,151.0,4.0,1,1093.0,5.0,0.0,0.0
79.5,1.5,262.0,4.0,1,490.0,0.0,0.0,0.0
24.0,1.0,570.0,4.0,1,988.0,0.0,0.0,0.0
415.0,5.0,517.0,4.0,1,8.0,0.0,0.0,0.0
867.0,4.5,1213.0,4.0,1,3518.0,0.0,0.0,0.0
352.5,6.0,218.0,4.0,1,69.0,0.0,0.0,0.0
1234.0,12.0,1718.0,4.0,1,955.0,0.0,0.0,0.0
868.0,5.0,2289.0,4.0,1,3394.0,0.0,0.0,0.0
363.0,7.0,291.0,0.0,1,22.0,0.0,0.0,0.0
376.5,2.0,450.0,4.0,1,179.0,0.0,0.0,0.0
12.5,2.0,195.0,4.0,1,301.0,0.0,0.0,0.0
683.5,13.5,636.0,4.5,1,1368.0,0.0,0.0,0.0
1354.5,13.5,1120.0,5.0,1,67.0,0.0,0.0,0.0
403.0,3.0,109.0,4.0,1,948.0,0.0,0.0,0.0
1459.5,12.5,1057.0,5.0,1,108.0,0.0,0.0,0.0
544.5,8.0,315.0,5.0,1,1766.0,0.0,0.0,0.0
405.5,5.0,680.0,4.0,1,278.0,0.0,0.0,0.0
202.0,5.5,821.0,4.0,1,854.0,0.0,0.0,0.0
342.0,9.0,644.0,4.0,1,575.0,0.0,0.0,0.0
485.0,8.0,277.0,4.0,1,318.0,0.0,0.0,0.0
247.0,6.0,283.0,4.0,1,254.0,0.0,0.0,0.0
1324.0,10.0,1231.0,4.0,1,1406.0,0.0,0.0,0.0
395.0,10.0,397.0,4.0,1,603.0,0.0,0.0,0.0
776.0,5.0,895.0,4.0,1,3630.0,0.0,0.0,0.0
686.0,3.0,1042.0,4.0,1,327.0,0.0,0.0,0.0
354.0,4.0,569.0,4.0,1,607.0,0.0,0.0,0.0
799.0,14.0,1085.0,4.0,1,2439.0,0.0,0.0,0.0
32.5,1.0,637.0,4.0,1,563.0,15.25,2.0,0.0
540.0,4.0,107.0,4.0,1,483.0,0.0,0.0,0.0
626.0,2.0,469.0,4.0,1,557.0,0.0,0.0,0.0
1048.5,9.0,1236.0,4.0,1,932.0,0.0,0.0,0.0
358.75,4.0,615.0,4.0,1,164.0,0.0,0.0,0.0
343.0,3.5,507.0,4.0,1,310.0,0.0,0.0,0.0
88.5,2.0,1301.0,4.0,1,216.0,0.0,0.0,0.0
603.0,8.0,683.0,5.0,1,1145.0,0.0,0.0,0.0
759.5,10.0,693.0,4.0,1,814.0,0.0,0.0,0.0
4.5,1.0,454.0,0.0,1,396.0,1.0,0.0,0.0
159.0,4.0,800.0,4.0,1,420.0,5.5,1.0,0.0
892.5,21.0,736.0,5.0,1,908.0,0.0,0.0,0.0
1156.5,6.75,557.0,4.0,1,1305.0,0.0,0.0,0.0
1012.0,12.0,948.0,4.0,1,2225.0,0.0,0.0,0.0
80.0,1.5,30.0,4.0,1,92.0,0.0,0.0,0.0
221.0,2.5,875.0,4.0,1,661.0,0.0,0.0,0.0
175.0,4.0,659.0,4.0,1,186.0,26.5,1.0,0.0
431.0,3.0,538.0,4.0,1,71.0,0.0,0.0,0.0
650.0,5.0,743.0,4.0,1,473.0,0.0,0.0,0.0
485.5,8.0,697.0,4.0,1,1031.0,0.0,0.0,0.0
866.0,6.0,1171.0,4.0,1,109.0,0.0,0.0,0.0
179.75,5.0,222.0,4.0,1,163.0,0.0,0.0,0.0
63.0,1.5,506.0,4.0,0,675.0,30.0,0.0,0.0
607.0,9.0,624.0,4.0,1,1185.0,0.0,0.0,0.0
33.0,2.0,413.0,4.0,1,433.0,16.8,2.0,0.0
139.0,3.0,479.0,4.0,1,38.0,0.0,0.0,0.0
350.0,6.0,413.0,4.0,1,391.0,0.0,0.0,0.0
970.0,10.0,2133.0,4.0,1,617.0,0.0,0.0,0.0
979.0,9.5,2124.0,4.0,1,3782.0,0.0,0.0,0.0
1062.5,9.0,777.0,4.0,1,1680.0,0.0,0.0,0.0
4.0,2.0,136.0,4.0,1,190.0,0.0,0.0,0.0
468.0,4.0,118.0,4.0,0,499.0,0.0,0.0,0.0
119.0,1.5,144.0,3.5,1,330.0,0.0,0.0,0.0
611.25,4.0,450.0,4.0,1,633.0,0.0,0.0,0.0
484.0,5.0,209.0,4.0,1,39.0,0.0,0.0,0.0
64.0,1.5,674.0,4.0,1,42.0,0.0,0.0,0.0
412.0,8.0,188.0,4.0,1,262.0,0.0,0.0,0.0
87.0,2.0,363.0,4.0,1,124.0,0.0,0.0,0.0
72.0,2.0,165.0,4.0,1,268.0,0.0,0.0,0.0
31.0,2.5,460.0,4.0,0,481.0,12.0,3.0,0.0
52.0,2.0,170.0,4.0,1,650.0,0.0,0.0,0.0
87.0,1.0,945.0,4.0,0,441.0,38.0,0.0,0.0
849.0,4.0,2275.0,4.0,1,3211.0,0.0,0.0,0.0
661.0,7.5,293.0,4.0,1,142.0,0.0,0.0,0.0
55.0,1.0,569.0,4.0,0,297.0,9.25,5.0,0.0
522.0,7.0,361.0,4.0,1,185.0,0.0,0.0,0.0
652.0,15.5,315.0,5.0,1,2168.0,0.0,0.0,0.0
598.0,8.5,431.0,4.0,1,988.0,0.0,0.0,0.0
409.5,6.5,108.0,4.0,1,1166.0,0.0,0.0,0.0
624.5,2.5,515.0,4.0,1,499.0,0.0,0.0,0.0
224.0,5.0,360.0,4.0,1,40.0,0.0,0.0,0.0
679.0,23.0,843.0,5.0,1,1697.0,0.0,0.0,0.0
904.0,22.5,726.0,5.0,1,1321.0,0.0,0.0,0.0
585.0,7.0,252.0,4.0,1,833.0,0.0,0.0,0.0
413.0,4.0,265.0,4.0,1,958.0,0.0,0.0,0.0
455.5,4.5,535.0,4.0,1,303.0,0.0,0.0,0.0
1660.0,9.0,1566.0,5.0,1,408.0,0.0,0.0,0.0
445.0,5.0,440.0,4.0,1,647.0,0.0,0.0,0.0
342.0,3.0,298.0,4.0,1,34.0,0.0,0.0,0.0
782.0,8.0,1679.0,4.5,1,1860.0,0.0,0.0,0.0
520.75,6.5,129.0,5.0,1,1793.0,0.0,0.0,0.0
169.0,3.0,270.0,4.0,1,236.0,0.0,0.0,0.0
89.0,1.5,1019.0,4.0,1,244.0,0.0,0.0,0.0
231.0,4.0,344.0,4.0,1,197.0,0.0,0.0,0.0
329.0,5.0,453.0,2.0,1,30.0,0.0,0.0,0.0
490.0,7.5,219.0,4.0,1,607.0,0.0,0.0,0.0
738.0,6.5,1174.0,4.0,1,432.0,0.0,0.0,0.0
105.25,4.0,279.0,4.0,1,70.0,0.0,0.0,0.0
788.0,13.5,1576.0,4.0,1,660.0,0.0,0.0,0.0
148.0,2.0,397.0,4.0,1,554.0,0.0,0.0,0.0
275.0,3.0,261.0,4.0,1,744.0,0.0,0.0,0.0
51.0,2.5,63.0,3.0,1,453.0,0.0,0.0,0.0
144.0,2.0,259.0,4.0,1,109.0,0.0,0.0,0.0
418.0,7.0,209.0,4.0,1,576.0,0.0,0.0,0.0
1248.0,9.5,597.0,4.5,1,2129.0,0.0,0.0,0.0
564.0,21.0,689.0,5.0,1,2068.0,0.0,0.0,0.0
350.0,4.5,95.0,4.0,1,972.0,0.0,0.0,0.0
92.0,1.0,1034.0,4.0,1,341.0,0.0,0.0,0.0
1685.25,30.0,974.0,4.5,1,187.0,0.0,0.0,0.0
316.5,8.0,565.0,4.0,1,689.0,0.0,0.0,0.0
26.0,0.0,1024.0,4.0,0,818.0,0.0,0.0,0.0
778.0,10.0,1423.0,4.0,1,1711.0,0.0,0.0,0.0
1433.75,23.5,510.0,4.0,1,1135.0,0.0,0.0,0.0
1097.0,9.0,540.0,4.0,1,2179.0,0.0,0.0,0.0
1158.5,9.0,267.0,4.0,1,2085.0,0.0,0.0,0.0
556.0,4.0,170.0,4.0,1,327.0,0.0,0.0,0.0
667.0,8.0,813.0,4.0,1,2752.0,0.0,0.0,0.0
79.0,1.5,381.0,4.0,1,1197.0,0.0,0.0,0.0
202.0,3.0,469.0,4.0,1,238.0,0.0,0.0,0.0
553.0,9.0,317.0,4.0,1,490.0,0.0,0.0,0.0
253.0,6.0,811.0,4.0,1,169.0,0.0,0.0,0.0
434.5,5.0,126.0,4.0,1,17.0,0.0,0.0,0.0
315.0,5.5,442.0,4.0,1,140.0,0.0,0.0,0.0
851.0,6.0,1009.0,4.0,1,3584.0,0.0,0.0,0.0
433.0,2.5,162.0,4.0,1,357.0,0.0,0.0,0.0
695.0,11.75,986.0,5.0,1,791.0,0.0,0.0,0.0
316.0,3.5,410.0,2.0,1,62.0,0.0,0.0,0.0
448.0,3.0,222.0,4.0,1,1151.0,0.0,0.0,0.0
195.5,9.0,49.0,4.0,1,548.0,0.0,0.0,0.0
977.0,3.0,1943.0,4.0,1,4080.0,0.0,0.0,0.0
244.0,3.0,200.0,4.0,1,413.0,0.0,0.0,0.0
92.0,3.0,722.0,4.0,1,126.0,19.0,0.0,0.0
193.0,4.5,745.0,4.0,1,536.0,0.0,0.0,0.0
563.6666666666666,18.5,144.0,5.0,1,2058.0,0.0,0.0,0.0
936.0,12.5,2143.0,4.0,1,421.0,0.0,0.0,0.0
618.0,6.5,323.0,4.0,1,572.0,0.0,0.0,0.0
563.0,5.0,665.0,4.0,1,387.0,0.0,0.0,0.0
215.0,5.0,315.0,4.0,1,124.0,0.0,0.0,0.0
211.0,3.5,702.0,2.0,1,29.0,0.0,0.0,0.0
146.75,3.0,378.0,4.0,1,175.0,16.5,2.0,0.0
224.0,6.0,926.0,4.0,1,882.0,12.5,1.0,0.0
6.0,2.0,925.0,4.0,1,33.0,17.0,0.0,0.0
774.5,4.0,1013.0,4.0,1,2179.0,0.0,0.0,0.0
263.0,4.0,283.0,4.0,1,124.0,0.0,0.0,0.0
42.5,2.0,562.0,4.0,1,481.0,0.0,0.0,0.0
381.0,5.0,417.0,4.0,1,151.0,0.0,0.0,0.0
42.0,3.0,717.0,4.5,0,242.0,13.0,0.0,0.0
476.0,7.5,746.0,4.0,1,952.0,0.0,0.0,0.0
50.0,1.0,788.0,4.0,1,355.0,30.0,0.0,0.0
548.0,6.0,150.0,4.0,1,396.0,0.0,0.0,0.0
482.5,9.0,172.0,4.0,1,633.0,0.0,0.0,0.0
255.5,6.0,661.0,4.0,1,617.0,0.0,0.0,0.0
22.5,6.0,418.0,4.0,1,744.0,25.5,2.0,0.0
40.0,2.0,170.0,4.0,1,364.0,0.0,0.0,0.0
361.0,5.5,486.0,4.0,1,1181.0,0.0,0.0,0.0
72.0,2.0,985.0,4.0,1,101.0,15.0,2.0,0.0
367.0,5.0,506.0,4.0,1,1066.0,0.0,0.0,0.0
1576.25,22.5,792.0,5.0,1,255.0,0.0,0.0,0.0
1000.0,22.5,1918.0,4.0,1,1009.0,0.0,0.0,0.0
51.0,1.5,756.0,4.0,1,356.0,16.0,2.0,0.0
405.0,4.0,859.0,4.0,1,448.0,0.0,0.0,0.0
766.5,15.0,1551.0,4.0,1,1079.0,0.0,0.0,0.0
788.5,23.5,680.0,5.0,1,685.0,0.0,0.0,0.0
101.0,3.0,606.0,4.0,1,126.0,0.0,0.0,0.0
542.25,5.0,580.0,4.0,1,562.0,0.0,0.0,0.0
487.0,7.0,595.0,4.0,1,437.0,0.0,0.0,0.0
673.0,7.5,962.0,4.0,1,1688.0,0.0,0.0,0.0
1182.5,14.0,2013.0,4.0,1,1491.0,0.0,0.0,0.0
191.0,4.0,158.0,4.0,1,89.0,19.6,1.0,0.0
600.0,3.25,823.0,4.0,1,2017.0,0.0,0.0,0.0
457.0,5.0,312.0,4.0,1,1045.0,0.0,0.0,0.0
1465.0,19.0,601.0,4.0,1,1327.0,0.0,0.0,0.0
224.0,2.0,188.0,4.0,1,118.0,0.0,0.0,0.0
412.0,6.0,22.0,4.0,1,360.0,0.0,0.0,0.0
405.0,5.0,285.0,4.0,1,532.0,0.0,0.0,0.0
125.0,2.0,750.0,4.0,1,439.0,0.0,0.0,0.0
211.5,4.0,229.0,4.0,1,438.0,0.0,0.0,0.0
18.0,2.5,514.0,4.0,1,279.0,9.0,0.0,0.0
591.5,6.0,443.0,4.0,1,709.0,0.0,0.0,0.0
933.25,9.0,1879.0,4.0,1,349.0,0.0,0.0,0.0
71.5,1.0,649.0,4.0,1,240.0,0.0,0.0,0.0
340.0,3.0,318.0,2.0,1,7.0,0.0,0.0,0.0
137.5,6.0,420.0,4.0,1,359.0,0.0,0.0,0.0
514.0,3.0,505.0,4.0,1,589.0,0.0,0.0,0.0
434.0,3.0,89.0,0.0,1,19.0,0.0,0.0,0.0
173.0,2.0,329.0,4.0,1,106.0,0.0,0.0,0.0
805.0,14.5,1781.0,4.0,1,2010.0,0.0,0.0,0.0
251.5,4.5,290.0,4.0,1,498.0,0.0,0.0,0.0
1002.0,17.0,2463.0,4.0,1,660.0,0.0,0.0,0.0
1150.0,8.0,1189.0,4.0,1,3009.0,0.0,0.0,0.0
766.0,11.0,1408.0,5.0,1,0.0,0.0,0.0,0.0
51.0,4.0,401.0,4.5,1,24.0,0.0,0.0,0.0
1124.5,15.0,1984.0,5.0,1,334.0,0.0,0.0,0.0
353.0,4.0,259.0,4.0,1,148.0,27.5,1.0,0.0
124.0,2.5,444.0,4.0,1,353.0,10.0,2.0,0.0
558.0,8.0,474.0,4.0,1,817.0,0.0,0.0,0.0
641.0,5.0,550.0,4.0,1,291.0,0.0,0.0,0.0
127.0,1.0,689.0,4.0,1,54.0,0.0,0.0,0.0
250.0,6.0,376.0,4.0,1,166.0,0.0,0.0,0.0
545.5,10.0,430.0,4.0,1,732.0,0.0,0.0,0.0
34.0,2.0,549.0,4.0,1,103.0,0.0,0.0,0.0
38.5,1.0,1264.0,4.0,1,102.0,13.0,1.0,0.0
174.5,2.0,280.0,2.0,1,0.0,0.0,0.0,0.0
916.5,15.0,618.0,4.0,1,463.0,0.0,0.0,0.0
4.5,2.5,829.0,0.0,0,1354.0,0.0,0.0,0.0
643.0,4.0,90.0,0.0,1,190.0,0.0,0.0,0.0
247.5,3.0,267.0,4.0,1,358.0,0.0,0.0,0.0
597.0,3.0,853.0,4.0,1,2124.0,0.0,0.0,0.0
1187.5,10.5,1351.0,4.0,1,545.0,0.0,0.0,0.0
53.0,1.0,610.0,4.0,0,254.0,13.0,0.0,0.0
1093.0,14.0,2309.0,4.0,1,1438.0,0.0,0.0,0.0
346.0,4.0,208.0,4.0,1,344.0,0.0,0.0,0.0
831.5,9.0,974.0,4.0,1,736.0,0.0,0.0,0.0
684.0,18.0,537.0,4.0,1,666.0,0.0,0.0,0.0
230.0,2.5,541.0,4.0,1,246.0,0.0,0.0,0.0
482.0,6.0,382.0,4.0,1,165.0,0.0,0.0,0.0
514.0,3.5,537.0,4.0,1,155.0,0.0,0.0,0.0
93.0,1.0,1132.0,4.0,1,766.0,11.0,1.0,0.0
498.0,6.0,145.0,4.0,1,1450.0,0.0,0.0,0.0
415.0,9.0,240.0,4.0,1,1034.0,0.0,0.0,0.0
592.0,4.0,469.0,4.0,1,1036.0,0.0,0.0,0.0
1174.0,30.0,611.0,4.0,1,463.0,0.0,0.0,0.0
509.0,5.0,272.0,4.0,1,567.0,0.0,0.0,0.0
355.0,3.0,263.0,2.0,1,380.0,0.0,0.0,0.0
950.0,9.5,351.0,5.0,1,782.0,0.0,0.0,0.0
514.0,3.0,173.0,4.0,1,501.0,0.0,0.0,0.0
851.0,10.0,538.0,4.5,1,3082.0,0.0,0.0,0.0
601.0,6.0,747.0,2.0,1,862.0,0.0,0.0,0.0
978.0,10.0,1654.0,4.5,1,487.0,0.0,0.0,0.0
495.0,9.0,453.0,4.0,1,232.0,0.0,0.0,0.0
96.0,2.0,472.0,4.0,1,255.0,0.0,0.0,0.0
23.0,0.5,616.0,4.0,0,667.0,30.0,1.0,0.0
389.0,2.0,459.0,2.0,1,35.0,0.0,0.0,0.0
77.0,2.0,504.0,4.0,0,431.0,15.5,2.0,0.0
1272.0,11.5,918.0,4.0,1,1437.0,0.0,0.0,0.0
94.0,23.0,108.0,4.0,1,157.0,0.0,0.0,0.0
222.0,4.0,735.0,4.0,1,139.0,0.0,0.0,0.0
777.0,15.0,1020.0,4.0,1,646.0,0.0,0.0,0.0
189.0,4.0,520.0,4.0,1,175.0,0.0,0.0,0.0
936.0,10.0,2350.0,4.0,1,495.0,0.0,0.0,0.0
84.0,2.5,1282.0,4.0,1,69.0,15.0,1.0,0.0
661.0,7.0,922.0,4.0,1,2557.0,0.0,0.0,0.0
184.5,4.0,581.0,4.0,1,356.0,0.0,0.0,0.0
395.0,4.0,203.0,4.0,1,647.0,0.0,0.0,0.0
591.5,3.0,181.0,4.0,1,49.0,0.0,0.0,0.0
521.5,12.0,530.0,5.0,1,1070.0,0.0,0.0,0.0
220.0,4.0,735.0,4.0,1,253.0,0.0,0.0,0.0
588.0,2.0,323.0,4.0,1,515.0,0.0,0.0,0.0
80.0,1.0,417.0,4.0,1,1284.0,0.0,0.0,0.0
992.5,16.5,698.0,5.0,1,1104.0,0.0,0.0,0.0
562.5,12.0,628.0,5.0,1,1291.0,0.0,0.0,0.0
90.0,3.5,258.0,0.0,1,3.0,0.0,0.0,0.0
25.0,0.0,918.0,4.0,0,491.0,0.0,0.0,0.0
225.5,5.0,875.0,4.0,1,1016.0,0.0,0.0,0.0
41.0,5.0,624.0,4.0,1,1154.0,0.0,0.0,0.0
635.0,4.5,1160.0,4.0,1,2171.0,0.0,0.0,0.0
761.0,3.0,1635.0,2.0,1,17.0,0.0,0.0,0.0
661.0,12.5,884.0,4.0,1,1192.0,0.0,0.0,0.0
390.0,6.0,582.0,4.0,1,129.0,0.0,0.0,0.0
97.0,2.0,363.0,4.0,1,139.0,7.666666666666667,2.0,0.0
153.5,3.0,814.0,4.0,1,68.0,0.0,0.0,0.0
134.0,2.0,217.0,4.0,1,472.0,0.0,0.0,0.0
484.25,6.0,564.0,4.0,1,381.0,0.0,0.0,0.0
363.0,6.0,176.0,4.0,1,452.0,0.0,0.0,0.0
718.0,6.0,1348.0,4.0,1,265.0,0.0,0.0,0.0
318.6666666666667,6.0,316.0,4.0,1,570.0,0.0,0.0,0.0
47.5,2.0,360.0,4.0,0,506.0,11.916666666666666,4.0,0.0
351.3333333333333,5.0,139.0,4.0,1,101.0,0.0,0.0,0.0
288.0,4.0,1032.0,4.0,1,296.0,0.0,0.0,0.0
352.5,4.5,293.0,4.0,1,254.0,0.0,0.0,0.0
546.0,3.0,100.0,2.0,1,641.0,0.0,0.0,0.0
662.5,6.0,1080.0,4.0,1,1328.0,0.0,0.0,0.0
603.5,3.0,936.0,4.0,1,1871.0,0.0,0.0,0.0
808.5,18.5,1139.0,4.0,1,2479.0,0.0,0.0,0.0
1451.0,34.0,1498.0,2.5,1,540.0,0.0,0.0,0.0
385.5,4.0,130.0,4.0,1,992.0,0.0,0.0,0.0
300.0,6.5,685.0,4.0,1,686.0,0.0,0.0,0.0
911.5,10.5,1762.0,4.0,1,3641.0,0.0,0.0,0.0
3.0,0.5,596.0,0.0,0,828.0,12.0,2.0,0.0
464.0,6.0,396.0,4.0,1,323.0,0.0,0.0,0.0
283.0,3.5,156.0,4.0,1,224.0,0.0,0.0,0.0
1349.0,16.0,1516.0,4.0,1,2126.0,0.0,0.0,0.0
594.0,5.5,143.0,4.0,1,985.0,0.0,0.0,0.0
42.5,1.5,383.0,4.0,1,491.0,0.0,0.0,0.0
884.0,10.5,1593.0,4.0,1,458.0,0.0,0.0,0.0
707.0,11.0,550.0,5.0,1,1255.0,0.0,0.0,0.0
244.5,5.0,363.0,4.0,1,86.0,0.0,0.0,0.0
1597.5,20.0,135.0,4.0,1,941.0,0.0,0.0,0.0
562.75,5.0,277.0,2.0,1,575.0,0.0,0.0,0.0
563.0,5.0,134.0,4.0,1,220.0,0.0,0.0,0.0
752.5,8.0,1017.0,4.0,1,1839.0,0.0,0.0,0.0
340.0,4.5,350.0,4.0,1,91.0,0.0,0.0,0.0
666.0,7.0,240.0,4.0,1,1190.0,0.0,0.0,0.0
1273.0,9.5,1413.0,5.0,1,270.0,0.0,0.0,0.0
67.0,3.0,448.0,4.0,1,160.0,0.0,0.0,0.0
812.0,15.5,272.0,4.5,1,2669.0,0.0,0.0,0.0
269.5,3.0,225.0,4.0,1,1003.0,0.0,0.0,0.0
919.0,13.0,1984.0,5.0,1,4289.0,0.0,0.0,0.0
812.25,13.5,1690.0,4.5,1,615.0,0.0,0.0,0.0
571.5,8.0,720.0,4.0,1,857.0,0.0,0.0,0.0
101.5,1.0,139.0,4.0,1,187.0,12.9,2.0,0.0
1434.0,11.5,1272.0,4.0,1,2012.0,0.0,0.0,0.0
125.5,4.0,231.0,4.0,1,72.0,0.0,0.0,0.0
895.0,17.0,776.0,5.0,1,1060.0,0.0,0.0,0.0
307.0,3.5,370.0,4.0,1,348.0,0.0,0.0,0.0
13.5,3.0,257.0,5.0,0,552.0,13.7,3.0,0.0
156.0,1.0,719.0,4.0,1,257.0,0.0,0.0,0.0
507.6666666666667,3.5,352.0,4.0,1,437.0,0.0,0.0,0.0
410.0,2.0,745.0,4.0,1,390.0,0.0,0.0,0.0
647.0,9.25,745.0,4.0,1,38.0,0.0,0.0,0.0
84.0,5.0,653.0,4.0,1,200.0,29.5,1.0,0.0
790.0,8.5,276.0,4.5,1,2435.0,0.0,0.0,0.0
97.5,2.0,546.0,4.0,1,527.0,30.0,2.0,0.0
999.0,9.5,1586.0,5.0,1,466.0,0.0,0.0,0.0
374.0,3.0,374.0,4.0,1,141.0,0.0,0.0,0.0
81.5,4.0,406.0,5.0,1,411.0,0.0,0.0,0.0
442.5,9.0,504.0,4.0,1,126.0,0.0,0.0,0.0
639.5,16.0,530.0,4.0,1,1420.0,0.0,0.0,0.0
806.6666666666666,12.0,1922.0,4.0,1,2641.0,0.0,0.0,0.0
286.0,5.0,742.0,4.0,1,536.0,0.0,0.0,0.0
336.0,5.0,500.0,4.0,1,226.0,0.0,0.0,0.0
295.5,4.5,277.0,4.0,1,87.0,0.0,0.0,0.0
127.5,6.666666666666667,473.0,4.0,1,367.0,0.0,0.0,0.0
663.5,6.0,337.0,4.0,1,549.0,0.0,0.0,0.0
6.0,1.0,567.0,5.0,1,747.0,19.6,2.0,0.0
274.5,3.0,425.0,4.0,1,124.0,0.0,0.0,0.0
158.0,1.5,478.0,4.0,1,244.0,15.0,1.0,0.0
803.0,10.0,1651.0,4.0,1,1591.0,0.0,0.0,0.0
766.5,8.333333333333334,1440.0,4.0,1,101.0,0.0,0.0,0.0
780.25,7.5,873.0,4.0,1,821.0,0.0,0.0,0.0
459.0,7.333333333333333,447.0,0.0,1,279.0,0.0,0.0,0.0
894.0,11.0,1627.0,5.0,1,1425.0,0.0,0.0,0.0
106.0,2.0,96.0,4.0,1,66.0,22.33333333333333,0.0,0.0
536.0,3.5,442.0,2.0,1,293.0,0.0,0.0,0.0
1187.0,24.5,1722.0,5.0,1,460.0,0.0,0.0,0.0
264.5,3.5,373.0,4.0,1,1078.0,0.0,0.0,0.0
377.5,3.0,389.0,4.0,1,232.0,0.0,0.0,0.0
8.5,2.0,1202.0,2.0,0,233.0,15.5,2.0,0.0
337.0,9.0,818.0,4.0,1,314.0,0.0,0.0,0.0
0.0,1.0,1030.0,0.0,0,1311.0,0.0,0.0,0.0
531.0,11.0,356.0,4.0,1,1010.0,0.0,0.0,0.0
1076.5,4.5,1702.0,4.0,1,3555.0,0.0,0.0,0.0
4.5,2.5,653.0,5.0,1,47.0,0.0,0.0,0.0
213.0,9.0,225.0,4.0,1,344.0,0.0,0.0,0.0
342.5,4.0,226.0,4.0,1,105.0,33.0,0.0,0.0
164.0,4.0,946.0,4.0,1,284.0,7.5,1.0,0.0
58.0,1.0,651.0,4.0,0,430.0,13.5,2.0,0.0
526.0,3.5,584.0,5.0,1,1130.0,0.0,0.0,0.0
796.5,8.0,1477.0,4.0,1,2650.0,0.0,0.0,0.0
49.0,3.0,526.0,4.0,1,981.0,0.0,0.0,0.0
556.0,5.5,838.0,4.0,1,119.0,0.0,0.0,0.0
244.0,3.0,320.0,4.0,1,501.0,0.0,0.0,0.0
708.6666666666666,6.5,1104.0,4.0,1,1466.0,0.0,0.0,0.0
418.0,6.0,308.0,4.0,1,224.0,0.0,0.0,0.0
330.0,4.5,440.0,4.0,1,249.0,0.0,0.0,0.0
248.5,3.0,319.0,2.0,1,472.0,0.0,0.0,0.0
197.0,5.0,424.0,4.0,1,488.0,0.0,0.0,0.0
372.6666666666667,6.0,35.0,4.0,1,271.0,0.0,0.0,0.0
394.0,5.0,564.0,4.0,1,400.0,0.0,0.0,0.0
1037.0,21.0,330.0,4.0,1,64.0,0.0,0.0,0.0
446.0,3.0,145.0,4.0,1,371.0,0.0,0.0,0.0
208.5,3.0,145.0,4.0,1,194.0,0.0,0.0,0.0
270.0,3.0,1031.0,4.0,1,220.0,0.0,0.0,0.0
266.0,3.0,237.0,4.0,1,982.0,0.0,0.0,0.0
1164.0,9.0,1037.0,4.0,1,965.0,0.0,0.0,0.0
769.5,6.0,1454.0,4.0,1,1415.0,0.0,0.0,0.0
1093.0,12.0,988.0,4.0,1,1083.0,0.0,0.0,0.0
1109.0,12.5,90.0,5.0,1,683.0,0.0,0.0,0.0
401.25,7.0,174.0,4.0,1,475.0,0.0,0.0,0.0
12.0,2.0,905.0,4.0,0,352.0,0.0,0.0,0.0
858.0,14.0,1963.0,4.0,1,2250.0,0.0,0.0,0.0
219.0,2.5,151.0,4.0,1,20.0,0.0,0.0,0.0
787.0,12.0,1456.0,5.0,1,1175.0,0.0,0.0,0.0
280.5,4.0,415.0,4.0,1,535.0,0.0,0.0,0.0
226.0,2.0,657.0,4.0,1,138.0,20.33333333333333,1.0,0.0
406.0,4.0,304.0,4.0,1,599.0,0.0,0.0,0.0
164.0,15.0,469.0,4.0,1,569.0,0.0,0.0,0.0
82.5,1.0,492.0,4.0,1,34.0,0.0,0.0,0.0
594.0,3.5,584.0,4.0,1,941.0,0.0,0.0,0.0
517.0,14.0,625.0,4.0,1,353.0,0.0,0.0,0.0
192.0,3.0,495.0,4.0,1,72.0,0.0,0.0,0.0
35.666666666666664,2.0,944.0,4.0,0,294.0,24.0,1.0,0.0
601.3333333333334,2.5,1548.0,4.0,1,2410.0,0.0,0.0,0.0
29.0,2.0,551.0,4.0,1,186.0,0.0,0.0,0.0
38.0,4.0,595.0,4.0,0,603.0,14.75,3.0,0.0
1467.0,23.5,251.0,4.0,1,891.0,0.0,0.0,0.0
370.0,7.0,380.0,4.0,1,17.0,0.0,0.0,0.0
96.0,2.0,620.0,4.0,1,237.0,0.0,0.0,0.0
105.5,3.0,248.0,4.0,1,214.0,0.0,0.0,0.0
314.5,3.0,442.0,4.0,1,168.0,0.0,0.0,0.0
183.0,3.0,502.0,4.0,1,38.0,0.0,0.0,0.0
1335.0,10.0,2179.0,4.0,1,987.0,0.0,0.0,0.0
247.5,8.5,289.0,4.0,1,404.0,0.0,0.0,0.0
436.0,4.5,524.0,4.0,1,188.0,0.0,0.0,0.0
172.75,2.0,290.0,4.0,1,21.0,0.0,0.0,0.0
161.5,4.0,470.0,4.0,1,193.0,0.0,0.0,0.0
748.0,7.0,1670.0,5.0,1,1703.0,0.0,0.0,0.0
157.0,3.0,941.0,4.0,1,411.0,15.0,1.0,0.0
96.0,1.5,425.0,4.0,1,593.0,22.33333333333333,1.0,0.0
607.0,4.0,1326.0,4.0,1,2220.0,0.0,0.0,0.0
128.0,2.0,782.0,4.5,1,451.0,7.5,2.0,0.0
387.0,5.75,288.0,4.0,1,797.0,0.0,0.0,0.0
131.0,2.0,846.0,4.0,1,353.0,0.0,0.0,0.0
553.5,6.0,289.0,4.0,1,332.0,0.0,0.0,0.0
292.0,5.0,582.0,4.0,1,273.0,0.0,0.0,0.0
362.5,6.5,401.0,4.0,1,542.0,0.0,0.0,0.0
403.0,4.0,767.0,2.0,1,0.0,0.0,0.0,0.0
783.75,12.0,1219.0,4.0,1,151.0,0.0,0.0,0.0
173.0,13.666666666666666,551.0,4.0,1,467.0,0.0,0.0,0.0
47.0,1.0,239.0,4.0,1,182.0,0.0,0.0,0.0
7.0,5.5,24.0,4.0,1,44.0,18.0,1.0,0.0
568.75,8.0,312.0,4.0,1,938.0,0.0,0.0,0.0
25.5,1.0,428.0,4.0,0,517.0,15.666666666666666,2.0,0.0
231.0,3.0,628.0,4.0,0,103.0,0.0,0.0,0.0
470.5,18.5,363.0,4.0,1,375.0,0.0,0.0,0.0
839.0,11.5,1325.0,4.0,1,129.0,0.0,0.0,0.0
1502.0,37.5,1994.0,5.0,1,161.0,0.0,0.0,0.0
330.0,3.5,212.0,4.0,1,196.0,0.0,0.0,0.0
61.5,3.0,359.0,3.0,1,448.0,0.0,0.0,0.0
529.5,5.0,135.0,4.0,1,700.0,0.0,0.0,0.0
277.5,3.0,273.0,4.0,1,428.0,0.0,0.0,0.0
97.5,1.5,922.0,4.0,0,935.0,18.666666666666668,1.0,0.0
120.0,1.0,374.0,4.0,1,352.0,27.5,2.0,0.0
445.0,5.0,372.0,4.0,1,156.0,0.0,0.0,0.0
819.0,7.5,441.0,4.0,1,2652.0,0.0,0.0,0.0
334.5,4.0,470.0,4.0,1,228.0,0.0,0.0,0.0
516.0,7.5,968.0,4.0,1,1892.0,0.0,0.0,0.0
1325.0,8.5,1391.0,4.0,1,1867.0,0.0,0.0,0.0
236.0,4.5,695.0,4.0,1,382.0,0.0,0.0,0.0
181.0,8.0,373.0,4.0,1,137.0,0.0,0.0,0.0
617.5,6.0,291.0,4.0,1,1199.0,0.0,0.0,0.0
68.5,6.5,297.0,4.0,1,1112.0,0.0,0.0,0.0
196.0,6.0,818.0,4.0,1,836.0,0.0,0.0,0.0
763.0,5.0,1390.0,4.0,1,2183.0,0.0,0.0,0.0
773.75,4.5,1198.0,4.0,1,399.0,0.0,0.0,0.0
164.0,6.0,566.0,4.0,1,112.0,0.0,0.0,0.0
233.5,4.0,938.0,4.0,1,217.0,0.0,0.0,0.0
733.5,5.0,1492.0,4.5,1,2191.0,0.0,0.0,0.0
140.0,4.0,381.0,4.0,1,183.0,0.0,0.0,0.0
209.25,5.5,946.0,4.0,1,150.0,0.0,0.0,0.0
50.0,4.0,550.0,4.0,1,257.0,0.0,0.0,0.0
172.0,1.5,565.0,2.0,1,32.0,0.0,0.0,0.0
55.0,2.0,1074.0,4.0,0,88.0,0.0,0.0,0.0
280.0,5.0,461.0,4.0,1,176.0,4.0,1.0,0.0
364.0,3.5,189.0,4.0,1,316.0,0.0,0.0,0.0
1070.0,26.0,281.0,5.0,1,905.0,0.0,0.0,0.0
39.0,1.0,1296.0,4.0,1,194.0,33.0,1.0,0.0
852.0,10.0,1867.0,4.0,1,1483.0,0.0,0.0,0.0
773.0,9.0,1521.0,4.0,1,1200.0,0.0,0.0,0.0
867.0,6.0,2205.0,4.0,1,3381.0,0.0,0.0,0.0
744.5,11.0,1378.0,0.0,1,1430.0,0.0,0.0,0.0
195.0,2.0,442.0,4.0,1,213.0,0.0,0.0,0.0
379.0,4.0,59.0,4.0,1,843.0,0.0,0.0,0.0
294.0,3.5,299.0,4.0,1,1268.0,0.0,0.0,0.0
951.5,15.5,1438.0,4.0,1,1838.0,0.0,0.0,0.0
64.5,1.0,727.0,4.0,1,391.0,15.0,0.0,0.0
276.0,3.5,209.0,4.0,1,948.0,0.0,0.0,0.0
91.5,1.5,239.0,4.0,1,372.0,0.0,0.0,0.0
95.0,2.0,822.0,4.0,1,98.0,8.0,0.0,0.0
113.0,2.5,82.0,4.0,1,99.0,35.0,0.0,0.0
348.0,6.5,31.0,4.0,1,239.0,0.0,0.0,0.0
64.5,1.0,822.0,4.0,1,302.0,30.0,0.0,0.0
133.0,1.0,273.0,2.0,1,43.0,0.0,0.0,0.0
104.5,2.0,326.0,4.0,1,764.0,0.0,0.0,0.0
90.0,2.0,597.0,4.0,1,356.0,27.0,0.0,0.0
876.25,16.333333333333332,427.0,5.0,1,3117.0,0.0,0.0,0.0
853.0,6.0,2038.0,4.0,1,3209.0,0.0,0.0,0.0
222.0,3.0,322.0,4.0,1,169.0,0.0,0.0,0.0
641.0,6.0,714.0,4.0,1,522.0,0.0,0.0,0.0
120.0,6.0,538.0,4.0,1,297.0,0.0,0.0,0.0
1050.5,5.0,1900.0,4.0,1,3732.0,0.0,0.0,0.0
193.0,3.5,793.0,4.0,1,347.0,0.0,0.0,0.0
153.0,2.6666666666666665,345.0,4.0,1,476.0,0.0,0.0,0.0
1648.0,25.25,1461.0,5.0,1,294.0,0.0,0.0,0.0
214.5,3.0,204.0,4.0,1,163.0,24.5,1.0,0.0
3.0,3.5,319.0,4.0,1,1096.0,12.25,2.0,0.0
39.5,2.0,992.0,4.0,1,252.0,20.0,1.0,0.0
714.5,5.0,1174.0,4.5,1,2136.0,0.0,0.0,0.0
1079.0,4.0,1746.0,4.0,1,3608.0,0.0,0.0,0.0
317.0,6.0,283.0,4.0,1,1004.0,0.0,0.0,0.0
1299.0,43.0,1889.0,4.0,1,150.0,0.0,0.0,0.0
583.0,4.0,304.0,4.0,1,1793.0,0.0,0.0,0.0
495.5,8.0,513.0,4.0,1,286.0,0.0,0.0,0.0
546.0,6.0,780.0,4.0,1,791.0,0.0,0.0,0.0
640.0,6.0,1285.0,4.0,1,2362.0,0.0,0.0,0.0
603.5,8.0,805.0,4.0,1,777.0,0.0,0.0,0.0
559.5,6.0,998.0,4.0,1,986.0,0.0,0.0,0.0
878.3333333333334,9.0,2000.0,4.0,1,3152.0,0.0,0.0,0.0
459.0,3.5,117.0,4.0,1,780.0,0.0,0.0,0.0
221.5,5.0,526.0,4.0,1,41.0,0.0,0.0,0.0
1610.0,37.5,1370.0,5.0,1,401.0,0.0,0.0,0.0
1044.0,13.0,1024.0,4.0,1,2505.0,0.0,0.0,0.0
339.0,7.0,709.0,4.0,1,406.0,0.0,0.0,0.0
73.0,1.0,244.0,4.0,1,55.0,0.0,0.0,0.0
688.5,9.0,1057.0,4.0,1,1892.0,0.0,0.0,0.0
90.0,3.0,432.0,4.0,1,135.0,0.0,0.0,0.0
380.0,3.0,536.0,4.0,1,65.0,0.0,0.0,0.0
1155.0,8.0,1083.0,4.0,1,2928.0,0.0,0.0,0.0
728.5,6.0,1223.0,4.0,1,1761.0,0.0,0.0,0.0
61.0,4.0,667.0,4.0,1,117.0,0.0,0.0,0.0
311.0,3.0,750.0,4.0,1,533.0,0.0,0.0,0.0
525.0,4.0,58.0,4.0,1,181.0,0.0,0.0,0.0
725.0,7.0,1031.0,4.0,1,1351.0,0.0,0.0,0.0
751.0,8.0,1206.0,4.0,1,1845.0,0.0,0.0,0.0
1294.0,14.0,1057.0,4.0,1,921.0,0.0,0.0,0.0
177.0,6.0,919.0,4.0,1,317.0,0.0,0.0,0.0
491.0,4.0,78.0,4.0,1,240.0,0.0,0.0,0.0
9.0,1.5,139.0,4.0,1,178.0,18.5,0.0,0.0
603.5,8.0,800.0,2.0,1,781.0,0.0,0.0,0.0
562.0,4.5,135.0,4.0,1,630.0,0.0,0.0,0.0
291.0,3.0,135.0,4.0,1,314.0,0.0,0.0,0.0
137.0,3.5,95.0,4.0,1,253.0,0.0,0.0,0.0
1118.5,6.0,1252.0,4.0,1,3120.0,0.0,0.0,0.0
698.0,5.0,148.0,4.0,1,239.0,0.0,0.0,0.0
276.0,4.0,270.0,4.0,1,991.0,0.0,0.0,0.0
577.5,11.5,598.0,4.0,1,786.0,0.0,0.0,0.0
124.0,2.0,621.0,4.0,1,302.0,0.0,0.0,0.0
51.0,1.0,797.0,4.0,1,316.0,0.0,0.0,0.0
797.5,6.0,1822.0,4.0,1,2796.0,0.0,0.0,0.0
60.5,2.0,386.0,4.5,1,1020.0,19.5,5.0,0.0
1279.0,15.0,1216.0,4.0,1,1064.0,0.0,0.0,0.0
995.0,4.0,2283.0,4.0,1,4317.0,0.0,0.0,0.0
376.3333333333333,3.5,37.0,4.0,1,782.0,0.0,0.0,0.0
27.5,1.0,569.0,4.0,1,15.0,0.0,0.0,0.0
228.0,2.0,1025.0,4.0,1,192.0,0.0,0.0,0.0
957.0,7.5,2043.0,4.0,1,569.0,0.0,0.0,0.0
439.0,4.0,149.0,4.0,1,1368.0,16.0,0.0,0.0
450.0,4.5,481.0,4.0,1,132.0,0.0,0.0,0.0
535.5,5.5,771.0,4.0,1,882.0,0.0,0.0,0.0
822.0,14.0,1464.0,5.0,1,1445.0,0.0,0.0,0.0
359.0,6.0,549.0,4.0,0,367.0,0.0,0.0,0.0
58.0,2.0,173.0,4.0,0,579.0,0.0,0.0,0.0
664.0,6.0,851.0,4.0,1,1501.0,0.0,0.0,0.0
613.5,11.0,571.0,4.0,1,899.0,0.0,0.0,0.0
122.0,1.0,514.0,4.0,1,198.0,46.0,2.0,0.0
671.0,11.0,375.0,4.0,1,1053.0,0.0,0.0,0.0
6.0,2.0,112.0,5.0,0,393.0,15.0,1.0,0.0
139.0,3.0,656.0,4.0,1,324.0,0.0,0.0,0.0
357.5,5.0,66.0,4.0,0,317.0,0.0,0.0,0.0
12.0,3.0,198.0,4.0,1,201.0,31.0,0.0,0.0
525.5,8.0,56.0,4.0,1,282.0,0.0,0.0,0.0
26.0,0.0,1103.0,4.0,0,895.0,0.0,0.0,0.0
548.0,1.5,532.0,4.0,1,865.0,0.0,0.0,0.0
1065.0,9.0,1110.0,4.0,1,1085.0,0.0,0.0,0.0
769.0,5.0,1550.0,4.0,1,2324.0,0.0,0.0,0.0
747.0,9.0,1007.0,4.0,1,1812.0,0.0,0.0,0.0
218.5,2.0,110.0,2.0,1,14.0,0.0,0.0,0.0
567.0,8.25,240.0,4.0,1,739.0,0.0,0.0,0.0
690.0,9.5,1390.0,4.5,1,1404.0,0.0,0.0,0.0
157.0,2.5,1029.0,4.0,1,71.0,0.0,0.0,0.0
246.0,3.5,553.0,4.0,1,41.0,0.0,0.0,0.0
118.0,4.0,565.0,2.0,1,37.0,0.0,0.0,0.0
131.0,3.0,670.0,4.0,1,67.0,20.0,1.0,0.0
1146.0,19.0,161.0,5.0,1,606.0,0.0,0.0,0.0
64.0,2.5,620.0,4.0,0,351.0,28.5,1.0,0.0
126.0,3.0,354.0,4.0,1,132.0,0.0,0.0,0.0
208.5,9.0,512.0,4.0,1,399.0,0.0,0.0,0.0
139.0,2.5,310.0,2.0,1,0.0,0.0,0.0,0.0
58.0,5.0,950.0,4.0,1,324.0,0.0,0.0,0.0
789.0,15.0,1372.0,4.0,1,1227.0,0.0,0.0,0.0
336.5,5.5,357.0,4.0,1,144.0,0.0,0.0,0.0
639.0,9.5,821.0,2.0,1,1558.0,0.0,0.0,0.0
48.5,1.0,209.0,4.0,1,159.0,0.0,0.0,0.0
503.5,3.5,207.0,4.0,1,307.0,0.0,0.0,0.0
1353.0,33.5,1232.0,5.0,1,282.0,0.0,0.0,0.0
178.0,2.5,651.0,4.0,1,511.0,0.0,0.0,0.0
1011.5,17.333333333333332,434.0,5.0,1,960.0,0.0,0.0,0.0
808.0,7.0,800.0,4.0,1,2285.0,0.0,0.0,0.0
469.0,4.0,430.0,4.0,1,993.0,0.0,0.0,0.0
393.0,7.0,588.0,4.0,1,254.0,0.0,0.0,0.0
314.0,3.0,483.0,4.0,1,162.0,0.0,0.0,0.0
644.5,13.0,457.0,4.0,1,1183.0,0.0,0.0,0.0
28.5,1.0,340.0,4.0,0,84.0,0.0,0.0,0.0
264.0,3.5,667.0,4.0,1,748.0,0.0,0.0,0.0
176.0,3.5,844.0,2.0,1,16.0,0.0,0.0,0.0
664.0,12.0,1184.0,4.0,1,1172.0,0.0,0.0,0.0
546.25,6.0,487.0,4.0,1,736.0,0.0,0.0,0.0
149.0,5.0,194.0,4.0,1,726.0,0.0,0.0,0.0
26.0,0.0,1014.0,4.0,0,790.0,0.0,0.0,0.0
25.0,1.5,849.0,4.0,0,818.0,0.0,0.0,0.0
1254.0,9.5,754.0,4.0,1,2376.0,0.0,0.0,0.0
721.0,6.0,766.0,4.0,1,1594.0,0.0,0.0,0.0
348.0,4.0,257.0,4.0,1,123.0,0.0,0.0,0.0
963.5,19.0,645.0,5.0,1,1122.0,0.0,0.0,0.0
313.0,3.5,372.0,4.0,1,1134.0,0.0,0.0,0.0
639.0,10.0,913.0,4.0,1,1203.0,0.0,0.0,0.0
71.5,5.5,805.0,4.0,0,261.0,13.166666666666666,3.0,0.0
17.5,3.0,1227.0,4.0,0,255.0,9.333333333333334,2.0,0.0
1033.0,13.0,868.0,4.0,1,2239.0,0.0,0.0,0.0
220.5,3.5,196.0,4.0,1,65.0,0.0,0.0,0.0
84.5,3.5,579.0,3.0,1,546.0,0.0,0.0,0.0
64.0,6.0,264.0,4.0,1,1098.0,0.0,0.0,0.0
1138.0,7.0,261.0,4.0,1,1663.0,0.0,0.0,0.0
972.5,7.5,2293.0,4.0,1,4073.0,0.0,0.0,0.0
386.0,4.5,553.0,4.0,1,793.0,0.0,0.0,0.0
456.5,5.0,176.0,4.0,1,133.0,0.0,0.0,0.0
675.0,11.0,429.0,5.0,1,1216.0,0.0,0.0,0.0
264.0,3.0,97.0,4.0,1,680.0,0.0,0.0,0.0
91.0,3.0,1086.0,4.0,1,250.0,0.0,0.0,0.0
1538.0,11.5,139.0,4.0,1,779.0,0.0,0.0,0.0
156.0,3.0,271.0,4.0,1,18.0,0.0,0.0,0.0
500.0,5.0,266.0,4.0,0,198.0,0.0,0.0,0.0
15.0,3.0,524.0,4.0,1,664.0,0.0,0.0,0.0
1848.0,16.5,1545.0,0.0,1,281.0,0.0,0.0,0.0
769.0,7.0,1379.0,4.0,1,218.0,0.0,0.0,0.0
644.0,18.0,434.0,4.0,1,1407.0,0.0,0.0,0.0
63.0,4.5,126.0,4.0,1,177.0,2.4,1.0,0.0
319.0,3.5,400.0,4.0,1,1390.0,0.0,0.0,0.0
3.0,1.5,820.0,0.0,1,532.0,12.6,1.0,0.0
97.0,1.0,263.0,2.0,1,7.0,16.666666666666668,1.0,0.0
680.0,12.0,1174.0,4.0,1,813.0,0.0,0.0,0.0
105.0,2.0,636.0,3.0,0,900.0,0.0,0.0,0.0
123.0,4.0,644.0,4.0,1,539.0,0.0,0.0,0.0
9.0,7.0,291.0,0.0,1,797.0,0.0,0.0,0.0
19.0,1.5,449.0,4.0,1,176.0,0.0,0.0,0.0
299.0,4.5,425.0,4.0,1,224.0,0.0,0.0,0.0
613.0,15.5,724.0,5.0,1,2201.0,0.0,0.0,0.0
671.0,5.0,815.0,4.0,1,1640.0,0.0,0.0,0.0
387.5,4.5,317.0,4.0,1,504.0,0.0,0.0,0.0
100.5,3.0,486.0,4.0,1,37.0,0.0,0.0,0.0
640.0,4.0,181.0,4.0,1,291.0,0.0,0.0,0.0
166.5,3.6666666666666665,740.0,4.0,1,42.0,0.0,0.0,0.0
198.0,4.0,578.0,4.0,1,88.0,0.0,0.0,0.0
736.5,6.0,1091.0,4.0,1,1585.0,0.0,0.0,0.0
1167.5,12.0,1262.0,4.0,1,969.0,0.0,0.0,0.0
1002.0,22.0,2210.0,4.0,1,1789.0,0.0,0.0,0.0
169.0,4.5,1268.0,4.0,1,630.0,0.0,0.0,0.0
552.0,4.5,210.0,4.0,1,227.0,0.0,0.0,0.0
53.0,1.0,664.0,0.0,1,23.0,0.0,0.0,0.0
103.0,4.0,901.0,4.0,1,69.0,0.0,0.0,0.0
662.0,6.5,532.0,4.0,1,532.0,0.0,0.0,0.0
38.0,3.0,114.0,4.0,1,293.0,0.0,0.0,0.0
438.0,6.5,123.0,4.0,1,1333.0,0.0,0.0,0.0
506.5,14.5,602.0,4.0,1,1421.0,0.0,0.0,0.0
733.0,7.0,384.0,4.0,1,479.0,0.0,0.0,0.0
114.5,1.5,251.0,3.5,1,295.0,0.0,0.0,0.0
316.0,3.5,424.0,4.0,1,1374.0,0.0,0.0,0.0
861.0,11.25,1426.0,5.0,1,1647.0,0.0,0.0,0.0
373.5,4.5,914.0,4.0,1,614.0,0.0,0.0,0.0
512.0,6.666666666666667,665.0,4.0,1,255.0,0.0,0.0,0.0
510.0,6.0,185.0,3.0,1,549.0,0.0,0.0,0.0
148.5,4.0,528.0,2.0,1,53.0,0.0,0.0,0.0
58.0,1.0,302.0,4.0,1,667.0,0.0,0.0,0.0
1054.0,15.5,289.0,5.0,1,556.0,0.0,0.0,0.0
676.0,12.5,605.0,4.5,1,1165.0,0.0,0.0,0.0
430.0,7.5,559.0,4.0,1,171.0,0.0,0.0,0.0
64.66666666666667,2.0,439.0,4.0,1,507.0,0.0,0.0,0.0
84.0,2.0,212.0,4.0,1,156.0,0.0,0.0,0.0
114.0,5.0,405.0,4.0,1,2.0,0.0,0.0,0.0
168.0,3.0,507.0,4.0,1,411.0,0.0,0.0,0.0
73.0,3.0,327.0,4.0,1,109.0,0.0,0.0,0.0
389.0,5.0,754.0,4.0,1,818.0,0.0,0.0,0.0
631.0,6.0,912.0,4.0,1,1046.0,0.0,0.0,0.0
105.5,3.0,379.0,4.0,1,884.0,0.0,0.0,0.0
202.5,4.5,217.0,4.0,1,83.0,0.0,0.0,0.0
289.5,6.0,520.0,2.6666666666666665,1,51.0,8.5,0.0,0.0
152.0,4.0,374.0,4.0,1,542.0,0.0,0.0,0.0
177.0,2.0,584.0,4.0,1,365.0,0.0,0.0,0.0
615.0,3.0,577.0,4.0,1,763.0,0.0,0.0,0.0
78.33333333333333,0.0,601.0,4.0,1,645.0,0.0,0.0,0.0
653.5,8.0,818.0,5.0,1,1831.0,0.0,0.0,0.0
70.5,2.0,329.0,4.0,1,420.0,0.0,0.0,0.0
36.0,2.0,477.0,4.0,1,462.0,13.5,2.0,0.0
117.0,6.0,425.0,4.0,0,488.0,0.0,0.0,0.0
45.5,1.0,448.0,4.0,1,240.0,0.0,0.0,0.0
53.0,1.0,370.0,4.0,1,1161.0,0.0,0.0,0.0
376.5,3.0,27.0,4.0,1,74.0,0.0,0.0,0.0
248.0,6.5,601.0,4.0,1,1018.0,0.0,0.0,0.0
26.0,0.0,1004.0,4.0,0,761.0,0.0,0.0,0.0
583.0,1.5,588.0,4.0,1,1550.0,0.0,0.0,0.0
319.0,2.0,360.0,4.0,1,183.0,0.0,0.0,0.0
332.0,3.5,246.0,4.0,1,1220.0,0.0,0.0,0.0
247.0,3.5,298.0,4.0,1,110.0,0.0,0.0,0.0
605.0,2.0,1576.0,4.0,1,2546.0,0.0,0.0,0.0
23.0,1.5,517.0,2.0,1,14.0,32.0,0.0,0.0
149.0,2.5,395.0,4.0,1,107.0,12.0,0.0,0.0
336.0,3.0,266.0,4.0,1,111.0,0.0,0.0,0.0
529.75,4.0,364.0,2.0,1,212.0,0.0,0.0,0.0
241.0,2.5,906.0,4.0,1,982.0,0.0,0.0,0.0
536.0,7.0,158.0,4.0,1,536.0,0.0,0.0,0.0
19.5,1.0,534.0,4.0,1,738.0,0.0,0.0,0.0
25.0,1.5,448.0,2.333333333333333,1,38.0,0.0,0.0,0.0
191.0,4.0,684.0,4.0,1,164.0,0.0,0.0,0.0
290.5,5.0,253.0,4.0,1,383.0,0.0,0.0,0.0
741.0,8.5,1463.0,4.0,1,2193.0,0.0,0.0,0.0
130.0,4.0,589.0,4.0,1,255.0,0.0,0.0,0.0
470.0,6.5,309.0,4.0,1,448.0,0.0,0.0,0.0
942.0,21.5,1808.0,4.0,1,796.0,0.0,0.0,0.0
1231.0,9.0,699.0,4.0,1,1443.0,0.0,0.0,0.0
603.0,11.5,802.0,5.0,1,1481.0,0.0,0.0,0.0
178.5,2.5,580.0,4.0,1,48.0,0.0,0.0,0.0
135.0,3.0,391.0,4.0,1,138.0,0.0,0.0,0.0
719.0,6.0,800.0,4.0,1,1597.0,0.0,0.0,0.0
1.5,1.5,706.0,0.0,0,544.0,0.0,0.0,0.0
314.5,7.0,443.0,4.0,1,155.0,0.0,0.0,0.0
526.0,4.0,194.0,4.0,1,620.0,0.0,0.0,0.0
615.0,4.0,1147.0,4.0,1,2125.0,0.0,0.0,0.0
429.5,7.0,31.0,4.0,1,529.0,0.0,0.0,0.0
307.0,17.0,268.0,4.0,1,270.0,0.0,0.0,0.0
553.0,16.5,86.0,5.0,1,1719.0,0.0,0.0,0.0
411.5,5.0,76.0,4.0,1,293.0,0.0,0.0,0.0
556.5,5.5,860.0,4.0,1,147.0,0.0,0.0,0.0
765.0,9.0,1243.0,4.0,1,1546.0,0.0,0.0,0.0
714.0,5.0,1299.0,2.0,1,2123.0,0.0,0.0,0.0
9.0,2.0,538.0,2.0,1,362.0,23.0,0.0,0.0
511.0,4.0,644.0,4.0,1,888.0,0.0,0.0,0.0
356.0,4.0,850.0,4.0,1,378.0,0.0,0.0,0.0
27.0,2.0,826.0,4.0,1,567.0,3.0,0.0,0.0
344.0,7.0,1022.0,4.0,1,941.0,0.0,0.0,0.0
277.5,3.5,395.0,4.0,1,287.0,0.0,0.0,0.0
605.0,2.5,208.0,2.0,1,767.0,0.0,0.0,0.0
85.0,3.0,1081.0,4.0,1,545.0,0.0,0.0,0.0
109.0,3.5,680.0,4.0,1,62.0,0.0,0.0,0.0
135.0,1.5,93.0,3.0,0,364.0,0.0,0.0,0.0
401.0,4.0,651.0,4.0,1,550.0,0.0,0.0,0.0
10.5,4.0,722.0,4.0,0,69.0,18.142857142857142,1.0,1.0
993.6666666666666,4.5,2261.0,4.0,1,4333.0,0.0,0.0,0.0
70.0,2.0,639.0,4.0,1,1053.0,20.0,1.0,0.0
444.3333333333333,3.0,23.0,4.0,1,1567.0,0.0,0.0,0.0
52.0,1.0,295.0,4.0,1,221.0,0.0,0.0,0.0
595.0,5.0,813.0,4.0,1,2467.0,0.0,0.0,0.0
221.0,4.5,297.0,4.0,1,190.0,0.0,0.0,0.0
54.0,1.5,297.0,4.0,1,715.0,0.0,0.0,0.0
57.0,1.0,356.0,2.0,0,23.0,17.5,0.0,0.0
652.0,8.0,680.0,5.0,1,432.0,0.0,0.0,0.0
18.5,4.0,976.0,4.0,0,316.0,6.666666666666667,3.0,0.0
139.0,2.0,503.0,4.0,1,92.0,0.0,0.0,0.0
214.5,5.0,740.0,4.0,1,174.0,0.0,0.0,0.0
19.5,2.0,274.0,3.0,1,78.0,0.0,0.0,0.0
1288.0,14.0,1063.0,5.0,1,2432.0,0.0,0.0,0.0
147.0,3.0,361.0,4.0,1,635.0,0.0,0.0,0.0
250.0,4.0,754.0,4.0,1,38.0,0.0,0.0,0.0
146.5,2.0,479.0,4.0,1,41.0,0.0,0.0,0.0
35.0,2.5,741.0,2.0,1,0.0,0.0,0.0,0.0
1315.0,13.0,1159.0,5.0,1,58.0,0.0,0.0,0.0
207.5,3.0,557.0,4.0,1,132.0,0.0,0.0,0.0
933.0,18.0,543.0,5.0,1,769.0,0.0,0.0,0.0
493.0,11.0,558.0,4.0,1,504.0,0.0,0.0,0.0
1190.0,15.5,2429.0,4.5,1,1131.0,0.0,0.0,0.0
201.0,6.0,141.0,4.0,1,286.0,0.0,0.0,0.0
5.0,1.0,343.0,4.0,1,99.0,23.5,1.0,0.0
488.0,5.5,492.0,0.0,1,262.0,0.0,0.0,0.0
283.5,2.0,979.0,4.0,1,231.0,0.0,0.0,0.0
1473.0,18.0,2225.0,4.0,1,653.0,0.0,0.0,0.0
14.666666666666666,2.0,278.0,4.0,1,278.0,7.0,1.0,0.0
501.0,6.0,93.0,4.0,1,1549.0,0.0,0.0,0.0
1006.0,11.0,1192.0,4.5,1,1306.0,0.0,0.0,0.0
564.5,5.0,324.0,4.0,1,84.0,0.0,0.0,0.0
1093.0,5.0,1252.0,4.0,1,3072.0,0.0,0.0,0.0
171.0,2.0,436.0,4.0,1,106.0,0.0,0.0,0.0
204.0,6.0,320.0,4.0,1,530.0,0.0,0.0,0.0
357.0,4.0,22.0,4.0,1,54.0,0.0,0.0,0.0
511.0,6.0,705.0,4.0,1,443.0,0.0,0.0,0.0
25.0,2.0,786.0,4.0,1,759.0,0.0,0.0,0.0
801.5,8.0,1586.0,4.0,1,508.0,0.0,0.0,0.0
169.0,4.5,713.0,4.0,1,397.0,0.0,0.0,0.0
947.0,21.0,514.0,5.0,1,761.0,0.0,0.0,0.0
344.0,7.5,84.0,4.0,1,651.0,0.0,0.0,0.0
529.75,6.5,256.0,5.0,1,1792.0,0.0,0.0,0.0
502.0,4.5,211.0,4.0,1,265.0,0.0,0.0,0.0
232.0,7.0,912.0,4.0,1,689.0,0.0,0.0,0.0
392.0,7.0,209.0,4.0,1,177.0,0.0,0.0,0.0
159.5,6.0,246.0,4.0,1,165.0,0.0,0.0,0.0
844.0,3.0,958.0,4.0,1,3303.0,0.0,0.0,0.0
225.0,3.0,93.0,4.0,1,221.0,0.0,0.0,0.0
685.0,7.5,629.0,4.0,1,174.0,0.0,0.0,0.0
180.0,5.5,451.0,4.0,1,248.0,0.0,0.0,0.0
4.0,2.0,344.0,2.0,1,345.0,0.0,0.0,0.0
594.0,3.5,587.0,4.0,1,1010.0,0.0,0.0,0.0
335.0,14.0,201.0,4.0,1,336.0,0.0,0.0,0.0
128.75,5.0,220.0,4.0,1,586.0,0.0,0.0,0.0
69.0,1.5,650.0,5.0,1,727.0,0.0,0.0,0.0
62.0,2.5,255.0,4.0,1,186.0,0.0,0.0,0.0
73.0,1.0,610.0,4.0,1,232.0,0.0,0.0,0.0
583.0,12.5,236.0,4.0,1,769.0,0.0,0.0,0.0
976.6666666666666,17.0,455.0,5.0,1,1118.0,0.0,0.0,0.0
132.0,2.0,248.0,4.0,1,467.0,15.0,1.0,0.0
552.5,6.0,378.0,2.0,1,325.0,0.0,0.0,0.0
550.0,4.0,469.0,3.0,1,444.0,0.0,0.0,0.0
48.5,1.5,717.0,4.0,0,297.0,13.333333333333334,1.0,0.0
234.0,5.0,373.0,4.0,1,135.0,0.0,0.0,0.0
505.0,6.0,292.0,3.5,1,494.0,0.0,0.0,0.0
142.0,2.0,1006.0,4.0,1,403.0,0.0,0.0,0.0
360.0,4.0,106.0,4.0,1,399.0,0.0,0.0,0.0
804.25,21.0,786.0,5.0,1,777.0,0.0,0.0,0.0
241.0,4.0,499.0,4.0,1,130.0,0.0,0.0,0.0
811.5,8.0,1926.0,4.0,1,2817.0,0.0,0.0,0.0
136.0,2.5,237.0,4.0,1,136.0,0.0,0.0,0.0
242.0,2.5,611.0,4.0,1,7.0,0.0,0.0,0.0
21.5,1.5,808.0,4.0,1,344.0,0.0,0.0,0.0
39.0,2.0,746.0,4.0,0,871.0,0.0,0.0,0.0
643.0,10.5,763.0,4.0,1,1058.0,0.0,0.0,0.0
573.0,5.0,760.0,4.0,1,812.0,0.0,0.0,0.0
715.5,6.5,1550.0,4.0,1,23.0,0.0,0.0,0.0
186.0,10.0,633.0,4.0,1,280.0,0.0,0.0,0.0
770.5,4.5,932.0,4.0,1,3672.0,0.0,0.0,0.0
170.0,3.0,414.0,4.0,1,77.0,0.0,0.0,0.0
198.0,3.5,470.0,4.0,1,586.0,0.0,0.0,0.0
425.0,8.0,384.0,4.0,1,333.0,0.0,0.0,0.0
370.0,4.0,244.0,4.0,1,249.0,0.0,0.0,0.0
1260.0,32.0,1393.0,5.0,1,329.0,0.0,0.0,0.0
831.5,5.5,710.0,4.0,1,3065.0,0.0,0.0,0.0
555.5,11.0,595.0,4.0,1,354.0,0.0,0.0,0.0
1009.25,10.0,1067.0,4.5,1,1519.0,0.0,0.0,0.0
1520.5,11.0,98.0,4.0,1,861.0,0.0,0.0,0.0
718.5,7.0,1212.0,5.0,1,1872.0,0.0,0.0,0.0
393.0,3.0,317.0,4.0,1,37.0,0.0,0.0,0.0
155.0,6.0,353.0,4.0,1,248.0,0.0,0.0,0.0
437.0,6.5,367.0,2.0,1,154.0,0.0,0.0,0.0
665.0,5.5,379.0,4.0,1,186.0,0.0,0.0,0.0
959.5,20.0,510.0,5.0,1,1141.0,0.0,0.0,0.0
1554.0,20.0,1259.0,5.0,1,120.0,0.0,0.0,0.0
12.0,1.5,425.0,4.0,1,479.0,6.5,0.0,0.0
55.0,5.0,955.0,4.0,1,489.0,0.0,0.0,0.0
245.0,3.0,627.0,4.0,1,176.0,0.0,0.0,0.0
526.0,4.0,206.0,4.0,1,471.0,0.0,0.0,0.0
497.75,7.0,150.0,4.0,1,267.0,0.0,0.0,0.0
101.5,6.0,883.0,4.0,1,546.0,0.0,0.0,0.0
89.0,2.0,326.0,4.0,1,348.0,20.666666666666668,1.0,0.0
219.5,6.0,499.0,4.0,1,544.0,0.0,0.0,0.0
276.0,2.5,1114.0,4.0,1,51.0,0.0,0.0,0.0
571.0,7.0,366.0,4.0,1,794.0,0.0,0.0,0.0
335.0,6.0,378.0,4.0,1,249.0,0.0,0.0,0.0
521.5,6.5,486.0,4.0,1,630.0,0.0,0.0,0.0
539.5,6.5,657.0,4.0,1,57.0,0.0,0.0,0.0
286.0,4.0,352.0,4.0,1,103.0,0.0,0.0,0.0
13.0,2.0,368.0,4.5,1,57.0,0.0,0.0,0.0
316.5,4.5,945.0,4.0,1,138.0,0.0,0.0,0.0
245.0,3.0,867.0,4.0,1,313.0,0.0,0.0,0.0
642.0,5.0,527.0,4.0,1,143.0,0.0,0.0,0.0
549.0,1.0,275.0,4.0,1,1102.0,0.0,0.0,0.0
147.5,3.5,385.0,4.0,1,94.0,15.5,1.0,0.0
172.0,1.0,922.0,4.0,1,89.0,0.0,0.0,0.0
295.0,4.0,327.0,4.0,1,1256.0,0.0,0.0,0.0
809.0,7.0,1282.0,4.0,1,3984.0,0.0,0.0,0.0
156.75,2.0,252.0,4.0,1,37.0,0.0,0.0,0.0
113.0,1.5,609.0,4.0,1,165.0,10.0,1.0,0.0
365.0,4.0,626.0,4.0,1,718.0,0.0,0.0,0.0
566.0,4.0,43.0,4.0,1,174.0,0.0,0.0,0.0
1215.5,7.0,636.0,4.0,1,2408.0,0.0,0.0,0.0
32.25,4.0,558.0,4.0,1,75.0,0.0,0.0,0.0
83.0,2.5,1328.0,4.0,1,51.0,15.0,0.0,0.0
420.5,4.0,628.0,4.0,1,231.0,0.0,0.0,0.0
432.0,6.0,618.0,3.0,1,109.0,0.0,0.0,0.0
634.0,4.0,389.0,4.0,1,670.0,0.0,0.0,0.0
1008.0,5.0,2310.0,4.0,1,4126.0,0.0,0.0,0.0
562.0,4.0,228.0,4.0,1,306.0,0.0,0.0,0.0
161.0,4.5,1207.0,4.0,1,604.0,37.0,0.0,0.0
1197.0,18.0,2404.0,4.5,1,1136.0,0.0,0.0,0.0
704.0,5.5,1188.0,4.0,1,1973.0,0.0,0.0,0.0
83.0,12.0,222.0,4.0,1,569.0,0.0,0.0,0.0
32.0,1.5,1033.0,4.0,1,164.0,22.33333333333333,0.0,0.0
107.0,1.0,168.0,4.0,1,523.0,5.0,1.0,0.0
367.0,6.0,461.0,4.0,1,443.0,0.0,0.0,0.0
318.0,5.0,359.0,4.0,1,46.0,0.0,0.0,0.0
828.5,5.5,2087.0,4.0,1,3021.0,0.0,0.0,0.0
556.0,3.0,506.0,4.0,1,1222.0,0.0,0.0,0.0
242.0,3.0,203.0,2.0,1,412.0,32.0,0.0,0.0
700.0,6.5,758.0,4.0,1,1783.0,0.0,0.0,0.0
246.5,3.0,552.0,4.0,1,62.0,0.0,0.0,0.0
1115.0,28.0,2280.0,5.0,1,964.0,0.0,0.0,0.0
527.25,8.0,641.0,4.0,1,747.0,0.0,0.0,0.0
542.0,9.0,365.0,4.0,1,1028.0,0.0,0.0,0.0
1426.5,16.0,2094.0,4.0,1,671.0,0.0,0.0,0.0
1012.0,12.0,1122.0,4.0,1,2456.0,0.0,0.0,0.0
1010.0,16.0,468.0,5.0,1,862.0,0.0,0.0,0.0
502.0,4.0,168.0,2.0,1,247.0,0.0,0.0,0.0
53.0,1.0,219.0,4.0,0,919.0,0.0,0.0,0.0
777.0,12.5,311.0,4.0,1,2334.0,0.0,0.0,0.0
664.5,13.666666666666666,993.0,4.5,1,1551.0,0.0,0.0,0.0
349.0,6.0,117.0,4.0,1,167.0,0.0,0.0,0.0
133.0,3.0,392.0,4.0,1,37.0,0.0,0.0,0.0
679.75,6.5,869.0,4.0,1,1088.0,0.0,0.0,0.0
79.0,3.0,452.0,4.0,1,628.0,0.0,0.0,0.0
76.0,2.0,592.0,4.0,1,159.0,0.0,0.0,0.0
25.0,2.5,249.0,4.0,1,310.0,0.0,0.0,0.0
136.0,2.0,215.0,2.0,1,12.0,0.0,0.0,0.0
218.0,3.0,931.0,4.0,1,223.0,0.0,0.0,0.0
201.5,3.0,516.0,4.0,1,444.0,0.0,0.0,0.0
55.0,3.0,417.0,4.0,1,417.0,0.0,0.0,0.0
224.5,4.5,393.0,4.0,1,83.0,16.0,1.0,0.0
421.5,6.0,548.0,0.0,1,0.0,0.0,0.0,0.0
956.5,7.5,979.0,5.0,1,1426.0,0.0,0.0,0.0
581.0,7.0,156.0,4.0,1,240.0,0.0,0.0,0.0
12.0,1.5,636.0,4.0,0,337.0,0.0,0.0,0.0
745.5,10.0,1048.0,4.0,1,922.0,0.0,0.0,0.0
40.0,2.0,206.0,4.0,1,406.0,26.5,0.0,0.0
412.5,5.0,501.0,4.0,1,788.0,0.0,0.0,0.0
276.0,4.0,676.0,4.0,1,172.0,0.0,0.0,0.0
3.0,3.0,726.0,0.0,1,817.0,0.0,0.0,0.0
695.0,6.0,576.0,4.0,1,1600.0,0.0,0.0,0.0
63.5,3.0,682.0,4.0,1,379.0,8.0,0.0,0.0
320.5,4.0,393.0,4.0,1,107.0,0.0,0.0,0.0
218.0,6.0,327.0,4.0,1,75.0,0.0,0.0,0.0
201.0,1.0,600.0,4.0,1,268.0,0.0,0.0,0.0
38.0,3.0,1149.0,4.5,1,578.0,18.0,2.0,0.0
412.0,4.0,50.0,4.0,1,461.0,0.0,0.0,0.0
382.0,5.0,423.0,4.0,1,1201.0,0.0,0.0,0.0
513.5,4.0,141.0,4.0,1,475.0,0.0,0.0,0.0
574.0,5.5,225.0,4.0,1,200.0,0.0,0.0,0.0
251.0,2.0,387.0,4.0,1,995.0,0.0,0.0,0.0
91.5,4.0,456.0,4.0,0,141.0,9.666666666666666,2.0,0.0
399.0,6.0,177.0,4.0,1,931.0,0.0,0.0,0.0
32.0,1.0,277.0,4.0,1,409.0,17.666666666666668,2.0,0.0
539.75,3.5,233.0,4.0,1,273.0,0.0,0.0,0.0
248.0,4.0,659.0,4.0,1,46.0,0.0,0.0,0.0
16.25,5.0,893.0,4.0,0,232.0,10.866666666666667,7.0,0.0
105.33333333333331,2.0,500.0,4.0,1,282.0,0.0,0.0,0.0
26.0,1.5,794.0,4.0,1,672.0,0.0,0.0,0.0
324.0,4.5,253.0,2.0,1,154.0,0.0,0.0,0.0
177.0,1.5,327.0,2.0,1,0.0,0.0,0.0,0.0
87.0,5.0,494.0,4.5,0,552.0,16.0,2.0,0.0
81.0,15.5,128.0,4.0,1,308.0,0.0,0.0,0.0
87.0,1.0,780.0,4.0,1,259.0,11.25,3.0,0.0
912.0,7.5,2355.0,4.0,1,3733.0,0.0,0.0,0.0
1121.0,6.5,1192.0,4.0,1,3060.0,0.0,0.0,0.0
173.5,3.0,306.0,4.0,1,0.0,0.0,0.0,0.0
251.25,4.0,389.0,4.0,1,90.0,0.0,0.0,0.0
635.0,4.0,281.0,4.0,1,744.0,0.0,0.0,0.0
56.0,2.0,670.0,4.0,0,889.0,0.0,0.0,0.0
250.0,6.0,396.0,4.0,1,176.0,0.0,0.0,0.0
943.0,18.75,555.0,5.0,1,1235.0,0.0,0.0,0.0
94.5,1.0,815.0,4.0,0,1192.0,16.333333333333332,1.0,0.0
1229.5,5.0,441.0,4.0,1,2113.0,0.0,0.0,0.0
70.5,2.0,912.0,4.0,1,364.0,19.75,0.0,0.0
559.5,13.0,724.0,5.0,1,1385.0,0.0,0.0,0.0
261.0,3.0,679.0,4.0,1,189.0,0.0,0.0,0.0
345.5,6.0,120.0,4.0,1,459.0,0.0,0.0,0.0
147.5,2.5,329.0,4.0,1,106.0,0.0,0.0,0.0
64.5,2.5,393.0,4.0,1,426.0,0.0,0.0,0.0
1032.0,20.5,240.0,4.0,1,107.0,0.0,0.0,0.0
609.5,4.0,1204.0,4.5,1,1821.0,0.0,0.0,0.0
333.0,4.0,346.0,4.0,1,227.0,0.0,0.0,0.0
112.5,2.5,637.0,4.0,1,668.0,0.0,0.0,0.0
829.0,16.0,888.0,5.0,1,995.0,0.0,0.0,0.0
23.0,1.5,903.0,4.0,0,272.0,0.0,0.0,0.0
128.0,3.0,186.0,4.0,1,112.0,0.0,0.0,0.0
1382.0,17.5,1779.0,4.0,1,415.0,0.0,0.0,0.0
38.0,4.5,646.0,4.0,1,667.0,15.285714285714286,3.0,0.0
508.5,6.0,184.0,4.0,1,1576.0,0.0,0.0,0.0
42.0,2.5,1045.0,4.5,1,617.0,0.0,0.0,0.0
777.0,7.0,1652.0,4.5,1,1861.0,0.0,0.0,0.0
290.5,4.5,252.0,4.0,1,353.0,0.0,0.0,0.0
100.5,3.0,554.0,4.0,1,505.0,0.0,0.0,0.0
985.5,15.0,2433.0,4.0,1,638.0,0.0,0.0,0.0
511.0,4.0,188.0,4.0,1,622.0,0.0,0.0,0.0
194.0,3.5,1009.0,4.0,1,931.0,11.5,1.0,0.0
24.0,1.0,465.0,4.0,1,458.0,11.75,3.0,0.0
738.0,6.0,819.0,4.0,1,705.0,0.0,0.0,0.0
382.5,6.0,300.0,4.0,1,216.0,0.0,0.0,0.0
594.0,12.5,588.0,5.0,1,1115.0,0.0,0.0,0.0
311.0,2.5,337.0,4.0,1,384.0,0.0,0.0,0.0
604.5,9.0,472.0,4.0,1,94.0,0.0,0.0,0.0
96.0,3.0,418.0,4.0,0,228.0,30.0,0.0,0.0
540.5,5.0,291.0,4.0,1,483.0,0.0,0.0,0.0
479.0,8.0,299.0,0.0,1,7.0,29.0,0.0,0.0
1010.0,20.0,2253.0,5.0,1,307.0,0.0,0.0,0.0
70.0,2.0,899.0,4.0,1,21.0,15.0,0.0,0.0
42.0,1.0,324.0,4.0,1,96.0,30.0,0.0,0.0
154.0,3.5,580.0,4.0,1,24.0,0.0,0.0,0.0
596.0,6.0,703.0,4.0,1,1039.0,0.0,0.0,0.0
693.75,5.5,722.0,4.0,1,1373.0,0.0,0.0,0.0
58.0,2.0,333.0,4.0,1,576.0,0.0,0.0,0.0
472.0,7.5,832.0,4.0,1,832.0,0.0,0.0,0.0
184.0,3.0,237.0,4.0,1,101.0,0.0,0.0,0.0
301.0,7.0,181.0,4.0,1,471.0,0.0,0.0,0.0
365.0,10.0,453.0,4.0,1,463.0,0.0,0.0,0.0
837.0,10.0,1846.0,4.0,1,1798.0,0.0,0.0,0.0
116.5,2.0,379.0,4.0,1,176.0,0.0,0.0,0.0
846.0,12.0,1959.0,4.0,1,950.0,0.0,0.0,0.0
93.5,2.0,870.0,2.0,1,36.0,0.0,0.0,0.0
235.0,10.0,333.0,4.0,1,397.0,0.0,0.0,0.0
490.0,6.25,554.0,4.0,1,395.0,0.0,0.0,0.0
239.0,5.0,110.0,4.0,1,275.0,0.0,0.0,0.0
226.0,3.5,688.0,4.0,1,124.0,0.0,0.0,0.0
1145.0,8.0,1376.0,4.5,1,480.0,0.0,0.0,0.0
320.0,5.0,452.0,4.0,1,106.0,0.0,0.0,0.0
18.0,2.0,858.0,4.0,1,422.0,0.0,0.0,0.0
23.0,1.0,439.0,4.0,1,593.0,22.0,0.0,0.0
609.0,5.5,317.0,4.0,1,407.0,0.0,0.0,0.0
459.6666666666667,4.0,312.0,4.0,1,138.0,0.0,0.0,0.0
103.5,2.0,347.0,4.0,1,736.0,16.0,2.0,0.0
1164.0,5.5,864.0,4.0,1,2730.0,0.0,0.0,0.0
817.0,15.0,205.0,5.0,1,2674.0,0.0,0.0,0.0
58.333333333333336,2.0,208.0,4.0,1,148.0,15.0,0.0,0.0
631.0,16.5,821.0,5.0,1,1348.0,0.0,0.0,0.0
388.0,6.5,567.0,4.0,1,380.0,0.0,0.0,0.0
321.0,4.0,150.0,4.0,1,43.0,0.0,0.0,0.0
86.5,2.0,330.0,4.0,1,82.0,18.0,2.0,0.0
29.0,0.5,1043.0,4.0,1,946.0,0.0,0.0,0.0
681.75,5.5,369.0,4.0,1,1389.0,0.0,0.0,0.0
787.5,4.5,1610.0,4.0,1,2550.0,0.0,0.0,0.0
99.0,2.5,366.0,4.0,1,514.0,26.0,1.0,0.0
1744.5,14.0,1527.0,5.0,1,316.0,0.0,0.0,0.0
219.0,5.0,376.0,4.0,1,72.0,0.0,0.0,0.0
7.0,3.0,321.0,4.0,1,325.0,22.0,1.0,0.0
3.0,0.5,594.0,0.0,1,796.0,21.0,2.0,0.0
233.0,6.0,1046.0,4.0,1,858.0,0.0,0.0,0.0
54.0,1.0,195.0,4.0,1,340.0,0.0,0.0,0.0
546.0,2.5,568.0,4.0,1,773.0,0.0,0.0,0.0
564.0,4.0,81.0,4.0,1,971.0,0.0,0.0,0.0
52.5,1.0,245.0,4.0,1,286.0,0.0,0.0,0.0
510.25,5.0,466.0,2.0,1,112.0,0.0,0.0,0.0
440.0,4.5,489.0,4.0,1,189.0,0.0,0.0,0.0
603.5,7.0,144.0,4.0,1,1146.0,0.0,0.0,0.0
974.0,10.0,2038.0,4.0,1,3657.0,0.0,0.0,0.0
107.0,2.0,136.0,4.0,1,99.0,0.0,0.0,0.0
166.0,3.0,374.0,4.0,1,458.0,0.0,0.0,0.0
65.33333333333333,4.0,119.0,4.0,1,200.0,7.5,0.0,0.0
239.75,3.0,588.0,4.0,1,7.0,0.0,0.0,0.0
191.5,4.5,373.0,4.0,1,309.0,0.0,0.0,0.0
330.0,11.5,430.0,4.0,1,217.0,0.0,0.0,0.0
106.0,2.0,544.0,3.0,0,918.0,20.0,1.0,0.0
565.0,12.0,510.0,4.0,1,1112.0,0.0,0.0,0.0
196.0,13.5,322.0,4.0,1,274.0,0.0,0.0,0.0
29.5,1.5,530.0,4.0,1,756.0,20.33333333333333,1.0,0.0
512.0,3.0,442.0,4.0,1,1550.0,0.0,0.0,0.0
1203.0,25.0,2348.0,5.0,1,1182.0,0.0,0.0,0.0
547.0,4.0,185.0,4.0,1,161.0,0.0,0.0,0.0
1211.0,33.0,1438.0,2.5,1,363.0,0.0,0.0,0.0
58.66666666666666,4.0,164.0,4.0,1,870.0,0.0,0.0,0.0
1218.0,7.0,1411.0,4.0,1,196.0,0.0,0.0,0.0
671.5,7.0,890.0,4.5,1,1725.0,0.0,0.0,0.0
64.0,2.0,748.0,4.0,1,153.0,0.0,0.0,0.0
64.0,2.0,549.0,4.0,1,941.0,0.0,0.0,0.0
529.0,4.0,194.0,4.0,1,439.0,0.0,0.0,0.0
133.0,2.0,923.0,4.5,1,351.0,0.0,0.0,0.0
397.5,4.5,525.0,4.0,1,1350.0,0.0,0.0,0.0
765.0,5.0,1002.0,4.0,1,3745.0,0.0,0.0,0.0
819.0,10.0,1129.0,4.0,1,554.0,0.0,0.0,0.0
106.0,1.0,531.0,2.0,1,25.0,9.5,1.0,0.0
269.0,3.0,648.0,4.0,1,301.0,0.0,0.0,0.0
356.0,6.0,57.0,4.0,1,73.0,0.0,0.0,0.0
300.0,4.0,836.0,2.0,1,25.0,0.0,0.0,0.0
326.5,5.0,350.0,4.0,1,93.0,0.0,0.0,0.0
1360.25,11.5,692.0,4.0,1,985.0,0.0,0.0,0.0
240.0,3.0,225.0,4.0,1,354.0,0.0,0.0,0.0
161.5,7.5,376.0,4.0,1,363.0,0.0,0.0,0.0
225.0,2.5,58.0,4.0,1,533.0,0.0,0.0,0.0
372.0,4.0,89.0,4.0,1,793.0,0.0,0.0,0.0
1490.5,11.5,703.0,4.0,1,1476.0,0.0,0.0,0.0
19.0,1.0,454.0,2.0,1,5.0,0.0,0.0,0.0
573.0,12.0,105.0,4.0,1,1150.0,0.0,0.0,0.0
132.25,5.0,447.0,4.0,1,169.0,0.0,0.0,0.0
1586.5,36.0,1276.0,5.0,1,306.0,0.0,0.0,0.0
763.0,7.0,1247.0,4.0,1,211.0,0.0,0.0,0.0
996.0,18.5,1938.0,4.0,1,982.0,0.0,0.0,0.0
26.0,3.0,430.0,4.0,1,416.0,0.0,0.0,0.0
375.0,13.0,244.0,4.0,1,570.0,0.0,0.0,0.0
10.0,2.0,418.0,4.0,1,449.0,0.0,0.0,0.0
549.0,5.0,175.0,4.0,1,212.0,0.0,0.0,0.0
302.0,5.5,258.0,2.0,1,55.0,0.0,0.0,0.0
313.5,5.0,357.0,4.0,1,444.0,0.0,0.0,0.0
271.0,4.5,474.0,4.0,1,275.0,0.0,0.0,0.0
373.5,7.0,245.0,2.0,1,96.0,0.0,0.0,0.0
666.0,7.0,1013.0,4.0,1,2270.0,0.0,0.0,0.0
259.0,5.5,1209.0,4.0,1,525.0,0.0,0.0,0.0
55.5,1.0,255.0,4.0,1,1046.0,11.8,3.0,0.0
385.5,2.0,165.0,4.0,1,826.0,0.0,0.0,0.0
1071.0,12.0,1153.0,4.0,1,2867.0,0.0,0.0,0.0
36.0,2.0,1164.0,4.0,0,152.0,15.0,1.0,0.0
421.0,7.0,346.0,4.0,1,179.0,0.0,0.0,0.0
604.0,4.0,477.0,4.0,1,843.0,0.0,0.0,0.0
1205.0,23.0,1668.0,5.0,1,441.0,0.0,0.0,0.0
29.0,2.0,833.0,4.0,1,803.0,0.0,0.0,0.0
155.0,4.5,240.0,4.0,1,169.0,0.0,0.0,0.0
386.5,3.0,647.0,4.0,1,135.0,0.0,0.0,0.0
1054.5,24.5,345.0,4.0,1,131.0,0.0,0.0,0.0
740.0,8.0,769.0,4.0,1,1731.0,0.0,0.0,0.0
535.0,6.5,295.0,4.0,1,716.0,0.0,0.0,0.0
749.75,7.5,1443.0,4.5,1,1914.0,0.0,0.0,0.0
37.0,2.0,76.0,4.0,1,446.0,0.0,0.0,0.0
267.25,4.0,907.0,4.0,1,962.0,0.0,0.0,0.0
673.0,13.5,611.0,4.0,1,1345.0,0.0,0.0,0.0
66.0,3.0,476.0,4.0,1,907.0,0.0,0.0,0.0
393.6666666666667,7.0,640.0,4.0,1,263.0,0.0,0.0,0.0
674.0,11.0,289.0,4.0,1,1058.0,0.0,0.0,0.0
339.0,4.0,363.0,4.0,1,225.0,35.0,0.0,0.0
93.0,6.0,869.0,4.0,1,147.0,0.0,0.0,0.0
1217.0,10.5,511.0,4.0,1,1940.0,0.0,0.0,0.0
554.0,7.5,378.0,4.0,1,477.0,0.0,0.0,0.0
471.0,7.0,83.0,4.0,1,811.0,0.0,0.0,0.0
688.0,3.5,1058.0,4.0,1,355.0,0.0,0.0,0.0
1596.0,14.0,1935.0,4.0,1,563.0,0.0,0.0,0.0
52.0,1.0,399.0,4.0,1,436.0,0.0,0.0,0.0
794.0,11.0,382.0,5.0,1,3098.0,0.0,0.0,0.0
590.5,8.0,846.0,4.0,1,722.0,0.0,0.0,0.0
8.0,3.0,546.0,4.0,1,330.0,10.428571428571429,3.0,0.0
215.5,5.5,852.0,4.0,1,384.0,0.0,0.0,0.0
1333.0,23.0,1338.0,5.0,1,390.0,0.0,0.0,0.0
571.0,4.5,143.0,4.0,1,283.0,0.0,0.0,0.0
620.0,5.5,113.0,4.0,1,426.0,0.0,0.0,0.0
100.5,1.5,492.0,4.0,1,288.0,0.0,0.0,0.0
833.5,3.5,1129.0,4.0,1,3087.0,0.0,0.0,0.0
745.5,6.0,1095.0,4.0,1,233.0,0.0,0.0,0.0
172.25,2.0,518.0,4.0,1,160.0,0.0,0.0,0.0
558.0,7.0,138.0,4.0,1,844.0,0.0,0.0,0.0
76.0,1.5,35.0,4.0,1,179.0,0.0,0.0,0.0
288.0,7.0,422.0,4.0,1,94.0,0.0,0.0,0.0
84.75,2.0,583.0,2.0,1,18.0,19.666666666666668,1.0,0.0
160.0,1.0,722.0,4.0,1,149.0,0.0,0.0,0.0
221.0,4.5,685.0,4.0,1,208.0,0.0,0.0,0.0
3.0,1.5,383.0,4.0,0,1025.0,8.666666666666666,2.0,0.0
19.0,1.5,608.0,4.0,1,304.0,20.0,1.0,0.0
387.5,5.0,465.0,4.0,1,93.0,0.0,0.0,0.0
286.0,3.0,148.0,4.0,1,369.0,0.0,0.0,0.0
313.0,4.5,1143.0,4.0,1,846.0,0.0,0.0,0.0
252.0,5.0,258.0,4.0,1,294.0,0.0,0.0,0.0
286.0,3.0,370.0,4.0,1,407.0,0.0,0.0,0.0
604.5,3.0,1326.0,4.0,1,2278.0,0.0,0.0,0.0
542.5,7.0,846.0,5.0,1,1477.0,0.0,0.0,0.0
59.0,1.0,927.0,4.0,1,666.0,22.5,0.0,0.0
1079.0,15.0,615.0,4.0,1,1916.0,0.0,0.0,0.0
27.0,1.0,901.0,4.0,1,778.0,0.0,0.0,0.0
1107.6,7.5,1291.0,4.0,1,585.0,0.0,0.0,0.0
141.0,12.0,456.0,4.0,1,415.0,0.0,0.0,0.0
677.0,7.0,1168.0,4.0,1,1516.0,0.0,0.0,0.0
451.0,4.0,60.0,4.0,0,1343.0,0.0,0.0,0.0
690.0,7.5,817.0,4.0,1,2049.0,0.0,0.0,0.0
865.0,26.0,381.0,5.0,1,3119.0,0.0,0.0,0.0
226.0,5.5,429.0,4.0,1,616.0,0.0,0.0,0.0
1113.0,5.0,728.0,4.0,1,2421.0,0.0,0.0,0.0
672.0,7.5,170.0,4.0,1,1188.0,0.0,0.0,0.0
301.0,5.0,123.0,4.0,1,360.0,0.0,0.0,0.0
710.5,9.0,1142.0,4.0,1,1947.0,0.0,0.0,0.0
82.0,3.0,376.0,4.0,1,527.0,10.4,3.0,0.0
99.0,3.0,287.0,4.0,1,201.0,20.0,2.0,0.0
380.0,6.0,247.0,4.0,1,484.0,0.0,0.0,0.0
394.0,3.0,406.0,4.0,1,565.0,0.0,0.0,0.0
36.75,0.5,20.0,2.5,1,34.0,0.0,0.0,0.0
464.5,6.0,225.0,4.0,1,374.0,0.0,0.0,0.0
264.0,3.5,387.0,4.0,1,163.0,0.0,0.0,0.0
835.0,14.0,838.0,4.5,1,945.0,0.0,0.0,0.0
796.5,16.0,1749.0,4.5,1,1830.0,0.0,0.0,0.0
74.0,1.0,361.0,4.0,1,205.0,0.0,0.0,0.0
457.5,9.0,788.0,4.0,1,844.0,0.0,0.0,0.0
19.0,1.0,567.0,4.0,1,366.0,0.0,0.0,0.0
161.0,4.0,702.0,4.0,1,357.0,0.0,0.0,0.0
570.0,6.0,174.0,4.0,1,799.0,0.0,0.0,0.0
108.5,1.0,504.0,2.0,1,12.0,10.333333333333334,2.0,0.0
509.0,4.0,802.0,4.0,1,348.0,0.0,0.0,0.0
476.5,6.0,215.0,4.0,1,88.0,0.0,0.0,0.0
176.0,2.0,327.0,4.0,1,10.0,10.25,2.0,0.0
61.5,3.0,587.0,4.0,1,608.0,14.0,1.0,0.0
1229.0,26.0,689.0,4.0,1,410.0,0.0,0.0,0.0
37.5,2.5,295.0,4.0,1,40.0,0.0,0.0,0.0
645.0,8.0,751.0,4.5,1,1461.0,0.0,0.0,0.0
953.0,9.0,2145.0,4.0,1,3742.0,0.0,0.0,0.0
617.0,4.0,601.0,4.0,1,520.0,0.0,0.0,0.0
510.0,5.0,426.0,4.0,1,250.0,0.0,0.0,0.0
1523.5,20.0,2220.0,4.0,1,329.0,0.0,0.0,0.0
187.0,6.0,297.0,4.0,1,330.0,0.0,0.0,0.0
396.0,3.0,659.0,4.0,1,0.0,0.0,0.0,0.0
737.5,7.0,441.0,4.0,1,539.0,0.0,0.0,0.0
803.0,8.0,1102.0,4.0,1,3807.0,0.0,0.0,0.0
747.0,9.0,855.0,4.0,1,528.0,0.0,0.0,0.0
1264.5,8.5,2050.0,4.0,1,1179.0,0.0,0.0,0.0
82.0,4.0,582.0,4.0,1,1032.0,15.0,2.0,0.0
127.0,2.5,721.0,4.0,1,122.0,0.0,0.0,0.0
181.0,2.0,169.0,4.0,1,162.0,0.0,0.0,0.0
521.75,6.0,394.0,4.0,1,115.0,0.0,0.0,0.0
202.5,3.5,808.0,4.0,1,67.0,0.0,0.0,0.0
815.0,7.5,1901.0,2.0,1,2750.0,0.0,0.0,0.0
335.0,4.0,120.0,4.0,1,68.0,16.0,2.0,0.0
203.0,3.5,488.0,4.0,1,180.0,0.0,0.0,0.0
102.5,1.0,531.0,4.0,1,93.0,0.0,0.0,0.0
24.0,1.0,863.0,4.0,1,873.0,0.0,0.0,0.0
262.0,4.0,40.0,4.0,1,309.0,0.0,0.0,0.0
735.0,8.0,1231.0,4.5,1,2223.0,0.0,0.0,0.0
10.5,2.0,482.0,4.0,0,395.0,8.333333333333334,0.0,0.0
683.5,6.0,877.0,4.5,1,1707.0,0.0,0.0,0.0
694.0,12.0,922.0,4.0,1,1386.0,0.0,0.0,0.0
137.0,2.0,774.0,4.0,1,75.0,0.0,0.0,0.0
220.25,14.0,220.0,4.0,1,401.0,0.0,0.0,0.0
710.0,6.0,550.0,4.0,1,1555.0,0.0,0.0,0.0
231.0,2.0,761.0,4.0,1,716.0,0.0,0.0,0.0
1310.5,7.0,1128.0,4.0,1,1537.0,0.0,0.0,0.0
719.5,9.5,1122.0,4.0,1,1202.0,0.0,0.0,0.0
369.0,2.5,485.0,4.0,1,337.0,0.0,0.0,0.0
159.0,15.0,178.0,4.0,1,811.0,0.0,0.0,0.0
1193.0,5.0,376.0,5.0,1,1720.0,0.0,0.0,0.0
59.5,1.0,445.0,4.0,0,225.0,9.0,0.0,0.0
40.5,1.0,779.0,5.0,0,726.0,0.0,0.0,0.0
945.0,17.0,1425.0,5.0,1,1380.0,0.0,0.0,0.0
895.0,18.0,2023.0,4.5,1,343.0,0.0,0.0,0.0
76.0,2.5,696.0,4.0,0,553.0,20.25,1.0,0.0
573.0,21.0,938.0,5.0,1,2228.0,0.0,0.0,0.0
653.0,6.5,839.0,4.0,1,1541.0,0.0,0.0,0.0
231.0,7.0,511.0,4.0,1,142.0,0.0,0.0,0.0
272.0,2.5,209.0,4.0,1,909.0,0.0,0.0,0.0
433.0,5.5,57.0,4.0,1,164.0,0.0,0.0,0.0
1048.0,29.0,260.0,5.0,1,448.0,0.0,0.0,0.0
493.5,5.0,215.0,4.0,1,260.0,0.0,0.0,0.0
103.0,4.0,642.0,2.0,1,17.0,0.0,0.0,0.0
1095.0,10.0,982.0,4.0,1,2695.0,0.0,0.0,0.0
676.5,8.0,960.0,4.0,1,1733.0,0.0,0.0,0.0
649.0,11.0,941.0,4.0,1,1407.0,0.0,0.0,0.0
1199.5,9.5,1247.0,4.0,1,2905.0,0.0,0.0,0.0
504.5,3.0,166.0,4.0,1,303.0,0.0,0.0,0.0
111.0,2.0,139.0,4.0,1,491.0,12.0,2.0,0.0
1094.0,13.0,1696.0,4.0,1,1557.0,0.0,0.0,0.0
2.5,0.0,660.0,0.0,0,1053.0,0.0,0.0,0.0
510.5,4.0,68.0,4.0,1,117.0,0.0,0.0,0.0
101.0,5.0,422.0,4.0,1,136.0,5.0,0.0,0.0
111.0,4.0,649.0,4.0,1,182.0,0.0,0.0,0.0
172.5,4.0,881.0,4.0,1,50.0,0.0,0.0,0.0
836.0,19.0,141.0,5.0,1,2615.0,0.0,0.0,0.0
1488.75,33.5,1863.0,5.0,1,164.0,0.0,0.0,0.0
572.0,6.0,287.0,0.0,1,918.0,0.0,0.0,0.0
96.0,1.0,963.0,3.0,0,467.0,14.8,2.0,0.0
268.0,4.5,698.0,4.0,1,289.0,0.0,0.0,0.0
530.0,5.0,355.0,2.0,1,219.0,0.0,0.0,0.0
34.0,1.0,731.0,4.0,0,634.0,0.0,0.0,0.0
7.5,9.0,540.0,0.0,1,388.0,18.0,1.0,0.0
1213.0,7.5,856.0,4.0,1,1150.0,0.0,0.0,0.0
345.75,6.5,845.0,4.0,1,456.0,0.0,0.0,0.0
64.0,1.0,419.0,4.0,0,1015.0,16.8,1.0,0.0
632.75,8.333333333333334,1284.0,4.5,1,1943.0,0.0,0.0,0.0
841.0,21.0,232.0,5.0,1,2589.0,0.0,0.0,0.0
60.25,2.0,767.0,4.0,1,251.0,12.25,3.0,0.0
636.0,8.0,656.0,4.0,1,831.0,0.0,0.0,0.0
554.5,3.0,86.0,4.0,1,671.0,0.0,0.0,0.0
334.0,3.0,125.0,4.0,1,119.0,16.0,1.0,0.0
56.0,1.0,610.0,4.0,0,338.0,35.0,0.0,0.0
647.5,5.0,185.0,4.0,1,178.0,0.0,0.0,0.0
68.0,1.5,525.0,4.0,1,203.0,0.0,0.0,0.0
1093.0,20.0,1859.0,2.5,1,649.0,0.0,0.0,0.0
271.0,8.5,245.0,4.0,1,248.0,0.0,0.0,0.0
233.0,3.5,461.0,4.0,1,161.0,0.0,0.0,0.0
176.0,2.0,290.0,4.0,1,108.0,0.0,0.0,0.0
309.0,4.0,216.0,4.0,1,386.0,0.0,0.0,0.0
154.0,2.333333333333333,209.0,4.0,1,91.0,11.0,3.0,0.0
398.75,2.0,541.0,4.0,1,281.0,0.0,0.0,0.0
627.5,7.0,365.0,4.0,1,1087.0,0.0,0.0,0.0
13.0,1.5,125.0,4.5,1,194.0,0.0,0.0,0.0
51.0,2.0,111.0,4.0,1,571.0,0.0,0.0,0.0
73.0,3.0,602.0,4.0,0,395.0,6.333333333333333,2.0,0.0
15.0,2.5,283.0,4.0,1,906.0,0.0,0.0,0.0
227.0,3.0,319.0,4.0,1,131.0,0.0,0.0,0.0
530.5,5.0,545.0,4.0,1,822.0,0.0,0.0,0.0
745.0,8.0,854.0,4.0,1,1778.0,0.0,0.0,0.0
163.5,4.5,1005.0,4.0,1,264.0,0.0,0.0,0.0
691.0,6.0,569.0,4.0,1,1593.0,0.0,0.0,0.0
77.0,2.0,130.0,4.5,0,93.0,20.0,1.0,0.0
226.0,2.0,634.0,4.0,1,131.0,0.0,0.0,0.0
676.0,6.0,868.0,4.0,1,1864.0,0.0,0.0,0.0
602.0,3.0,584.0,4.0,1,1091.0,0.0,0.0,0.0
593.0,2.5,976.0,4.0,1,2154.0,0.0,0.0,0.0
158.75,5.0,532.0,4.0,1,151.0,0.0,0.0,0.0
66.0,5.5,1234.0,4.0,1,311.0,0.0,0.0,0.0
252.0,6.0,698.0,4.0,1,224.0,0.0,0.0,0.0
1209.0,9.0,482.0,4.0,1,1902.0,0.0,0.0,0.0
96.75,3.0,138.0,4.0,1,109.0,0.0,0.0,0.0
279.0,3.0,40.0,0.0,1,1.0,0.0,0.0,0.0
491.5,3.0,774.0,4.0,1,503.0,0.0,0.0,0.0
200.5,3.5,810.0,4.0,1,286.0,0.0,0.0,0.0
540.0,5.0,219.0,4.0,1,1772.0,0.0,0.0,0.0
115.0,4.0,399.0,4.0,1,461.0,0.0,0.0,0.0
614.0,6.0,916.0,5.0,1,1458.0,0.0,0.0,0.0
114.0,2.0,178.0,4.0,1,20.0,0.0,0.0,0.0
975.0,3.5,8.0,5.0,1,374.0,0.0,0.0,0.0
515.0,5.0,659.0,4.0,1,695.0,0.0,0.0,0.0
466.0,7.0,416.0,4.0,1,171.0,0.0,0.0,0.0
737.5,19.0,604.0,5.0,1,670.0,0.0,0.0,0.0
146.5,3.0,263.0,4.0,1,109.0,0.0,0.0,0.0
224.5,3.0,274.0,4.0,1,46.0,0.0,0.0,0.0
175.5,7.5,114.0,4.0,1,639.0,0.0,0.0,0.0
1262.0,8.0,1323.0,4.0,1,439.0,0.0,0.0,0.0
726.0,5.0,1178.0,4.5,1,2178.0,0.0,0.0,0.0
7.0,2.0,743.0,2.5,1,724.0,0.0,0.0,0.0
628.0,5.0,537.0,4.0,1,1284.0,0.0,0.0,0.0
79.66666666666667,1.5,1116.0,4.0,1,99.0,0.0,0.0,0.0
696.75,6.5,315.0,4.0,1,1300.0,0.0,0.0,0.0
31.5,1.0,431.0,4.0,1,57.0,15.0,1.0,0.0
854.0,12.0,496.0,5.0,1,3055.0,0.0,0.0,0.0
62.5,2.0,335.0,4.0,1,381.0,0.0,0.0,0.0
823.0,18.0,248.0,4.5,1,2530.0,0.0,0.0,0.0
1233.0,12.0,1354.0,4.0,1,745.0,0.0,0.0,0.0
464.5,7.0,43.0,4.0,1,411.0,0.0,0.0,0.0
417.0,12.0,676.0,4.0,1,675.0,0.0,0.0,0.0
851.5,5.0,1423.0,4.0,1,3999.0,0.0,0.0,0.0
167.5,1.5,517.0,4.0,1,304.0,0.0,0.0,0.0
32.5,1.0,430.0,4.0,1,259.0,0.0,0.0,0.0
42.0,2.5,357.0,3.5,1,23.0,0.0,0.0,0.0
78.0,2.0,1075.0,4.0,0,259.0,0.0,0.0,0.0
416.75,4.5,532.0,4.0,1,382.0,0.0,0.0,0.0
504.0,5.0,0.0,4.0,1,135.0,0.0,0.0,0.0
292.6666666666667,2.5,495.0,4.0,1,240.0,0.0,0.0,0.0
219.0,2.5,68.0,4.0,1,437.0,0.0,0.0,0.0
256.0,2.0,358.0,4.0,1,293.0,0.0,0.0,0.0
978.0,18.0,535.0,5.0,1,959.0,0.0,0.0,0.0
566.0,7.5,340.0,4.0,1,898.0,0.0,0.0,0.0
295.0,4.0,239.0,4.0,1,397.0,0.0,0.0,0.0
980.0,17.0,557.0,5.0,1,1083.0,0.0,0.0,0.0
419.0,3.5,352.0,4.0,1,308.0,0.0,0.0,0.0
113.0,1.0,416.0,4.0,1,346.0,0.0,0.0,0.0
18.0,3.0,1111.0,4.0,0,136.0,0.0,0.0,0.0
1484.0,23.0,2199.0,4.0,1,724.0,0.0,0.0,0.0
256.0,4.0,147.0,4.0,1,173.0,0.0,0.0,0.0
79.75,11.75,83.0,4.0,1,851.0,0.0,0.0,0.0
78.5,2.0,970.0,4.0,1,782.0,20.33333333333333,1.0,0.0
68.5,2.0,379.0,4.0,1,460.0,0.0,0.0,0.0
339.0,3.0,1053.0,4.0,1,926.0,0.0,0.0,0.0
902.5,12.0,1345.0,5.0,1,1791.0,0.0,0.0,0.0
373.0,3.5,17.0,2.0,1,58.0,0.0,0.0,0.0
112.0,3.0,472.0,4.0,0,611.0,15.0,2.0,0.0
488.0,6.0,227.0,4.0,1,908.0,0.0,0.0,0.0
522.0,3.5,55.0,2.0,1,347.0,0.0,0.0,0.0
544.0,3.0,372.0,4.0,1,532.0,0.0,0.0,0.0
270.0,5.5,353.0,4.0,1,102.0,0.0,0.0,0.0
502.0,2.0,229.0,4.0,1,305.0,0.0,0.0,0.0
375.0,5.0,848.0,4.0,1,260.0,0.0,0.0,0.0
615.0,8.0,320.0,4.0,1,485.0,0.0,0.0,0.0
127.0,1.0,463.0,4.0,1,112.0,0.0,0.0,0.0
50.5,3.0,476.0,4.0,1,424.0,0.0,0.0,0.0
110.5,2.0,584.0,4.0,1,311.0,0.0,0.0,0.0
803.0,10.0,805.0,4.0,1,3506.0,0.0,0.0,0.0
73.5,2.0,275.0,4.0,1,182.0,0.0,0.0,0.0
765.0,5.0,1781.0,4.0,1,2476.0,0.0,0.0,0.0
108.0,1.0,502.0,4.0,1,321.0,0.0,0.0,0.0
489.0,19.5,279.0,4.0,1,343.0,0.0,0.0,0.0
588.0,2.0,950.0,4.0,1,2286.0,0.0,0.0,0.0
105.0,2.0,617.0,4.0,1,272.0,0.0,0.0,0.0
376.0,4.5,143.0,4.0,1,148.0,0.0,0.0,0.0
51.25,1.0,1208.0,4.0,0,76.0,28.5,0.0,0.0
93.0,1.0,1260.0,4.0,1,213.0,0.0,0.0,0.0
1656.0,11.0,1531.0,5.0,1,387.0,0.0,0.0,0.0
137.0,6.5,375.0,4.0,1,467.0,0.0,0.0,0.0
454.0,4.0,363.0,4.0,1,147.0,0.0,0.0,0.0
289.0,3.0,87.0,4.0,1,426.0,0.0,0.0,0.0
456.5,9.0,197.0,4.0,1,726.0,0.0,0.0,0.0
362.5,5.0,542.0,4.0,1,53.0,0.0,0.0,0.0
465.5,4.5,170.0,4.0,1,1479.0,4.5,1.0,0.0
267.0,4.0,695.0,4.0,1,766.0,0.0,0.0,0.0
1120.3333333333333,9.0,428.0,4.0,1,2143.0,0.0,0.0,0.0
451.3333333333333,4.5,298.0,4.0,1,1378.0,0.0,0.0,0.0
100.75,3.0,455.0,4.0,1,16.0,0.0,0.0,0.0
85.5,2.0,828.0,4.0,1,572.0,0.0,0.0,0.0
1016.0,6.0,1473.0,4.0,1,3033.0,0.0,0.0,0.0
126.0,2.0,612.0,4.0,1,240.0,0.0,0.0,0.0
1287.0,10.5,2105.0,4.0,1,1122.0,0.0,0.0,0.0
183.5,2.5,657.0,4.0,1,309.0,0.0,0.0,0.0
882.0,7.0,1726.0,4.0,1,1986.0,0.0,0.0,0.0
737.0,9.0,1130.0,4.0,1,2065.0,0.0,0.0,0.0
202.75,4.0,520.0,4.0,1,671.0,0.0,0.0,0.0
1503.0,35.0,1585.0,5.0,1,609.0,0.0,0.0,0.0
1300.0,14.0,2366.0,4.0,1,1299.0,0.0,0.0,0.0
863.0,5.5,1859.0,4.0,1,3269.0,0.0,0.0,0.0
55.5,2.5,638.0,4.0,0,792.0,14.0,2.0,0.0
252.0,5.5,1171.0,4.0,1,730.0,0.0,0.0,0.0
197.0,3.5,244.0,4.0,1,128.0,0.0,0.0,0.0
85.75,5.0,633.0,4.5,0,444.0,5.0,0.0,0.0
1318.5,16.5,1857.0,5.0,1,813.0,0.0,0.0,0.0
1123.0,7.0,965.0,4.0,1,913.0,0.0,0.0,0.0
379.5,5.0,373.0,4.0,1,78.0,0.0,0.0,0.0
28.0,1.5,863.0,4.0,1,473.0,5.0,1.0,0.0
986.0,12.0,1775.0,5.0,1,3893.0,0.0,0.0,0.0
559.0,5.0,212.0,4.0,1,504.0,0.0,0.0,0.0
14.5,3.0,844.0,4.0,1,170.0,18.33333333333333,0.0,0.0
605.0,2.5,533.0,4.0,1,1174.0,0.0,0.0,0.0
96.0,2.0,453.0,4.0,1,541.0,0.0,0.0,0.0
92.5,1.0,1208.0,4.0,1,315.0,0.0,0.0,0.0
156.5,0.0,383.0,4.0,1,297.0,0.0,0.0,0.0
566.0,5.5,789.0,2.0,1,734.0,0.0,0.0,0.0
148.0,2.0,166.0,4.0,1,258.0,0.0,0.0,0.0
256.0,3.0,197.0,4.0,1,208.0,0.0,0.0,0.0
1022.0,21.5,641.0,5.0,1,934.0,0.0,0.0,0.0
407.0,4.0,112.0,4.0,1,634.0,0.0,0.0,0.0
37.0,1.5,374.0,4.0,1,731.0,16.0,2.0,0.0
476.0,8.0,301.0,2.0,1,22.0,0.0,0.0,0.0
293.0,5.0,193.0,4.0,1,381.0,0.0,0.0,0.0
20.5,9.0,664.0,4.0,1,105.0,0.0,0.0,0.0
94.0,1.5,477.0,4.0,1,255.0,8.666666666666666,1.0,0.0
296.5,3.5,74.0,4.0,1,292.0,0.0,0.0,0.0
784.0,10.0,1519.0,5.0,1,498.0,0.0,0.0,0.0
549.5,13.0,548.0,4.0,1,143.0,0.0,0.0,0.0
294.0,2.0,326.0,4.0,1,726.0,0.0,0.0,0.0
54.5,2.0,257.0,4.0,0,423.0,6.0,3.0,0.0
138.0,13.0,469.0,4.0,1,446.0,0.0,0.0,0.0
463.5,5.0,590.0,2.0,1,105.0,0.0,0.0,0.0
961.0,18.0,511.0,5.0,1,1143.0,0.0,0.0,0.0
687.5,12.0,1029.0,4.5,1,1820.0,0.0,0.0,0.0
546.0,0.0,382.0,4.0,1,569.0,0.0,0.0,0.0
14.75,3.0,441.0,4.5,1,693.0,18.5,1.0,0.0
825.0,5.5,2072.0,4.0,1,2992.0,0.0,0.0,0.0
7.0,1.0,798.0,2.0,1,61.0,0.0,0.0,0.0
757.0,6.0,1361.0,4.0,1,2262.0,0.0,0.0,0.0
278.0,4.0,525.0,4.0,1,24.0,0.0,0.0,0.0
533.0,5.0,309.0,4.0,1,1750.0,0.0,0.0,0.0
513.0,4.0,493.0,4.0,1,337.0,0.0,0.0,0.0
248.0,5.5,533.0,4.0,1,250.0,0.0,0.0,0.0
39.0,2.0,199.0,4.0,1,39.0,0.0,0.0,0.0
252.0,4.0,238.0,4.0,1,611.0,30.0,0.0,0.0
245.0,3.0,331.0,4.0,1,228.0,20.0,1.0,0.0
936.0,13.0,1584.0,4.0,1,1988.0,0.0,0.0,0.0
281.6666666666667,5.0,145.0,4.0,1,349.0,30.0,0.0,0.0
1321.5,8.0,1155.0,4.0,1,1205.0,0.0,0.0,0.0
403.5,11.0,232.0,4.0,1,392.0,0.0,0.0,0.0
98.0,2.0,240.0,4.0,0,135.0,13.5,1.0,0.0
999.0,14.5,998.0,5.0,1,1393.0,0.0,0.0,0.0
677.0,9.5,678.0,4.0,1,950.0,0.0,0.0,0.0
947.0,8.5,2201.0,4.0,1,3902.0,0.0,0.0,0.0
279.0,1.0,230.0,2.0,1,172.0,0.0,0.0,0.0
1009.0,14.0,2064.0,5.0,1,49.0,0.0,0.0,0.0
708.0,16.75,1147.0,5.0,1,996.0,0.0,0.0,0.0
133.5,2.0,879.0,4.0,1,470.0,0.0,0.0,0.0
382.0,4.0,651.0,4.0,1,126.0,0.0,0.0,0.0
717.5,7.0,685.0,4.0,1,620.0,0.0,0.0,0.0
632.0,6.5,569.0,4.0,1,1267.0,0.0,0.0,0.0
515.0,3.0,414.0,4.0,1,514.0,0.0,0.0,0.0
35.5,2.5,281.0,4.0,1,441.0,0.0,0.0,0.0
22.5,0.0,744.0,4.0,1,554.0,0.0,0.0,0.0
378.0,5.0,210.0,4.0,1,401.0,0.0,0.0,0.0
113.0,3.0,530.0,3.5,1,97.0,0.0,0.0,0.0
292.3333333333333,5.0,324.0,4.0,0,296.0,0.0,0.0,0.0
723.5,20.0,577.0,5.0,1,687.0,0.0,0.0,0.0
225.0,3.5,646.0,2.0,1,13.0,0.0,0.0,0.0
439.5,4.0,198.0,4.0,1,1295.0,0.0,0.0,0.0
74.0,1.0,457.0,2.0,1,16.0,0.0,0.0,0.0
828.0,13.5,1801.0,4.0,1,1690.0,0.0,0.0,0.0
1035.25,19.0,2216.0,5.0,1,278.0,0.0,0.0,0.0
215.0,4.0,1126.0,4.0,1,440.0,0.0,0.0,0.0
584.5,2.0,408.0,4.0,1,1717.0,0.0,0.0,0.0
108.0,3.5,189.0,4.0,1,565.0,0.0,0.0,0.0
398.5,10.0,356.0,4.0,1,915.0,0.0,0.0,0.0
622.0,6.5,532.0,4.0,1,380.0,0.0,0.0,0.0
1389.0,42.5,2235.0,4.0,1,160.0,0.0,0.0,0.0
465.5,7.0,215.0,4.0,1,1708.0,0.0,0.0,0.0
259.0,3.5,572.0,4.0,1,88.0,0.0,0.0,0.0
127.5,3.0,504.0,4.0,1,299.0,0.0,0.0,0.0
261.0,4.0,96.0,4.0,1,296.0,0.0,0.0,0.0
35.0,1.0,312.0,4.0,1,643.0,18.0,0.0,0.0
567.0,7.5,684.0,4.0,1,817.0,0.0,0.0,0.0
190.0,6.0,1159.0,4.0,1,268.0,0.0,0.0,0.0
1069.0,11.5,1176.0,4.0,1,871.0,0.0,0.0,0.0
110.25,2.0,293.0,3.5,1,125.0,0.0,0.0,0.0
533.0,3.5,267.0,4.0,1,425.0,0.0,0.0,0.0
571.0,13.0,600.0,4.0,1,925.0,0.0,0.0,0.0
781.0,10.0,794.0,4.0,1,899.0,0.0,0.0,0.0
392.0,5.0,617.0,4.0,1,235.0,0.0,0.0,0.0
18.0,1.5,260.0,4.0,1,995.0,0.0,0.0,0.0
551.0,3.0,551.0,4.0,1,940.0,0.0,0.0,0.0
187.3333333333333,12.0,386.0,4.0,1,218.0,0.0,0.0,0.0
492.0,5.0,729.0,4.0,1,608.0,0.0,0.0,0.0
702.0,6.0,950.0,4.0,1,616.0,0.0,0.0,0.0
1004.3333333333334,11.0,1348.0,4.5,1,1035.0,0.0,0.0,0.0
338.5,6.0,624.0,4.0,1,478.0,0.0,0.0,0.0
626.0,15.0,821.0,5.0,1,1295.0,0.0,0.0,0.0
186.5,4.0,719.0,4.0,1,149.0,20.0,0.0,0.0
238.0,2.0,602.0,4.0,1,814.0,0.0,0.0,0.0
39.0,3.0,848.0,4.0,1,386.0,8.25,2.0,0.0
274.5,3.0,201.0,4.0,1,248.0,0.0,0.0,0.0
190.0,3.5,586.0,4.0,1,48.0,0.0,0.0,0.0
816.0,18.0,845.0,5.0,1,918.0,0.0,0.0,0.0
154.0,6.333333333333333,603.0,4.0,1,509.0,0.0,0.0,0.0
706.0,5.0,1390.0,4.0,1,1746.0,0.0,0.0,0.0
546.5,3.5,144.0,4.0,1,120.0,0.0,0.0,0.0
663.0,7.0,142.0,2.0,1,25.0,0.0,0.0,0.0
1022.0,9.0,1328.0,4.0,1,2854.0,0.0,0.0,0.0
1528.0,22.0,842.0,5.0,1,155.0,0.0,0.0,0.0
182.0,4.0,1237.0,4.0,0,774.0,9.666666666666666,1.0,0.0
905.5,15.5,727.0,5.0,1,1289.0,0.0,0.0,0.0
264.0,3.5,371.0,4.0,1,144.0,0.0,0.0,0.0
1272.0,13.0,2497.0,4.0,1,1420.0,0.0,0.0,0.0
156.0,13.5,477.0,4.0,1,462.0,0.0,0.0,0.0
580.0,2.0,328.0,4.0,1,1020.0,0.0,0.0,0.0
433.0,6.0,313.0,4.0,1,110.0,0.0,0.0,0.0
775.0,13.0,1643.0,4.0,1,1835.0,0.0,0.0,0.0
415.0,4.0,198.0,4.0,1,260.0,0.0,0.0,0.0
819.5,21.0,880.0,5.0,1,1010.0,0.0,0.0,0.0
290.75,6.0,935.0,4.0,1,184.0,0.0,0.0,0.0
327.0,7.0,631.0,4.0,1,608.0,0.0,0.0,0.0
332.5,3.5,317.0,4.0,1,123.0,0.0,0.0,0.0
363.6666666666667,5.0,71.0,4.0,1,427.0,0.0,0.0,0.0
433.0,4.0,83.0,4.5,1,79.0,0.0,0.0,0.0
473.0,8.0,497.0,4.0,1,273.0,0.0,0.0,0.0
328.5,3.5,399.0,4.0,1,73.0,0.0,0.0,0.0
141.0,2.5,156.0,4.0,1,256.0,0.0,0.0,0.0
41.5,2.5,991.0,4.0,1,211.0,0.0,0.0,0.0
29.5,1.0,210.0,4.0,1,491.0,0.0,0.0,0.0
565.0,5.0,113.0,4.0,1,484.0,0.0,0.0,0.0
692.0,8.5,1054.0,4.0,1,1415.0,0.0,0.0,0.0
117.0,4.0,606.0,4.0,0,79.0,0.0,0.0,0.0
125.0,1.5,269.0,4.0,1,138.0,30.0,0.0,0.0
589.0,7.0,210.0,4.0,1,974.0,0.0,0.0,0.0
492.5,6.666666666666667,496.0,4.0,1,1112.0,0.0,0.0,0.0
108.75,5.5,940.0,4.0,1,276.0,0.0,0.0,0.0
359.0,5.0,445.0,4.0,1,1250.0,0.0,0.0,0.0
69.0,6.0,1094.0,4.0,1,435.0,0.0,0.0,0.0
871.5,6.0,1335.0,4.0,1,3783.0,0.0,0.0,0.0
128.0,3.0,836.0,4.0,1,45.0,0.0,0.0,0.0
466.0,6.0,376.0,4.0,1,1534.0,0.0,0.0,0.0
62.0,1.6666666666666667,934.0,4.0,0,473.0,13.5,2.0,0.0
678.0,23.0,813.0,5.0,1,1657.0,0.0,0.0,0.0
507.0,4.0,296.0,4.0,1,458.0,0.0,0.0,0.0
1559.0,14.5,721.0,4.0,1,244.0,0.0,0.0,0.0
886.5,9.0,2383.0,4.0,1,3581.0,0.0,0.0,0.0
249.0,1.0,823.0,4.0,1,290.0,0.0,0.0,0.0
646.0,16.0,506.0,4.0,1,1513.0,0.0,0.0,0.0
288.5,4.0,332.0,2.0,1,34.0,0.0,0.0,0.0
709.0,5.5,417.0,4.0,1,1376.0,0.0,0.0,0.0
104.5,4.5,829.0,4.0,1,638.0,0.0,0.0,0.0
597.0,11.5,585.0,5.0,1,979.0,0.0,0.0,0.0
35.0,1.5,491.0,4.0,1,422.0,0.0,0.0,0.0
873.0,6.5,1086.0,4.0,1,143.0,0.0,0.0,0.0
1267.0,19.0,991.0,5.0,1,1814.0,0.0,0.0,0.0
726.0,5.0,1425.0,4.0,1,2102.0,0.0,0.0,0.0
313.5,3.0,403.0,4.0,1,93.0,0.0,0.0,0.0
242.0,4.5,738.0,4.0,1,0.0,0.0,0.0,0.0
130.0,2.5,476.0,4.0,1,337.0,0.0,0.0,0.0
118.0,3.5,426.0,4.0,1,766.0,0.0,0.0,0.0
469.0,2.0,275.0,4.0,1,736.0,0.0,0.0,0.0
198.5,3.0,326.0,4.0,1,270.0,0.0,0.0,0.0
146.0,4.5,624.0,5.0,1,0.0,0.0,0.0,0.0
105.0,3.5,602.0,2.0,1,0.0,0.0,0.0,0.0
35.0,1.0,371.0,4.0,0,281.0,30.0,0.0,0.0
456.0,4.0,218.0,4.0,1,1116.0,0.0,0.0,0.0
1137.0,21.0,1919.0,5.0,1,186.0,0.0,0.0,0.0
196.0,2.5,630.0,4.0,1,57.0,0.0,0.0,0.0
42.0,1.5,708.0,4.0,1,1077.0,0.0,0.0,0.0
329.0,5.5,595.0,4.0,1,401.0,0.0,0.0,0.0
786.5,14.0,1566.0,4.0,1,1543.0,0.0,0.0,0.0
108.5,5.5,615.0,4.5,1,8.0,0.0,0.0,0.0
310.0,3.0,350.0,4.0,1,976.0,0.0,0.0,0.0
520.0,4.0,552.0,4.0,1,318.0,0.0,0.0,0.0
437.0,6.5,347.0,2.0,1,184.0,0.0,0.0,0.0
322.5,6.0,63.0,4.0,1,210.0,0.0,0.0,0.0
872.0,6.0,1268.0,4.0,1,3723.0,0.0,0.0,0.0
785.0,6.0,1134.0,4.0,1,3864.0,0.0,0.0,0.0
714.3333333333334,8.0,1510.0,4.0,1,1507.0,0.0,0.0,0.0
539.5,5.0,696.0,4.0,1,114.0,0.0,0.0,0.0
1291.5,17.0,1629.0,4.0,1,705.0,0.0,0.0,0.0
85.5,5.0,367.0,4.0,1,319.0,0.0,0.0,0.0
95.5,2.0,837.0,4.0,1,1073.0,0.0,0.0,0.0
753.0,12.5,1086.0,4.0,1,902.0,0.0,0.0,0.0
695.0,7.0,565.0,4.0,1,1296.0,0.0,0.0,0.0
602.0,3.5,451.0,2.0,1,1124.0,0.0,0.0,0.0
486.0,3.0,373.0,4.0,1,602.0,0.0,0.0,0.0
313.75,3.0,288.0,4.0,1,82.0,0.0,0.0,0.0
90.0,1.0,1203.0,4.0,0,677.0,13.166666666666666,3.0,0.0
381.75,6.0,441.0,0.0,1,13.0,0.0,0.0,0.0
285.75,2.0,957.0,4.0,1,257.0,0.0,0.0,0.0
1229.0,8.0,1320.0,4.0,1,240.0,0.0,0.0,0.0
1104.0,11.0,1885.0,4.0,1,1665.0,0.0,0.0,0.0
89.5,1.0,848.0,4.0,0,371.0,18.5,3.0,0.0
168.0,2.5,306.0,4.0,1,24.0,0.0,0.0,0.0
303.0,3.0,516.0,4.0,1,116.0,0.0,0.0,0.0
538.0,9.0,935.0,4.5,1,1567.0,0.0,0.0,0.0
312.0,5.5,562.0,2.0,1,335.0,0.0,0.0,0.0
454.5,4.0,481.0,4.0,1,820.0,0.0,0.0,0.0
29.5,1.0,1016.0,4.5,1,763.0,0.0,0.0,0.0
521.0,4.0,152.0,4.0,1,121.0,0.0,0.0,0.0
402.5,12.5,549.0,4.0,1,116.0,0.0,0.0,0.0
106.0,1.0,264.0,4.0,1,417.0,19.25,2.0,0.0
232.0,2.0,503.0,4.0,1,103.0,0.0,0.0,0.0
58.0,3.5,666.0,3.5,1,74.0,0.0,0.0,0.0
684.5,10.0,1063.0,4.0,1,1811.0,0.0,0.0,0.0
37.0,5.0,631.0,4.0,1,130.0,0.0,0.0,0.0
350.0,3.5,264.0,4.0,1,240.0,0.0,0.0,0.0
672.5,11.5,622.0,4.0,1,1541.0,0.0,0.0,0.0
26.0,1.0,715.0,4.0,1,505.0,16.2,4.0,0.0
25.0,0.0,1047.0,4.0,0,699.0,0.0,0.0,0.0
249.5,6.0,1029.0,4.0,1,844.0,0.0,0.0,0.0
361.0,3.0,113.0,4.0,1,169.0,0.0,0.0,0.0
120.5,1.5,404.0,4.5,1,76.0,13.5,1.0,0.0
390.5,3.0,712.0,4.0,1,662.0,0.0,0.0,0.0
583.0,13.75,660.0,4.0,1,749.0,0.0,0.0,0.0
579.0,6.5,188.0,4.0,1,290.0,0.0,0.0,0.0
55.0,3.0,236.0,4.0,1,108.0,0.0,0.0,0.0
1214.5,12.5,1162.0,4.0,1,2811.0,0.0,0.0,0.0
490.0,4.5,622.0,4.0,1,1134.0,0.0,0.0,0.0
558.0,2.0,142.0,4.0,1,1435.0,0.0,0.0,0.0
417.0,6.0,344.0,4.0,1,409.0,0.0,0.0,0.0
684.5,4.5,819.0,4.0,1,1831.0,0.0,0.0,0.0
57.0,2.0,593.0,4.0,1,950.0,0.0,0.0,0.0
74.5,2.0,432.0,4.0,1,103.0,14.0,2.0,0.0
124.5,5.0,487.0,4.0,1,348.0,0.0,0.0,0.0
155.0,1.5,251.0,4.0,1,370.0,0.0,0.0,0.0
527.5,6.0,370.0,4.0,1,586.0,0.0,0.0,0.0
694.0,22.0,665.0,5.0,1,1510.0,0.0,0.0,0.0
472.0,6.5,408.0,4.0,1,364.0,0.0,0.0,0.0
454.5,4.0,278.0,4.0,1,227.0,0.0,0.0,0.0
524.0,11.0,371.0,4.0,1,357.0,0.0,0.0,0.0
283.0,3.0,336.0,0.0,1,25.0,0.0,0.0,0.0
464.0,6.0,19.0,4.0,1,570.0,0.0,0.0,0.0
848.5,9.25,1280.0,4.0,1,149.0,0.0,0.0,0.0
408.0,4.5,527.0,4.0,1,507.0,0.0,0.0,0.0
199.0,3.0,550.0,4.0,1,128.0,0.0,0.0,0.0
476.0,4.0,174.0,4.0,1,1407.0,0.0,0.0,0.0
222.5,6.5,477.0,4.0,1,96.0,0.0,0.0,0.0
829.75,6.0,1785.0,4.0,1,3006.0,0.0,0.0,0.0
63.5,2.0,772.0,4.0,0,595.0,6.75,0.0,0.0
1077.5,25.666666666666668,2514.0,4.0,1,820.0,0.0,0.0,0.0
919.0,9.5,2176.0,4.0,1,3675.0,0.0,0.0,0.0
20.0,3.0,223.0,4.0,1,327.0,17.0,2.0,0.0
413.25,4.5,574.0,3.5,1,259.0,0.0,0.0,0.0
176.5,4.0,206.0,4.0,1,171.0,0.0,0.0,0.0
487.0,5.5,721.0,4.0,1,216.0,0.0,0.0,0.0
597.5,5.0,182.0,4.0,1,135.0,0.0,0.0,0.0
921.5,13.0,1418.0,4.0,1,2068.0,0.0,0.0,0.0
77.0,2.0,536.0,4.0,1,175.0,0.0,0.0,0.0
378.0,4.5,789.0,4.0,1,886.0,0.0,0.0,0.0
1304.5,14.0,1208.0,4.0,1,1177.0,0.0,0.0,0.0
603.5,2.5,924.0,4.0,1,1086.0,0.0,0.0,0.0
39.0,12.0,425.0,4.0,1,713.0,17.75,1.0,0.0
616.5,4.5,548.0,4.0,1,454.0,0.0,0.0,0.0
276.0,4.0,208.0,4.0,1,332.0,0.0,0.0,0.0
966.0,17.0,451.0,4.0,1,476.0,0.0,0.0,0.0
542.0,4.0,220.0,4.0,1,178.0,0.0,0.0,0.0
847.5,5.5,1143.0,4.0,1,3700.0,0.0,0.0,0.0
390.5,7.5,195.0,4.0,1,335.0,0.0,0.0,0.0
298.0,3.0,286.0,4.0,1,376.0,0.0,0.0,0.0
1251.0,7.0,779.0,4.0,1,1639.0,0.0,0.0,0.0
558.0,3.0,84.0,4.0,1,609.0,0.0,0.0,0.0
1196.0,8.5,220.0,4.0,1,2071.0,0.0,0.0,0.0
597.0,1.0,1675.0,4.0,1,2600.0,0.0,0.0,0.0
420.0,6.5,447.0,4.0,1,180.0,0.0,0.0,0.0
734.5,18.0,1210.0,5.0,1,925.0,0.0,0.0,0.0
148.5,2.0,780.0,4.0,1,258.0,0.0,0.0,0.0
55.5,1.5,550.0,4.0,1,874.0,0.0,0.0,0.0
249.0,5.0,791.0,4.0,1,788.0,0.0,0.0,0.0
338.0,4.0,270.0,4.0,1,109.0,0.0,0.0,0.0
371.0,5.0,261.0,4.0,1,198.0,0.0,0.0,0.0
716.0,7.0,1202.0,4.0,1,1994.0,0.0,0.0,0.0
130.0,2.5,406.0,4.0,1,158.0,0.0,0.0,0.0
732.0,14.0,1226.0,4.0,1,2050.0,0.0,0.0,0.0
793.5,6.0,1784.0,4.0,1,2756.0,0.0,0.0,0.0
449.0,3.0,305.0,4.0,1,388.0,0.0,0.0,0.0
596.0,4.0,1165.0,4.0,1,2335.0,0.0,0.0,0.0
352.5,2.0,208.0,4.0,1,67.0,0.0,0.0,0.0
435.0,8.0,440.0,0.0,1,46.0,0.0,0.0,0.0
161.5,4.0,265.0,4.0,1,484.0,0.0,0.0,0.0
293.5,4.0,515.0,4.0,1,28.0,0.0,0.0,0.0
880.0,7.0,2383.0,4.0,1,3543.0,0.0,0.0,0.0
98.5,1.5,576.0,4.0,1,330.0,15.8,2.0,0.0
161.5,3.0,886.0,4.0,1,61.0,0.0,0.0,0.0
22.0,2.0,464.0,4.0,1,296.0,9.5,1.0,0.0
106.5,2.0,134.0,4.0,0,266.0,16.5,3.0,0.0
37.0,1.0,331.0,4.0,1,401.0,21.0,0.0,0.0
374.5,4.0,506.0,4.0,1,952.0,0.0,0.0,0.0
724.0,9.0,1041.0,4.0,1,85.0,0.0,0.0,0.0
558.25,4.0,134.0,4.0,1,860.0,0.0,0.0,0.0
890.0,14.5,1213.0,5.0,1,1659.0,0.0,0.0,0.0
562.0,7.0,379.0,4.0,1,547.0,0.0,0.0,0.0
895.0,11.0,1716.0,4.0,1,1169.0,0.0,0.0,0.0
332.0,4.5,368.0,4.0,1,596.0,0.0,0.0,0.0
219.5,2.5,214.0,4.0,1,273.0,0.0,0.0,0.0
474.0,5.0,161.0,4.0,0,496.0,0.0,0.0,0.0
477.5,6.0,542.0,4.0,1,293.0,0.0,0.0,0.0
592.0,5.5,244.0,4.0,1,762.0,0.0,0.0,0.0
337.5,3.5,354.0,4.0,1,639.0,0.0,0.0,0.0
189.0,3.5,379.0,4.0,1,295.0,0.0,0.0,0.0
133.0,4.0,340.0,4.0,1,86.0,0.0,0.0,0.0
332.0,5.0,1086.0,4.0,1,819.0,0.0,0.0,0.0
27.0,1.0,362.0,4.0,0,419.0,0.0,0.0,0.0
162.0,1.5,95.0,4.0,1,21.0,0.0,0.0,0.0
281.0,4.0,183.0,4.0,1,139.0,0.0,0.0,0.0
4.0,1.0,728.0,2.5,1,450.0,0.0,0.0,0.0
601.0,5.5,184.0,4.0,1,691.0,0.0,0.0,0.0
201.5,4.0,834.0,4.0,1,560.0,0.0,0.0,0.0
187.0,1.0,288.0,4.0,1,143.0,0.0,0.0,0.0
536.0,5.5,399.0,4.0,1,166.0,0.0,0.0,0.0
39.0,2.0,712.0,4.0,0,725.0,9.0,0.0,0.0
139.0,4.0,363.0,4.0,1,427.0,0.0,0.0,0.0
345.0,4.5,467.0,4.0,1,39.0,0.0,0.0,0.0
656.0,9.5,274.0,4.0,1,556.0,0.0,0.0,0.0
838.0,8.0,1270.0,4.0,1,210.0,0.0,0.0,0.0
119.0,1.5,506.0,4.0,1,236.0,0.0,0.0,0.0
353.0,9.0,335.0,4.0,1,436.0,0.0,0.0,0.0
45.0,7.0,518.0,4.0,1,368.0,0.0,0.0,0.0
532.0,4.0,327.0,4.0,1,419.0,0.0,0.0,0.0
1562.0,9.0,492.0,4.0,1,448.0,0.0,0.0,0.0
24.0,2.0,919.0,2.0,0,132.0,0.0,0.0,0.0
219.25,17.0,680.0,4.0,1,322.0,0.0,0.0,0.0
824.0,11.0,1997.0,4.0,1,1969.0,0.0,0.0,0.0
710.0,10.0,604.0,4.0,1,3052.0,0.0,0.0,0.0
772.0,5.0,1246.0,4.0,1,334.0,0.0,0.0,0.0
248.0,7.0,520.0,4.0,1,55.0,0.0,0.0,0.0
27.5,1.0,1178.0,4.0,0,1100.0,0.0,0.0,0.0
393.5,5.0,201.0,4.0,1,294.0,0.0,0.0,0.0
1478.0,27.5,1809.0,5.0,1,859.0,0.0,0.0,0.0
302.5,4.0,484.0,4.0,1,93.0,0.0,0.0,0.0
548.5,5.0,343.0,4.0,1,437.0,0.0,0.0,0.0
1375.6666666666667,22.0,1473.0,5.0,1,524.0,0.0,0.0,0.0
226.0,3.5,578.0,4.0,1,253.0,0.0,0.0,0.0
798.0,4.0,1722.0,4.0,1,2662.0,0.0,0.0,0.0
70.5,2.0,224.0,4.0,1,986.0,0.0,0.0,0.0
1598.0,31.5,1083.0,5.0,1,48.0,0.0,0.0,0.0
944.0,8.0,915.0,5.0,1,1370.0,0.0,0.0,0.0
490.0,6.0,222.0,4.0,1,250.0,0.0,0.0,0.0
16.0,10.0,212.0,2.0,1,1077.0,0.0,0.0,0.0
385.0,4.5,18.0,4.0,1,871.0,0.0,0.0,0.0
506.5,19.0,601.0,5.0,1,1272.0,0.0,0.0,0.0
559.5,8.0,430.0,4.0,1,829.0,0.0,0.0,0.0
58.66666666666666,3.0,272.0,4.0,1,286.0,0.0,0.0,0.0
46.75,1.0,405.0,4.5,0,260.0,1.0,1.0,0.0
53.0,3.0,584.0,4.0,1,1069.0,0.0,0.0,0.0
77.5,2.0,438.0,4.0,0,471.0,27.0,2.0,0.0
811.75,6.0,1941.0,4.0,1,2851.0,0.0,0.0,0.0
107.5,1.5,48.0,4.0,1,451.0,17.5,3.0,0.0
846.25,8.5,1932.0,4.0,1,1943.0,0.0,0.0,0.0
90.0,2.0,1223.0,4.0,0,92.0,0.0,0.0,0.0
427.5,3.0,384.0,4.0,1,121.0,0.0,0.0,0.0
988.0,10.0,2225.0,4.0,1,3904.0,0.0,0.0,0.0
290.0,5.0,150.0,4.0,1,1104.0,0.0,0.0,0.0
68.0,2.0,680.0,4.0,0,316.0,9.857142857142858,3.0,0.0
931.0,14.0,623.0,5.0,1,1317.0,0.0,0.0,0.0
145.75,2.0,782.0,4.0,1,429.0,15.0,1.0,0.0
351.0,6.0,418.0,4.0,1,239.0,0.0,0.0,0.0
153.75,1.0,233.0,2.0,1,50.0,0.0,0.0,0.0
217.0,3.6666666666666665,53.0,4.0,1,111.0,0.0,0.0,0.0
10.0,3.0,400.0,4.0,1,107.0,0.0,0.0,0.0
1286.0,19.0,1510.0,4.0,1,185.0,0.0,0.0,0.0
643.0,9.0,991.0,5.0,1,1505.0,0.0,0.0,0.0
39.0,2.5,1398.0,4.0,1,509.0,0.0,0.0,0.0
611.0,8.0,540.0,4.0,1,203.0,0.0,0.0,0.0
588.5,6.75,190.0,4.0,1,155.0,0.0,0.0,0.0
117.0,2.5,757.0,4.0,1,145.0,0.0,0.0,0.0
743.0,13.5,1471.0,2.0,1,706.0,0.0,0.0,0.0
328.0,3.0,225.0,4.0,1,148.0,0.0,0.0,0.0
140.0,4.0,254.0,4.0,1,343.0,18.666666666666668,1.0,0.0
25.0,2.0,824.0,4.0,1,826.0,0.0,0.0,0.0
480.0,8.333333333333334,363.0,4.0,1,556.0,0.0,0.0,0.0
390.0,4.5,484.0,4.0,1,229.0,0.0,0.0,0.0
338.5,3.0,298.0,4.0,1,852.0,0.0,0.0,0.0
1004.0,12.0,2284.0,4.0,1,734.0,0.0,0.0,0.0
84.5,3.0,261.0,4.0,1,551.0,0.0,0.0,0.0
180.0,4.5,828.0,4.0,1,475.0,0.0,0.0,0.0
38.0,1.5,161.0,4.0,1,375.0,24.5,2.0,0.0
664.0,6.0,771.0,4.5,1,1573.0,0.0,0.0,0.0
2.0,1.0,31.0,2.0,1,105.0,0.0,0.0,0.0
241.0,5.5,537.0,4.0,1,267.0,0.0,0.0,0.0
122.5,4.5,556.0,4.0,1,383.0,0.0,0.0,0.0
627.0,4.0,572.0,4.0,1,643.0,0.0,0.0,0.0
482.0,7.0,417.0,4.0,1,88.0,0.0,0.0,0.0
771.0,4.0,1443.0,4.0,1,2247.0,0.0,0.0,0.0
413.0,1.5,400.0,4.0,1,37.0,0.0,0.0,0.0
996.0,20.0,2311.0,2.5,1,309.0,0.0,0.0,0.0
903.0,20.0,701.0,5.0,1,954.0,0.0,0.0,0.0
164.5,2.0,119.0,4.0,1,1.0,0.0,0.0,0.0
265.0,2.5,944.0,4.0,1,83.0,0.0,0.0,0.0
26.0,0.0,1023.0,4.0,0,1074.0,0.0,0.0,0.0
98.0,6.0,792.0,2.0,1,68.0,0.0,0.0,0.0
102.0,3.0,405.0,4.0,1,45.0,0.0,0.0,0.0
33.0,2.0,704.0,4.5,1,602.0,21.0,1.0,0.0
483.5,18.0,255.0,4.0,1,315.0,0.0,0.0,0.0
1157.0,15.0,2471.0,4.0,1,1061.0,0.0,0.0,0.0
590.5,3.0,524.0,4.0,1,903.0,0.0,0.0,0.0
248.0,3.0,539.0,4.0,1,108.0,0.0,0.0,0.0
405.0,3.0,192.0,4.0,1,969.0,0.0,0.0,0.0
257.0,3.0,202.0,4.0,1,149.0,0.0,0.0,0.0
608.3333333333334,8.75,659.0,5.0,1,1943.0,0.0,0.0,0.0
89.0,4.5,1107.0,4.0,1,529.0,0.0,0.0,0.0
732.5,10.0,1126.0,4.0,1,2055.0,0.0,0.0,0.0
1007.0,9.0,1492.0,4.0,1,767.0,0.0,0.0,0.0
604.0,7.5,847.0,4.0,1,775.0,0.0,0.0,0.0
96.5,2.0,505.0,4.0,1,574.0,0.0,0.0,0.0
358.0,5.0,715.0,4.0,1,777.0,0.0,0.0,0.0
406.5,2.0,345.0,4.0,1,74.0,0.0,0.0,0.0
486.5,5.0,205.0,4.0,1,92.0,0.0,0.0,0.0
113.0,4.0,632.0,2.5,1,17.0,0.0,0.0,0.0
175.75,2.0,210.0,4.0,1,178.0,0.0,0.0,0.0
270.0,3.0,352.0,4.0,1,162.0,0.0,0.0,0.0
696.0,7.0,109.0,4.0,1,211.0,0.0,0.0,0.0
538.0,11.0,180.0,4.5,1,1551.0,0.0,0.0,0.0
239.0,2.5,770.0,4.0,1,641.0,0.0,0.0,0.0
562.0,8.75,498.0,4.0,1,429.0,0.0,0.0,0.0
229.0,2.0,681.0,4.0,1,85.0,0.0,0.0,0.0
636.25,9.0,870.0,4.0,1,1056.0,0.0,0.0,0.0
8.0,1.5,91.0,4.0,1,119.0,20.0,1.0,0.0
507.0,4.5,38.0,4.0,1,99.0,0.0,0.0,0.0
649.0,11.0,795.0,4.0,1,803.0,0.0,0.0,0.0
50.0,4.0,135.0,3.0,1,149.0,0.0,0.0,0.0
237.0,6.0,356.0,4.0,1,253.0,0.0,0.0,0.0
693.0,5.0,313.0,4.0,1,490.0,0.0,0.0,0.0
215.0,2.5,827.0,4.0,1,116.0,0.0,0.0,0.0
628.0,8.0,527.0,4.0,1,1086.0,0.0,0.0,0.0
512.0,5.0,445.0,4.0,1,179.0,0.0,0.0,0.0
765.0,5.0,1806.0,4.0,1,2501.0,0.0,0.0,0.0
611.0,13.0,771.0,4.0,1,915.0,0.0,0.0,0.0
1372.0,27.0,1243.0,5.0,1,293.0,0.0,0.0,0.0
445.25,4.5,608.0,4.0,1,147.0,0.0,0.0,0.0
1610.75,29.5,1326.0,5.0,1,168.0,0.0,0.0,0.0
1393.75,22.5,1637.0,5.0,1,687.0,0.0,0.0,0.0
1236.0,6.0,513.0,4.0,1,2208.0,0.0,0.0,0.0
867.0,8.0,1178.0,4.0,1,3374.0,0.0,0.0,0.0
474.0,4.5,381.0,4.0,1,226.0,0.0,0.0,0.0
40.0,3.5,431.0,4.0,1,379.0,0.0,0.0,0.0
61.0,1.0,654.0,4.0,0,395.0,31.0,0.0,0.0
2.5,1.0,686.0,0.0,1,727.0,0.0,0.0,0.0
42.0,2.0,403.0,4.0,1,71.0,15.0,1.0,0.0
415.5,6.0,230.0,4.0,1,1213.0,0.0,0.0,0.0
807.0,10.333333333333334,1595.0,4.0,1,1462.0,0.0,0.0,0.0
31.0,3.0,1381.0,4.0,1,667.0,0.0,0.0,0.0
376.0,6.5,513.0,4.0,1,366.0,0.0,0.0,0.0
59.5,1.0,958.0,4.0,1,302.0,40.0,0.0,0.0
78.0,1.0,600.0,4.0,1,692.0,0.0,0.0,0.0
276.0,4.0,152.0,2.0,1,44.0,0.0,0.0,0.0
847.0,3.0,1023.0,4.0,1,3393.0,0.0,0.0,0.0
1051.0,15.0,1469.0,4.0,1,506.0,0.0,0.0,0.0
415.0,3.5,531.0,4.0,1,268.0,0.0,0.0,0.0
842.0,8.5,917.0,4.0,1,701.0,0.0,0.0,0.0
33.5,4.0,694.0,4.0,1,1190.0,10.5,2.0,0.0
488.0,4.0,618.0,4.0,1,489.0,0.0,0.0,0.0
715.5,5.0,753.0,5.0,1,1314.0,0.0,0.0,0.0
20.5,2.0,517.0,4.0,1,259.0,0.0,0.0,0.0
192.0,2.5,412.0,4.0,1,234.0,0.0,0.0,0.0
1168.5,9.0,1146.0,4.0,1,2955.0,0.0,0.0,0.0
56.0,3.0,71.0,4.0,1,437.0,0.0,0.0,0.0
43.5,1.0,647.0,4.0,1,611.0,0.0,0.0,0.0
1516.0,15.0,192.0,4.0,1,743.0,0.0,0.0,0.0
1106.0,10.5,2326.0,4.0,1,1217.0,0.0,0.0,0.0
204.5,2.0,217.0,3.5,1,141.0,0.0,0.0,0.0
224.0,4.5,567.0,4.0,1,980.0,0.0,0.0,0.0
604.0,2.0,901.0,4.5,1,1924.0,0.0,0.0,0.0
826.0,7.5,1850.0,4.0,1,1174.0,0.0,0.0,0.0
649.75,4.0,188.0,4.0,1,340.0,0.0,0.0,0.0
328.0,2.0,427.0,4.0,1,36.0,0.0,0.0,0.0
333.0,3.0,10.0,4.0,1,284.0,0.0,0.0,0.0
554.0,3.5,304.0,4.0,1,1315.0,0.0,0.0,0.0
607.0,3.0,761.0,4.0,1,877.0,0.0,0.0,0.0
538.0,4.5,118.0,4.0,1,207.0,0.0,0.0,0.0
174.0,12.0,613.0,4.0,1,124.0,0.0,0.0,0.0
615.0,6.0,303.0,4.0,1,1270.0,0.0,0.0,0.0
173.5,5.0,329.0,4.0,1,152.0,0.0,0.0,0.0
584.5,3.0,1485.0,4.0,1,2661.0,0.0,0.0,0.0
390.0,3.0,300.0,4.0,1,493.0,0.0,0.0,0.0
437.5,9.0,710.0,4.0,1,809.0,0.0,0.0,0.0
420.5,9.0,148.0,4.0,1,377.0,0.0,0.0,0.0
508.5,6.5,550.0,2.0,1,1053.0,0.0,0.0,0.0
594.5,5.0,878.0,4.5,1,2518.0,0.0,0.0,0.0
533.0,5.0,593.0,5.0,1,1155.0,0.0,0.0,0.0
12.5,1.5,756.0,4.0,0,223.0,10.0,0.0,0.0
37.5,1.5,89.0,4.5,1,88.0,0.0,0.0,0.0
491.0,7.0,350.0,2.0,1,204.0,0.0,0.0,0.0
882.0,23.0,2209.0,2.5,1,252.0,0.0,0.0,0.0
151.0,5.0,564.0,4.0,1,404.0,0.0,0.0,0.0
1520.0,39.0,1193.0,5.0,1,230.0,0.0,0.0,0.0
91.5,7.0,135.0,4.0,1,696.0,0.0,0.0,0.0
171.5,3.0,276.0,4.0,1,13.0,0.0,0.0,0.0
484.3333333333333,5.0,199.0,4.0,1,154.0,0.0,0.0,0.0
129.5,2.0,302.0,3.0,1,200.0,17.5,0.0,0.0
619.0,8.0,1020.0,4.0,1,936.0,0.0,0.0,0.0
443.75,3.0,146.0,4.0,1,604.0,0.0,0.0,0.0
1110.0,22.0,2245.0,5.0,1,1007.0,0.0,0.0,0.0
102.0,1.5,375.0,4.0,1,372.0,0.0,0.0,0.0
497.0,1.0,202.0,5.0,1,820.0,0.0,0.0,0.0
1299.0,19.25,995.0,5.0,1,1967.0,0.0,0.0,0.0
443.0,3.0,251.0,4.0,1,970.0,0.0,0.0,0.0
449.0,8.0,324.0,4.0,1,320.0,0.0,0.0,0.0
1159.5,13.5,898.0,4.0,1,852.0,0.0,0.0,0.0
329.0,4.5,181.0,4.0,1,451.0,0.0,0.0,0.0
596.0,10.0,616.0,5.0,1,1083.0,0.0,0.0,0.0
648.5,6.0,715.0,4.0,1,1509.0,0.0,0.0,0.0
353.0,5.5,59.0,4.0,1,98.0,0.0,0.0,0.0
282.75,3.0,179.0,4.0,1,26.0,0.0,0.0,0.0
711.0,2.0,986.0,4.0,1,1500.0,0.0,0.0,0.0
451.0,3.0,485.0,4.0,1,142.0,0.0,0.0,0.0
629.5,3.0,722.0,5.0,1,1217.0,0.0,0.0,0.0
336.5,3.0,203.0,4.0,1,1475.0,0.0,0.0,0.0
152.0,1.5,48.0,4.0,1,114.0,0.0,0.0,0.0
330.5,3.5,574.0,4.0,1,677.0,0.0,0.0,0.0
357.3333333333333,5.0,150.0,4.0,1,328.0,0.0,0.0,0.0
124.0,2.5,451.0,4.0,1,128.0,0.0,0.0,0.0
963.0,22.0,1861.0,4.0,1,770.0,0.0,0.0,0.0
524.0,7.0,577.0,4.0,1,582.0,0.0,0.0,0.0
7.5,2.0,392.0,1.5,1,4.0,0.0,0.0,0.0
50.0,3.5,551.0,4.0,1,196.0,0.0,0.0,0.0
1037.0,5.0,2034.0,4.0,1,3854.0,0.0,0.0,0.0
594.0,1.0,1687.0,4.0,1,2569.0,0.0,0.0,0.0
560.5,4.0,213.0,4.0,1,275.0,0.0,0.0,0.0
200.5,4.0,373.0,4.0,1,447.0,0.0,0.0,0.0
743.5,8.0,1542.0,4.0,1,2303.0,0.0,0.0,0.0
66.5,1.0,488.0,4.0,0,570.0,35.5,0.0,0.0
12.5,3.0,551.0,4.0,1,86.0,0.0,0.0,0.0
705.0,5.5,591.0,4.0,1,1609.0,0.0,0.0,0.0
858.0,5.0,1405.0,4.0,1,3968.0,0.0,0.0,0.0
603.5,2.0,1603.0,4.0,1,2570.0,0.0,0.0,0.0
505.0,7.0,482.0,4.0,1,166.0,0.0,0.0,0.0
209.0,4.0,315.0,4.0,1,168.0,16.0,1.0,0.0
619.0,7.0,965.0,2.0,1,915.0,0.0,0.0,0.0
1125.0,5.5,1258.0,4.0,1,3123.0,0.0,0.0,0.0
594.0,4.0,1229.0,4.0,1,2339.0,0.0,0.0,0.0
101.0,1.0,705.0,3.0,0,526.0,0.0,0.0,0.0
1499.0,23.0,320.0,4.0,1,629.0,0.0,0.0,0.0
129.0,6.0,216.0,4.0,1,179.0,0.0,0.0,0.0
800.5,8.5,845.0,4.0,1,2318.0,0.0,0.0,0.0
633.0,7.0,914.0,4.0,1,1918.0,0.0,0.0,0.0
86.0,1.0,885.0,4.0,1,223.0,36.0,0.0,0.0
850.25,2.0,952.0,4.0,1,3426.0,0.0,0.0,0.0
21.5,1.0,469.0,5.0,1,587.0,0.0,0.0,0.0
621.0,6.0,740.0,4.0,1,233.0,0.0,0.0,0.0
91.0,2.0,646.0,2.0,1,20.0,0.0,0.0,0.0
326.0,6.0,164.0,4.0,1,124.0,0.0,0.0,0.0
84.0,3.0,358.0,4.0,1,568.0,3.0,0.0,0.0
585.0,2.0,420.0,4.0,1,1724.0,0.0,0.0,0.0
479.5,6.0,481.0,4.0,1,195.0,0.0,0.0,0.0
1585.0,17.0,165.0,4.0,1,1102.0,0.0,0.0,0.0
459.0,5.0,452.0,4.0,1,409.0,0.0,0.0,0.0
144.0,1.0,75.0,4.0,1,456.0,0.0,0.0,0.0
450.5,4.0,147.0,4.0,1,545.0,0.0,0.0,0.0
13.0,1.0,714.0,5.0,1,180.0,0.0,0.0,0.0
548.3333333333334,4.0,89.0,4.0,1,560.0,0.0,0.0,0.0
31.0,3.0,982.0,4.0,1,598.0,0.0,0.0,0.0
884.5,16.0,1001.0,5.0,1,2842.0,0.0,0.0,0.0
1242.0,35.0,1689.0,5.0,1,621.0,0.0,0.0,0.0
256.5,4.0,608.0,4.0,1,917.0,0.0,0.0,0.0
481.75,9.0,231.0,4.0,1,484.0,0.0,0.0,0.0
42.5,9.0,339.0,4.0,1,871.0,0.0,0.0,0.0
573.0,8.0,555.0,4.0,1,624.0,0.0,0.0,0.0
203.0,4.0,877.0,4.0,1,597.0,0.0,0.0,0.0
65.0,3.5,562.0,0.0,1,0.0,0.0,0.0,0.0
470.0,6.0,82.0,4.0,1,804.0,0.0,0.0,0.0
1060.0,14.0,2261.0,4.0,1,972.0,0.0,0.0,0.0
418.5,7.5,215.0,2.0,1,1086.0,0.0,0.0,0.0
53.0,2.0,258.0,4.0,1,48.0,0.0,0.0,0.0
1262.5,22.0,1031.0,4.0,1,549.0,0.0,0.0,0.0
862.5,13.0,956.0,5.0,1,2895.0,0.0,0.0,0.0
228.0,4.0,830.0,4.0,1,357.0,0.0,0.0,0.0
440.5,4.5,108.0,4.0,1,236.0,0.0,0.0,0.0
415.0,3.0,351.0,4.0,1,1145.0,0.0,0.0,0.0
319.5,13.0,166.0,4.0,1,374.0,0.0,0.0,0.0
1605.0,13.0,603.0,4.0,1,461.0,0.0,0.0,0.0
488.0,7.0,508.0,4.0,1,510.0,0.0,0.0,0.0
433.5,13.0,476.0,4.0,1,885.0,0.0,0.0,0.0
34.0,3.0,929.0,4.0,1,1231.0,0.0,0.0,0.0
310.5,4.0,283.0,4.0,1,51.0,0.0,0.0,0.0
620.0,7.0,441.0,4.0,1,1118.0,0.0,0.0,0.0
1013.0,6.5,1610.0,4.0,1,3215.0,0.0,0.0,0.0
570.5,19.0,430.0,4.0,1,366.0,0.0,0.0,0.0
464.0,3.0,8.0,4.0,1,522.0,0.0,0.0,0.0
317.0,6.0,380.0,4.0,1,626.0,0.0,0.0,0.0
864.0,19.0,861.0,5.0,1,867.0,0.0,0.0,0.0
651.0,10.5,561.0,4.0,1,1020.0,0.0,0.0,0.0
99.0,5.0,660.0,2.0,1,61.0,0.0,0.0,0.0
275.5,3.0,432.0,4.0,1,39.0,0.0,0.0,0.0
261.5,4.0,1138.0,4.0,1,376.0,0.0,0.0,0.0
438.0,5.0,439.0,4.0,1,315.0,0.0,0.0,0.0
287.0,2.0,330.0,4.0,1,514.0,0.0,0.0,0.0
294.0,8.5,512.0,4.0,1,71.0,0.0,0.0,0.0
1204.0,18.0,2397.0,5.0,1,1170.0,0.0,0.0,0.0
731.0,10.0,848.0,4.0,1,290.0,0.0,0.0,0.0
52.0,2.5,290.0,4.5,1,43.0,0.0,0.0,0.0
1781.0,13.0,935.0,4.0,1,395.0,0.0,0.0,0.0
598.0,3.0,993.0,4.0,1,2102.0,0.0,0.0,0.0
450.0,3.5,256.0,4.0,1,253.0,0.0,0.0,0.0
389.0,4.5,563.0,4.0,1,160.0,0.0,0.0,0.0
534.0,5.0,342.0,4.0,1,1752.0,0.0,0.0,0.0
42.0,5.0,578.0,4.0,1,599.0,11.666666666666666,2.0,0.0
650.0,5.0,206.0,4.0,1,864.0,0.0,0.0,0.0
498.0,5.0,367.0,2.0,1,6.0,0.0,0.0,0.0
701.5,8.0,1297.0,4.0,1,202.0,0.0,0.0,0.0
205.0,4.0,813.0,4.0,1,1101.0,0.0,0.0,0.0
381.0,6.0,611.0,4.0,1,293.0,0.0,0.0,0.0
1083.0,7.0,1139.0,4.0,1,2899.0,0.0,0.0,0.0
12.5,2.0,333.0,4.0,1,804.0,0.0,0.0,0.0
147.0,3.0,419.0,4.0,1,147.0,10.0,0.0,0.0
350.5,7.5,411.0,4.0,1,185.0,0.0,0.0,0.0
149.0,1.5,117.0,4.0,1,148.0,0.0,0.0,0.0
633.0,7.0,956.0,4.0,1,1961.0,0.0,0.0,0.0
602.0,6.5,396.0,4.0,1,993.0,0.0,0.0,0.0
514.0,6.5,557.0,4.0,1,87.0,0.0,0.0,0.0
132.0,4.5,527.0,4.0,1,433.0,0.0,0.0,0.0
181.0,3.0,735.0,4.0,0,175.0,14.0,4.0,0.0
133.0,2.0,782.0,4.0,1,356.0,0.0,0.0,0.0
245.0,4.5,480.0,4.0,1,401.0,0.0,0.0,0.0
60.5,9.0,81.0,4.5,1,526.0,0.0,0.0,0.0
868.0,31.5,837.0,5.0,1,1270.0,0.0,0.0,0.0
671.0,6.0,467.0,4.0,1,1469.0,0.0,0.0,0.0
474.0,5.0,467.0,4.0,1,1025.0,0.0,0.0,0.0
220.0,4.5,610.0,4.0,1,256.0,0.0,0.0,0.0
384.5,4.0,503.0,4.0,1,754.0,0.0,0.0,0.0
268.0,2.5,104.0,4.0,1,259.0,0.0,0.0,0.0
594.5,7.0,870.0,2.0,1,736.0,0.0,0.0,0.0
205.0,3.0,575.0,4.0,1,88.0,0.0,0.0,0.0
63.0,3.5,460.0,4.0,1,217.0,0.0,0.0,0.0
129.5,4.0,330.0,4.0,1,121.0,0.0,0.0,0.0
15.0,2.0,994.0,4.0,1,75.0,27.0,0.0,0.0
386.0,5.0,452.0,4.0,1,488.0,0.0,0.0,0.0
154.0,6.0,665.0,4.0,1,35.0,0.0,0.0,0.0
813.0,6.0,1081.0,4.0,1,3763.0,0.0,0.0,0.0
254.0,3.0,171.0,4.0,1,475.0,0.0,0.0,0.0
108.0,2.5,483.0,4.0,1,3.0,0.0,0.0,0.0
638.0,8.0,925.0,4.0,1,430.0,0.0,0.0,0.0
1010.0,15.0,483.0,5.0,1,963.0,0.0,0.0,0.0
652.5,6.5,393.0,4.0,1,904.0,0.0,0.0,0.0
84.0,3.0,179.0,4.0,1,233.0,0.0,0.0,0.0
522.5,8.0,684.0,4.0,1,1869.0,0.0,0.0,0.0
420.5,9.0,344.0,4.0,1,423.0,0.0,0.0,0.0
1137.0,9.0,1075.0,4.0,1,1146.0,0.0,0.0,0.0
950.0,11.0,1324.0,4.0,1,2385.0,0.0,0.0,0.0
94.0,3.0,297.0,4.0,1,319.0,17.75,1.0,0.0
434.5,8.0,588.0,4.0,1,240.0,0.0,0.0,0.0
136.0,3.0,396.0,4.0,1,216.0,0.0,0.0,0.0
487.6666666666667,4.0,129.0,4.0,1,405.0,0.0,0.0,0.0
42.5,3.5,153.0,4.0,1,215.0,0.0,0.0,0.0
609.0,3.0,1528.0,4.0,1,2523.0,0.0,0.0,0.0
229.0,2.0,748.0,4.0,1,777.0,0.0,0.0,0.0
1033.5,15.5,2097.0,4.0,1,959.0,0.0,0.0,0.0
69.0,1.5,750.0,4.0,1,541.0,13.333333333333334,0.0,0.0
1251.0,10.5,2244.0,4.0,1,1412.0,0.0,0.0,0.0
159.0,6.0,515.0,4.0,1,35.0,0.0,0.0,0.0
316.5,2.0,155.0,4.0,1,302.0,0.0,0.0,0.0
976.0,23.0,2031.0,4.0,1,2025.0,0.0,0.0,0.0
824.5,14.0,1459.0,5.0,1,1320.0,0.0,0.0,0.0
195.0,3.0,387.0,4.0,1,125.0,0.0,0.0,0.0
497.0,5.0,138.0,4.0,1,638.0,0.0,0.0,0.0
899.0,15.0,1755.0,4.5,1,1018.0,0.0,0.0,0.0
396.5,6.0,336.0,0.0,1,317.0,0.0,0.0,0.0
554.0,5.0,237.0,4.0,1,532.0,0.0,0.0,0.0
90.0,2.5,717.0,4.0,1,513.0,31.0,0.0,0.0
264.0,4.5,691.0,4.0,1,566.0,0.0,0.0,0.0
358.0,2.5,206.0,4.0,1,200.0,0.0,0.0,0.0
660.0,10.5,1320.0,4.0,1,1379.0,0.0,0.0,0.0
638.0,5.0,434.0,4.0,1,754.0,0.0,0.0,0.0
528.5,5.0,336.0,4.0,1,591.0,0.0,0.0,0.0
98.0,6.0,1112.0,4.0,1,82.0,0.0,0.0,0.0
410.0,6.0,663.0,4.0,1,321.0,0.0,0.0,0.0
229.0,3.0,593.0,4.0,1,23.0,0.0,0.0,0.0
1426.0,21.0,2017.0,4.0,1,1053.0,0.0,0.0,0.0
1198.0,12.0,2563.0,4.0,1,1417.0,0.0,0.0,0.0
2.5,1.0,677.0,0.0,0,1131.0,0.0,0.0,0.0
403.0,5.0,468.0,2.0,1,202.0,0.0,0.0,0.0
684.0,9.0,1330.0,4.5,1,1346.0,0.0,0.0,0.0
40.0,3.0,1055.0,5.0,1,671.0,30.0,0.0,0.0
5.0,1.0,572.0,4.0,0,298.0,30.0,0.0,0.0
320.0,4.0,324.0,2.0,1,13.0,0.0,0.0,0.0
58.0,2.0,207.0,4.0,1,39.0,0.0,0.0,0.0
1114.0,13.0,1207.0,4.0,1,1249.0,0.0,0.0,0.0
774.0,5.0,1857.0,4.0,1,2553.0,0.0,0.0,0.0
331.0,4.0,244.0,4.0,1,134.0,0.0,0.0,0.0
158.0,4.0,599.0,4.0,1,107.0,0.0,0.0,0.0
138.5,2.0,887.0,2.0,1,15.0,12.0,0.0,0.0
821.0,14.5,1265.0,4.5,1,2680.0,0.0,0.0,0.0
51.0,2.0,58.0,4.0,1,121.0,10.571428571428571,4.0,0.0
337.5,12.0,174.0,4.0,1,539.0,0.0,0.0,0.0
264.0,10.0,329.0,4.0,1,866.0,0.0,0.0,0.0
285.0,2.5,243.0,4.0,1,252.0,0.0,0.0,0.0
549.5,4.75,507.0,5.0,1,1162.0,0.0,0.0,0.0
116.0,1.5,600.0,4.0,1,346.0,0.0,0.0,0.0
841.0,21.0,889.0,5.0,1,1058.0,0.0,0.0,0.0
109.0,1.5,234.0,4.0,1,428.0,0.0,0.0,0.0
1365.0,18.0,2023.0,4.0,1,754.0,0.0,0.0,0.0
728.0,13.0,624.0,4.5,1,2288.0,0.0,0.0,0.0
106.5,3.0,815.0,4.0,1,730.0,0.0,0.0,0.0
279.0,5.0,614.0,4.0,1,138.0,0.0,0.0,0.0
1379.0,18.0,1854.0,5.0,1,881.0,0.0,0.0,0.0
752.0,19.5,1249.0,5.0,1,996.0,0.0,0.0,0.0
46.5,2.0,344.0,4.0,0,347.0,3.0,0.0,0.0
1566.5,11.5,558.0,4.0,1,1503.0,0.0,0.0,0.0
208.0,3.0,1369.0,4.0,1,307.0,0.0,0.0,0.0
457.0,5.0,370.0,4.0,1,221.0,0.0,0.0,0.0
609.5,5.5,695.0,4.0,1,106.0,0.0,0.0,0.0
165.0,2.0,819.0,2.0,1,12.0,8.5,0.0,0.0
160.5,6.0,680.0,2.5,1,0.0,0.0,0.0,0.0
220.0,5.0,676.0,4.0,1,1203.0,0.0,0.0,0.0
6.0,1.0,450.0,4.5,1,562.0,0.0,0.0,0.0
570.0,4.0,9.0,4.0,1,82.0,0.0,0.0,0.0
869.0,5.0,997.0,4.0,1,347.0,0.0,0.0,0.0
135.0,1.5,428.0,4.0,1,100.0,0.0,0.0,0.0
1156.0,13.5,1916.0,5.0,1,403.0,0.0,0.0,0.0
201.0,14.5,591.0,4.0,1,500.0,0.0,0.0,0.0
385.0,5.5,302.0,4.0,1,102.0,0.0,0.0,0.0
60.0,1.0,336.0,4.0,1,658.0,30.0,0.0,0.0
455.5,4.0,382.0,4.0,1,1311.0,0.0,0.0,0.0
1267.0,10.666666666666666,1169.0,4.0,1,2512.0,0.0,0.0,0.0
1399.75,11.5,572.0,4.0,1,514.0,0.0,0.0,0.0
111.0,4.0,445.0,4.0,1,387.0,0.0,0.0,0.0
320.0,5.5,582.0,4.0,1,177.0,0.0,0.0,0.0
838.5,14.0,1327.0,5.0,1,1515.0,0.0,0.0,0.0
233.5,5.333333333333333,724.0,4.0,1,23.0,0.0,0.0,0.0
1066.0,10.0,1052.0,4.0,1,1171.0,0.0,0.0,0.0
82.0,3.0,134.0,4.0,1,186.0,30.0,0.0,0.0
461.0,4.0,144.0,4.0,1,474.0,0.0,0.0,0.0
535.0,6.0,290.0,2.0,1,235.0,0.0,0.0,0.0
947.0,16.5,2467.0,2.5,1,486.0,0.0,0.0,0.0
103.0,1.0,595.0,4.0,0,1024.0,0.0,0.0,0.0
21.0,2.0,720.0,4.0,1,227.0,10.0,2.0,0.0
772.0,5.0,1465.0,5.0,1,2423.0,0.0,0.0,0.0
524.0,4.0,297.0,4.0,1,524.0,0.0,0.0,0.0
357.0,4.5,401.0,4.0,1,190.0,0.0,0.0,0.0
31.25,4.0,625.0,4.0,1,281.0,0.0,0.0,0.0
798.0,23.0,839.0,5.0,1,982.0,0.0,0.0,0.0
304.0,2.0,225.0,4.0,1,1149.0,0.0,0.0,0.0
79.0,5.5,1279.0,4.0,1,512.0,0.0,0.0,0.0
875.6666666666666,7.0,2016.0,4.0,1,214.0,0.0,0.0,0.0
4.5,1.0,1089.0,4.0,1,431.0,10.181818181818182,4.0,0.0
451.0,3.0,230.0,4.0,1,1488.0,0.0,0.0,0.0
644.0,9.5,453.0,5.0,1,2061.0,0.0,0.0,0.0
450.0,5.0,202.0,4.0,1,294.0,0.0,0.0,0.0
257.0,3.0,483.0,4.0,1,42.0,5.0,0.0,0.0
910.0,8.0,2053.0,4.0,1,3684.0,0.0,0.0,0.0
9.0,5.0,572.0,4.0,1,1054.0,0.0,0.0,0.0
510.0,7.0,238.0,2.0,1,87.0,0.0,0.0,0.0
157.0,1.0,302.0,4.0,1,453.0,0.0,0.0,0.0
207.0,3.0,345.0,4.0,1,72.0,0.0,0.0,0.0
450.0,8.0,323.0,4.0,1,252.0,0.0,0.0,0.0
27.0,0.0,1105.0,4.0,0,1049.0,0.0,0.0,0.0
1206.0,13.0,2505.0,4.0,1,1216.0,0.0,0.0,0.0
1495.0,21.5,1957.0,4.0,1,878.0,0.0,0.0,0.0
436.0,3.0,146.0,4.0,1,80.0,0.0,0.0,0.0
206.0,3.5,399.0,4.0,0,112.0,0.0,0.0,0.0
602.0,5.0,341.0,4.0,1,1130.0,0.0,0.0,0.0
1356.0,11.5,944.0,4.0,1,1170.0,0.0,0.0,0.0
595.0,6.0,296.0,5.0,1,1361.0,0.0,0.0,0.0
145.0,3.5,315.0,4.0,1,406.0,3.0,1.0,0.0
1154.0,7.0,1392.0,4.0,1,3153.0,0.0,0.0,0.0
610.0,4.0,603.0,4.0,1,574.0,0.0,0.0,0.0
135.25,4.0,640.0,4.0,1,134.0,0.0,0.0,0.0
128.0,5.0,690.0,4.0,1,473.0,0.0,0.0,0.0
663.0,8.0,572.0,4.0,1,1591.0,0.0,0.0,0.0
170.0,3.0,629.0,4.0,1,162.0,0.0,0.0,0.0
326.0,3.0,273.0,4.0,1,154.0,0.0,0.0,0.0
465.0,4.5,148.0,4.0,1,441.0,0.0,0.0,0.0
141.0,6.0,550.0,4.0,1,397.0,0.0,0.0,0.0
856.0,9.0,1813.0,4.0,1,1871.0,0.0,0.0,0.0
327.0,3.5,257.0,4.0,1,554.0,0.0,0.0,0.0
6.0,1.0,145.0,3.0,1,15.0,0.0,0.0,0.0
791.5,14.0,1713.0,5.0,1,940.0,0.0,0.0,0.0
20.5,2.0,1328.0,4.0,0,576.0,15.4,3.0,0.0
634.0,4.5,1225.0,4.0,1,2236.0,0.0,0.0,0.0
116.0,4.5,501.0,4.0,1,218.0,0.0,0.0,0.0
342.5,6.0,72.0,4.0,1,189.0,0.0,0.0,0.0
877.0,10.5,2128.0,4.0,1,3385.0,0.0,0.0,0.0
345.5,9.5,804.0,4.0,1,591.0,0.0,0.0,0.0
151.5,2.0,221.0,4.0,1,325.0,0.0,0.0,0.0
631.0,3.0,361.0,4.0,1,652.0,0.0,0.0,0.0
817.0,13.0,1837.0,5.0,1,13.0,0.0,0.0,0.0
81.0,5.0,496.0,4.5,1,534.0,14.5,0.0,0.0
258.5,10.0,414.0,4.0,1,257.0,0.0,0.0,0.0
623.0,7.0,655.0,2.0,1,1150.0,0.0,0.0,0.0
412.0,3.5,114.0,4.0,1,569.0,0.0,0.0,0.0
388.0,6.0,253.0,4.0,1,854.0,0.0,0.0,0.0
61.5,1.0,460.0,4.0,1,698.0,0.0,0.0,0.0
350.0,5.0,272.0,4.0,1,1269.0,0.0,0.0,0.0
435.0,8.0,421.0,4.0,1,64.0,0.0,0.0,0.0
358.0,5.0,140.0,4.0,1,613.0,0.0,0.0,0.0
714.0,13.0,583.0,4.5,1,2891.0,0.0,0.0,0.0
369.0,3.0,729.0,4.0,1,31.0,0.0,0.0,0.0
143.33333333333334,2.0,717.0,4.0,1,436.0,12.75,1.0,0.0
23.0,2.0,970.0,4.5,1,405.0,0.0,0.0,0.0
14.0,1.0,327.0,4.0,1,66.0,0.0,0.0,0.0
59.5,3.0,218.0,4.0,1,176.0,0.0,0.0,0.0
475.0,7.666666666666667,258.0,4.0,1,1030.0,0.0,0.0,0.0
78.0,2.0,845.0,4.0,0,406.0,0.0,0.0,0.0
550.0,4.0,255.0,4.0,1,118.0,0.0,0.0,0.0
486.5,5.5,152.0,4.0,1,545.0,0.0,0.0,0.0
308.0,6.0,777.0,4.0,1,491.0,0.0,0.0,0.0
13.0,5.0,528.0,4.0,1,603.0,11.5,2.0,0.0
1344.0,12.5,1190.0,5.0,1,105.0,0.0,0.0,0.0
566.0,4.0,175.0,4.0,1,991.0,0.0,0.0,0.0
595.5,6.0,181.0,4.0,1,736.0,0.0,0.0,0.0
184.0,9.5,26.0,4.0,1,600.0,0.0,0.0,0.0
424.25,4.5,40.0,4.0,1,780.0,0.0,0.0,0.0
199.0,2.0,378.0,4.0,1,234.0,0.0,0.0,0.0
311.0,3.0,441.0,4.0,1,1434.0,0.0,0.0,0.0
123.0,4.0,577.0,4.0,1,222.0,0.0,0.0,0.0
135.0,3.0,499.0,4.0,1,510.0,0.0,0.0,0.0
33.0,2.5,887.0,4.0,1,930.0,0.0,0.0,0.0
769.5,5.5,951.0,4.0,1,672.0,0.0,0.0,0.0
617.0,8.0,867.0,4.0,1,483.0,0.0,0.0,0.0
1296.0,9.0,1259.0,4.0,1,247.0,0.0,0.0,0.0
461.0,8.5,412.0,4.0,1,107.0,0.0,0.0,0.0
53.0,1.0,523.0,4.0,1,197.0,0.0,0.0,0.0
911.0,18.0,2060.0,4.0,1,1794.0,0.0,0.0,0.0
468.0,3.0,131.0,4.0,1,869.0,0.0,0.0,0.0
165.5,2.0,743.0,4.0,1,93.0,24.5,2.0,0.0
341.0,5.0,63.0,4.0,1,234.0,0.0,0.0,0.0
566.0,12.0,125.0,4.0,1,1208.0,0.0,0.0,0.0
133.0,1.0,429.0,4.0,1,72.0,0.0,0.0,0.0
61.5,1.0,452.0,4.0,1,560.0,30.0,0.0,0.0
420.0,7.0,570.0,4.0,1,26.0,0.0,0.0,0.0
208.0,4.0,654.0,2.0,1,81.0,0.0,0.0,0.0
616.0,5.5,771.0,4.0,1,845.0,0.0,0.0,0.0
226.0,4.5,332.0,4.0,1,76.0,0.0,0.0,0.0
721.5,3.5,848.0,5.0,1,1350.0,0.0,0.0,0.0
344.0,5.5,733.0,4.0,1,630.0,0.0,0.0,0.0
338.0,2.5,70.0,4.0,1,1436.0,0.0,0.0,0.0
1233.5,9.0,703.0,4.0,1,1752.0,0.0,0.0,0.0
369.0,4.0,155.0,2.0,1,34.0,0.0,0.0,0.0
724.0,7.0,1354.0,4.0,1,1553.0,0.0,0.0,0.0
145.5,2.0,1098.0,4.0,1,296.0,31.0,0.0,0.0
773.5,4.5,1435.0,2.0,1,2147.0,0.0,0.0,0.0
103.0,2.5,697.0,4.0,0,603.0,27.5,0.0,0.0
245.0,14.0,285.0,4.0,1,454.0,0.0,0.0,0.0
212.25,11.0,113.0,4.5,1,458.0,0.0,0.0,0.0
30.0,1.0,258.0,4.0,1,526.0,16.6,1.0,0.0
22.5,0.5,745.0,4.0,1,675.0,0.0,0.0,0.0
625.5,10.0,475.0,5.0,1,5.0,0.0,0.0,0.0
557.0,3.0,42.0,4.0,1,639.0,0.0,0.0,0.0
417.0,4.5,540.0,4.0,1,180.0,0.0,0.0,0.0
209.0,7.0,870.0,4.0,1,874.0,0.0,0.0,0.0
290.0,5.5,726.0,4.0,1,577.0,0.0,0.0,0.0
672.5,6.0,374.0,4.0,1,264.0,0.0,0.0,0.0
23.0,1.0,711.0,4.0,0,686.0,0.0,0.0,0.0
122.5,4.0,546.0,4.0,1,170.0,0.0,0.0,0.0
519.0,4.0,502.0,2.0,1,141.0,0.0,0.0,0.0
473.0,6.5,403.0,4.0,1,77.0,0.0,0.0,0.0
446.0,4.0,208.0,4.0,1,422.0,0.0,0.0,0.0
340.0,5.5,659.0,4.0,1,667.0,0.0,0.0,0.0
60.0,2.0,333.0,4.0,1,259.0,0.0,0.0,0.0
87.25,1.5,1169.0,4.0,1,253.0,0.0,0.0,0.0
763.25,12.5,1246.0,4.0,1,63.0,0.0,0.0,0.0
1163.0,8.0,1222.0,4.0,1,627.0,0.0,0.0,0.0
185.5,6.0,239.0,4.0,1,312.0,0.0,0.0,0.0
201.0,4.0,581.0,4.0,1,374.0,0.0,0.0,0.0
1460.0,16.0,2264.0,4.0,1,737.0,0.0,0.0,0.0
543.0,2.0,627.0,5.0,1,1273.0,0.0,0.0,0.0
1254.75,9.0,921.0,4.0,1,2526.0,0.0,0.0,0.0
1052.0,20.0,733.0,4.0,1,1062.0,0.0,0.0,0.0
1270.0,11.0,2383.0,4.0,1,1456.0,0.0,0.0,0.0
148.0,10.0,171.0,4.0,1,723.0,0.0,0.0,0.0
674.0,6.0,346.0,4.0,1,544.0,0.0,0.0,0.0
1042.6666666666667,16.0,1914.0,4.0,1,1906.0,0.0,0.0,0.0
540.0,6.0,629.0,4.0,1,514.0,0.0,0.0,0.0
523.0,3.5,571.0,4.0,1,447.0,0.0,0.0,0.0
518.5,3.5,839.0,2.0,1,815.0,0.0,0.0,0.0
700.5,16.0,1127.0,4.0,1,840.0,0.0,0.0,0.0
102.5,4.0,551.0,4.0,1,39.0,0.0,0.0,0.0
501.0,4.5,783.0,4.0,1,411.0,0.0,0.0,0.0
118.5,2.0,711.0,4.0,1,198.0,22.666666666666668,0.0,0.0
55.5,1.5,894.0,4.0,1,315.0,0.0,0.0,0.0
177.25,4.0,1131.0,4.0,1,536.0,0.0,0.0,0.0
141.0,4.0,24.0,4.0,1,758.0,0.0,0.0,0.0
265.0,6.0,325.0,4.0,1,148.0,0.0,0.0,0.0
317.75,1.5,269.0,4.0,1,73.0,0.0,0.0,0.0
292.5,2.5,573.0,4.0,1,571.0,0.0,0.0,0.0
542.0,8.5,470.0,4.0,1,383.0,0.0,0.0,0.0
35.0,2.0,167.0,4.0,1,402.0,0.0,0.0,0.0
145.0,1.5,335.0,4.0,1,194.0,0.0,0.0,0.0
47.0,1.0,627.0,4.0,1,382.0,0.0,0.0,0.0
596.5,6.0,743.0,4.0,1,1044.0,0.0,0.0,0.0
537.0,7.0,271.0,5.0,1,1801.0,0.0,0.0,0.0
182.0,4.0,473.0,4.0,1,206.0,0.0,0.0,0.0
98.0,2.0,244.0,4.0,0,164.0,13.25,0.0,0.0
632.75,10.75,585.0,4.0,1,1563.0,0.0,0.0,0.0
863.0,5.0,1145.0,4.0,1,3635.0,0.0,0.0,0.0
399.0,5.0,443.0,2.0,1,34.0,0.0,0.0,0.0
157.0,3.0,368.0,3.0,1,301.0,0.0,0.0,0.0
92.0,2.0,666.0,4.0,1,51.0,0.0,0.0,0.0
1283.5,11.0,885.0,5.0,1,2369.0,0.0,0.0,0.0
867.0,5.0,1895.0,4.0,1,3308.0,0.0,0.0,0.0
218.0,4.5,962.0,4.0,1,600.0,0.0,0.0,0.0
186.0,14.5,57.0,4.0,1,605.0,0.0,0.0,0.0
264.5,4.0,748.0,4.0,1,291.0,0.0,0.0,0.0
167.0,5.5,399.0,4.0,1,479.0,0.0,0.0,0.0
431.25,9.0,399.0,2.0,1,405.0,0.0,0.0,0.0
759.0,6.0,1449.0,2.0,1,2332.0,0.0,0.0,0.0
323.0,2.0,113.0,4.0,1,235.0,0.0,0.0,0.0
1070.0,9.0,747.0,4.0,1,1687.0,0.0,0.0,0.0
325.5,0.5,272.0,4.0,1,497.0,0.0,0.0,0.0
212.5,6.5,215.0,4.0,1,307.0,0.0,0.0,0.0
87.0,3.0,1125.0,4.0,1,356.0,0.0,0.0,0.0
681.0,13.5,802.0,4.0,1,2469.0,0.0,0.0,0.0
395.5,6.5,277.0,4.0,1,1073.0,0.0,0.0,0.0
1501.0,23.0,1026.0,5.0,1,21.0,0.0,0.0,0.0
134.0,2.0,313.0,4.0,1,118.0,0.0,0.0,0.0
366.0,11.25,307.0,4.0,1,497.0,0.0,0.0,0.0
607.0,6.5,1011.0,4.0,1,1916.0,0.0,0.0,0.0
299.6666666666667,4.0,464.0,4.0,1,243.0,0.0,0.0,0.0
1369.0,9.5,859.0,4.0,1,1149.0,0.0,0.0,0.0
1117.0,30.0,1869.0,5.0,1,593.0,0.0,0.0,0.0
139.0,2.0,924.0,4.5,1,188.0,0.0,0.0,0.0
871.0,13.5,2082.0,4.5,1,50.0,0.0,0.0,0.0
163.0,5.0,723.0,4.0,1,396.0,0.0,0.0,0.0
323.0,2.0,84.0,4.0,1,239.0,0.0,0.0,0.0
161.0,6.0,585.0,4.0,1,93.0,0.0,0.0,0.0
56.0,3.0,376.0,4.0,1,572.0,0.0,0.0,0.0
9.0,2.0,218.0,4.0,1,271.0,0.0,0.0,0.0
87.0,2.0,332.0,4.0,1,105.0,12.142857142857142,3.0,0.0
58.0,1.5,556.0,4.0,0,563.0,4.333333333333333,0.0,0.0
118.0,3.0,251.0,4.0,1,259.0,0.0,0.0,0.0
482.0,7.0,738.0,4.0,1,367.0,0.0,0.0,0.0
265.0,3.0,959.0,4.0,1,244.0,0.0,0.0,0.0
518.75,5.0,640.0,4.0,1,518.0,0.0,0.0,0.0
381.5,6.0,160.0,4.0,1,152.0,0.0,0.0,0.0
647.0,5.0,707.0,4.0,1,1018.0,0.0,0.0,0.0
118.5,2.0,431.0,4.0,1,164.0,0.0,0.0,0.0
746.0,12.5,509.0,5.0,1,2212.0,0.0,0.0,0.0
80.0,2.5,490.0,2.0,1,0.0,0.0,0.0,0.0
34.75,3.0,503.0,4.5,0,501.0,5.0,2.0,0.0
132.0,3.0,334.0,4.0,1,13.0,29.0,0.0,0.0
8.0,1.0,347.0,4.0,1,1083.0,11.1,6.0,0.0
76.0,1.5,389.0,4.0,0,354.0,16.5,2.0,0.0
944.0,25.0,750.0,5.0,1,1125.0,0.0,0.0,0.0
536.5,6.0,404.0,2.0,1,57.0,0.0,0.0,0.0
378.0,8.0,225.0,4.0,1,321.0,0.0,0.0,0.0
433.5,4.5,356.0,2.0,1,299.0,0.0,0.0,0.0
433.0,10.0,806.0,4.0,1,621.0,0.0,0.0,0.0
46.0,1.0,361.0,4.0,1,294.0,0.0,0.0,0.0
67.75,4.5,512.0,4.0,1,596.0,0.0,0.0,0.0
967.0,11.0,1736.0,4.0,1,3166.0,0.0,0.0,0.0
1340.5,14.0,1232.0,5.0,1,147.0,0.0,0.0,0.0
147.0,1.5,138.0,4.0,1,222.0,16.4,4.0,0.0
558.0,4.0,393.0,4.0,1,1324.0,0.0,0.0,0.0
892.5,7.0,1564.0,4.0,1,3884.0,0.0,0.0,0.0
437.0,8.0,573.0,4.0,1,281.0,0.0,0.0,0.0
1516.0,10.0,761.0,4.0,1,1580.0,0.0,0.0,0.0
260.0,4.0,238.0,4.0,1,1020.0,0.0,0.0,0.0
190.0,4.0,610.0,4.0,1,83.0,0.0,0.0,0.0
1320.0,8.0,973.0,4.0,1,393.0,0.0,0.0,0.0
599.0,3.0,103.0,4.0,1,311.0,0.0,0.0,0.0
663.0,13.0,917.0,4.0,1,1226.0,0.0,0.0,0.0
16.0,1.5,485.0,4.0,1,146.0,0.0,0.0,0.0
1429.5,17.0,2181.0,4.0,1,750.0,0.0,0.0,0.0
379.0,4.5,733.0,4.0,1,84.0,0.0,0.0,0.0
402.75,6.0,572.0,4.0,1,176.0,0.0,0.0,0.0
88.33333333333333,6.0,335.0,4.0,1,243.0,0.0,0.0,0.0
98.0,2.0,1099.0,4.0,1,539.0,20.0,0.0,0.0
808.0,8.0,1194.0,5.0,1,1368.0,0.0,0.0,0.0
1210.0,9.0,1124.0,4.0,1,2834.0,0.0,0.0,0.0
564.0,16.0,503.0,4.0,1,208.0,0.0,0.0,0.0
488.5,5.5,227.0,4.0,1,723.0,0.0,0.0,0.0
344.0,4.0,275.0,4.0,1,1388.0,0.0,0.0,0.0
289.0,7.5,912.0,4.0,1,587.0,0.0,0.0,0.0
52.5,1.0,737.0,4.0,0,113.0,0.0,0.0,0.0
1052.0,6.0,1740.0,4.0,1,3554.0,0.0,0.0,0.0
587.0,9.5,368.0,2.0,1,711.0,0.0,0.0,0.0
400.0,1.5,526.0,4.0,1,312.0,0.0,0.0,0.0
255.0,3.5,147.0,4.0,1,328.0,0.0,0.0,0.0
688.0,5.0,1054.0,4.0,1,1770.0,0.0,0.0,0.0
67.0,1.0,640.0,4.5,0,736.0,10.142857142857142,3.0,0.0
95.0,1.5,443.0,4.0,1,219.0,7.75,2.0,0.0
471.0,9.0,221.0,4.0,1,100.0,0.0,0.0,0.0
1156.5,9.0,136.0,4.0,1,1816.0,0.0,0.0,0.0
44.5,2.0,447.0,4.0,1,70.0,0.0,0.0,0.0
81.0,3.0,394.0,4.0,1,684.0,0.0,0.0,0.0
788.0,13.0,1363.0,2.0,1,1178.0,0.0,0.0,0.0
307.5,7.0,1090.0,4.0,1,842.0,0.0,0.0,0.0
174.0,4.0,634.0,4.0,1,203.0,17.333333333333332,2.0,0.0
162.5,1.0,418.0,4.0,1,267.0,0.0,0.0,0.0
74.5,5.0,169.0,4.0,1,606.0,0.0,0.0,0.0
916.0,16.5,697.0,5.0,1,982.0,0.0,0.0,0.0
1603.0,11.5,1871.0,4.5,1,485.0,0.0,0.0,0.0
767.5,6.0,1284.0,4.0,1,292.0,0.0,0.0,0.0
420.0,3.5,258.0,4.0,1,247.0,0.0,0.0,0.0
785.0,4.5,1733.0,4.0,1,2567.0,0.0,0.0,0.0
94.0,4.0,277.0,4.0,1,195.0,23.0,1.0,0.0
921.5,18.0,1929.0,4.0,1,1490.0,0.0,0.0,0.0
229.5,2.0,1187.0,4.0,1,50.0,0.0,0.0,0.0
208.5,6.0,315.0,4.0,1,448.0,0.0,0.0,0.0
546.0,6.0,715.0,4.0,1,755.0,0.0,0.0,0.0
288.0,6.0,242.0,4.0,1,314.0,0.0,0.0,0.0
122.5,4.0,498.0,4.0,1,143.0,30.0,0.0,0.0
70.0,2.0,469.0,4.0,1,744.0,0.0,0.0,0.0
155.0,5.5,774.0,4.0,1,30.0,0.0,0.0,0.0
825.0,22.0,1693.0,4.0,1,28.0,0.0,0.0,0.0
411.5,6.0,259.0,4.0,1,309.0,0.0,0.0,0.0
82.0,3.0,1070.0,4.0,0,596.0,30.0,0.0,0.0
320.5,8.0,476.0,0.0,1,41.0,0.0,0.0,0.0
43.5,4.333333333333333,1218.0,4.0,1,496.0,0.0,0.0,0.0
247.0,3.5,591.0,2.0,1,252.0,0.0,0.0,0.0
398.0,5.5,323.0,4.0,1,1.0,0.0,0.0,0.0
52.0,5.0,148.0,4.0,1,253.0,0.0,0.0,0.0
410.0,6.0,351.0,4.0,1,36.0,0.0,0.0,0.0
165.0,5.5,415.0,4.0,1,55.0,0.0,0.0,0.0
275.0,2.0,1130.0,4.0,1,55.0,0.0,0.0,0.0
503.0,9.0,339.0,4.0,1,165.0,0.0,0.0,0.0
1093.5,25.5,2265.0,5.0,1,935.0,0.0,0.0,0.0
410.0,5.5,459.0,4.0,1,40.0,0.0,0.0,0.0
528.0,4.0,440.0,4.0,1,272.0,0.0,0.0,0.0
643.0,5.5,760.0,5.0,1,1265.0,0.0,0.0,0.0
506.0,6.0,142.0,4.0,1,682.0,0.0,0.0,0.0
174.0,3.0,150.0,4.0,1,185.0,0.0,0.0,0.0
42.0,3.0,112.0,4.0,1,284.0,0.0,0.0,0.0
15.0,6.0,811.0,2.0,1,1285.0,0.0,0.0,0.0
552.0,9.0,615.0,4.0,1,641.0,0.0,0.0,0.0
75.0,1.0,505.0,4.0,0,341.0,0.0,0.0,0.0
430.0,3.0,33.0,4.0,1,882.0,0.0,0.0,0.0
995.5,10.0,2120.0,4.0,1,3821.0,0.0,0.0,0.0
411.0,7.5,672.0,0.0,1,21.0,0.0,0.0,0.0
1189.5,11.0,995.0,4.0,1,890.0,0.0,0.0,0.0
691.0,6.0,655.0,4.0,1,1335.0,0.0,0.0,0.0
21.0,9.0,520.0,4.0,0,999.0,0.0,0.0,0.0
382.0,4.0,401.0,4.0,1,41.0,0.0,0.0,0.0
173.0,8.0,503.0,4.0,1,378.0,0.0,0.0,0.0
701.5,6.0,719.0,4.0,1,1744.0,0.0,0.0,0.0
65.0,2.5,432.0,4.0,1,1228.0,0.0,0.0,0.0
230.0,3.0,843.0,4.0,1,141.0,0.0,0.0,0.0
70.5,3.0,679.0,4.0,1,681.0,0.0,0.0,0.0
77.0,2.5,357.0,4.0,1,394.0,0.0,0.0,0.0
660.5,6.0,841.0,4.0,1,2769.0,0.0,0.0,0.0
24.5,2.0,428.0,4.0,1,271.0,5.0,1.0,0.0
338.0,5.0,399.0,4.0,1,135.0,0.0,0.0,0.0
1095.5,23.33333333333333,2553.0,4.0,1,909.0,0.0,0.0,0.0
639.0,9.5,850.0,4.0,1,1588.0,0.0,0.0,0.0
971.0,13.0,2050.0,4.0,1,677.0,0.0,0.0,0.0
222.0,3.0,336.0,4.0,1,58.0,0.0,0.0,0.0
546.0,6.0,278.0,5.0,1,1882.0,0.0,0.0,0.0
139.0,8.5,462.0,3.5,1,137.0,0.0,0.0,0.0
563.0,7.0,870.0,4.0,1,671.0,0.0,0.0,0.0
46.333333333333336,2.5,563.0,3.0,1,60.0,0.0,0.0,0.0
517.3333333333334,3.0,935.0,4.0,1,1962.0,0.0,0.0,0.0
697.0,5.5,768.0,4.0,1,1293.0,0.0,0.0,0.0
410.5,4.0,234.0,4.0,1,942.0,0.0,0.0,0.0
755.0,8.0,1302.0,4.0,1,228.0,0.0,0.0,0.0
592.0,7.0,621.0,4.0,1,741.0,0.0,0.0,0.0
273.5,5.0,223.0,4.0,1,139.0,0.0,0.0,0.0
559.0,3.5,81.0,4.0,1,608.0,0.0,0.0,0.0
307.0,8.0,48.0,4.0,1,364.0,0.0,0.0,0.0
190.0,3.0,455.0,4.0,1,146.0,0.0,0.0,0.0
194.5,4.0,864.0,4.0,1,104.0,0.0,0.0,0.0
563.25,8.0,374.0,2.0,1,902.0,0.0,0.0,0.0
533.5,4.5,492.0,4.0,1,590.0,0.0,0.0,0.0
89.0,3.0,185.0,4.0,1,198.0,6.5,0.0,0.0
180.5,3.0,546.0,4.0,1,25.0,0.0,0.0,0.0
581.0,4.0,533.0,4.0,1,928.0,0.0,0.0,0.0
666.0,9.0,1032.0,2.0,1,1745.0,0.0,0.0,0.0
26.0,1.0,608.0,4.0,1,517.0,0.0,0.0,0.0
36.0,3.0,1309.0,4.0,1,613.0,23.0,0.0,0.0
338.0,5.0,405.0,4.0,1,186.0,0.0,0.0,0.0
509.0,5.0,583.0,4.0,1,728.0,0.0,0.0,0.0
697.3333333333334,7.0,1025.0,4.0,1,1403.0,0.0,0.0,0.0
333.0,3.0,302.0,4.0,1,188.0,0.0,0.0,0.0
198.0,4.5,246.0,4.0,1,53.0,0.0,0.0,0.0
848.0,2.0,886.0,4.0,1,3367.0,0.0,0.0,0.0
459.5,5.0,418.0,4.0,1,411.0,0.0,0.0,0.0
236.5,3.5,505.0,4.0,1,90.0,0.0,0.0,0.0
828.0,8.0,495.0,4.0,1,2862.0,0.0,0.0,0.0
426.0,2.0,410.0,4.0,1,150.0,0.0,0.0,0.0
41.0,2.0,1533.0,4.0,0,316.0,15.0,1.0,0.0
226.0,5.5,1096.0,4.0,1,724.0,0.0,0.0,0.0
18.5,2.0,1287.0,4.0,1,586.0,0.0,0.0,0.0
970.0,10.0,2108.0,4.0,1,3749.0,0.0,0.0,0.0
55.0,6.0,544.0,4.0,1,477.0,0.0,0.0,0.0
144.0,3.0,328.0,2.0,1,41.0,13.25,4.0,0.0
156.0,5.5,299.0,4.0,1,287.0,0.0,0.0,0.0
23.0,1.0,641.0,4.0,0,666.0,0.0,0.0,0.0
1369.5,15.0,913.0,5.0,1,49.0,0.0,0.0,0.0
99.0,3.0,925.0,4.0,1,399.0,0.0,0.0,0.0
259.75,3.0,205.0,4.0,1,57.0,0.0,0.0,0.0
357.0,7.0,311.0,4.0,1,1011.0,0.0,0.0,0.0
525.0,7.75,538.0,4.0,1,627.0,0.0,0.0,0.0
8.75,3.0,93.0,4.0,1,86.0,0.0,0.0,0.0
574.5,16.5,453.0,4.0,1,226.0,0.0,0.0,0.0
372.0,3.0,0.0,4.0,1,725.0,0.0,0.0,0.0
63.5,2.0,411.0,4.0,1,535.0,0.0,0.0,0.0
190.0,3.0,658.0,4.0,1,241.0,0.0,0.0,0.0
430.5,6.5,360.0,4.0,1,203.0,0.0,0.0,0.0
146.75,3.0,49.0,2.0,1,30.0,0.0,0.0,0.0
306.5,3.5,431.0,4.0,1,974.0,0.0,0.0,0.0
171.5,1.0,275.0,4.0,1,71.0,0.0,0.0,0.0
3.0,1.0,498.0,0.0,0,1051.0,14.5,2.0,0.0
358.25,9.5,204.0,4.0,1,536.0,0.0,0.0,0.0
613.0,18.0,426.0,4.0,1,1111.0,0.0,0.0,0.0
3.0,0.0,562.0,0.0,0,730.0,0.0,0.0,0.0
351.0,2.0,730.0,4.0,1,742.0,0.0,0.0,0.0
436.5,5.0,378.0,4.0,1,674.0,0.0,0.0,0.0
43.0,6.0,1155.0,4.0,1,404.0,0.0,0.0,0.0
98.0,6.0,695.0,2.0,1,59.0,0.0,0.0,0.0
842.5,7.75,659.0,4.0,1,3267.0,0.0,0.0,0.0
598.0,5.0,256.0,4.0,1,1028.0,0.0,0.0,0.0
561.0,10.5,152.0,4.0,1,1165.0,0.0,0.0,0.0
149.0,5.0,681.0,4.0,1,122.0,0.0,0.0,0.0
92.0,2.5,694.0,4.0,1,84.0,16.0,0.0,0.0
773.0,5.0,1755.0,4.0,1,2457.0,0.0,0.0,0.0
1263.5,8.0,1957.0,4.0,1,1074.0,0.0,0.0,0.0
263.5,3.0,428.0,4.0,1,67.0,0.0,0.0,0.0
368.0,4.0,256.0,4.0,1,40.0,0.0,0.0,0.0
53.0,3.0,141.0,3.5,1,392.0,0.0,0.0,0.0
272.75,3.0,496.0,4.0,1,949.0,0.0,0.0,0.0
145.0,1.5,1043.0,4.0,1,391.0,0.0,0.0,0.0
1270.0,9.0,1381.0,4.0,1,452.0,0.0,0.0,0.0
371.0,5.0,181.0,4.0,1,162.0,0.0,0.0,0.0
624.5,2.5,387.0,4.0,1,645.0,0.0,0.0,0.0
510.0,4.0,247.0,4.0,1,213.0,0.0,0.0,0.0
100.5,5.0,690.0,4.0,1,91.0,0.0,0.0,0.0
436.0,3.5,230.0,2.0,1,1138.0,0.0,0.0,0.0
271.0,3.0,0.0,4.0,1,191.0,0.0,0.0,0.0
54.0,2.5,57.0,4.0,1,136.0,0.0,0.0,0.0
885.0,16.0,2000.0,4.5,1,451.0,0.0,0.0,0.0
80.0,10.0,126.0,4.0,1,717.0,0.0,0.0,0.0
642.0,13.0,497.0,4.0,1,1068.0,0.0,0.0,0.0
394.0,6.5,488.0,4.0,1,474.0,0.0,0.0,0.0
102.5,4.0,1064.0,4.0,1,394.0,0.0,0.0,0.0
865.0,5.0,1370.0,4.0,1,3874.0,0.0,0.0,0.0
288.0,8.0,392.0,4.0,1,37.0,0.0,0.0,0.0
695.0,6.0,389.0,4.0,1,1237.0,0.0,0.0,0.0
1101.0,14.0,2351.0,4.0,1,1591.0,0.0,0.0,0.0
24.0,0.0,666.0,4.0,1,568.0,0.0,0.0,0.0
174.0,3.0,842.0,4.0,1,8.0,0.0,0.0,0.0
458.0,2.0,143.0,4.0,1,401.0,0.0,0.0,0.0
9.0,9.0,884.0,0.0,1,1585.0,0.0,0.0,0.0
316.0,5.5,101.0,4.0,1,186.0,0.0,0.0,0.0
359.5,13.0,550.0,4.0,1,625.0,0.0,0.0,0.0
150.0,7.0,261.0,4.0,1,317.0,0.0,0.0,0.0
163.0,4.5,616.0,4.0,1,63.0,0.0,0.0,0.0
11.0,3.0,790.0,0.0,1,51.0,0.0,0.0,0.0
337.0,5.0,236.0,4.0,0,130.0,0.0,0.0,0.0
897.5,13.666666666666666,2038.0,4.0,1,182.0,0.0,0.0,0.0
712.5,7.0,1191.0,4.0,1,1894.0,0.0,0.0,0.0
64.0,2.0,949.0,2.0,0,39.0,0.0,0.0,0.0
451.5,5.0,499.0,4.0,1,357.0,0.0,0.0,0.0
1387.0,7.0,992.0,5.0,1,31.0,0.0,0.0,0.0
880.0,11.0,1486.0,5.0,1,1872.0,0.0,0.0,0.0
208.0,4.0,785.0,4.0,1,1078.0,0.0,0.0,0.0
129.5,4.0,803.0,4.0,1,259.0,0.0,0.0,0.0
514.25,4.0,167.0,4.0,1,363.0,0.0,0.0,0.0
2.5,0.0,533.0,0.0,0,569.0,0.0,0.0,0.0
509.5,6.0,137.0,4.0,1,686.0,0.0,0.0,0.0
318.5,4.0,300.0,4.0,1,433.0,0.0,0.0,0.0
595.5,2.0,1530.0,4.0,1,2483.0,0.0,0.0,0.0
354.5,8.25,360.0,4.0,1,584.0,0.0,0.0,0.0
30.0,1.0,498.0,2.0,1,0.0,3.0,0.0,0.0
308.5,3.0,355.0,4.0,1,1298.0,0.0,0.0,0.0
52.0,3.0,507.0,4.0,1,506.0,0.0,0.0,0.0
416.5,4.0,695.0,4.0,1,204.0,0.0,0.0,0.0
302.0,5.0,596.0,4.0,1,795.0,0.0,0.0,0.0
1195.0,37.0,1215.0,4.0,1,86.0,0.0,0.0,0.0
699.0,7.0,847.0,4.0,1,660.0,0.0,0.0,0.0
432.5,4.0,255.0,4.0,1,1296.0,0.0,0.0,0.0
68.75,13.0,372.0,4.0,1,499.0,0.0,0.0,0.0
70.0,1.0,659.0,4.0,1,266.0,0.0,0.0,0.0
282.0,10.0,588.0,4.0,1,43.0,0.0,0.0,0.0
410.0,10.0,278.0,4.0,1,382.0,0.0,0.0,0.0
544.0,3.0,277.0,4.0,1,231.0,0.0,0.0,0.0
695.0,6.0,548.0,4.0,1,1572.0,0.0,0.0,0.0
610.0,4.0,700.0,4.0,1,902.0,0.0,0.0,0.0
550.0,3.5,582.0,4.0,1,569.0,0.0,0.0,0.0
61.5,1.0,711.0,4.0,0,514.0,34.0,0.0,0.0
980.5,4.5,50.0,5.0,1,458.0,0.0,0.0,0.0
1074.5,5.0,1565.0,4.0,1,3402.0,0.0,0.0,0.0
589.5,6.0,386.0,4.0,1,759.0,0.0,0.0,0.0
503.0,5.5,600.0,4.0,1,1375.0,0.0,0.0,0.0
914.0,11.0,1484.0,4.0,1,1755.0,0.0,0.0,0.0
624.5,6.0,405.0,4.0,1,1408.0,0.0,0.0,0.0
876.0,15.0,1722.0,4.0,1,1361.0,0.0,0.0,0.0
203.0,6.5,281.0,4.0,1,282.0,0.0,0.0,0.0
422.5,5.0,265.0,2.0,1,1131.0,0.0,0.0,0.0
213.0,2.0,319.0,4.0,1,154.0,0.0,0.0,0.0
45.0,2.5,1224.0,4.0,0,48.0,0.0,0.0,0.0
463.5,8.5,428.0,4.0,1,957.0,0.0,0.0,0.0
115.0,3.0,639.0,2.0,1,23.0,0.0,0.0,0.0
387.0,5.0,19.0,4.0,1,52.0,2.5,1.0,0.0
1136.0,10.0,348.0,4.0,1,2052.0,0.0,0.0,0.0
858.0,7.0,1861.0,4.0,1,2620.0,0.0,0.0,0.0
588.0,7.0,218.0,4.0,1,960.0,0.0,0.0,0.0
678.5,6.5,352.0,4.0,1,476.0,0.0,0.0,0.0
39.0,2.5,1368.0,4.0,1,529.0,0.0,0.0,0.0
754.0,10.0,1440.0,2.0,1,612.0,0.0,0.0,0.0
113.5,1.5,206.0,2.0,0,31.0,6.6,2.0,0.0
108.0,3.0,455.0,4.0,1,308.0,12.0,2.0,0.0
63.0,2.5,372.0,4.0,1,471.0,17.0,2.0,0.0
519.25,7.0,529.0,4.0,1,1173.0,0.0,0.0,0.0
581.0,14.0,125.0,5.0,1,1389.0,0.0,0.0,0.0
657.0,8.0,738.0,4.5,1,456.0,0.0,0.0,0.0
1100.5,12.0,2397.0,4.0,1,1109.0,0.0,0.0,0.0
130.5,4.0,319.0,4.0,1,201.0,23.0,0.0,0.0
480.0,7.0,531.0,4.0,1,1179.0,0.0,0.0,0.0
149.0,6.5,707.0,2.0,1,49.0,0.0,0.0,0.0
715.0,6.0,1387.0,4.0,1,1784.0,0.0,0.0,0.0
513.5,3.5,127.0,4.0,1,74.0,0.0,0.0,0.0
238.0,3.0,966.0,4.0,1,481.0,0.0,0.0,0.0
253.75,3.0,214.0,4.0,1,384.0,0.0,0.0,0.0
63.5,2.5,417.0,4.0,1,391.0,0.0,0.0,0.0
1181.0,10.0,502.0,4.0,1,1346.0,0.0,0.0,0.0
402.0,4.5,441.0,4.0,1,583.0,0.0,0.0,0.0
79.75,2.0,319.0,4.0,0,479.0,17.333333333333332,1.0,0.0
152.0,2.0,209.0,4.0,1,548.0,9.5,2.0,0.0
179.0,8.0,521.0,4.0,1,93.0,0.0,0.0,0.0
898.5,9.5,2280.0,4.0,1,3706.0,0.0,0.0,0.0
1081.5,19.5,363.0,5.0,1,810.0,0.0,0.0,0.0
1470.0,20.0,1031.0,4.0,1,1761.0,0.0,0.0,0.0
850.25,11.5,1652.0,4.5,1,1903.0,0.0,0.0,0.0
677.0,8.0,162.0,4.0,1,1182.0,0.0,0.0,0.0
859.5,19.0,1937.0,4.0,1,241.0,0.0,0.0,0.0
59.0,2.0,358.0,4.0,1,144.0,0.0,0.0,0.0
26.0,1.0,919.0,4.0,0,879.0,0.0,0.0,0.0
1124.0,25.0,813.0,4.0,1,124.0,0.0,0.0,0.0
559.5,4.0,74.0,4.0,1,730.0,0.0,0.0,0.0
776.75,6.0,1676.0,4.0,1,2663.0,0.0,0.0,0.0
1542.0,32.0,1138.0,5.0,1,116.0,0.0,0.0,0.0
662.0,10.0,782.0,2.0,1,955.0,0.0,0.0,0.0
78.5,2.0,55.0,4.0,1,73.0,15.0,1.0,0.0
218.5,6.0,1099.0,4.0,1,452.0,0.0,0.0,0.0
24.0,0.5,920.0,4.0,0,383.0,0.0,0.0,0.0
1533.5,14.0,2233.0,4.0,1,520.0,0.0,0.0,0.0
339.0,5.0,404.0,4.0,1,480.0,0.0,0.0,0.0
582.5,3.75,311.0,4.0,1,457.0,0.0,0.0,0.0
263.0,3.0,330.0,4.0,1,86.0,0.0,0.0,0.0
840.0,5.0,1416.0,4.0,1,3191.0,0.0,0.0,0.0
37.0,4.5,578.0,4.0,1,239.0,0.0,0.0,0.0
1621.75,18.5,269.0,4.0,1,851.0,0.0,0.0,0.0
361.0,4.0,217.0,4.0,1,168.0,0.0,0.0,0.0
1069.75,24.5,2531.0,4.0,1,826.0,0.0,0.0,0.0
140.5,2.0,212.0,4.0,1,241.0,0.0,0.0,0.0
356.0,4.5,620.0,4.0,1,665.0,0.0,0.0,0.0
644.0,5.5,1225.0,4.0,1,2256.0,0.0,0.0,0.0
47.0,2.5,744.0,4.0,0,308.0,0.0,0.0,0.0
687.0,6.0,542.0,4.0,1,1566.0,0.0,0.0,0.0
1010.0,22.0,666.0,4.5,1,1000.0,0.0,0.0,0.0
938.0,9.0,2252.0,4.0,1,3796.0,0.0,0.0,0.0
37.0,2.0,567.0,4.0,1,535.0,0.0,0.0,0.0
223.0,6.0,359.0,4.0,1,610.0,0.0,0.0,0.0
917.0,14.0,1688.0,4.0,1,2868.0,0.0,0.0,0.0
330.5,7.0,997.0,4.0,1,738.0,0.0,0.0,0.0
594.5,7.0,763.0,2.0,1,763.0,0.0,0.0,0.0
590.5,5.0,734.0,4.0,1,1765.0,0.0,0.0,0.0
396.0,5.5,185.0,4.0,1,179.0,15.0,2.0,0.0
218.0,5.0,175.0,4.0,1,166.0,0.0,0.0,0.0
997.0,9.0,1428.0,4.0,1,2872.0,0.0,0.0,0.0
313.5,5.0,990.0,2.0,1,8.0,0.0,0.0,0.0
384.5,3.0,794.0,4.0,1,281.0,0.0,0.0,0.0
528.0,4.0,760.0,4.0,1,341.0,0.0,0.0,0.0
936.75,11.0,512.0,5.0,1,971.0,0.0,0.0,0.0
293.5,4.0,264.0,4.0,1,374.0,0.0,0.0,0.0
8.0,1.0,457.0,4.0,1,403.0,12.0,1.0,0.0
56.0,2.5,980.0,4.0,1,196.0,0.0,0.0,0.0
728.0,7.5,617.0,4.0,1,783.0,0.0,0.0,0.0
109.0,4.0,798.0,4.0,1,321.0,0.0,0.0,0.0
17.0,3.0,1004.0,4.0,1,367.0,4.5,2.0,0.0
57.25,3.0,349.0,4.0,1,80.0,27.0,0.0,0.0
116.5,2.0,416.0,2.0,1,37.0,0.0,0.0,0.0
367.0,2.5,183.0,4.0,1,300.0,0.0,0.0,0.0
526.0,3.0,470.0,4.0,1,1796.0,0.0,0.0,0.0
627.5,5.0,586.0,4.0,1,1358.0,0.0,0.0,0.0
644.0,5.0,641.0,4.0,1,361.0,0.0,0.0,0.0
285.0,4.0,145.0,4.0,1,683.0,0.0,0.0,0.0
91.5,3.0,1247.0,4.0,1,262.0,0.0,0.0,0.0
171.0,2.0,501.0,4.0,1,538.0,0.0,0.0,0.0
662.0,9.666666666666666,1059.0,4.0,1,1540.0,0.0,0.0,0.0
676.0,8.25,1002.0,4.0,1,690.0,0.0,0.0,0.0
308.5,6.5,383.0,4.0,1,82.0,0.0,0.0,0.0
352.0,12.0,413.0,4.0,1,635.0,0.0,0.0,0.0
376.0,2.0,592.0,4.0,1,442.0,0.0,0.0,0.0
827.0,8.0,1569.0,4.0,1,3069.0,0.0,0.0,0.0
39.0,1.0,789.0,4.0,0,1203.0,0.0,0.0,0.0
239.0,3.0,435.0,4.0,1,242.0,7.0,1.0,0.0
640.0,4.0,262.0,4.0,1,776.0,0.0,0.0,0.0
983.0,13.5,1852.0,5.0,1,167.0,0.0,0.0,0.0
24.0,1.0,686.0,4.0,1,737.0,5.0,0.0,0.0
1119.6666666666667,6.5,1356.0,4.0,1,3217.0,0.0,0.0,0.0
776.0,4.0,802.0,4.0,1,2044.0,0.0,0.0,0.0
1155.0,7.0,1038.0,4.0,1,2891.0,0.0,0.0,0.0
57.0,4.0,364.0,4.0,1,336.0,0.0,0.0,0.0
30.5,2.0,1139.0,4.0,1,64.0,19.0,1.0,0.0
234.0,3.0,737.0,4.0,1,640.0,0.0,0.0,0.0
342.0,5.0,135.0,2.0,1,2.0,0.0,0.0,0.0
1504.0,8.0,850.0,4.0,1,1631.0,0.0,0.0,0.0
159.0,3.0,353.0,4.0,1,289.0,8.0,1.0,0.0
1069.0,6.0,1295.0,4.0,1,3077.0,0.0,0.0,0.0
1130.0,15.0,2512.0,4.0,1,1255.0,0.0,0.0,0.0
25.5,0.5,766.0,4.5,1,749.0,0.0,0.0,0.0
37.0,4.0,529.0,4.0,1,481.0,0.0,0.0,0.0
79.0,1.5,13.0,4.0,1,32.0,0.0,0.0,0.0
602.0,3.0,559.0,4.0,1,1101.0,0.0,0.0,0.0
878.5,16.0,1840.0,2.0,1,1568.0,0.0,0.0,0.0
347.5,4.0,392.0,4.0,1,113.0,0.0,0.0,0.0
63.0,7.0,951.0,4.0,1,483.0,0.0,0.0,0.0
321.0,3.0,137.0,4.0,1,188.0,0.0,0.0,0.0
359.0,6.0,460.0,4.0,1,494.0,0.0,0.0,0.0
432.5,6.5,496.0,3.5,1,213.0,0.0,0.0,0.0
560.0,8.0,322.0,4.0,1,562.0,0.0,0.0,0.0
334.0,7.0,480.0,4.0,1,102.0,0.0,0.0,0.0
1014.1666666666666,21.0,361.0,5.0,1,1025.0,0.0,0.0,0.0
248.0,4.0,270.0,4.0,0,197.0,30.0,0.0,0.0
71.0,2.0,418.0,4.0,1,241.0,0.0,0.0,0.0
94.0,2.0,1139.0,4.0,0,278.0,0.0,0.0,0.0
68.5,2.0,1021.0,4.0,0,361.0,11.571428571428571,3.0,0.0
251.0,5.0,539.0,4.0,1,670.0,0.0,0.0,0.0
27.5,4.0,470.0,4.0,1,458.0,17.0,1.0,0.0
305.0,15.0,520.0,4.0,1,26.0,0.0,0.0,0.0
839.6666666666666,5.5,2122.0,4.0,1,2934.0,0.0,0.0,0.0
624.5,7.0,192.0,4.0,1,427.0,0.0,0.0,0.0
109.0,4.0,980.0,4.0,1,464.0,0.0,0.0,0.0
77.0,3.0,151.0,4.0,0,173.0,0.0,0.0,0.0
605.0,5.5,250.0,4.0,1,675.0,0.0,0.0,0.0
84.0,2.0,351.0,4.0,1,193.0,16.2,2.0,0.0
133.0,2.0,227.0,3.5,1,426.0,0.0,0.0,0.0
871.0,9.0,1677.0,4.0,1,2226.0,0.0,0.0,0.0
85.0,3.0,1194.0,4.0,0,393.0,0.0,0.0,0.0
557.0,7.5,585.0,4.0,1,736.0,0.0,0.0,0.0
579.5,3.5,148.0,4.0,1,1095.0,0.0,0.0,0.0
987.0,25.0,2234.0,4.0,1,1786.0,0.0,0.0,0.0
84.0,3.5,563.0,4.0,0,1258.0,30.0,0.0,0.0
460.0,8.0,340.0,2.0,1,8.0,0.0,0.0,0.0
58.0,1.0,380.0,4.0,1,64.0,12.0,0.0,0.0
132.5,1.0,459.0,4.0,1,97.0,0.0,0.0,0.0
80.0,2.0,1168.0,4.0,1,100.0,0.0,0.0,0.0
86.5,1.5,303.0,4.0,1,156.0,0.0,0.0,0.0
876.5,14.5,1878.0,2.0,1,2287.0,0.0,0.0,0.0
822.0,11.5,1492.0,5.0,1,1436.0,0.0,0.0,0.0
363.0,6.0,423.0,4.0,1,1213.0,0.0,0.0,0.0
494.5,8.0,175.0,4.0,1,478.0,0.0,0.0,0.0
192.0,3.5,1149.0,4.0,1,405.0,0.0,0.0,0.0
628.75,6.5,824.0,4.0,1,1343.0,0.0,0.0,0.0
579.0,3.0,661.0,4.0,1,1415.0,0.0,0.0,0.0
816.0,11.0,2006.0,4.5,1,2450.0,0.0,0.0,0.0
479.5,7.5,555.0,4.0,1,194.0,0.0,0.0,0.0
532.0,8.5,321.0,4.0,1,718.0,0.0,0.0,0.0
134.5,1.5,858.0,4.5,1,311.0,0.0,0.0,0.0
97.66666666666669,2.0,952.0,4.0,1,871.0,22.5,1.0,0.0
42.5,2.0,462.0,4.0,1,383.0,30.0,0.0,0.0
75.0,3.0,696.0,4.0,1,642.0,30.0,0.0,0.0
78.5,2.0,446.0,4.0,1,572.0,8.166666666666666,2.0,0.0
165.66666666666666,2.5,388.0,4.0,1,152.0,0.0,0.0,0.0
594.0,6.0,445.0,4.0,1,643.0,0.0,0.0,0.0
616.0,13.5,380.0,4.0,1,1354.0,0.0,0.0,0.0
216.75,4.0,273.0,4.0,1,58.0,21.33333333333333,1.0,0.0
107.0,2.0,630.0,4.0,0,584.0,15.6,2.0,0.0
44.5,2.0,194.0,4.0,1,230.0,26.5,0.0,0.0
63.0,6.0,179.0,4.0,1,1021.0,0.0,0.0,0.0
588.0,4.0,102.0,4.0,1,1026.0,0.0,0.0,0.0
159.0,4.0,494.0,4.0,1,103.0,0.0,0.0,0.0
160.0,3.0,923.0,4.0,1,83.0,0.0,0.0,0.0
428.5,3.0,112.0,4.0,1,420.0,0.0,0.0,0.0
498.0,5.0,606.0,4.0,1,1026.0,0.0,0.0,0.0
985.0,10.0,2272.0,4.0,1,3967.0,0.0,0.0,0.0
386.0,4.0,412.0,4.0,1,1355.0,0.0,0.0,0.0
150.0,3.0,190.0,4.0,1,185.0,0.0,0.0,0.0
683.0,8.0,857.0,4.0,1,2211.0,0.0,0.0,0.0
22.0,1.5,643.0,4.0,1,489.0,27.0,0.0,0.0
167.0,5.0,698.0,4.0,1,514.0,0.0,0.0,0.0
1613.5,17.0,530.0,4.0,1,553.0,0.0,0.0,0.0
197.5,6.5,300.0,4.0,1,38.0,10.333333333333334,1.0,0.0
581.0,3.5,15.0,4.0,1,925.0,0.0,0.0,0.0
551.0,7.0,688.0,4.5,1,35.0,0.0,0.0,0.0
192.0,7.0,675.0,4.0,1,119.0,0.0,0.0,0.0
768.0,9.0,1604.0,4.0,1,2197.0,0.0,0.0,0.0
817.5,11.0,1657.0,4.0,1,1949.0,0.0,0.0,0.0
205.0,6.0,721.0,4.0,1,216.0,0.0,0.0,0.0
522.0,4.0,693.0,4.0,1,521.0,0.0,0.0,0.0
683.0,6.0,866.0,4.0,1,1360.0,0.0,0.0,0.0
452.0,9.0,237.0,4.0,1,748.0,0.0,0.0,0.0
110.66666666666669,1.0,670.0,2.0,1,48.0,0.0,0.0,0.0
145.0,3.0,363.0,4.0,1,175.0,16.25,2.0,0.0
439.0,9.0,383.0,4.0,1,840.0,0.0,0.0,0.0
25.0,1.5,733.0,4.0,1,576.0,0.0,0.0,0.0
386.5,3.5,720.0,4.0,1,795.0,0.0,0.0,0.0
271.0,3.5,227.0,4.0,1,19.0,0.0,0.0,0.0
24.0,1.0,812.0,4.0,1,943.0,0.0,0.0,0.0
329.0,8.0,455.0,4.0,1,108.0,0.0,0.0,0.0
979.0,13.0,1213.0,5.0,1,1515.0,0.0,0.0,0.0
825.0,8.0,1004.0,4.0,1,695.0,0.0,0.0,0.0
637.0,4.0,326.0,4.0,1,734.0,0.0,0.0,0.0
109.0,3.0,390.0,3.5,1,378.0,15.833333333333334,2.0,0.0
1172.0,14.5,2524.0,4.0,1,1485.0,0.0,0.0,0.0
1589.5,13.0,385.0,4.0,1,623.0,0.0,0.0,0.0
238.0,2.0,409.0,4.0,1,133.0,0.0,0.0,0.0
203.5,2.5,483.0,4.0,1,316.0,0.0,0.0,0.0
62.5,2.5,794.0,4.0,1,569.0,14.142857142857142,3.0,0.0
368.0,7.0,889.0,4.0,1,1036.0,0.0,0.0,0.0
114.0,2.0,239.0,3.5,1,277.0,0.0,0.0,0.0
143.0,1.0,208.0,4.0,1,327.0,0.0,0.0,0.0
178.0,5.0,584.0,4.0,1,297.0,0.0,0.0,0.0
149.0,1.0,87.0,4.0,1,477.0,0.0,0.0,0.0
838.5,5.0,705.0,4.0,1,3096.0,0.0,0.0,0.0
205.0,2.0,734.0,4.0,1,231.0,0.0,0.0,0.0
951.0,19.0,1336.0,5.0,1,1492.0,0.0,0.0,0.0
184.0,4.0,329.0,4.0,1,329.0,0.0,0.0,0.0
100.0,3.5,1147.0,4.0,1,422.0,0.0,0.0,0.0
904.5,8.75,757.0,4.0,1,284.0,0.0,0.0,0.0
577.75,5.0,306.0,4.0,1,722.0,0.0,0.0,0.0
189.0,3.0,398.0,4.0,1,195.0,0.0,0.0,0.0
93.25,3.0,789.0,4.0,1,1054.0,20.0,1.0,0.0
1534.0,18.5,2079.0,4.0,1,687.0,0.0,0.0,0.0
20.0,2.0,213.0,4.0,1,151.0,12.5,4.0,0.0
399.5,4.5,526.0,4.0,1,1348.0,0.0,0.0,0.0
382.0,7.0,286.0,4.0,1,34.0,0.0,0.0,0.0
848.0,6.0,2048.0,4.0,1,2821.0,0.0,0.0,0.0
366.5,4.0,606.0,4.0,1,742.0,0.0,0.0,0.0
604.0,5.0,327.0,5.0,1,1484.0,0.0,0.0,0.0
306.0,12.5,400.0,4.0,1,150.0,0.0,0.0,0.0
229.0,5.0,794.0,4.0,1,171.0,0.0,0.0,0.0
184.0,3.5,506.0,0.0,1,8.0,7.0,0.0,0.0
716.0,12.0,657.0,4.5,1,2317.0,0.0,0.0,0.0
210.5,5.0,377.0,4.0,1,146.0,0.0,0.0,0.0
87.0,1.5,616.0,4.0,1,193.0,0.0,0.0,0.0
23.0,1.5,477.0,4.0,1,480.0,20.0,1.0,0.0
394.0,3.5,405.0,4.0,1,740.0,0.0,0.0,0.0
997.0,7.0,1665.0,4.0,1,3172.0,0.0,0.0,0.0
95.0,1.0,1046.0,3.0,1,545.0,0.0,0.0,0.0
1478.5,17.0,961.0,5.0,1,33.0,0.0,0.0,0.0
58.5,2.0,227.0,4.0,1,930.0,10.5,2.0,0.0
172.0,1.5,287.0,4.0,1,120.0,0.0,0.0,0.0
29.0,0.5,977.0,4.0,1,880.0,0.0,0.0,0.0
128.0,3.0,347.0,4.0,0,198.0,0.0,0.0,0.0
383.0,4.0,406.0,2.0,1,33.0,0.0,0.0,0.0
61.0,1.0,496.0,4.0,0,208.0,14.0,2.0,0.0
237.0,3.0,908.0,4.0,1,188.0,0.0,0.0,0.0
409.5,7.0,356.0,4.0,1,175.0,0.0,0.0,0.0
23.0,1.5,961.0,4.0,1,124.0,0.0,0.0,0.0
137.5,4.0,128.0,4.0,1,253.0,0.0,0.0,0.0
87.0,3.0,511.0,4.0,1,351.0,9.2,1.0,0.0
212.0,4.666666666666667,7.0,2.0,1,27.0,0.0,0.0,0.0
134.5,3.0,752.0,4.0,1,120.0,0.0,0.0,0.0
187.5,3.5,376.0,4.0,1,100.0,0.0,0.0,0.0
106.66666666666669,4.0,613.0,4.0,1,36.0,0.0,0.0,0.0
125.5,2.0,507.0,4.0,1,168.0,0.0,0.0,0.0
363.0,5.0,100.0,4.0,1,655.0,0.0,0.0,0.0
187.0,5.0,1117.0,4.0,1,271.0,0.0,0.0,0.0
22.0,1.0,653.0,4.0,1,508.0,0.0,0.0,0.0
690.0,5.0,330.0,4.0,1,513.0,0.0,0.0,0.0
1829.0,13.0,1102.0,4.0,1,373.0,0.0,0.0,0.0
189.0,4.0,181.0,4.0,1,261.0,0.0,0.0,0.0
293.5,4.0,931.0,2.0,1,22.0,0.0,0.0,0.0
249.0,2.5,815.0,4.0,1,120.0,0.0,0.0,0.0
422.0,4.0,446.0,4.0,1,997.0,0.0,0.0,0.0
388.0,5.0,856.0,4.0,1,466.0,0.0,0.0,0.0
38.0,5.0,620.0,4.0,1,641.0,4.5,0.0,0.0
119.0,3.5,414.0,4.0,1,177.0,0.0,0.0,0.0
245.0,6.0,449.0,4.0,1,89.0,0.0,0.0,0.0
20.0,1.0,451.0,4.0,1,507.0,0.0,0.0,0.0
179.5,3.0,328.0,4.0,1,96.0,0.0,0.0,0.0
181.0,1.0,148.0,4.0,1,133.0,5.0,0.0,0.0
69.5,3.0,939.0,4.0,1,67.0,0.0,0.0,0.0
277.5,2.0,580.0,4.0,1,130.0,0.0,0.0,0.0
842.0,16.0,1930.0,4.0,1,1994.0,0.0,0.0,0.0
268.0,5.0,600.0,4.0,1,677.0,0.0,0.0,0.0
114.0,6.0,865.0,4.0,1,111.0,0.0,0.0,0.0
233.0,6.5,1033.0,4.0,1,871.0,0.0,0.0,0.0
1309.0,12.0,2197.0,4.0,1,1113.0,0.0,0.0,0.0
157.0,1.0,866.0,4.0,1,328.0,0.0,0.0,0.0
154.0,7.0,655.0,4.0,1,61.0,0.0,0.0,0.0
1432.0,37.0,2115.0,4.0,1,234.0,0.0,0.0,0.0
43.5,2.0,448.0,4.0,1,131.0,0.0,0.0,0.0
359.0,4.0,403.0,4.0,1,1179.0,0.0,0.0,0.0
778.0,14.0,1236.0,4.0,1,92.0,0.0,0.0,0.0
149.0,2.0,103.0,4.0,1,174.0,0.0,0.0,0.0
275.0,3.0,245.0,4.0,1,732.0,0.0,0.0,0.0
195.0,4.0,128.0,4.0,1,141.0,0.0,0.0,0.0
461.0,3.5,129.0,4.0,1,376.0,0.0,0.0,0.0
549.0,9.0,659.0,4.0,1,596.0,0.0,0.0,0.0
39.0,2.5,826.0,4.0,1,1236.0,0.0,0.0,0.0
590.5,4.5,988.0,4.0,1,1685.0,0.0,0.0,0.0
400.0,6.0,417.0,4.0,1,231.0,0.0,0.0,0.0
728.5,6.5,672.0,4.0,1,1652.0,0.0,0.0,0.0
434.5,2.5,44.0,4.0,1,189.0,0.0,0.0,0.0
536.0,3.0,298.0,4.0,1,705.0,0.0,0.0,0.0
91.0,2.5,1060.0,4.0,0,233.0,0.0,0.0,0.0
251.0,5.0,557.0,0.0,1,141.0,0.0,0.0,0.0
1553.5,28.0,1170.0,5.0,1,77.0,0.0,0.0,0.0
46.0,3.0,469.0,4.0,1,825.0,23.75,1.0,0.0
210.5,5.0,466.0,4.0,1,236.0,0.0,0.0,0.0
254.0,5.0,531.0,4.0,1,86.0,0.0,0.0,0.0
263.0,3.0,166.0,4.0,1,274.0,0.0,0.0,0.0
82.0,1.0,693.0,4.0,1,561.0,0.0,0.0,0.0
65.66666666666667,1.0,636.0,4.0,0,947.0,20.25,2.0,0.0
361.75,15.0,328.0,4.0,1,658.0,0.0,0.0,0.0
243.0,5.5,553.0,4.0,1,469.0,0.0,0.0,0.0
654.0,10.0,924.0,4.0,1,38.0,0.0,0.0,0.0
55.0,2.0,44.0,4.0,1,347.0,0.0,0.0,0.0
473.5,11.0,484.0,4.0,1,1429.0,0.0,0.0,0.0
1110.0,9.0,463.0,4.0,1,1883.0,0.0,0.0,0.0
1221.0,11.5,1264.0,4.0,1,705.0,0.0,0.0,0.0
1222.5,7.0,408.0,4.0,1,2025.0,0.0,0.0,0.0
1408.0,14.0,1893.0,4.0,1,499.0,0.0,0.0,0.0
501.0,7.0,406.0,4.0,1,728.0,0.0,0.0,0.0
1384.0,27.0,1357.0,5.0,1,403.0,0.0,0.0,0.0
464.1666666666667,6.0,665.0,4.0,1,887.0,0.0,0.0,0.0
452.0,7.0,750.0,4.0,1,775.0,0.0,0.0,0.0
657.5,8.5,1079.0,2.0,1,1644.0,0.0,0.0,0.0
614.0,5.0,475.0,2.0,1,1245.0,0.0,0.0,0.0
490.0,8.0,106.0,4.0,1,96.0,0.0,0.0,0.0
645.0,4.5,269.0,4.0,1,422.0,0.0,0.0,0.0
383.0,7.0,332.0,4.0,1,1041.0,0.0,0.0,0.0
496.0,13.5,260.0,4.0,1,752.0,0.0,0.0,0.0
751.0,10.5,1223.0,5.0,1,1305.0,0.0,0.0,0.0
320.0,5.5,454.0,4.0,1,202.0,0.0,0.0,0.0
365.0,7.0,557.0,4.0,1,198.0,0.0,0.0,0.0
1211.0,8.0,926.0,4.0,1,1055.0,0.0,0.0,0.0
707.0,5.0,757.0,4.0,1,1779.0,0.0,0.0,0.0
473.0,4.5,505.0,4.0,1,135.0,0.0,0.0,0.0
101.0,0.5,116.0,4.0,1,367.0,0.0,0.0,0.0
137.0,3.0,765.0,4.0,1,224.0,0.0,0.0,0.0
44.0,3.0,315.0,4.5,1,8.0,0.0,0.0,0.0
253.0,5.5,751.0,4.0,1,209.0,0.0,0.0,0.0
680.25,5.5,960.0,4.0,1,271.0,0.0,0.0,0.0
540.0,7.0,656.0,4.0,1,666.0,0.0,0.0,0.0
1016.5,15.0,897.0,5.0,1,1285.0,0.0,0.0,0.0
712.0,13.0,1107.0,4.0,1,877.0,0.0,0.0,0.0
1468.0,30.5,2141.0,4.0,1,256.0,0.0,0.0,0.0
363.0,8.0,167.0,4.0,1,1376.0,0.0,0.0,0.0
844.0,14.0,2007.0,4.0,1,2185.0,0.0,0.0,0.0
1310.0,10.0,1282.0,5.0,1,185.0,0.0,0.0,0.0
403.0,5.5,662.0,4.0,1,289.0,0.0,0.0,0.0
145.0,2.0,9.0,4.0,1,137.0,0.0,0.0,0.0
51.5,1.0,671.0,4.0,1,504.0,18.4,2.0,0.0
627.0,11.0,800.0,5.0,1,2412.0,0.0,0.0,0.0
681.0,5.0,951.0,4.0,1,1221.0,0.0,0.0,0.0
230.25,7.0,968.0,4.0,1,718.0,0.0,0.0,0.0
1021.0,6.0,1662.0,4.0,1,3311.0,0.0,0.0,0.0
104.0,1.0,585.0,3.5,1,1059.0,0.0,0.0,0.0
612.75,11.0,606.0,4.5,1,1260.0,0.0,0.0,0.0
689.0,7.0,729.0,4.0,1,1251.0,0.0,0.0,0.0
486.5,9.0,213.0,4.0,1,578.0,0.0,0.0,0.0
474.0,5.5,260.0,4.0,1,424.0,0.0,0.0,0.0
647.0,5.5,866.0,0.0,1,886.0,0.0,0.0,0.0
3.0,1.0,640.0,5.0,1,511.0,14.333333333333334,1.0,0.0
379.0,7.0,214.0,4.0,1,68.0,0.0,0.0,0.0
678.0,5.0,693.0,4.0,1,1232.0,0.0,0.0,0.0
27.0,3.5,284.0,4.0,1,268.0,18.2,2.0,0.0
833.0,6.0,1072.0,4.0,1,3679.0,0.0,0.0,0.0
763.0,6.0,1342.0,4.0,1,2272.0,0.0,0.0,0.0
1226.0,8.0,846.0,4.0,1,1234.0,0.0,0.0,0.0
592.5,3.0,847.0,4.0,1,1789.0,0.0,0.0,0.0
70.0,3.0,569.0,4.0,1,670.0,25.5,0.0,0.0
594.0,6.0,284.0,4.0,1,460.0,0.0,0.0,0.0
139.5,3.0,917.0,4.5,1,280.0,0.0,0.0,0.0
241.0,3.5,302.0,4.0,1,214.0,0.0,0.0,0.0
1223.5,25.0,2272.0,5.0,1,1180.0,0.0,0.0,0.0
463.75,3.0,143.0,4.0,1,553.0,0.0,0.0,0.0
149.0,2.0,310.0,4.0,1,397.0,14.0,3.0,0.0
153.0,3.0,103.0,4.0,1,50.0,0.0,0.0,0.0
43.0,3.0,411.0,4.0,1,374.0,0.0,0.0,0.0
411.5,7.0,771.0,4.0,1,7.0,0.0,0.0,0.0
412.5,6.0,512.0,0.0,1,620.0,0.0,0.0,0.0
169.0,4.5,818.0,4.0,1,435.0,0.0,0.0,0.0
359.5,4.0,158.0,4.0,1,283.0,0.0,0.0,0.0
252.5,5.5,848.0,2.0,1,36.0,0.0,0.0,0.0
62.0,2.0,459.0,4.0,1,584.0,19.25,2.0,0.0
92.0,6.5,1027.0,4.0,1,480.0,0.0,0.0,0.0
23.666666666666668,2.0,363.0,4.0,1,17.0,12.666666666666666,1.0,0.0
271.0,3.0,131.0,4.0,1,289.0,30.0,0.0,0.0
57.5,6.5,358.0,4.0,1,1294.0,32.0,0.0,0.0
712.5,8.75,1167.0,4.0,1,1500.0,0.0,0.0,0.0
686.0,7.0,447.0,4.0,1,492.0,0.0,0.0,0.0
458.0,4.0,164.0,4.0,1,1593.0,0.0,0.0,0.0
88.0,1.0,1133.0,4.0,1,78.0,15.857142857142858,3.0,0.0
545.0,3.5,592.0,4.0,1,375.0,0.0,0.0,0.0
718.0,7.0,1216.0,4.5,1,1893.0,0.0,0.0,0.0
5.0,2.5,298.0,2.0,1,8.0,5.916666666666667,1.0,0.0
702.0,5.0,676.0,4.0,1,848.0,0.0,0.0,0.0
170.5,8.0,455.0,2.0,1,0.0,0.0,0.0,0.0
535.5,5.0,859.0,4.0,1,758.0,0.0,0.0,0.0
1291.0,34.0,1729.0,5.0,1,679.0,0.0,0.0,0.0
106.5,3.0,388.0,4.0,1,69.0,18.5,0.0,0.0
1164.0,10.5,1116.0,4.0,1,944.0,0.0,0.0,0.0
843.0,8.0,1641.0,4.0,1,3144.0,0.0,0.0,0.0
66.0,2.0,289.0,4.0,1,639.0,0.0,0.0,0.0
493.0,6.0,579.0,4.0,1,310.0,0.0,0.0,0.0
23.0,1.5,843.0,4.0,1,342.0,0.0,0.0,0.0
323.0,5.0,436.0,4.0,1,1292.0,0.0,0.0,0.0
137.0,2.0,472.0,4.0,1,464.0,0.0,0.0,0.0
417.5,11.0,905.0,4.0,1,912.0,0.0,0.0,0.0
76.0,4.0,830.0,4.0,1,315.0,0.0,0.0,0.0
660.0,11.5,513.0,4.0,1,1353.0,0.0,0.0,0.0
649.0,3.0,199.0,4.0,1,1221.0,0.0,0.0,0.0
784.0,6.0,1696.0,4.0,1,2473.0,0.0,0.0,0.0
288.5,4.5,341.0,4.0,1,467.0,0.0,0.0,0.0
623.0,5.0,186.0,4.0,1,303.0,0.0,0.0,0.0
543.5,3.5,659.0,4.0,1,385.0,0.0,0.0,0.0
201.0,6.0,397.0,4.0,1,438.0,0.0,0.0,0.0
85.0,3.0,606.0,4.0,1,263.0,0.0,0.0,0.0
61.0,3.5,1046.0,4.0,1,278.0,0.0,0.0,0.0
554.0,3.0,88.0,4.0,1,785.0,0.0,0.0,0.0
207.0,4.5,837.0,4.0,1,457.0,0.0,0.0,0.0
12.0,2.0,1266.0,4.0,0,398.0,10.071428571428571,5.0,0.0
232.0,1.5,1085.0,4.0,1,159.0,0.0,0.0,0.0
71.5,4.0,799.0,4.0,1,350.0,16.333333333333332,2.0,0.0
967.0,11.0,1984.0,4.0,1,3563.0,0.0,0.0,0.0
278.0,3.5,206.0,4.0,1,51.0,0.0,0.0,0.0
616.0,6.0,219.0,4.0,1,1189.0,0.0,0.0,0.0
1113.0,9.0,917.0,4.0,1,2742.0,0.0,0.0,0.0
185.0,3.0,521.0,4.0,1,148.0,0.0,0.0,0.0
104.0,1.0,352.0,4.0,1,259.0,0.0,0.0,0.0
342.0,9.5,631.0,4.0,1,604.0,0.0,0.0,0.0
358.0,12.0,322.0,4.0,1,524.0,0.0,0.0,0.0
1059.5,13.0,1715.0,5.0,1,252.0,0.0,0.0,0.0
686.5,11.0,879.0,5.0,1,699.0,0.0,0.0,0.0
26.5,0.0,1130.0,4.0,0,1094.0,0.0,0.0,0.0
562.0,4.0,93.0,4.0,1,64.0,0.0,0.0,0.0
918.0,12.0,1088.0,5.0,1,1546.0,0.0,0.0,0.0
80.5,2.0,340.0,4.0,0,490.0,10.166666666666666,2.0,0.0
682.0,5.5,959.0,4.0,1,321.0,0.0,0.0,0.0
294.0,4.0,907.0,4.0,1,297.0,0.0,0.0,0.0
302.5,4.0,769.0,4.0,1,518.0,0.0,0.0,0.0
53.0,3.0,626.0,4.0,1,170.0,0.0,0.0,0.0
242.25,3.0,528.0,4.0,1,302.0,0.0,0.0,0.0
652.0,6.0,696.0,4.0,1,203.0,0.0,0.0,0.0
767.5,5.0,1465.0,4.0,1,1753.0,0.0,0.0,0.0
44.0,4.0,469.0,4.0,1,797.0,0.0,0.0,0.0
30.5,4.0,550.0,4.5,0,272.0,10.0,2.0,0.0
73.0,3.0,718.0,4.0,0,575.0,30.0,0.0,0.0
110.0,2.5,497.0,4.0,0,579.0,0.0,0.0,0.0
33.0,1.0,394.0,4.0,1,68.0,0.0,0.0,0.0
58.0,1.0,865.0,4.0,0,628.0,21.666666666666668,1.0,0.0
733.5,11.0,456.0,4.0,1,529.0,0.0,0.0,0.0
811.5,11.0,1750.0,4.0,1,1566.0,0.0,0.0,0.0
65.5,1.5,172.0,4.5,1,667.0,0.0,0.0,0.0
120.0,2.0,705.0,4.0,1,663.0,0.0,0.0,0.0
92.0,4.0,366.0,4.0,1,329.0,0.0,0.0,0.0
92.0,1.5,628.0,2.0,1,24.0,0.0,0.0,0.0
300.5,13.0,417.0,4.0,1,11.0,0.0,0.0,0.0
1672.0,6.0,1581.0,5.0,1,405.0,0.0,0.0,0.0
217.5,5.0,843.0,4.0,1,594.0,0.0,0.0,0.0
17.0,1.5,388.0,4.0,1,838.0,0.0,0.0,0.0
201.0,2.0,112.0,4.0,1,116.0,0.0,0.0,0.0
761.25,4.0,870.0,4.0,1,1898.0,0.0,0.0,0.0
124.0,1.0,585.0,4.0,1,40.0,0.0,0.0,0.0
365.0,9.5,593.0,4.0,1,379.0,0.0,0.0,0.0
79.5,2.0,238.0,4.0,0,428.0,18.5,2.0,0.0
601.0,24.0,405.0,5.0,1,2063.0,0.0,0.0,0.0
9.0,3.0,165.0,0.0,1,0.0,0.0,0.0,0.0
922.0,15.0,1273.0,5.0,1,1714.0,0.0,0.0,0.0
573.75,5.0,29.0,4.0,0,714.0,0.0,0.0,0.0
272.0,2.5,1085.0,4.0,1,68.0,0.0,0.0,0.0
729.0,5.0,1472.0,5.0,1,2161.0,0.0,0.0,0.0
94.0,1.0,691.0,2.0,1,37.0,17.0,0.0,0.0
75.0,2.0,681.0,4.0,0,1018.0,16.5,0.0,0.0
7.0,1.0,732.0,4.0,0,233.0,0.0,0.0,0.0
350.5,2.0,837.0,4.0,1,848.0,0.0,0.0,0.0
553.0,5.0,926.0,4.0,1,1059.0,0.0,0.0,0.0
338.0,5.0,373.0,4.0,1,57.0,0.0,0.0,0.0
532.0,6.0,340.0,4.0,1,718.0,0.0,0.0,0.0
1084.5,5.5,1363.0,4.0,1,3192.0,0.0,0.0,0.0
88.0,3.0,1208.0,4.0,1,289.0,0.0,0.0,0.0
551.5,7.25,133.0,5.0,1,1511.0,0.0,0.0,0.0
361.0,6.0,93.0,4.0,1,716.0,0.0,0.0,0.0
923.0,14.0,1784.0,4.0,1,2168.0,0.0,0.0,0.0
106.5,3.0,424.0,3.0,0,436.0,18.5,1.0,0.0
381.3333333333333,5.0,270.0,4.0,1,421.0,0.0,0.0,0.0
95.0,1.5,566.0,4.0,1,468.0,0.0,0.0,0.0
86.75,2.0,269.0,4.0,0,159.0,0.0,0.0,0.0
605.0,1.0,1049.0,5.0,1,1904.0,0.0,0.0,0.0
63.0,1.0,384.0,4.0,1,106.0,0.0,0.0,0.0
370.0,3.0,559.0,4.0,1,134.0,0.0,0.0,0.0
1100.0,13.0,1430.0,2.0,1,1368.0,0.0,0.0,0.0
859.0,10.0,1550.0,4.0,1,3277.0,0.0,0.0,0.0
589.5,3.5,21.0,4.0,1,983.0,0.0,0.0,0.0
373.0,4.0,745.0,4.0,1,732.0,0.0,0.0,0.0
34.0,6.5,607.0,4.0,1,501.0,15.0,1.0,0.0
138.0,3.0,552.0,4.0,1,62.0,0.0,0.0,0.0
792.0,11.0,1657.0,4.0,1,1382.0,0.0,0.0,0.0
602.0,7.0,884.0,4.0,1,788.0,0.0,0.0,0.0
222.0,2.0,644.0,4.0,1,204.0,0.0,0.0,0.0
1442.0,19.5,300.0,4.0,1,810.0,0.0,0.0,0.0
384.0,3.0,747.0,4.0,1,759.0,0.0,0.0,0.0
7.0,2.0,248.0,5.0,0,664.0,19.5,1.0,0.0
194.5,7.0,324.0,4.0,1,204.0,0.0,0.0,0.0
683.0,8.0,730.0,4.0,1,1659.0,0.0,0.0,0.0
61.5,2.5,548.0,4.0,1,549.0,15.666666666666666,1.0,0.0
311.0,3.0,358.0,4.0,1,1266.0,0.0,0.0,0.0
843.0,7.0,724.0,4.5,1,2764.0,0.0,0.0,0.0
407.0,7.0,812.0,4.0,1,841.0,0.0,0.0,0.0
75.0,4.0,627.0,4.0,1,250.0,0.0,0.0,0.0
221.5,4.0,441.0,2.0,1,32.0,0.0,0.0,0.0
85.0,2.0,636.0,4.0,1,113.0,0.0,0.0,0.0
757.0,12.0,1322.0,5.0,1,1079.0,0.0,0.0,0.0
422.0,4.5,294.0,4.0,1,38.0,0.0,0.0,0.0
967.0,3.5,135.0,4.5,1,227.0,0.0,0.0,0.0
1398.0,11.0,647.0,4.0,1,396.0,0.0,0.0,0.0
320.0,4.0,861.0,4.0,1,336.0,0.0,0.0,0.0
16.0,1.5,155.0,4.0,1,1043.0,0.0,0.0,0.0
1303.0,17.0,883.0,5.0,1,2173.0,0.0,0.0,0.0
1317.25,13.5,1126.0,5.0,1,1916.0,0.0,0.0,0.0
483.0,7.0,328.0,4.0,1,754.0,0.0,0.0,0.0
598.0,4.5,292.0,4.0,1,768.0,0.0,0.0,0.0
1579.0,22.0,141.0,4.0,1,840.0,0.0,0.0,0.0
194.0,3.5,129.0,4.0,1,172.0,0.0,0.0,0.0
663.0,11.5,629.0,4.0,1,981.0,0.0,0.0,0.0
765.0,6.0,857.0,4.0,1,755.0,0.0,0.0,0.0
406.0,4.5,564.0,3.5,1,227.0,0.0,0.0,0.0
891.0,22.0,754.0,5.0,1,895.0,0.0,0.0,0.0
1150.0,13.0,2071.0,4.0,1,1664.0,0.0,0.0,0.0
99.5,3.0,508.0,4.0,1,0.0,0.0,0.0,0.0
60.0,1.0,771.0,4.0,0,554.0,19.0,1.0,0.0
1091.5,24.5,2078.0,5.0,1,219.0,0.0,0.0,0.0
116.0,2.0,558.0,4.0,1,68.0,11.5,2.0,0.0
1033.0,17.0,2186.0,4.0,1,1440.0,0.0,0.0,0.0
336.5,4.0,389.0,4.0,1,60.0,0.0,0.0,0.0
32.0,3.0,480.0,4.0,1,30.0,0.0,0.0,0.0
279.0,3.0,177.0,4.0,1,233.0,0.0,0.0,0.0
28.0,3.0,260.0,4.0,1,188.0,0.0,0.0,0.0
65.0,4.5,1044.0,4.0,1,155.0,0.0,0.0,0.0
43.5,3.0,82.0,4.0,1,383.0,0.0,0.0,0.0
1675.0,26.0,765.0,4.0,1,362.0,0.0,0.0,0.0
790.5,10.5,861.0,4.0,1,3588.0,0.0,0.0,0.0
77.25,2.0,607.0,4.0,1,704.0,16.0,0.0,0.0
462.0,1.5,0.0,4.0,1,516.0,0.0,0.0,0.0
624.0,16.0,576.0,5.0,1,2073.0,0.0,0.0,0.0
161.0,3.0,281.0,4.0,1,171.0,0.0,0.0,0.0
381.5,9.0,216.0,4.0,1,573.0,0.0,0.0,0.0
468.0,6.0,717.0,4.0,1,912.0,0.0,0.0,0.0
573.0,2.0,380.0,4.0,1,861.0,0.0,0.0,0.0
563.5,9.0,617.0,4.5,1,75.0,0.0,0.0,0.0
477.0,5.0,257.0,4.0,1,551.0,0.0,0.0,0.0
515.0,6.0,44.0,4.5,1,1746.0,0.0,0.0,0.0
196.0,4.0,911.0,4.0,1,769.0,0.0,0.0,0.0
758.0,12.0,412.0,5.0,1,3036.0,0.0,0.0,0.0
130.0,5.0,681.0,4.0,1,116.0,0.0,0.0,0.0
112.0,2.0,190.0,4.0,1,77.0,9.0,0.0,0.0
1399.5,24.25,847.0,4.0,1,1415.0,0.0,0.0,0.0
579.0,4.0,534.0,4.0,1,634.0,0.0,0.0,0.0
270.5,3.0,609.0,4.0,1,836.0,0.0,0.0,0.0
581.0,6.0,232.0,4.0,1,610.0,0.0,0.0,0.0
773.5,4.5,1447.0,2.0,1,2119.0,0.0,0.0,0.0
795.5,12.5,1472.0,5.0,1,1239.0,0.0,0.0,0.0
338.0,4.0,346.0,4.0,1,554.0,0.0,0.0,0.0
1340.0,13.5,1177.0,5.0,1,1992.0,0.0,0.0,0.0
508.0,4.0,91.0,4.0,1,24.0,0.0,0.0,0.0
32.0,5.5,602.0,4.0,1,274.0,0.0,0.0,0.0
78.25,3.0,582.0,4.0,0,690.0,20.0,1.0,0.0
28.0,2.0,1092.0,4.5,1,574.0,0.0,0.0,0.0
60.0,1.5,745.0,4.0,0,597.0,1.0,0.0,0.0
553.5,9.5,374.0,4.0,1,518.0,0.0,0.0,0.0
269.0,7.0,762.0,4.0,1,540.0,0.0,0.0,0.0
264.5,3.0,275.0,4.0,1,945.0,0.0,0.0,0.0
176.0,3.5,870.0,2.0,1,0.0,16.75,2.0,0.0
906.0,9.0,203.0,5.0,1,2882.0,0.0,0.0,0.0
230.5,4.5,518.0,4.0,1,248.0,0.0,0.0,0.0
897.0,32.5,791.0,5.0,1,1256.0,0.0,0.0,0.0
250.0,4.0,433.0,2.6666666666666665,1,0.0,0.0,0.0,0.0
1063.0,14.0,1765.0,4.5,1,209.0,0.0,0.0,0.0
491.0,8.0,732.0,4.0,1,1046.0,0.0,0.0,0.0
1277.0,16.0,795.0,5.0,1,2157.0,0.0,0.0,0.0
121.33333333333331,3.0,353.0,4.0,1,798.0,0.0,0.0,0.0
880.5,5.0,1406.0,4.0,1,3703.0,0.0,0.0,0.0
39.0,4.0,503.0,3.5,1,284.0,0.0,0.0,0.0
651.5,8.0,322.0,4.0,1,539.0,0.0,0.0,0.0
86.0,2.0,242.0,4.0,1,141.0,0.0,0.0,0.0
1342.5,11.5,1051.0,4.0,1,1224.0,0.0,0.0,0.0
60.0,1.0,509.0,4.0,1,105.0,0.0,0.0,0.0
1793.0,13.0,911.0,4.0,1,485.0,0.0,0.0,0.0
358.25,12.0,369.0,4.0,1,568.0,0.0,0.0,0.0
69.0,3.0,31.0,3.0,1,801.0,0.0,0.0,0.0
264.5,4.5,252.0,2.0,1,72.0,0.0,0.0,0.0
895.0,17.0,781.0,5.0,1,1034.0,0.0,0.0,0.0
799.0,5.0,1819.0,4.0,1,2727.0,0.0,0.0,0.0
264.0,6.5,1245.0,4.0,1,639.0,0.0,0.0,0.0
878.0,18.0,799.0,5.0,1,1158.0,0.0,0.0,0.0
1050.0,16.0,486.0,4.0,1,574.0,0.0,0.0,0.0
89.0,3.0,600.0,4.5,0,379.0,30.0,0.0,0.0
997.0,10.5,97.0,5.0,1,443.0,0.0,0.0,0.0
440.5,5.0,255.0,4.0,1,404.0,0.0,0.0,0.0
781.0,12.666666666666666,1552.0,4.0,1,630.0,0.0,0.0,0.0
4.0,0.5,449.0,4.0,0,232.0,3.0,0.0,0.0
1296.5,8.5,1111.0,4.0,1,1726.0,0.0,0.0,0.0
287.0,9.0,161.0,4.0,1,588.0,0.0,0.0,0.0
394.0,3.0,420.0,4.0,1,769.0,0.0,0.0,0.0
398.0,5.5,401.0,4.0,1,276.0,0.0,0.0,0.0
10.0,3.5,670.0,4.0,1,375.0,0.0,0.0,0.0
598.5,22.0,462.0,4.0,1,567.0,0.0,0.0,0.0
392.0,4.0,542.0,4.0,1,238.0,0.0,0.0,0.0
1292.0,22.0,932.0,5.0,1,2010.0,0.0,0.0,0.0
519.0,6.0,587.0,4.0,1,590.0,0.0,0.0,0.0
146.5,7.5,576.0,4.0,1,294.0,0.0,0.0,0.0
1078.0,15.0,589.0,4.0,1,2072.0,0.0,0.0,0.0
220.0,2.0,326.0,4.0,1,235.0,0.0,0.0,0.0
731.5,8.0,1295.0,4.0,1,618.0,0.0,0.0,0.0
288.0,4.5,445.0,4.0,1,204.0,0.0,0.0,0.0
1270.0,9.0,1405.0,4.0,1,490.0,0.0,0.0,0.0
351.0,10.0,57.0,4.0,1,1053.0,0.0,0.0,0.0
747.0,7.5,1195.0,4.0,1,1557.0,0.0,0.0,0.0
25.0,0.0,716.0,4.0,1,896.0,0.0,0.0,0.0
613.0,7.0,266.0,4.0,1,551.0,0.0,0.0,0.0
1201.0,8.5,1185.0,4.0,1,2879.0,0.0,0.0,0.0
301.0,8.25,184.0,4.0,1,603.0,0.0,0.0,0.0
385.0,3.5,810.0,4.0,1,894.0,0.0,0.0,0.0
677.5,8.0,952.0,4.5,1,1790.0,0.0,0.0,0.0
643.0,7.0,917.0,4.0,1,675.0,0.0,0.0,0.0
924.0,11.0,1977.0,4.0,1,196.0,0.0,0.0,0.0
661.5,9.0,631.0,4.0,1,1109.0,0.0,0.0,0.0
17.0,2.5,249.0,4.0,1,364.0,15.0,1.0,0.0
541.5,6.0,137.0,4.0,1,134.0,0.0,0.0,0.0
1093.5,5.0,1187.0,4.0,1,3012.0,0.0,0.0,0.0
144.0,2.0,34.0,4.0,1,332.0,0.0,0.0,0.0
713.0,7.0,1072.0,4.0,1,517.0,0.0,0.0,0.0
224.0,3.5,531.0,2.0,1,14.0,0.0,0.0,0.0
550.5,9.0,637.0,4.0,1,618.0,0.0,0.0,0.0
60.0,2.5,171.0,5.0,1,561.0,0.0,0.0,0.0
1112.0,7.0,998.0,4.0,1,2833.0,0.0,0.0,0.0
399.5,3.0,238.0,4.0,1,201.0,0.0,0.0,0.0
128.0,5.0,720.0,4.0,1,478.0,0.0,0.0,0.0
91.0,3.0,649.0,4.0,1,19.0,0.0,0.0,0.0
14.0,10.5,623.0,2.0,1,489.0,0.0,0.0,0.0
286.0,4.5,1119.0,4.0,1,672.0,0.0,0.0,0.0
618.0,4.5,209.0,4.0,1,110.0,0.0,0.0,0.0
1077.0,12.0,802.0,4.0,1,1460.0,0.0,0.0,0.0
758.0,10.5,1474.0,2.0,1,603.0,0.0,0.0,0.0
91.0,4.0,236.0,4.0,0,181.0,0.0,0.0,0.0
822.0,12.5,1374.0,4.0,1,226.0,0.0,0.0,0.0
691.0,9.0,802.0,4.0,1,2303.0,0.0,0.0,0.0
370.0,2.0,699.0,4.0,1,630.0,0.0,0.0,0.0
424.5,12.0,669.0,4.0,1,695.0,0.0,0.0,0.0
388.0,12.0,345.0,4.0,1,367.0,0.0,0.0,0.0
208.0,7.0,574.0,4.0,1,299.0,0.0,0.0,0.0
16.0,3.0,740.0,2.0,1,0.0,10.0,0.0,0.0
75.0,3.0,1102.0,4.0,1,276.0,0.0,0.0,0.0
440.3333333333333,5.0,213.0,4.0,1,162.0,0.0,0.0,0.0
5.5,1.0,909.0,4.0,1,604.0,29.33333333333333,0.0,0.0
55.0,1.0,249.0,4.0,1,427.0,0.0,0.0,0.0
173.0,5.0,430.0,4.0,1,222.0,0.0,0.0,0.0
356.0,8.0,413.0,4.0,1,307.0,0.0,0.0,0.0
653.0,4.5,127.0,4.0,1,936.0,0.0,0.0,0.0
718.5,4.0,878.0,5.0,1,1440.0,0.0,0.0,0.0
41.0,1.0,237.0,4.0,1,286.0,13.0,3.0,0.0
80.0,2.0,1086.0,4.0,0,206.0,29.5,1.0,0.0
163.0,1.0,559.0,2.0,1,4.0,10.0,0.0,0.0
906.0,13.25,2247.0,4.0,1,374.0,0.0,0.0,0.0
306.5,4.5,370.0,4.0,1,352.0,0.0,0.0,0.0
130.0,2.0,694.0,4.0,1,154.0,0.0,0.0,0.0
139.0,4.0,53.0,4.0,1,767.0,0.0,0.0,0.0
655.25,10.0,850.0,4.0,1,1614.0,0.0,0.0,0.0
581.0,9.0,836.0,4.0,1,252.0,0.0,0.0,0.0
1458.0,17.0,659.0,4.0,1,1373.0,0.0,0.0,0.0
236.0,4.0,494.0,4.0,1,254.0,0.0,0.0,0.0
111.0,2.5,390.0,4.0,1,115.0,0.0,0.0,0.0
67.0,1.5,848.0,4.0,1,30.0,23.33333333333333,1.0,0.0
38.0,6.0,583.0,4.0,1,318.0,0.0,0.0,0.0
270.5,4.0,110.0,5.0,1,53.0,0.0,0.0,0.0
317.5,5.0,419.0,4.0,1,1250.0,0.0,0.0,0.0
574.0,8.0,321.0,2.0,1,871.0,0.0,0.0,0.0
30.5,2.0,304.0,4.0,1,325.0,31.5,4.0,0.0
80.25,3.0,585.0,2.0,1,79.0,0.0,0.0,0.0
245.0,5.666666666666667,141.0,4.0,1,126.0,0.0,0.0,0.0
557.0,4.0,240.0,4.0,1,414.0,0.0,0.0,0.0
220.5,3.0,531.0,4.0,1,642.0,0.0,0.0,0.0
109.0,3.0,565.0,2.0,1,0.0,0.0,0.0,0.0
73.0,1.0,180.0,2.0,1,33.0,0.0,0.0,0.0
335.0,8.0,537.0,4.0,1,169.0,0.0,0.0,0.0
563.5,5.0,712.0,4.0,1,327.0,0.0,0.0,0.0
157.0,9.0,674.0,4.0,1,548.0,16.0,1.0,0.0
24.0,0.5,726.0,4.0,1,547.0,0.0,0.0,0.0
695.5,19.5,935.0,5.0,1,1752.0,0.0,0.0,0.0
123.0,5.0,329.0,4.0,1,192.0,0.0,0.0,0.0
380.0,4.5,300.0,2.0,1,8.0,0.0,0.0,0.0
766.0,26.5,631.0,5.0,1,655.0,0.0,0.0,0.0
339.0,2.5,250.0,4.0,1,905.0,0.0,0.0,0.0
72.5,7.5,1057.0,4.0,1,377.0,0.0,0.0,0.0
29.0,1.0,938.0,4.0,0,176.0,6.5,2.0,0.0
30.0,2.0,572.0,4.0,1,368.0,27.0,0.0,0.0
705.0,6.5,622.0,4.0,1,698.0,0.0,0.0,0.0
56.0,3.5,149.0,4.0,1,84.0,11.0,3.0,0.0
97.0,4.0,1078.0,4.0,1,683.0,0.0,0.0,0.0
574.0,8.0,176.0,2.0,1,917.0,0.0,0.0,0.0
973.0,11.0,903.0,5.0,1,1339.0,0.0,0.0,0.0
195.0,10.0,409.0,4.0,1,438.0,0.0,0.0,0.0
287.75,5.0,175.0,4.0,1,1097.0,0.0,0.0,0.0
144.5,3.0,185.0,3.0,0,376.0,0.0,0.0,0.0
890.0,17.0,1805.0,4.0,1,1410.0,0.0,0.0,0.0
326.5,4.0,180.0,4.0,1,1140.0,0.0,0.0,0.0
204.66666666666663,5.0,665.0,4.0,1,464.0,0.0,0.0,0.0
702.0,9.0,1012.0,4.0,1,1485.0,0.0,0.0,0.0
374.0,7.0,224.0,4.0,1,125.0,0.0,0.0,0.0
901.0,9.0,1518.0,4.0,1,2140.0,0.0,0.0,0.0
303.0,5.0,800.0,4.0,1,512.0,0.0,0.0,0.0
303.5,6.0,485.0,4.0,1,213.0,0.0,0.0,0.0
251.0,5.0,597.0,4.0,1,318.0,0.0,0.0,0.0
162.0,3.0,874.0,4.0,1,421.0,15.5,2.0,0.0
244.5,5.0,374.0,4.0,1,186.0,0.0,0.0,0.0
542.0,3.0,228.0,4.0,1,180.0,0.0,0.0,0.0
426.0,8.0,596.0,4.0,1,686.0,0.0,0.0,0.0
719.0,4.5,559.0,4.0,1,1447.0,0.0,0.0,0.0
406.5,3.5,44.0,4.0,1,542.0,0.0,0.0,0.0
176.0,3.0,602.0,4.0,1,394.0,0.0,0.0,0.0
69.0,1.5,969.0,4.0,0,27.0,22.666666666666668,1.0,0.0
346.0,5.0,427.0,4.0,1,315.0,0.0,0.0,0.0
683.0,8.5,638.0,4.0,1,925.0,0.0,0.0,0.0
482.0,4.0,243.0,4.0,1,424.0,0.0,0.0,0.0
236.0,4.0,628.0,4.0,1,118.0,0.0,0.0,0.0
166.0,4.0,452.0,4.0,1,141.0,30.0,0.0,0.0
609.5,6.5,1119.0,5.0,1,1691.0,0.0,0.0,0.0
342.0,4.5,350.0,4.0,1,103.0,0.0,0.0,0.0
117.0,5.0,257.0,4.0,1,285.0,0.0,0.0,0.0
635.5,7.5,464.0,4.0,1,1417.0,0.0,0.0,0.0
601.0,2.0,1505.0,4.0,1,2446.0,0.0,0.0,0.0
1136.5,13.0,920.0,4.0,1,2780.0,0.0,0.0,0.0
3.0,0.0,594.0,0.0,0,875.0,30.0,1.0,0.0
356.0,4.5,228.0,4.0,1,307.0,0.0,0.0,0.0
832.75,2.5,643.0,4.0,1,2794.0,0.0,0.0,0.0
373.0,4.0,516.0,4.0,1,612.0,0.0,0.0,0.0
1555.0,14.5,62.0,4.0,1,860.0,0.0,0.0,0.0
106.0,3.0,614.0,3.5,0,314.0,0.0,0.0,0.0
51.5,1.0,144.0,4.0,1,254.0,0.0,0.0,0.0
1175.0,8.0,807.0,4.0,1,2653.0,0.0,0.0,0.0
76.0,1.0,292.0,4.0,1,163.0,0.0,0.0,0.0
318.25,3.0,401.0,2.0,1,0.0,0.0,0.0,0.0
1555.0,19.0,62.0,4.0,1,875.0,0.0,0.0,0.0
86.0,3.5,588.0,3.0,1,645.0,0.0,0.0,0.0
676.5,7.0,930.0,4.0,1,1704.0,0.0,0.0,0.0
759.0,4.0,1226.0,4.0,1,1961.0,0.0,0.0,0.0
58.0,2.0,973.0,4.0,1,302.0,30.0,0.0,0.0
746.0,7.0,1304.0,2.0,1,2157.0,0.0,0.0,0.0
170.0,3.5,244.0,2.0,1,17.0,0.0,0.0,0.0
100.0,1.5,459.0,4.0,1,730.0,0.0,0.0,0.0
55.0,1.0,193.0,4.0,1,380.0,26.5,0.0,0.0
862.0,7.0,2058.0,4.0,1,3319.0,0.0,0.0,0.0
420.5,4.0,614.0,4.0,1,215.0,0.0,0.0,0.0
183.0,6.0,436.0,4.0,1,339.0,0.0,0.0,0.0
86.0,3.0,1089.0,4.0,1,299.0,0.0,0.0,0.0
79.0,3.0,988.0,4.0,0,635.0,14.6,2.0,0.0
974.0,26.0,1911.0,4.0,1,1155.0,0.0,0.0,0.0
1344.0,10.0,2287.0,4.0,1,1227.0,0.0,0.0,0.0
197.75,4.0,248.0,4.0,1,58.0,0.0,0.0,0.0
572.0,8.0,715.0,4.0,1,873.0,0.0,0.0,0.0
923.0,14.0,1808.0,4.0,1,2187.0,0.0,0.0,0.0
594.0,12.5,567.0,5.0,1,1089.0,0.0,0.0,0.0
398.0,5.0,68.0,4.0,1,90.0,0.0,0.0,0.0
628.0,14.0,646.0,4.0,1,955.0,0.0,0.0,0.0
99.0,2.0,555.0,4.0,1,122.0,11.0,3.0,0.0
118.0,2.0,483.0,4.0,1,74.0,0.0,0.0,0.0
203.0,3.0,765.0,4.0,1,25.0,0.0,0.0,0.0
161.5,3.0,757.0,4.0,1,392.0,0.0,0.0,0.0
561.5,4.0,54.0,4.0,0,559.0,0.0,0.0,0.0
1049.6666666666667,18.0,301.0,5.0,1,499.0,0.0,0.0,0.0
528.0,4.0,213.0,4.0,1,633.0,0.0,0.0,0.0
302.0,4.0,774.0,4.0,1,44.0,0.0,0.0,0.0
997.0,12.0,350.0,4.0,1,596.0,0.0,0.0,0.0
350.5,7.0,247.0,4.0,1,475.0,0.0,0.0,0.0
462.0,4.0,83.0,4.0,1,1426.0,0.0,0.0,0.0
198.75,5.0,708.0,4.0,0,165.0,0.0,0.0,0.0
697.0,8.0,724.0,4.0,1,172.0,0.0,0.0,0.0
274.0,4.0,643.0,4.0,1,30.0,0.0,0.0,0.0
736.5,9.0,1477.0,4.0,1,2191.0,0.0,0.0,0.0
194.5,3.5,423.0,4.0,1,120.0,0.0,0.0,0.0
61.0,1.5,889.0,4.0,0,196.0,20.0,0.0,0.0
497.0,5.0,687.0,4.0,1,512.0,0.0,0.0,0.0
639.5,5.0,743.0,4.0,1,459.0,0.0,0.0,0.0
54.0,3.5,647.0,4.0,1,800.0,4.333333333333333,3.0,0.0
928.0,15.0,2412.0,0.0,1,451.0,0.0,0.0,0.0
289.0,7.75,239.0,4.0,1,661.0,0.0,0.0,0.0
325.0,3.0,630.0,4.0,1,171.0,0.0,0.0,0.0
74.0,3.0,607.0,4.0,0,415.0,11.333333333333334,2.0,0.0
1202.0,14.0,1740.0,4.0,1,1114.0,0.0,0.0,0.0
549.0,6.0,16.0,4.0,1,558.0,0.0,0.0,0.0
704.0,9.0,1255.0,4.0,1,1935.0,0.0,0.0,0.0
394.0,5.0,206.0,4.0,1,974.0,0.0,0.0,0.0
550.0,4.5,670.0,4.0,1,375.0,0.0,0.0,0.0
743.5,11.0,1356.0,2.0,1,1400.0,0.0,0.0,0.0
253.5,5.0,528.0,4.0,1,421.0,0.0,0.0,0.0
428.25,6.0,671.0,2.0,1,42.0,0.0,0.0,0.0
383.5,3.0,382.0,4.0,1,397.0,0.0,0.0,0.0
502.0,5.0,84.0,4.0,1,709.0,0.0,0.0,0.0
423.5,7.0,295.0,4.0,1,301.0,0.0,0.0,0.0
103.0,4.333333333333333,673.0,4.0,1,244.0,0.0,0.0,0.0
190.0,5.5,1165.0,4.0,1,226.0,0.0,0.0,0.0
110.0,4.0,766.0,4.0,1,614.0,0.0,0.0,0.0
32.0,1.0,618.0,4.0,1,510.0,0.0,0.0,0.0
156.0,4.0,1057.0,4.0,1,632.0,0.0,0.0,0.0
611.0,9.0,522.0,4.0,1,110.0,0.0,0.0,0.0
528.0,6.0,799.0,4.0,1,732.0,0.0,0.0,0.0
127.0,3.0,245.0,4.0,1,80.0,0.0,0.0,0.0
117.0,13.0,293.0,4.0,1,821.0,0.0,0.0,0.0
506.0,3.0,449.0,4.0,1,730.0,0.0,0.0,0.0
965.0,10.666666666666666,1712.0,4.0,1,3136.0,0.0,0.0,0.0
176.5,1.0,138.0,4.0,1,141.0,8.5,0.0,0.0
863.0,15.0,1697.0,4.0,1,1367.0,0.0,0.0,0.0
8.0,1.0,482.0,5.0,1,124.0,0.0,0.0,0.0
164.0,5.0,444.0,4.0,1,404.0,0.0,0.0,0.0
817.0,11.0,1779.0,4.0,1,1569.0,0.0,0.0,0.0
33.25,3.0,825.0,4.0,1,972.0,0.0,0.0,0.0
692.0,4.5,773.0,4.0,1,1342.0,0.0,0.0,0.0
512.0,4.0,234.0,4.0,1,247.0,0.0,0.0,0.0
7.0,1.0,148.0,4.0,0,95.0,22.25,2.0,0.0
420.0,7.5,314.0,4.0,1,382.0,0.0,0.0,0.0
54.0,2.5,327.0,4.0,0,103.0,12.428571428571429,2.0,0.0
102.0,3.0,648.0,4.0,1,63.0,0.0,0.0,0.0
493.0,3.0,73.0,4.0,1,184.0,0.0,0.0,0.0
561.5,10.5,654.0,4.0,1,526.0,0.0,0.0,0.0
1278.0,10.0,1985.0,4.0,1,1031.0,0.0,0.0,0.0
55.0,1.0,1121.0,4.0,0,92.0,21.166666666666668,2.0,0.0
340.0,3.0,98.0,4.0,1,450.0,0.0,0.0,0.0
358.0,4.5,459.0,4.0,1,62.0,0.0,0.0,0.0
567.0,12.0,173.0,5.0,1,1253.0,0.0,0.0,0.0
358.0,3.0,47.0,4.0,1,161.0,0.0,0.0,0.0
125.5,4.0,235.0,4.0,1,172.0,0.0,0.0,0.0
39.5,6.0,511.0,4.0,0,134.0,0.0,0.0,0.0
653.5,7.666666666666667,533.0,4.0,1,750.0,0.0,0.0,0.0
529.0,5.0,350.0,4.0,1,572.0,0.0,0.0,0.0
98.0,1.0,444.0,4.0,1,676.0,0.0,0.0,0.0
298.0,3.5,241.0,4.0,1,282.0,0.0,0.0,0.0
731.0,14.0,952.0,4.0,1,124.0,0.0,0.0,0.0
108.0,1.0,492.0,2.0,1,38.0,0.0,0.0,0.0
794.0,13.0,1528.0,4.0,1,1733.0,0.0,0.0,0.0
27.0,2.5,822.0,4.0,1,808.0,0.0,0.0,0.0
539.0,4.0,353.0,4.0,1,677.0,0.0,0.0,0.0
1073.25,9.5,1046.0,4.0,1,1127.0,0.0,0.0,0.0
1187.0,7.5,1254.0,4.0,1,2966.0,0.0,0.0,0.0
510.0,11.0,679.0,4.0,1,623.0,0.0,0.0,0.0
322.5,5.0,268.0,4.0,1,247.0,0.0,0.0,0.0
538.0,6.0,587.0,4.0,1,607.0,0.0,0.0,0.0
85.5,2.0,230.0,4.0,1,208.0,30.0,0.0,0.0
624.0,5.0,1347.0,4.0,1,2575.0,0.0,0.0,0.0
425.0,6.5,395.0,4.0,1,585.0,0.0,0.0,0.0
289.5,4.0,1076.0,4.0,1,605.0,0.0,0.0,0.0
163.0,4.5,406.0,4.0,1,70.0,0.0,0.0,0.0
197.0,3.0,969.0,4.0,1,971.0,17.0,1.0,0.0
69.0,2.5,586.0,4.0,1,89.0,0.0,0.0,0.0
431.25,6.0,330.0,4.0,1,745.0,0.0,0.0,0.0
939.5,16.0,1604.0,5.0,1,3681.0,0.0,0.0,0.0
841.5,7.0,2190.0,4.0,1,3062.0,0.0,0.0,0.0
681.5,5.0,907.0,4.0,1,1905.0,0.0,0.0,0.0
1554.0,34.0,2007.0,5.0,1,238.0,0.0,0.0,0.0
86.0,2.0,713.0,4.0,1,99.0,0.0,0.0,0.0
643.0,7.0,830.0,5.0,1,2391.0,0.0,0.0,0.0
188.0,4.0,1045.0,4.0,1,171.0,0.0,0.0,0.0
985.0,10.0,1085.0,4.0,1,2210.0,0.0,0.0,0.0
108.0,2.0,527.0,2.0,1,0.0,0.0,0.0,0.0
86.0,1.5,651.0,4.0,1,226.0,0.0,0.0,0.0
378.0,5.0,640.0,4.0,1,408.0,0.0,0.0,0.0
891.5,16.0,1060.0,5.0,1,1495.0,0.0,0.0,0.0
287.25,6.0,593.0,4.0,1,305.0,0.0,0.0,0.0
319.5,4.0,446.0,4.0,1,76.0,0.0,0.0,0.0
398.5,12.0,658.0,4.0,1,869.0,0.0,0.0,0.0
224.75,3.5,1299.0,4.0,1,224.0,0.0,0.0,0.0
350.25,5.0,131.0,4.0,1,189.0,12.0,1.0,0.0
117.0,2.0,111.0,4.0,1,411.0,0.0,0.0,0.0
619.0,15.5,474.0,4.0,1,1052.0,0.0,0.0,0.0
575.0,11.0,37.0,4.0,1,1268.0,0.0,0.0,0.0
314.0,4.0,204.0,4.0,1,491.0,0.0,0.0,0.0
198.0,4.0,697.0,4.0,1,141.0,12.5,2.0,0.0
33.5,3.0,865.0,4.0,1,1167.0,0.0,0.0,0.0
637.0,5.0,450.0,4.0,1,785.0,0.0,0.0,0.0
370.5,4.5,251.0,4.0,1,618.0,0.0,0.0,0.0
769.5,4.5,1881.0,4.0,1,2483.0,0.0,0.0,0.0
107.0,1.0,548.0,4.0,1,553.0,6.0,0.0,0.0
63.5,1.0,907.0,4.0,1,212.0,0.0,0.0,0.0
212.5,6.0,1004.0,4.0,1,677.0,0.0,0.0,0.0
1212.5,25.0,1614.0,5.0,1,430.0,0.0,0.0,0.0
851.0,11.0,1829.0,4.0,1,2136.0,0.0,0.0,0.0
349.0,3.5,555.0,4.0,1,553.0,0.0,0.0,0.0
438.0,5.0,414.0,4.0,1,27.0,0.0,0.0,0.0
390.5,6.0,122.0,2.0,1,139.0,0.0,0.0,0.0
884.0,14.0,1883.0,4.0,1,2278.0,0.0,0.0,0.0
52.0,6.5,1188.0,4.0,1,400.0,0.0,0.0,0.0
453.0,10.25,255.0,4.0,1,286.0,0.0,0.0,0.0
456.0,3.0,162.0,4.0,1,342.0,0.0,0.0,0.0
280.0,5.5,1092.0,4.0,1,71.0,0.0,0.0,0.0
630.0,6.0,631.0,4.0,1,199.0,0.0,0.0,0.0
832.0,9.0,1382.0,5.0,1,1558.0,0.0,0.0,0.0
398.0,5.5,167.0,4.0,1,150.0,0.0,0.0,0.0
544.75,5.0,346.0,4.0,1,367.0,0.0,0.0,0.0
1003.5,11.0,951.0,4.0,1,2162.0,0.0,0.0,0.0
755.0,21.0,666.0,5.0,1,723.0,0.0,0.0,0.0
263.0,4.0,976.0,4.0,1,83.0,0.0,0.0,0.0
224.0,3.5,273.0,4.0,1,184.0,6.0,0.0,0.0
11.0,2.0,147.0,4.5,0,155.0,0.0,0.0,0.0
404.0,10.0,737.0,4.0,1,968.0,0.0,0.0,0.0
819.0,7.5,444.0,4.0,1,2682.0,0.0,0.0,0.0
2.5,1.0,408.0,0.0,1,760.0,0.0,0.0,0.0
1151.0,9.0,240.0,4.0,1,1993.0,0.0,0.0,0.0
999.0,9.0,1124.0,4.0,1,1725.0,0.0,0.0,0.0
600.5,5.5,590.0,4.0,1,790.0,0.0,0.0,0.0
419.75,5.0,172.0,4.0,1,250.0,0.0,0.0,0.0
345.0,3.0,174.0,4.0,1,1287.0,0.0,0.0,0.0
539.0,5.0,291.0,4.0,1,1814.0,0.0,0.0,0.0
265.0,5.0,191.0,4.0,1,360.0,0.0,0.0,0.0
40.0,4.0,601.0,4.0,1,1332.0,0.0,0.0,0.0
394.5,5.0,448.0,4.0,1,544.0,0.0,0.0,0.0
604.5,2.0,1416.0,4.0,1,2379.0,0.0,0.0,0.0
2.0,13.0,338.0,4.0,1,1278.0,0.0,0.0,0.0
208.0,5.5,43.0,4.0,1,50.0,0.0,0.0,0.0
37.0,3.0,334.0,4.0,1,100.0,0.0,0.0,0.0
15.0,1.0,526.0,4.0,1,237.0,0.0,0.0,0.0
526.0,2.5,436.0,4.0,1,1782.0,0.0,0.0,0.0
99.0,3.0,549.0,4.0,1,462.0,0.0,0.0,0.0
303.5,3.5,385.0,4.0,1,0.0,10.5,0.0,0.0
1257.5,8.5,1096.0,4.0,1,1097.0,0.0,0.0,0.0
900.0,10.0,1531.0,5.0,1,1585.0,0.0,0.0,0.0
199.0,5.5,337.0,4.0,1,601.0,0.0,0.0,0.0
285.5,5.0,606.0,4.0,1,124.0,0.0,0.0,0.0
462.0,7.0,343.0,4.0,1,465.0,0.0,0.0,0.0
49.0,2.0,1234.0,4.0,0,414.0,25.5,2.0,0.0
6.0,3.0,716.0,4.0,1,324.0,17.0,1.0,0.0
378.0,9.0,173.0,4.0,1,622.0,0.0,0.0,0.0
26.0,0.0,954.0,4.0,0,815.0,0.0,0.0,0.0
41.0,1.0,742.0,4.0,0,686.0,0.0,0.0,0.0
548.0,21.5,644.0,5.0,1,1615.0,0.0,0.0,0.0
508.0,6.5,599.0,4.0,1,346.0,0.0,0.0,0.0
93.0,4.0,349.0,4.0,1,97.0,0.0,0.0,0.0
32.0,2.0,605.0,4.5,1,470.0,19.0,1.0,0.0
131.5,3.5,513.0,4.0,1,158.0,0.0,0.0,0.0
145.0,1.0,188.0,4.0,1,343.0,0.0,0.0,0.0
224.0,5.5,298.0,4.0,1,543.0,0.0,0.0,0.0
572.0,7.5,533.0,4.0,1,562.0,0.0,0.0,0.0
829.0,2.0,511.0,5.0,1,2297.0,0.0,0.0,0.0
924.0,10.0,1467.0,4.0,1,2016.0,0.0,0.0,0.0
183.5,2.0,125.0,2.0,1,0.0,0.0,0.0,0.0
423.0,4.5,369.0,4.0,1,1375.0,0.0,0.0,0.0
27.0,1.0,836.0,4.0,1,921.0,4.5,0.0,0.0
199.0,7.0,311.0,2.0,1,14.0,0.0,0.0,0.0
1004.3333333333334,9.0,1494.0,4.0,1,795.0,0.0,0.0,0.0
656.0,6.0,140.0,4.0,1,1093.0,0.0,0.0,0.0
91.0,1.0,876.0,4.0,0,466.0,16.8,1.0,0.0
95.5,1.0,538.0,4.0,1,132.0,0.0,0.0,0.0
644.0,5.5,649.0,4.0,1,942.0,0.0,0.0,0.0
1195.0,8.0,1212.0,4.0,1,2928.0,0.0,0.0,0.0
544.0,4.0,116.0,4.0,1,466.0,0.0,0.0,0.0
112.0,2.0,279.0,4.0,1,842.0,0.0,0.0,0.0
146.0,1.0,399.0,4.0,1,209.0,0.0,0.0,0.0
479.5,14.0,300.0,2.0,1,78.0,0.0,0.0,0.0
32.5,1.0,394.0,2.0,0,53.0,0.0,0.0,0.0
818.75,11.5,1986.0,4.5,1,2394.0,0.0,0.0,0.0
601.0,4.0,1126.0,4.0,1,2108.0,0.0,0.0,0.0
343.0,6.0,560.0,4.0,1,739.0,0.0,0.0,0.0
577.0,8.0,755.0,4.0,1,49.0,0.0,0.0,0.0
259.5,4.5,573.0,4.0,1,91.0,0.0,0.0,0.0
402.5,5.0,433.0,4.0,1,1299.0,0.0,0.0,0.0
382.0,4.5,402.0,4.0,1,70.0,0.0,0.0,0.0
426.0,10.0,183.0,4.0,1,575.0,0.0,0.0,0.0
24.5,1.0,837.0,4.0,0,961.0,0.0,0.0,0.0
499.0,4.0,312.0,4.0,1,457.0,0.0,0.0,0.0
27.0,3.0,372.0,4.0,1,104.0,0.0,0.0,0.0
31.0,10.0,577.0,4.0,1,315.0,7.0,3.0,0.0
111.0,2.5,240.0,4.0,1,314.0,0.0,0.0,0.0
712.0,13.0,1134.0,4.0,1,893.0,0.0,0.0,0.0
123.5,3.0,509.0,4.5,1,229.0,0.0,0.0,0.0
331.0,5.0,183.0,4.0,1,73.0,0.0,0.0,0.0
25.5,3.0,387.0,4.0,1,168.0,0.0,0.0,0.0
148.0,1.5,502.0,4.0,1,329.0,0.0,0.0,0.0
531.0,6.0,193.0,4.0,1,184.0,0.0,0.0,0.0
145.0,3.0,257.0,4.0,1,480.0,0.0,0.0,0.0
46.0,4.0,225.0,4.0,1,101.0,0.0,0.0,0.0
582.0,6.0,375.0,2.0,1,870.0,0.0,0.0,0.0
248.0,3.0,424.0,2.0,1,14.0,0.0,0.0,0.0
145.0,5.0,713.0,2.0,1,35.0,0.0,0.0,0.0
603.0,5.5,732.0,4.0,1,1003.0,0.0,0.0,0.0
341.0,4.0,648.0,4.0,1,752.0,0.0,0.0,0.0
16.0,2.0,638.0,4.5,1,452.0,0.0,0.0,0.0
129.66666666666666,3.0,864.0,4.0,1,301.0,0.0,0.0,0.0
623.0,3.5,605.0,4.0,1,800.0,0.0,0.0,0.0
207.0,3.5,359.0,4.0,1,73.0,0.0,0.0,0.0
576.0,11.0,670.0,4.5,1,1151.0,0.0,0.0,0.0
276.5,2.0,212.0,4.0,1,349.0,0.0,0.0,0.0
299.0,3.0,428.0,4.0,1,258.0,0.0,0.0,0.0
619.5,4.0,1257.0,4.0,1,2247.0,0.0,0.0,0.0
246.0,3.0,831.0,4.0,1,109.0,0.0,0.0,0.0
203.0,4.0,401.0,4.0,1,322.0,0.0,0.0,0.0
713.0,7.5,1253.0,4.0,1,2012.0,0.0,0.0,0.0
1201.5,8.0,342.0,4.0,1,2193.0,0.0,0.0,0.0
169.0,2.5,219.0,4.0,0,153.0,0.0,0.0,0.0
374.0,5.5,361.0,4.0,1,522.0,0.0,0.0,0.0
348.0,3.0,223.0,2.0,1,57.0,0.0,0.0,0.0
179.5,2.5,43.0,4.0,1,295.0,0.0,0.0,0.0
742.0,12.5,1251.0,4.0,1,1052.0,0.0,0.0,0.0
466.0,7.0,396.0,4.0,1,201.0,0.0,0.0,0.0
1153.0,25.0,1032.0,4.0,1,34.0,0.0,0.0,0.0
424.5,5.5,445.0,0.0,1,260.0,0.0,0.0,0.0
443.0,4.0,261.0,4.0,1,498.0,0.0,0.0,0.0
119.5,2.0,310.0,4.0,1,380.0,0.0,0.0,0.0
88.0,2.5,699.0,4.0,1,179.0,0.0,0.0,0.0
636.5,7.0,876.0,4.0,1,685.0,0.0,0.0,0.0
32.0,2.0,566.0,4.0,0,555.0,0.0,0.0,0.0
20.0,1.0,594.0,4.0,1,723.0,0.0,0.0,0.0
250.0,2.0,734.0,4.0,1,462.0,0.0,0.0,0.0
447.0,8.0,336.0,4.0,1,133.0,0.0,0.0,0.0
104.0,1.0,347.0,2.0,1,48.0,9.0,2.0,0.0
670.5,8.0,867.0,4.0,1,199.0,0.0,0.0,0.0
419.0,7.0,31.0,4.0,1,1330.0,0.0,0.0,0.0
62.0,2.5,716.0,4.0,0,829.0,9.8,2.0,0.0
887.0,4.5,834.0,4.0,1,414.0,0.0,0.0,0.0
279.0,5.0,573.0,4.0,1,99.0,0.0,0.0,0.0
111.75,8.5,837.0,4.0,1,539.0,0.0,0.0,0.0
604.0,6.0,362.0,2.0,1,523.0,0.0,0.0,0.0
374.0,11.0,166.0,4.0,1,1267.0,0.0,0.0,0.0
36.5,3.333333333333333,710.0,4.0,1,110.0,0.0,0.0,0.0
284.5,5.0,180.0,4.0,1,1081.0,0.0,0.0,0.0
780.0,4.0,1073.0,4.0,1,2251.0,0.0,0.0,0.0
247.0,2.5,408.0,4.0,1,273.0,0.0,0.0,0.0
36.0,2.0,372.0,4.0,1,269.0,0.0,0.0,0.0
140.0,3.0,681.0,4.0,1,288.0,0.0,0.0,0.0
380.0,7.0,110.0,4.0,1,211.0,0.0,0.0,0.0
414.5,6.0,359.0,4.0,1,232.0,0.0,0.0,0.0
797.0,12.0,1416.0,5.0,1,1613.0,0.0,0.0,0.0
63.0,3.0,850.0,4.0,0,609.0,8.0,4.0,0.0
102.0,3.0,153.0,4.0,0,44.0,1.5,1.0,0.0
726.0,22.0,609.0,5.0,1,834.0,0.0,0.0,0.0
71.33333333333333,5.5,1123.0,4.0,1,448.0,0.0,0.0,0.0
279.0,3.0,385.0,4.0,1,317.0,0.0,0.0,0.0
40.0,2.0,340.0,2.0,1,9.0,0.0,0.0,0.0
489.0,8.0,66.0,4.0,1,402.0,0.0,0.0,0.0
789.0,18.5,739.0,5.0,1,814.0,0.0,0.0,0.0
342.0,5.0,216.0,4.0,1,1302.0,0.0,0.0,0.0
338.0,4.5,267.0,4.0,1,159.0,0.0,0.0,0.0
407.0,7.0,362.0,4.5,1,152.0,0.0,0.0,0.0
86.0,1.5,273.0,4.0,1,160.0,0.0,0.0,0.0
1258.0,9.0,838.0,4.0,1,2451.0,0.0,0.0,0.0
267.5,2.0,42.0,4.0,1,413.0,0.0,0.0,0.0
424.25,5.5,593.0,3.5,1,112.0,0.0,0.0,0.0
2.0,2.0,540.0,0.0,0,368.0,0.0,0.0,0.0
57.0,2.0,815.0,2.0,1,33.0,0.0,0.0,0.0
471.0,5.0,411.0,4.0,1,1125.0,0.0,0.0,0.0
446.0,3.5,125.0,4.0,1,1212.0,0.0,0.0,0.0
372.5,3.0,652.0,4.0,1,702.0,0.0,0.0,0.0
525.0,6.0,476.0,4.0,1,297.0,0.0,0.0,0.0
1385.0,14.0,1818.0,4.0,1,500.0,0.0,0.0,0.0
304.0,7.0,138.0,4.0,1,513.0,0.0,0.0,0.0
97.5,2.0,305.0,2.0,0,68.0,11.0,1.0,0.0
181.75,9.0,511.0,4.0,1,127.0,0.0,0.0,0.0
51.0,2.0,436.0,4.0,1,336.0,11.0,0.0,0.0
2.5,0.0,552.0,0.0,0,512.0,0.0,0.0,0.0
557.5,5.0,81.0,0.0,1,297.0,0.0,0.0,0.0
25.5,1.0,252.0,4.0,0,259.0,0.0,0.0,0.0
225.0,4.5,254.0,4.0,1,424.0,0.0,0.0,0.0
66.5,2.0,468.0,4.0,1,375.0,0.0,0.0,0.0
196.5,6.0,283.0,4.0,1,3.0,16.0,0.0,0.0
246.0,2.0,778.0,4.0,1,586.0,0.0,0.0,0.0
9.0,3.0,563.0,3.5,1,527.0,0.0,0.0,0.0
105.0,2.0,612.0,4.0,1,400.0,0.0,0.0,0.0
797.0,13.5,1631.0,4.0,1,1607.0,0.0,0.0,0.0
252.25,2.0,671.0,4.0,1,497.0,0.0,0.0,0.0
618.0,4.0,522.0,4.0,1,433.0,0.0,0.0,0.0
403.5,4.5,203.0,4.0,1,266.0,0.0,0.0,0.0
105.0,4.0,703.0,4.0,1,239.0,0.0,0.0,0.0
339.0,4.0,355.0,4.0,1,205.0,0.0,0.0,0.0
5.0,1.0,1155.0,4.0,1,351.0,9.0,2.0,0.0
49.0,2.0,353.0,0.0,1,20.0,2.0,1.0,0.0
48.0,2.0,574.0,4.0,1,442.0,0.0,0.0,0.0
666.0,10.5,589.0,4.0,1,1580.0,0.0,0.0,0.0
1502.0,18.0,1001.0,4.0,1,1770.0,0.0,0.0,0.0
354.0,4.5,321.0,4.0,1,422.0,0.0,0.0,0.0
419.0,2.5,443.0,4.0,1,264.0,0.0,0.0,0.0
459.0,4.0,325.0,4.0,1,469.0,0.0,0.0,0.0
653.5,11.0,1267.0,4.0,1,1323.0,0.0,0.0,0.0
365.5,6.5,275.0,2.0,1,25.0,0.0,0.0,0.0
249.0,5.0,1182.0,4.0,1,731.0,0.0,0.0,0.0
291.0,4.0,730.0,4.0,1,285.0,0.0,0.0,0.0
568.0,9.0,500.0,4.0,1,1034.0,0.0,0.0,0.0
71.5,13.0,350.0,4.0,1,585.0,0.0,0.0,0.0
65.5,2.5,1212.0,4.0,1,138.0,0.0,0.0,0.0
56.0,2.5,165.0,4.0,1,522.0,0.0,0.0,0.0
1057.0,10.0,1094.0,4.0,1,1134.0,0.0,0.0,0.0
75.5,2.0,115.0,4.0,0,301.0,15.5,2.0,0.0
1354.25,9.5,1294.0,5.0,1,2063.0,0.0,0.0,0.0
78.25,2.0,1074.0,4.0,0,240.0,0.0,0.0,0.0
323.5,5.5,556.0,4.0,1,97.0,0.0,0.0,0.0
394.0,5.0,787.0,4.0,1,847.0,0.0,0.0,0.0
24.0,1.0,837.0,4.0,0,1017.0,0.0,0.0,0.0
686.5,7.0,414.0,4.0,1,607.0,0.0,0.0,0.0
1274.5,24.0,1350.0,5.0,1,178.0,0.0,0.0,0.0
120.0,4.5,582.0,4.0,1,290.0,0.0,0.0,0.0
629.0,5.0,261.0,4.0,1,445.0,0.0,0.0,0.0
1022.0,12.0,1576.0,4.0,1,1760.0,0.0,0.0,0.0
620.0,5.0,1314.0,4.0,1,2308.0,0.0,0.0,0.0
51.0,4.0,434.0,4.0,1,655.0,0.0,0.0,0.0
73.0,2.0,1015.0,4.0,0,97.0,0.0,0.0,0.0
703.0,5.5,497.0,4.0,1,1514.0,0.0,0.0,0.0
861.5,19.0,1751.0,4.0,1,79.0,0.0,0.0,0.0
992.5,17.0,1961.0,4.0,1,842.0,0.0,0.0,0.0
702.0,7.0,995.0,2.0,1,1100.0,0.0,0.0,0.0
1334.0,12.0,1237.0,4.0,1,1652.0,0.0,0.0,0.0
1088.5,26.5,2352.0,4.0,1,822.0,0.0,0.0,0.0
5.0,1.0,547.0,4.0,0,256.0,30.0,0.0,0.0
291.0,6.5,989.0,4.0,1,129.0,0.0,0.0,0.0
128.66666666666666,2.0,893.0,4.0,1,401.0,0.0,0.0,0.0
242.5,4.0,987.0,4.0,1,198.0,0.0,0.0,0.0
163.0,3.0,330.0,4.0,1,545.0,0.0,0.0,0.0
138.0,2.0,393.0,4.0,1,462.0,0.0,0.0,0.0
77.0,0.5,622.0,4.0,1,670.0,13.5,0.0,0.0
366.0,15.0,430.0,4.0,1,760.0,0.0,0.0,0.0
85.25,3.0,155.0,4.0,1,446.0,0.0,0.0,0.0
1103.0,26.0,770.0,4.0,1,115.0,0.0,0.0,0.0
55.25,3.0,335.0,4.0,0,866.0,19.25,2.0,0.0
609.0,7.0,392.0,4.0,1,1072.0,0.0,0.0,0.0
802.0,6.0,1493.0,4.0,1,183.0,0.0,0.0,0.0
861.0,19.5,811.0,5.0,1,995.0,0.0,0.0,0.0
48.0,2.5,239.0,4.0,1,506.0,0.0,0.0,0.0
217.0,4.0,1316.0,4.0,1,619.0,0.0,0.0,0.0
555.5,5.5,503.0,4.0,1,652.0,0.0,0.0,0.0
503.5,8.0,516.0,4.0,1,133.0,0.0,0.0,0.0
116.0,2.5,594.0,4.0,1,668.0,30.0,0.0,0.0
617.0,8.0,677.0,4.0,1,1170.0,0.0,0.0,0.0
1224.0,7.0,824.0,4.0,1,2556.0,0.0,0.0,0.0
326.5,5.0,433.0,4.0,1,198.0,0.0,0.0,0.0
51.0,2.5,836.0,4.0,1,100.0,0.0,0.0,0.0
26.0,0.0,969.0,4.0,0,1061.0,0.0,0.0,0.0
364.0,5.0,517.0,4.0,0,91.0,0.0,0.0,0.0
408.25,5.0,194.0,4.0,1,1064.0,0.0,0.0,0.0
534.0,5.0,104.0,4.0,1,475.0,0.0,0.0,0.0
1098.5,31.0,242.0,5.0,1,515.0,0.0,0.0,0.0
1019.0,18.0,2203.0,5.0,1,190.0,0.0,0.0,0.0
35.5,1.5,760.0,4.0,1,644.0,14.0,1.0,0.0
383.0,7.0,358.0,4.0,1,1060.0,0.0,0.0,0.0
581.0,2.5,1186.0,4.0,1,2534.0,0.0,0.0,0.0
88.0,20.75,276.0,4.0,1,340.0,0.0,0.0,0.0
518.0,4.0,280.0,4.0,1,467.0,0.0,0.0,0.0
387.0,5.0,258.0,4.0,1,289.0,0.0,0.0,0.0
536.0,4.0,623.0,4.0,1,597.0,0.0,0.0,0.0
788.0,4.0,1551.0,4.0,1,2528.0,0.0,0.0,0.0
122.0,2.0,294.0,4.0,1,103.0,0.0,0.0,0.0
1113.0,6.0,1342.0,4.0,1,3209.0,0.0,0.0,0.0
204.0,3.0,267.0,4.0,1,96.0,12.333333333333334,1.0,0.0
1033.5,11.0,922.0,4.5,1,1538.0,0.0,0.0,0.0
352.5,5.0,289.0,4.0,1,1216.0,0.0,0.0,0.0
1243.5,29.0,764.0,4.0,1,511.0,0.0,0.0,0.0
243.5,5.0,556.0,4.0,1,496.0,0.0,0.0,0.0
106.0,1.0,636.0,4.0,0,391.0,15.0,2.0,0.0
255.0,2.5,549.0,4.0,1,77.0,18.0,1.0,0.0
250.0,3.0,585.0,4.0,1,96.0,0.0,0.0,0.0
538.0,6.5,257.0,4.0,1,57.0,0.0,0.0,0.0
461.5,5.0,157.0,4.0,1,809.0,0.0,0.0,0.0
329.0,5.0,155.0,4.0,1,69.0,0.0,0.0,0.0
1141.25,11.0,2487.0,4.0,1,1402.0,0.0,0.0,0.0
45.5,1.0,368.0,4.0,1,123.0,0.0,0.0,0.0
109.5,2.0,601.0,4.0,1,25.0,0.0,0.0,0.0
1250.25,33.5,1280.0,4.0,1,125.0,0.0,0.0,0.0
363.0,3.5,475.0,2.0,1,41.0,0.0,0.0,0.0
113.0,5.0,417.0,4.0,1,27.0,0.0,0.0,0.0
925.5,14.0,1531.0,4.0,1,2599.0,0.0,0.0,0.0
24.0,1.0,850.0,4.0,0,235.0,0.0,0.0,0.0
489.5,6.0,316.0,4.0,1,177.0,0.0,0.0,0.0
1010.5,10.5,2092.0,4.0,1,3833.0,0.0,0.0,0.0
675.0,10.0,1239.0,4.0,1,1245.0,0.0,0.0,0.0
987.0,8.0,126.0,4.0,1,209.0,0.0,0.0,0.0
409.0,6.5,511.0,4.0,1,881.0,0.0,0.0,0.0
237.75,8.0,854.0,4.0,1,1012.0,0.0,0.0,0.0
146.5,6.0,581.0,4.0,1,439.0,0.0,0.0,0.0
887.0,10.0,1710.0,4.0,1,1359.0,0.0,0.0,0.0
554.0,7.5,423.0,4.5,1,1086.0,0.0,0.0,0.0
1103.0,6.0,963.0,4.0,1,2772.0,0.0,0.0,0.0
120.66666666666669,2.0,602.0,2.0,1,15.0,0.0,0.0,0.0
55.0,2.0,605.0,4.0,0,883.0,16.0,1.0,0.0
34.0,1.0,731.0,4.0,1,273.0,11.0,0.0,0.0
180.0,3.5,843.0,4.0,1,568.0,0.0,0.0,0.0
34.0,1.0,765.0,4.0,0,965.0,31.0,0.0,0.0
655.0,6.0,815.0,4.0,1,1442.0,0.0,0.0,0.0
251.0,1.0,807.0,4.0,1,344.0,0.0,0.0,0.0
51.75,1.0,450.0,4.0,1,237.0,0.0,0.0,0.0
92.0,2.5,655.0,4.0,1,317.0,14.0,1.0,0.0
933.0,7.5,620.0,4.0,1,153.0,0.0,0.0,0.0
953.0,13.0,440.0,4.0,1,857.0,0.0,0.0,0.0
381.0,6.0,482.0,4.0,1,553.0,0.0,0.0,0.0
711.0,12.0,1169.0,4.0,1,1348.0,0.0,0.0,0.0
25.0,1.5,853.0,4.0,1,17.0,15.5,0.0,0.0
280.0,3.0,145.0,4.0,1,147.0,0.0,0.0,0.0
1164.0,7.0,741.0,4.0,1,2609.0,0.0,0.0,0.0
494.0,16.5,665.0,4.0,1,1178.0,0.0,0.0,0.0
629.5,5.0,322.0,4.0,1,294.0,0.0,0.0,0.0
327.0,6.0,464.0,4.0,1,719.0,0.0,0.0,0.0
579.5,21.0,166.0,5.0,1,1680.0,0.0,0.0,0.0
1312.0,12.0,2111.0,4.0,1,1007.0,0.0,0.0,0.0
107.5,2.0,322.0,4.0,1,21.0,0.0,0.0,0.0
512.0,5.666666666666667,252.0,4.0,1,253.0,0.0,0.0,0.0
51.5,2.0,386.0,4.0,1,483.0,0.0,0.0,0.0
729.0,5.5,1000.0,5.0,1,1485.0,0.0,0.0,0.0
386.0,5.5,542.0,4.0,1,612.0,0.0,0.0,0.0
907.25,12.25,2108.0,4.0,1,3496.0,0.0,0.0,0.0
107.5,3.0,145.0,4.0,1,319.0,29.5,0.0,0.0
156.0,1.0,362.0,4.0,1,410.0,0.0,0.0,0.0
44.0,3.0,446.0,4.0,0,648.0,3.5,0.0,0.0
393.0,3.0,136.0,4.0,1,416.0,0.0,0.0,0.0
1515.25,14.0,1148.0,5.0,1,0.0,0.0,0.0,0.0
386.0,5.5,159.0,4.0,1,203.0,0.0,0.0,0.0
410.0,1.0,797.0,4.0,1,541.0,0.0,0.0,0.0
38.5,3.0,998.0,4.0,1,545.0,18.33333333333333,4.0,0.0
223.0,5.5,458.0,4.0,1,560.0,0.0,0.0,0.0
175.0,4.0,988.0,4.0,1,148.0,0.0,0.0,0.0
628.5,5.0,636.0,4.0,1,341.0,0.0,0.0,0.0
221.0,2.5,303.0,2.0,1,14.0,0.0,0.0,0.0
462.0,6.0,755.0,4.0,1,843.0,0.0,0.0,0.0
404.5,4.5,286.0,4.0,1,977.0,0.0,0.0,0.0
470.0,5.0,483.0,4.0,1,381.0,0.0,0.0,0.0
641.0,5.0,195.0,4.0,1,866.0,0.0,0.0,0.0
434.0,5.0,463.0,4.0,1,299.0,0.0,0.0,0.0
339.5,2.5,156.0,4.0,1,1204.0,0.0,0.0,0.0
139.0,1.0,354.0,4.0,1,199.0,0.0,0.0,0.0
102.0,2.5,413.0,4.0,1,87.0,0.0,0.0,0.0
65.0,1.0,200.0,4.5,1,867.0,0.0,0.0,0.0
24.5,1.0,410.0,4.0,1,193.0,0.0,0.0,0.0
460.0,4.5,126.0,4.0,1,583.0,0.0,0.0,0.0
483.0,16.75,340.0,4.0,1,140.0,0.0,0.0,0.0
66.5,2.0,699.0,4.5,1,780.0,0.0,0.0,0.0
487.0,3.0,199.0,4.0,1,467.0,0.0,0.0,0.0
429.0,5.5,498.0,4.0,1,212.0,0.0,0.0,0.0
194.5,4.0,634.0,4.0,1,154.0,0.0,0.0,0.0
582.5,2.5,1125.0,4.0,1,2452.0,0.0,0.0,0.0
153.5,3.5,923.0,4.0,1,556.0,10.8,3.0,0.0
1151.0,7.25,1084.0,4.0,1,2946.0,0.0,0.0,0.0
262.0,8.0,36.0,4.0,1,737.0,0.0,0.0,0.0
343.5,6.0,250.0,4.0,1,265.0,0.0,0.0,0.0
648.5,5.0,677.0,4.0,1,980.0,0.0,0.0,0.0
369.0,13.0,509.0,4.0,1,82.0,0.0,0.0,0.0
581.25,6.0,99.0,4.0,1,1144.0,0.0,0.0,0.0
419.0,3.0,636.0,4.0,1,291.0,0.0,0.0,0.0
432.5,21.0,611.0,4.0,1,116.0,0.0,0.0,0.0
28.5,1.0,859.0,4.0,0,364.0,10.0,1.0,0.0
385.0,3.5,676.0,4.0,1,698.0,0.0,0.0,0.0
532.5,4.0,585.0,2.0,1,340.0,0.0,0.0,0.0
900.0,18.0,1743.0,4.0,1,1228.0,0.0,0.0,0.0
219.5,5.0,600.0,4.0,1,497.0,0.0,0.0,0.0
28.0,3.0,775.0,4.0,1,285.0,17.5,1.0,0.0
186.0,3.0,545.0,4.0,1,170.0,0.0,0.0,0.0
856.0,24.5,867.0,5.0,1,1314.0,0.0,0.0,0.0
153.0,1.0,399.0,4.0,1,330.0,0.0,0.0,0.0
208.0,4.0,311.0,4.0,1,556.0,15.5,1.0,0.0
154.0,1.0,251.0,4.0,1,51.0,0.0,0.0,0.0
178.0,4.0,975.0,4.0,1,613.0,0.0,0.0,0.0
1024.0,10.0,1262.0,4.0,1,2798.0,0.0,0.0,0.0
1073.0,14.25,2116.0,5.0,1,865.0,0.0,0.0,0.0
26.5,2.5,602.0,4.0,1,225.0,0.0,0.0,0.0
283.5,5.0,525.0,4.0,1,498.0,0.0,0.0,0.0
58.0,2.0,181.0,4.0,1,1095.0,19.33333333333333,1.0,0.0
94.5,2.5,775.0,2.0,1,0.0,7.0,0.0,0.0
343.0,7.0,726.0,4.0,1,693.0,0.0,0.0,0.0
247.0,4.0,74.0,4.0,1,177.0,0.0,0.0,0.0
1304.0,6.0,1395.0,2.5,1,445.0,0.0,0.0,0.0
41.5,2.0,74.0,4.0,1,59.0,0.0,0.0,0.0
411.0,2.5,483.0,4.0,1,8.0,0.0,0.0,0.0
45.5,2.0,328.0,4.0,1,289.0,0.0,0.0,0.0
1157.0,9.0,322.0,4.0,1,1527.0,0.0,0.0,0.0
170.5,3.5,326.0,4.0,1,60.0,0.0,0.0,0.0
43.0,0.0,367.0,5.0,1,385.0,0.0,0.0,0.0
575.0,1.0,1373.0,4.0,1,2843.0,0.0,0.0,0.0
28.5,2.0,893.0,4.5,1,715.0,15.5,1.0,0.0
71.5,2.5,747.0,4.0,0,777.0,15.0,1.0,0.0
63.0,2.0,990.0,4.0,0,86.0,0.0,0.0,0.0
556.5,6.0,1271.0,4.0,1,2633.0,0.0,0.0,0.0
180.0,1.0,112.0,4.0,0,47.0,0.0,0.0,0.0
919.0,15.0,601.0,4.5,1,777.0,0.0,0.0,0.0
3.0,3.0,578.0,0.0,1,387.0,0.0,0.0,0.0
86.5,1.0,1348.0,4.0,1,71.0,0.0,0.0,0.0
36.0,1.5,749.0,4.0,1,364.0,0.0,0.0,0.0
81.0,1.0,539.0,4.0,1,218.0,0.0,0.0,0.0
1363.0,9.5,1352.0,5.0,1,2114.0,0.0,0.0,0.0
114.0,1.0,441.0,4.0,1,354.0,0.0,0.0,0.0
636.0,6.0,929.0,4.0,1,1102.0,0.0,0.0,0.0
566.0,4.0,350.0,5.0,1,1612.0,0.0,0.0,0.0
127.0,2.0,100.0,4.0,1,19.0,20.0,0.0,0.0
29.5,5.0,137.0,4.0,1,1116.0,0.0,0.0,0.0
847.5,12.5,2006.0,4.0,1,874.0,0.0,0.0,0.0
211.5,6.0,804.0,4.0,1,310.0,0.0,0.0,0.0
182.0,3.0,670.0,4.0,1,290.0,0.0,0.0,0.0
160.5,1.0,913.0,4.0,0,177.0,0.0,0.0,0.0
122.5,4.0,107.0,4.0,1,555.0,0.0,0.0,0.0
1019.0,7.0,1400.0,4.0,1,2943.0,0.0,0.0,0.0
83.0,2.0,980.0,4.0,0,231.0,20.5,2.0,0.0
930.0,12.5,1744.0,4.0,1,3045.0,0.0,0.0,0.0
102.66666666666669,3.0,203.0,4.0,1,221.0,17.5,2.0,0.0
660.25,9.0,1027.0,4.0,1,741.0,0.0,0.0,0.0
306.75,6.0,855.0,4.0,1,556.0,0.0,0.0,0.0
57.0,2.0,422.0,4.0,1,518.0,0.0,0.0,0.0
471.5,6.0,99.0,4.0,1,353.0,0.0,0.0,0.0
34.5,1.0,764.0,4.0,0,1024.0,0.0,0.0,0.0
190.0,3.5,632.0,4.0,1,225.0,0.0,0.0,0.0
173.0,3.0,766.0,4.0,1,16.0,0.0,0.0,0.0
467.0,22.0,639.0,4.0,1,215.0,0.0,0.0,0.0
973.0,8.5,2149.0,4.0,1,4092.0,0.0,0.0,0.0
848.0,14.0,1704.0,4.0,1,1427.0,0.0,0.0,0.0
149.0,2.5,445.0,4.0,1,0.0,0.0,0.0,0.0
26.5,2.0,474.0,3.0,1,78.0,0.0,0.0,0.0
716.0,6.0,339.0,4.0,1,485.0,0.0,0.0,0.0
99.0,1.0,831.0,4.0,0,1065.0,0.0,0.0,0.0
50.0,2.0,1199.0,4.0,0,431.0,21.571428571428573,2.0,0.0
230.0,4.0,580.0,4.0,1,37.0,0.0,0.0,0.0
346.0,4.5,318.0,4.0,1,112.0,0.0,0.0,0.0
55.5,2.0,469.0,3.0,1,200.0,0.0,0.0,0.0
509.0,4.5,565.0,4.0,1,364.0,0.0,0.0,0.0
153.0,1.0,465.0,4.0,0,501.0,24.0,0.0,0.0
870.5,8.0,1782.0,4.0,1,2549.0,0.0,0.0,0.0
302.5,6.5,831.0,4.0,1,585.0,0.0,0.0,0.0
690.0,9.0,799.0,4.0,1,2204.0,0.0,0.0,0.0
42.0,3.0,307.0,4.0,1,237.0,0.0,0.0,0.0
962.0,15.0,1379.0,5.0,1,1188.0,0.0,0.0,0.0
707.0,10.5,1122.0,4.0,1,1870.0,0.0,0.0,0.0
906.5,7.5,1971.0,4.0,1,3656.0,0.0,0.0,0.0
27.5,2.5,387.0,4.0,0,467.0,10.833333333333334,2.0,0.0
289.0,2.5,160.0,4.0,1,52.0,0.0,0.0,0.0
408.0,4.5,547.0,2.0,1,289.0,0.0,0.0,0.0
176.0,6.0,811.0,4.0,1,645.0,0.0,0.0,0.0
212.3333333333333,11.5,618.0,4.0,1,536.0,0.0,0.0,0.0
537.0,4.0,165.0,4.0,1,419.0,0.0,0.0,0.0
702.3333333333334,4.5,201.0,4.0,1,275.0,0.0,0.0,0.0
230.5,8.0,939.0,4.0,1,641.0,0.0,0.0,0.0
593.0,5.666666666666667,761.0,4.0,1,399.0,0.0,0.0,0.0
525.0,7.0,590.0,4.0,1,128.0,0.0,0.0,0.0
192.0,3.5,1036.0,4.0,1,918.0,35.0,0.0,0.0
80.0,0.0,446.0,4.0,1,468.0,0.0,0.0,0.0
318.5,3.0,160.0,4.0,1,346.0,0.0,0.0,0.0
43.0,2.0,971.0,4.0,1,197.0,0.0,0.0,0.0
700.0,8.0,1106.0,4.0,1,1546.0,0.0,0.0,0.0
1186.6666666666667,13.0,2512.0,4.0,1,1183.0,0.0,0.0,0.0
412.5,2.0,533.0,4.0,1,30.0,0.0,0.0,0.0
321.5,6.0,686.0,4.0,1,576.0,0.0,0.0,0.0
886.0,6.0,748.0,4.0,1,560.0,0.0,0.0,0.0
47.0,1.5,561.0,4.0,1,310.0,0.0,0.0,0.0
268.0,5.0,332.0,4.0,1,235.0,0.0,0.0,0.0
408.0,3.5,268.0,4.0,1,111.0,0.0,0.0,0.0
681.0,5.0,394.0,4.0,1,319.0,0.0,0.0,0.0
348.0,3.5,130.0,4.0,1,28.0,0.0,0.0,0.0
45.0,1.0,464.0,4.0,1,226.0,0.0,0.0,0.0
79.5,1.5,1.0,4.0,1,62.0,0.0,0.0,0.0
592.0,3.6666666666666665,248.0,4.0,1,778.0,0.0,0.0,0.0
509.0,5.0,555.0,4.0,1,731.0,0.0,0.0,0.0
190.0,4.0,414.0,4.0,1,139.0,0.0,0.0,0.0
985.0,10.0,1652.0,4.0,1,3108.0,0.0,0.0,0.0
1170.5,7.5,1243.0,4.0,1,3015.0,0.0,0.0,0.0
484.25,10.0,397.0,4.0,1,490.0,0.0,0.0,0.0
112.0,3.0,505.0,4.0,1,339.0,0.0,0.0,0.0
292.0,1.5,279.0,4.0,1,259.0,0.0,0.0,0.0
53.0,1.0,466.0,4.0,1,163.0,0.0,0.0,0.0
815.0,6.0,1966.0,4.0,1,2863.0,0.0,0.0,0.0
1853.0,15.0,1267.0,2.5,1,311.0,0.0,0.0,0.0
485.0,10.0,348.0,5.0,1,1585.0,0.0,0.0,0.0
1145.0,7.5,377.0,4.0,1,1487.0,0.0,0.0,0.0
708.0,7.0,901.0,4.0,1,1516.0,0.0,0.0,0.0
733.0,7.0,412.0,4.0,1,509.0,0.0,0.0,0.0
659.0,14.0,568.0,4.0,1,1487.0,0.0,0.0,0.0
929.5,11.5,1433.0,4.0,1,1983.0,0.0,0.0,0.0
367.75,2.5,713.0,4.0,1,586.0,0.0,0.0,0.0
1191.0,9.5,1444.0,4.0,1,466.0,0.0,0.0,0.0
105.0,2.0,545.0,4.0,1,348.0,0.0,0.0,0.0
1346.0,24.0,1245.0,5.0,1,274.0,0.0,0.0,0.0
1036.5,19.75,2191.0,5.0,1,187.0,0.0,0.0,0.0
1311.0,28.5,1730.0,5.0,1,690.0,0.0,0.0,0.0
247.25,7.0,1000.0,4.0,1,335.0,20.0,1.0,0.0
955.3333333333334,12.5,1989.0,4.0,1,358.0,0.0,0.0,0.0
446.0,3.0,162.0,4.0,1,509.0,0.0,0.0,0.0
93.0,2.5,1048.0,4.0,1,157.0,0.0,0.0,0.0
19.0,2.0,434.0,4.0,1,94.0,14.666666666666666,3.0,0.0
507.5,5.0,623.0,4.0,1,157.0,0.0,0.0,0.0
16.5,3.0,349.0,4.0,1,844.0,0.0,0.0,0.0
202.5,11.0,572.0,4.0,1,363.0,0.0,0.0,0.0
327.0,9.0,757.0,4.0,1,573.0,0.0,0.0,0.0
112.0,1.5,145.0,4.0,1,800.0,0.0,0.0,0.0
30.0,2.5,596.0,4.0,1,386.0,19.8,2.0,0.0
0.0,1.0,650.0,0.0,1,629.0,0.0,0.0,0.0
1294.5,19.75,1001.0,5.0,1,90.0,0.0,0.0,0.0
284.0,4.5,480.0,4.0,1,71.0,0.0,0.0,0.0
1770.0,13.5,986.0,4.0,1,273.0,0.0,0.0,0.0
94.0,3.0,1037.0,4.0,0,42.0,15.0,2.0,0.0
586.25,5.5,227.0,4.0,1,100.0,0.0,0.0,0.0
431.5,7.5,419.0,4.0,1,324.0,0.0,0.0,0.0
33.0,1.0,76.0,4.0,1,10.0,0.0,0.0,0.0
783.0,11.5,1480.0,4.0,1,1735.0,0.0,0.0,0.0
179.5,3.0,14.0,4.0,1,283.0,0.0,0.0,0.0
1325.0,9.0,1225.0,4.0,1,1473.0,0.0,0.0,0.0
745.25,4.5,1346.0,4.0,1,202.0,0.0,0.0,0.0
427.5,3.0,336.0,4.0,1,1214.0,0.0,0.0,0.0
715.0,5.0,835.0,4.0,1,1576.0,0.0,0.0,0.0
144.0,3.0,365.0,4.0,1,50.0,0.0,0.0,0.0
194.66666666666663,3.0,731.0,4.0,1,121.0,0.0,0.0,0.0
192.75,3.0,434.0,4.0,1,148.0,0.0,0.0,0.0
158.0,1.0,808.0,4.0,1,238.0,0.0,0.0,0.0
401.0,3.0,451.0,4.0,1,849.0,0.0,0.0,0.0
674.0,6.0,905.0,4.0,1,205.0,0.0,0.0,0.0
512.5,5.0,251.0,4.0,1,408.0,0.0,0.0,0.0
755.0,20.0,636.0,5.0,1,710.0,0.0,0.0,0.0
640.5,10.0,907.0,0.0,1,1597.0,0.0,0.0,0.0
420.0,8.0,255.0,4.0,1,347.0,0.0,0.0,0.0
650.0,5.0,617.0,4.0,1,963.0,0.0,0.0,0.0
273.0,1.5,241.0,4.0,1,170.0,0.0,0.0,0.0
1.5,1.0,719.0,0.0,0,1173.0,0.0,0.0,0.0
352.5,10.0,591.0,4.0,1,641.0,0.0,0.0,0.0
28.0,1.5,645.0,4.0,1,586.0,0.0,0.0,0.0
100.0,1.0,574.0,4.0,1,198.0,33.0,0.0,0.0
33.0,1.0,1040.0,4.0,1,795.0,0.0,0.0,0.0
315.0,6.0,389.0,4.0,1,43.0,0.0,0.0,0.0
265.0,4.0,722.0,4.0,1,268.0,0.0,0.0,0.0
17.0,1.5,197.0,4.5,1,354.0,7.25,3.0,0.0
512.5,3.0,446.0,4.0,1,532.0,0.0,0.0,0.0
72.0,8.5,16.0,4.0,1,459.0,0.0,0.0,0.0
1398.0,11.0,662.0,4.0,1,369.0,0.0,0.0,0.0
58.0,3.5,212.0,4.0,1,4.0,0.0,0.0,0.0
671.0,11.0,404.0,4.0,1,1054.0,0.0,0.0,0.0
876.0,12.0,300.0,5.0,1,2890.0,0.0,0.0,0.0
219.0,3.0,265.0,4.0,1,145.0,12.5,2.0,0.0
373.0,5.333333333333333,744.0,4.0,1,713.0,0.0,0.0,0.0
699.5,9.0,1419.0,4.0,1,1422.0,0.0,0.0,0.0
89.0,2.0,568.0,4.0,1,535.0,23.5,0.0,0.0
295.5,2.0,278.0,4.0,1,416.0,0.0,0.0,0.0
886.0,7.0,1743.0,4.0,1,3510.0,0.0,0.0,0.0
40.5,2.0,1571.0,4.0,1,405.0,0.0,0.0,0.0
992.0,11.0,1963.0,4.0,1,3639.0,0.0,0.0,0.0
365.0,4.5,298.0,2.0,1,13.0,32.0,0.0,0.0
313.0,8.0,645.0,4.0,1,116.0,0.0,0.0,0.0
278.0,3.0,515.0,4.0,1,29.0,0.0,0.0,0.0
218.5,5.0,532.0,4.0,1,122.0,0.0,0.0,0.0
419.0,6.0,386.0,4.0,1,155.0,0.0,0.0,0.0
123.0,1.0,306.0,4.0,1,284.0,7.0,0.0,0.0
328.5,4.0,266.0,4.0,1,104.0,0.0,0.0,0.0
308.5,5.0,546.0,4.0,1,567.0,0.0,0.0,0.0
711.0,9.0,808.0,5.0,1,1464.0,0.0,0.0,0.0
90.5,2.0,391.0,4.0,1,431.0,20.0,1.0,0.0
1339.0,12.0,1226.0,4.0,1,1666.0,0.0,0.0,0.0
328.0,4.0,296.0,4.0,1,1280.0,0.0,0.0,0.0
991.0,8.0,1706.0,4.0,1,3200.0,0.0,0.0,0.0
310.0,6.0,511.0,4.0,1,605.0,0.0,0.0,0.0
1054.0,13.0,712.0,4.0,1,1956.0,0.0,0.0,0.0
276.0,4.0,166.0,4.0,1,245.0,0.0,0.0,0.0
33.0,1.0,655.0,4.0,1,551.0,0.0,0.0,0.0
670.5,5.75,769.0,4.0,1,1620.0,0.0,0.0,0.0
124.0,2.0,607.0,4.0,1,274.0,0.0,0.0,0.0
10.0,3.0,66.0,4.0,1,1120.0,0.0,0.0,0.0
610.0,3.0,724.0,4.0,1,883.0,0.0,0.0,0.0
571.0,6.5,20.0,4.0,1,722.0,0.0,0.0,0.0
204.0,9.0,522.0,4.0,1,317.0,0.0,0.0,0.0
1424.0,14.5,620.0,4.0,1,355.0,0.0,0.0,0.0
6.25,3.0,217.0,4.5,1,232.0,0.0,0.0,0.0
207.0,6.0,209.0,4.0,1,370.0,0.0,0.0,0.0
10.0,2.0,378.0,4.0,1,502.0,0.0,0.0,0.0
858.0,6.5,1801.0,4.0,1,3248.0,0.0,0.0,0.0
88.0,16.0,93.0,4.0,1,865.0,0.0,0.0,0.0
875.0,16.0,2037.0,4.0,1,2254.0,0.0,0.0,0.0
108.0,2.0,188.0,4.0,1,772.0,0.0,0.0,0.0
376.5,5.0,160.0,4.0,1,121.0,0.0,0.0,0.0
528.0,4.5,270.0,4.0,1,295.0,0.0,0.0,0.0
446.5,9.0,354.0,4.0,1,833.0,0.0,0.0,0.0
514.0,4.0,162.0,4.0,1,395.0,0.0,0.0,0.0
567.0,10.0,630.0,4.0,1,899.0,0.0,0.0,0.0
553.5,5.5,809.0,4.0,1,850.0,0.0,0.0,0.0
540.5,5.0,239.0,4.0,1,418.0,0.0,0.0,0.0
448.0,3.0,83.0,4.0,1,1610.0,0.0,0.0,0.0
998.0,13.0,448.0,4.0,1,746.0,0.0,0.0,0.0
552.0,6.0,236.0,5.0,1,1912.0,0.0,0.0,0.0
896.0,10.5,1683.0,4.0,1,468.0,0.0,0.0,0.0
1002.0,20.0,1923.0,4.0,1,2038.0,0.0,0.0,0.0
706.5,5.0,815.0,4.0,1,1521.0,0.0,0.0,0.0
440.0,6.0,501.0,3.5,1,234.0,0.0,0.0,0.0
587.0,6.5,330.0,5.0,1,1346.0,0.0,0.0,0.0
563.0,5.0,687.0,4.0,1,360.0,0.0,0.0,0.0
531.5,5.0,489.0,4.0,1,469.0,0.0,0.0,0.0
18.0,1.0,402.0,4.0,1,83.0,13.0,0.0,0.0
142.75,4.0,207.0,4.0,1,52.0,0.0,0.0,0.0
763.5,7.0,1398.0,2.0,1,481.0,0.0,0.0,0.0
318.0,4.0,379.0,4.0,1,258.0,0.0,0.0,0.0
121.0,2.0,378.0,4.0,1,85.0,0.0,0.0,0.0
1325.0,4.0,1338.0,4.5,1,1964.0,0.0,0.0,0.0
151.0,1.5,494.0,4.0,0,525.0,16.0,1.0,0.0
542.0,6.0,293.0,4.0,1,1272.0,0.0,0.0,0.0
4.5,10.0,552.0,0.0,0,1006.0,0.0,0.0,0.0
643.0,5.0,571.0,5.0,1,322.0,0.0,0.0,0.0
1152.0,27.0,529.0,4.0,1,313.0,0.0,0.0,0.0
175.5,5.5,353.0,4.0,1,294.0,0.0,0.0,0.0
623.0,8.0,843.0,5.0,1,1363.0,0.0,0.0,0.0
189.0,3.0,255.0,4.0,1,162.0,0.0,0.0,0.0
45.0,1.0,551.0,4.5,1,255.0,0.0,0.0,0.0
1412.0,17.0,2086.0,4.0,1,687.0,0.0,0.0,0.0
1192.0,10.0,153.0,4.0,1,2009.0,0.0,0.0,0.0
629.0,21.5,289.0,5.0,1,2183.0,0.0,0.0,0.0
182.5,3.0,583.0,4.0,1,207.0,31.0,0.0,0.0
286.0,2.5,366.0,4.0,1,293.0,0.0,0.0,0.0
591.0,4.0,969.0,4.5,1,1711.0,0.0,0.0,0.0
527.0,6.0,366.0,2.0,1,43.0,0.0,0.0,0.0
683.5,4.0,453.0,4.0,1,339.0,0.0,0.0,0.0
531.0,11.0,358.0,4.0,1,1005.0,0.0,0.0,0.0
416.0,4.5,263.0,4.0,1,1106.0,0.0,0.0,0.0
885.0,13.0,0.0,5.0,1,2655.0,0.0,0.0,0.0
130.25,5.0,813.0,4.0,1,259.0,0.0,0.0,0.0
439.5,3.0,103.0,2.0,1,20.0,0.0,0.0,0.0
58.0,2.5,141.0,4.0,1,532.0,30.0,0.0,0.0
816.5,10.0,1233.0,4.0,1,505.0,0.0,0.0,0.0
442.5,8.5,534.0,4.0,1,124.0,0.0,0.0,0.0
131.0,4.0,462.0,4.0,1,330.0,0.0,0.0,0.0
327.0,7.0,618.0,4.0,1,458.0,0.0,0.0,0.0
713.0,7.0,796.0,4.0,1,784.0,0.0,0.0,0.0
64.0,2.0,1084.0,4.0,0,291.0,12.125,3.0,0.0
691.0,10.0,1295.0,4.0,1,1510.0,0.0,0.0,0.0
36.0,2.0,1097.0,4.0,0,372.0,0.0,0.0,0.0
98.33333333333331,5.0,750.0,4.0,1,27.0,0.0,0.0,0.0
470.0,8.0,438.0,4.0,1,1386.0,0.0,0.0,0.0
313.0,4.5,120.0,4.0,1,200.0,0.0,0.0,0.0
616.0,4.0,516.0,4.0,1,680.0,0.0,0.0,0.0
700.0,8.5,882.0,4.0,1,1879.0,0.0,0.0,0.0
367.0,8.0,593.0,4.0,1,320.0,0.0,0.0,0.0
255.5,5.5,632.0,4.0,1,603.0,0.0,0.0,0.0
107.0,2.0,826.0,4.0,0,35.0,0.0,0.0,0.0
1679.5,24.0,540.0,4.0,1,632.0,0.0,0.0,0.0
26.0,1.5,609.0,5.0,1,735.0,0.0,0.0,0.0
3.0,1.5,750.0,4.0,1,203.0,5.5,1.0,0.0
256.0,3.0,181.0,4.0,1,109.0,0.0,0.0,0.0
301.3333333333333,4.0,33.0,4.0,1,274.0,0.0,0.0,0.0
454.0,9.5,357.0,4.0,1,852.0,0.0,0.0,0.0
381.5,3.0,0.0,4.0,1,932.0,0.0,0.0,0.0
1114.0,11.333333333333334,1202.0,4.0,1,1219.0,0.0,0.0,0.0
21.5,1.0,552.0,4.0,1,506.0,0.0,0.0,0.0
77.0,3.5,495.0,4.0,1,123.0,0.0,0.0,0.0
392.0,3.0,487.0,4.0,1,638.0,0.0,0.0,0.0
577.0,9.0,513.0,5.0,1,1404.0,0.0,0.0,0.0
1356.0,10.5,637.0,4.0,1,839.0,0.0,0.0,0.0
65.0,2.0,583.0,4.0,1,424.0,0.0,0.0,0.0
30.0,2.0,745.0,4.0,1,59.0,0.0,0.0,0.0
484.0,9.0,230.0,4.0,1,458.0,0.0,0.0,0.0
684.0,11.5,819.0,4.0,1,2403.0,0.0,0.0,0.0
941.6,12.0,848.0,5.0,1,1303.0,0.0,0.0,0.0
324.0,5.5,787.0,4.0,1,626.0,0.0,0.0,0.0
42.0,1.5,593.0,4.0,1,894.0,0.0,0.0,0.0
189.0,5.0,376.0,4.0,1,394.0,0.0,0.0,0.0
1173.0,11.0,1138.0,4.0,1,918.0,0.0,0.0,0.0
785.5,6.0,1578.0,4.0,1,1439.0,0.0,0.0,0.0
5.0,3.0,558.0,4.0,1,727.0,0.0,0.0,0.0
381.0,5.0,373.0,4.0,1,702.0,0.0,0.0,0.0
243.0,5.0,168.0,4.0,1,374.0,0.0,0.0,0.0
367.0,2.5,782.0,4.0,1,83.0,0.0,0.0,0.0
96.5,3.333333333333333,1171.0,4.0,1,130.0,0.0,0.0,0.0
419.0,3.0,302.0,4.0,1,400.0,0.0,0.0,0.0
146.0,2.5,74.0,4.0,1,404.0,0.0,0.0,0.0
72.5,2.0,392.0,4.5,1,471.0,0.0,0.0,0.0
404.0,4.666666666666667,288.0,4.0,1,504.0,0.0,0.0,0.0
874.5,18.5,2035.0,4.0,1,1830.0,0.0,0.0,0.0
379.5,3.0,497.0,4.0,1,819.0,0.0,0.0,0.0
72.0,2.0,835.0,4.0,1,553.0,0.0,0.0,0.0
668.6666666666666,10.0,748.0,4.0,1,982.0,0.0,0.0,0.0
681.0,7.5,861.0,2.0,1,1056.0,0.0,0.0,0.0
1047.0,11.0,1003.0,4.0,1,1385.0,0.0,0.0,0.0
138.0,14.0,512.0,4.0,1,405.0,0.0,0.0,0.0
251.0,5.0,189.0,4.0,1,715.0,0.0,0.0,0.0
751.0,8.5,1509.0,4.0,1,2177.0,0.0,0.0,0.0
48.0,1.5,423.0,5.0,1,247.0,0.0,0.0,0.0
535.0,4.0,245.0,4.0,1,380.0,0.0,0.0,0.0
633.0,6.75,800.0,5.0,1,1313.0,0.0,0.0,0.0
460.0,3.5,179.0,4.0,1,549.0,0.0,0.0,0.0
93.0,2.0,1126.0,4.0,1,282.0,30.0,0.0,0.0
759.5,7.0,1316.0,4.0,1,1910.0,0.0,0.0,0.0
77.0,1.0,627.0,4.0,1,720.0,0.0,0.0,0.0
777.5,6.0,1701.0,4.0,1,2674.0,0.0,0.0,0.0
351.0,6.5,442.0,4.0,1,240.0,0.0,0.0,0.0
670.5,14.5,595.0,5.0,1,1069.0,0.0,0.0,0.0
466.0,4.5,62.0,4.0,1,350.0,0.0,0.0,0.0
713.0,5.0,762.0,4.0,1,851.0,0.0,0.0,0.0
143.0,7.0,612.0,4.0,1,224.0,0.0,0.0,0.0
871.0,15.0,1611.0,4.0,1,1126.0,0.0,0.0,0.0
76.25,15.5,108.0,4.0,1,327.0,0.0,0.0,0.0
394.0,4.0,271.0,4.0,1,656.0,0.0,0.0,0.0
36.0,1.0,441.0,4.0,1,606.0,15.0,0.0,0.0
556.0,5.0,470.0,2.0,1,697.0,0.0,0.0,0.0
140.0,2.0,984.0,4.0,1,439.0,0.0,0.0,0.0
835.5,8.5,1538.0,5.0,1,1394.0,0.0,0.0,0.0
685.5,5.0,341.0,4.0,1,1365.0,0.0,0.0,0.0
571.5,5.5,201.0,5.0,1,1861.0,0.0,0.0,0.0
287.0,3.5,355.0,4.0,1,153.0,30.0,0.0,0.0
434.0,8.0,400.0,4.0,1,475.0,0.0,0.0,0.0
254.5,6.0,1162.0,4.0,1,722.0,0.0,0.0,0.0
90.5,2.5,610.0,2.0,1,0.0,0.0,0.0,0.0
22.0,1.0,677.0,4.0,1,600.0,0.0,0.0,0.0
1055.5,13.5,1038.0,4.5,1,1379.0,0.0,0.0,0.0
486.0,4.5,749.0,4.0,1,264.0,0.0,0.0,0.0
432.0,10.0,153.0,4.0,1,614.0,0.0,0.0,0.0
88.0,1.0,361.0,4.0,1,232.0,0.0,0.0,0.0
393.25,6.0,610.0,4.0,1,667.0,0.0,0.0,0.0
23.0,1.0,694.0,4.0,1,609.0,0.0,0.0,0.0
1182.0,30.0,1977.0,5.0,1,889.0,0.0,0.0,0.0
1160.3333333333333,13.0,1568.0,4.0,1,1077.0,0.0,0.0,0.0
637.5,10.5,684.0,4.0,1,801.0,0.0,0.0,0.0
203.5,4.5,322.0,0.0,1,7.0,0.0,0.0,0.0
316.0,2.0,284.0,4.0,1,132.0,0.0,0.0,0.0
264.5,3.5,735.0,4.0,1,251.0,0.0,0.0,0.0
358.5,4.0,196.0,4.0,1,368.0,0.0,0.0,0.0
256.0,7.5,882.0,4.0,1,173.0,0.0,0.0,0.0
704.0,10.0,457.0,4.0,1,386.0,0.0,0.0,0.0
416.0,6.0,124.0,4.0,1,341.0,0.0,0.0,0.0
156.0,4.5,613.0,4.0,1,636.0,0.0,0.0,0.0
28.25,3.0,607.0,4.0,1,145.0,16.0,1.0,0.0
75.0,4.0,456.0,4.0,1,151.0,0.0,0.0,0.0
980.0,17.0,608.0,5.0,1,1063.0,0.0,0.0,0.0
403.0,3.0,638.0,4.0,1,206.0,0.0,0.0,0.0
313.0,9.0,436.0,4.0,1,205.0,0.0,0.0,0.0
557.0,4.0,277.0,4.0,1,79.0,0.0,0.0,0.0
240.0,3.0,418.0,4.0,1,166.0,7.0,2.0,0.0
195.0,3.0,270.0,4.0,1,201.0,0.0,0.0,0.0
103.66666666666669,6.0,1018.0,4.0,1,266.0,0.0,0.0,0.0
286.0,2.0,285.0,4.0,1,419.0,0.0,0.0,0.0
747.0,9.0,1310.0,4.5,1,2286.0,0.0,0.0,0.0
846.0,5.5,1037.0,4.0,1,3614.0,0.0,0.0,0.0
61.0,3.0,481.0,4.0,1,153.0,0.0,0.0,0.0
42.0,1.0,555.0,4.5,1,136.0,0.0,0.0,0.0
671.0,12.0,1102.0,4.0,1,919.0,0.0,0.0,0.0
572.0,6.0,289.0,4.0,1,956.0,0.0,0.0,0.0
516.0,14.5,454.0,4.0,1,254.0,0.0,0.0,0.0
740.5,10.0,1277.0,0.0,1,2121.0,0.0,0.0,0.0
873.0,15.0,1599.0,4.0,1,1097.0,0.0,0.0,0.0
586.5,7.0,143.0,4.0,1,910.0,0.0,0.0,0.0
1297.25,13.5,1041.0,4.0,1,893.0,0.0,0.0,0.0
960.0,15.0,1420.0,5.0,1,1098.0,0.0,0.0,0.0
136.0,2.0,310.0,4.0,1,240.0,0.0,0.0,0.0
890.0,8.0,707.0,4.0,1,645.0,0.0,0.0,0.0
96.0,4.0,685.0,4.0,1,27.0,9.0,0.0,0.0
317.0,3.5,429.0,4.0,1,1242.0,0.0,0.0,0.0
568.0,14.0,515.0,4.0,1,1057.0,0.0,0.0,0.0
1628.5,14.5,652.0,4.0,1,446.0,0.0,0.0,0.0
840.5,7.5,1540.0,4.0,1,3168.0,0.0,0.0,0.0
151.0,2.0,759.0,4.0,1,264.0,0.0,0.0,0.0
328.0,5.0,415.0,4.0,1,231.0,0.0,0.0,0.0
254.0,1.0,389.0,4.0,1,252.0,0.0,0.0,0.0
953.5,11.5,1813.0,4.0,1,4055.0,0.0,0.0,0.0
156.0,3.0,369.0,4.0,1,205.0,0.0,0.0,0.0
527.0,4.0,416.0,4.0,1,595.0,0.0,0.0,0.0
189.0,3.0,485.0,4.0,1,75.0,0.0,0.0,0.0
570.0,5.0,56.0,4.0,0,597.0,0.0,0.0,0.0
268.0,2.0,36.0,4.0,1,52.0,0.0,0.0,0.0
374.0,9.5,381.0,4.0,1,625.0,0.0,0.0,0.0
869.0,22.0,146.0,5.0,1,2795.0,0.0,0.0,0.0
940.0,11.0,1923.0,4.0,1,465.0,0.0,0.0,0.0
1234.0,11.0,1747.0,4.0,1,946.0,0.0,0.0,0.0
474.0,3.5,251.0,4.0,1,723.0,0.0,0.0,0.0
550.25,8.0,772.0,4.0,1,540.0,0.0,0.0,0.0
266.0,4.5,349.0,4.0,1,343.0,0.0,0.0,0.0
4.0,1.0,461.0,0.0,1,530.0,0.0,0.0,0.0
1521.0,15.5,374.0,4.0,1,1298.0,0.0,0.0,0.0
58.5,2.0,245.0,4.0,1,117.0,5.0,0.0,0.0
137.0,1.0,342.0,4.0,1,353.0,0.0,0.0,0.0
96.0,2.0,388.0,4.0,1,385.0,10.666666666666666,1.0,0.0
956.0,16.0,1622.0,0.0,1,1995.0,0.0,0.0,0.0
1133.5,6.25,588.0,4.0,1,2382.0,0.0,0.0,0.0
291.0,2.0,295.0,4.0,1,705.0,0.0,0.0,0.0
832.0,19.5,210.0,4.5,1,2564.0,0.0,0.0,0.0
526.0,5.0,559.0,2.0,1,268.0,0.0,0.0,0.0
392.5,15.5,565.0,4.0,1,309.0,0.0,0.0,0.0
1181.0,8.0,140.0,4.0,1,2006.0,0.0,0.0,0.0
601.0,5.0,343.0,4.0,1,501.0,0.0,0.0,0.0
172.5,2.0,586.0,4.0,1,265.0,8.0,0.0,0.0
417.5,5.5,161.0,4.0,1,519.0,0.0,0.0,0.0
305.0,6.0,510.0,4.0,1,500.0,0.0,0.0,0.0
581.0,2.0,1096.0,4.0,1,2489.0,0.0,0.0,0.0
9.0,2.5,536.0,3.5,1,542.0,0.0,0.0,0.0
1012.0,16.5,230.0,5.0,1,642.0,0.0,0.0,0.0
761.5,9.75,1299.0,4.0,1,202.0,0.0,0.0,0.0
445.0,4.0,67.0,4.0,1,287.0,0.0,0.0,0.0
577.0,9.0,483.0,5.0,1,1388.0,0.0,0.0,0.0
338.0,3.0,263.0,4.0,1,1310.0,0.0,0.0,0.0
65.5,4.0,513.0,2.0,0,392.0,14.666666666666666,1.0,0.0
363.0,4.0,47.0,4.0,1,121.0,0.0,0.0,0.0
283.0,6.0,201.0,4.0,1,199.0,0.0,0.0,0.0
702.0,9.0,1447.0,2.0,1,1404.0,0.0,0.0,0.0
49.5,2.5,731.0,4.0,1,172.0,0.0,0.0,0.0
280.0,5.0,292.0,4.0,1,156.0,0.0,0.0,0.0
321.0,4.0,292.0,4.0,1,330.0,0.0,0.0,0.0
1099.0,14.0,1194.0,4.0,1,1334.0,0.0,0.0,0.0
89.0,4.0,418.0,4.0,1,340.0,8.25,2.0,0.0
352.0,12.5,740.0,4.0,1,809.0,0.0,0.0,0.0
165.5,2.0,466.0,4.0,1,206.0,8.0,3.0,0.0
185.0,1.0,258.0,4.0,1,113.0,0.0,0.0,0.0
778.0,5.5,1550.0,5.0,1,2470.0,0.0,0.0,0.0
9.0,3.0,857.0,4.0,0,234.0,0.0,0.0,0.0
619.0,4.0,1067.0,4.0,1,2055.0,0.0,0.0,0.0
225.0,6.0,921.0,4.0,1,922.0,0.0,0.0,0.0
92.0,2.0,224.0,4.0,1,478.0,0.0,0.0,0.0
22.0,5.5,509.0,4.5,1,244.0,9.461538461538462,6.0,0.0
146.0,4.5,514.0,4.0,1,83.0,0.0,0.0,0.0
102.0,3.0,132.0,4.0,0,161.0,9.4,1.0,0.0
429.0,4.0,425.0,4.0,1,962.0,0.0,0.0,0.0
552.0,3.0,668.0,4.0,1,481.0,0.0,0.0,0.0
279.0,3.0,351.0,4.0,1,452.0,0.0,0.0,0.0
1455.25,17.0,2085.0,4.0,1,921.0,0.0,0.0,0.0
473.0,5.0,342.0,4.0,1,289.0,0.0,0.0,0.0
328.0,4.5,325.0,4.0,1,384.0,0.0,0.0,0.0
167.0,3.0,97.0,4.0,1,137.0,0.0,0.0,0.0
81.0,4.0,1078.0,4.0,0,434.0,0.0,0.0,0.0
841.5,22.75,885.0,5.0,1,1324.0,0.0,0.0,0.0
505.0,7.0,357.0,4.0,1,1474.0,0.0,0.0,0.0
576.0,1.0,1301.0,4.0,1,2761.0,0.0,0.0,0.0
215.5,4.0,1003.0,4.0,1,322.0,0.0,0.0,0.0
523.5,17.0,397.0,4.0,1,684.0,0.0,0.0,0.0
96.0,4.0,908.0,3.5,0,224.0,30.0,0.0,0.0
425.5,7.0,473.0,4.0,1,487.0,0.0,0.0,0.0
540.0,4.0,717.0,4.0,1,434.0,0.0,0.0,0.0
32.0,3.0,825.0,4.0,1,1059.0,31.0,0.0,0.0
403.0,3.5,554.0,4.0,1,1365.0,0.0,0.0,0.0
77.5,3.0,729.0,2.0,0,93.0,15.0,0.0,0.0
31.0,3.5,396.0,4.5,0,272.0,9.0,2.0,0.0
77.0,2.0,298.0,4.0,1,152.0,9.0,0.0,0.0
44.5,2.5,538.0,4.0,1,1328.0,0.0,0.0,0.0
37.0,2.0,156.0,4.0,1,537.0,0.0,0.0,0.0
10.0,3.0,55.0,4.0,1,1099.0,0.0,0.0,0.0
446.0,5.0,510.0,4.0,1,14.0,0.0,0.0,0.0
43.0,1.5,422.0,4.0,1,200.0,0.0,0.0,0.0
55.0,1.5,359.0,4.0,1,137.0,17.428571428571427,2.0,0.0
490.0,8.0,183.0,4.0,1,535.0,0.0,0.0,0.0
382.0,4.0,227.0,4.0,1,222.0,15.5,1.0,0.0
1321.0,13.0,2281.0,4.0,1,1227.0,0.0,0.0,0.0
195.0,3.0,685.0,4.0,1,379.0,0.0,0.0,0.0
966.0,12.0,1489.0,4.0,1,2836.0,0.0,0.0,0.0
339.0,3.0,446.0,4.0,1,1468.0,0.0,0.0,0.0
517.5,5.0,628.0,4.0,1,549.0,0.0,0.0,0.0
37.0,5.0,369.0,4.0,1,772.0,0.0,0.0,0.0
837.0,11.0,1842.0,4.0,1,212.0,0.0,0.0,0.0
379.5,4.5,333.0,4.0,1,174.0,0.0,0.0,0.0
72.0,1.0,235.0,4.0,1,77.0,19.33333333333333,2.0,0.0
115.75,2.0,569.0,4.0,0,303.0,11.333333333333334,1.0,0.0
682.3333333333334,6.0,848.0,4.0,1,1690.0,0.0,0.0,0.0
529.5,5.0,343.0,4.0,1,1665.0,0.0,0.0,0.0
670.0,10.5,1209.0,4.5,1,1216.0,0.0,0.0,0.0
394.0,8.5,273.0,4.0,1,287.0,0.0,0.0,0.0
339.0,7.0,427.0,4.0,1,233.0,0.0,0.0,0.0
853.75,4.5,2311.0,4.0,1,3249.0,0.0,0.0,0.0
639.0,9.5,1275.0,5.0,1,1981.0,0.0,0.0,0.0
88.5,2.5,337.0,4.0,0,215.0,0.0,0.0,0.0
603.0,4.0,598.0,4.0,1,947.0,0.0,0.0,0.0
289.0,6.0,659.0,4.0,1,390.0,0.0,0.0,0.0
40.0,1.5,144.0,4.5,1,152.0,0.0,0.0,0.0
552.5,7.5,250.0,4.0,1,790.0,0.0,0.0,0.0
616.0,3.0,489.0,2.0,1,577.0,0.0,0.0,0.0
77.5,2.0,524.0,4.0,1,203.0,0.0,0.0,0.0
52.0,2.0,388.0,4.0,1,628.0,0.0,0.0,0.0
286.5,9.0,438.0,4.0,1,555.0,0.0,0.0,0.0
177.0,5.5,552.0,4.0,1,290.0,0.0,0.0,0.0
592.0,4.0,483.0,4.0,1,772.0,0.0,0.0,0.0
523.0,5.0,394.0,4.0,1,431.0,0.0,0.0,0.0
175.0,15.0,499.0,4.0,1,577.0,0.0,0.0,0.0
384.0,2.5,188.0,4.0,1,873.0,0.0,0.0,0.0
256.0,3.0,580.0,4.0,1,979.0,0.0,0.0,0.0
136.0,3.0,705.0,4.0,1,224.0,0.0,0.0,0.0
212.0,3.0,23.0,0.0,1,5.0,0.0,0.0,0.0
916.0,12.0,1776.0,0.0,1,2174.0,0.0,0.0,0.0
198.0,2.0,119.0,2.0,1,33.0,0.0,0.0,0.0
662.5,7.0,225.0,4.0,1,432.0,0.0,0.0,0.0
251.0,3.5,323.0,4.0,1,526.0,0.0,0.0,0.0
147.0,2.0,1114.0,4.0,1,181.0,0.0,0.0,0.0
502.0,5.0,522.0,4.0,1,36.0,0.0,0.0,0.0
870.0,13.5,1982.0,4.0,1,750.0,0.0,0.0,0.0
322.0,4.0,412.0,4.0,1,97.0,0.0,0.0,0.0
13.0,2.0,651.0,5.0,1,360.0,23.5,2.0,0.0
433.0,8.0,34.0,4.0,1,511.0,0.0,0.0,0.0
295.0,2.0,638.0,4.0,1,554.0,0.0,0.0,0.0
37.0,1.0,752.0,4.0,1,144.0,30.0,0.0,0.0
394.6666666666667,4.0,189.0,4.0,1,282.0,0.0,0.0,0.0
349.0,2.0,158.0,4.0,1,1056.0,0.0,0.0,0.0
395.0,4.0,494.0,4.0,1,96.0,0.0,0.0,0.0
128.0,3.5,245.0,4.0,0,46.0,0.0,0.0,0.0
607.0,4.0,835.0,4.0,1,996.0,0.0,0.0,0.0
391.5,4.0,107.0,4.0,1,992.0,0.0,0.0,0.0
744.5,5.0,1115.0,4.0,1,415.0,0.0,0.0,0.0
29.0,2.5,1164.0,4.5,1,212.0,24.0,0.0,0.0
963.5,5.0,242.0,4.0,1,122.0,0.0,0.0,0.0
927.0,15.0,1841.0,4.0,1,621.0,0.0,0.0,0.0
144.0,2.0,1048.0,4.0,1,486.0,2.0,0.0,0.0
342.0,3.5,623.0,4.0,1,596.0,0.0,0.0,0.0
321.0,4.0,23.0,4.0,1,1.0,0.0,0.0,0.0
58.0,3.5,221.0,4.0,1,878.0,30.0,0.0,0.0
808.0,8.0,1172.0,5.0,1,1351.0,0.0,0.0,0.0
206.0,4.0,121.0,4.0,1,149.0,0.0,0.0,0.0
620.0,4.0,639.0,4.0,1,628.0,0.0,0.0,0.0
50.66666666666666,1.5,483.0,4.0,1,792.0,0.0,0.0,0.0
207.0,6.0,684.0,4.0,0,118.0,11.75,2.0,0.0
1630.5,25.5,1327.0,5.0,1,333.0,0.0,0.0,0.0
60.0,2.5,380.0,4.0,1,100.0,0.0,0.0,0.0
344.0,7.0,669.0,4.0,1,507.0,0.0,0.0,0.0
48.0,1.0,464.0,4.0,0,336.0,8.5,1.0,0.0
454.5,5.0,586.0,4.0,1,229.0,0.0,0.0,0.0
269.0,4.0,181.0,4.0,1,80.0,0.0,0.0,0.0
112.0,1.5,267.0,4.0,1,154.0,0.0,0.0,0.0
626.0,9.5,978.0,0.0,1,960.0,0.0,0.0,0.0
1406.0,21.5,1843.0,4.5,1,886.0,0.0,0.0,0.0
382.0,6.0,119.0,4.0,1,675.0,7.0,0.0,0.0
350.0,2.0,233.0,4.0,1,67.0,0.0,0.0,0.0
81.0,3.0,496.0,4.0,1,267.0,0.0,0.0,0.0
876.0,14.0,1770.0,4.0,1,1449.0,0.0,0.0,0.0
30.5,3.0,595.0,4.0,1,366.0,0.0,0.0,0.0
135.0,4.5,389.0,4.0,1,350.0,0.0,0.0,0.0
21.0,5.0,684.0,4.0,1,46.0,0.0,0.0,0.0
541.0,4.0,645.0,4.0,1,635.0,0.0,0.0,0.0
1189.0,21.0,816.0,4.0,1,693.0,0.0,0.0,0.0
990.0,11.0,1304.0,4.0,1,2629.0,0.0,0.0,0.0
182.0,7.0,512.0,4.0,1,336.0,0.0,0.0,0.0
73.0,3.0,318.0,5.0,1,407.0,0.0,0.0,0.0
871.0,9.0,1425.0,4.0,1,3410.0,0.0,0.0,0.0
149.5,3.0,638.0,4.0,1,96.0,0.0,0.0,0.0
994.0,11.5,1774.0,4.0,1,3323.0,0.0,0.0,0.0
169.5,2.0,845.0,4.0,1,185.0,18.875,3.0,0.0
162.0,2.0,533.0,4.0,1,0.0,0.0,0.0,0.0
1259.0,7.5,824.0,4.0,1,1550.0,0.0,0.0,0.0
471.0,3.0,384.0,4.0,1,816.0,0.0,0.0,0.0
583.0,7.0,120.0,4.0,1,366.0,0.0,0.0,0.0
625.5,20.0,361.0,4.0,1,1260.0,0.0,0.0,0.0
21.0,3.0,1248.0,4.0,1,591.0,15.125,3.0,0.0
184.5,9.0,53.0,4.0,1,589.0,0.0,0.0,0.0
577.0,8.5,285.0,4.0,1,843.0,0.0,0.0,0.0
554.0,3.0,97.0,4.0,1,693.0,0.0,0.0,0.0
640.0,18.5,423.0,4.0,1,1312.0,0.0,0.0,0.0
130.0,1.5,662.0,4.0,1,193.0,0.0,0.0,0.0
250.5,4.5,710.0,0.0,1,12.0,0.0,0.0,0.0
483.0,7.5,200.0,4.0,1,163.0,0.0,0.0,0.0
479.0,4.0,276.0,4.0,1,721.0,0.0,0.0,0.0
154.0,3.0,168.0,2.0,1,15.0,15.5,1.0,0.0
293.0,3.5,264.0,4.0,1,182.0,0.0,0.0,0.0
536.0,3.0,715.0,4.0,1,388.0,0.0,0.0,0.0
740.0,9.0,1504.0,4.0,1,1657.0,0.0,0.0,0.0
133.0,3.0,349.0,4.0,1,345.0,0.0,0.0,0.0
760.5,7.0,1537.0,4.5,1,1961.0,0.0,0.0,0.0
33.0,1.0,665.0,4.0,1,577.0,20.75,1.0,0.0
473.0,8.0,247.0,4.0,1,584.0,0.0,0.0,0.0
403.5,6.0,319.0,4.0,1,485.0,0.0,0.0,0.0
169.0,13.0,418.0,4.0,1,192.0,0.0,0.0,0.0
89.33333333333333,2.0,505.0,4.0,1,178.0,0.0,0.0,0.0
139.0,5.5,590.0,4.0,1,211.0,0.0,0.0,0.0
497.0,7.5,112.0,4.0,1,332.0,0.0,0.0,0.0
1109.5,6.0,1219.0,4.0,1,3079.0,0.0,0.0,0.0
669.0,12.5,1178.0,5.0,1,1951.0,0.0,0.0,0.0
832.0,7.0,598.0,4.0,1,3041.0,0.0,0.0,0.0
223.0,7.0,818.0,4.0,1,1068.0,0.0,0.0,0.0
598.0,5.0,550.0,4.0,1,847.0,0.0,0.0,0.0
1399.0,14.0,1214.0,4.0,1,1885.0,0.0,0.0,0.0
94.0,5.0,1148.0,4.0,1,114.0,0.0,0.0,0.0
546.0,5.5,122.0,4.0,1,159.0,0.0,0.0,0.0
638.0,7.0,689.0,4.0,1,606.0,0.0,0.0,0.0
254.5,3.0,253.0,4.0,1,413.0,0.0,0.0,0.0
667.0,10.5,607.0,4.0,1,1108.0,0.0,0.0,0.0
346.5,6.0,387.0,4.0,1,385.0,0.0,0.0,0.0
604.5,5.0,247.0,4.0,1,1237.0,0.0,0.0,0.0
169.0,2.0,358.0,4.0,1,80.0,0.0,0.0,0.0
103.0,1.5,647.0,3.0,0,484.0,18.2,2.0,0.0
403.5,6.0,229.0,0.0,1,392.0,0.0,0.0,0.0
560.5,6.0,753.0,4.0,1,43.0,0.0,0.0,0.0
40.0,4.0,631.0,4.0,1,1356.0,0.0,0.0,0.0
175.0,5.5,820.0,2.0,1,44.0,0.0,0.0,0.0
200.0,6.0,317.0,4.0,1,94.0,0.0,0.0,0.0
42.5,2.0,155.0,4.0,1,358.0,0.0,0.0,0.0
1264.0,11.25,1865.0,4.0,1,947.0,0.0,0.0,0.0
166.0,4.0,834.0,4.0,1,342.0,0.0,0.0,0.0
375.0,5.0,528.0,4.0,1,315.0,0.0,0.0,0.0
601.5,2.5,1184.0,4.0,1,2106.0,0.0,0.0,0.0
313.0,4.0,310.0,4.0,1,23.0,0.0,0.0,0.0
1245.0,22.0,1319.0,5.0,1,106.0,0.0,0.0,0.0
132.0,2.5,711.0,4.0,0,99.0,15.0,1.0,0.0
1082.0,13.0,385.0,5.0,1,602.0,0.0,0.0,0.0
307.0,17.0,260.0,4.0,1,279.0,0.0,0.0,0.0
1106.0,8.0,1126.0,4.5,1,767.0,0.0,0.0,0.0
454.0,6.5,99.0,4.0,1,545.0,0.0,0.0,0.0
376.0,4.0,359.0,2.0,1,67.0,24.0,0.0,0.0
295.0,2.0,579.0,4.0,1,593.0,0.0,0.0,0.0
585.0,6.75,524.0,4.0,1,976.0,0.0,0.0,0.0
511.0,3.0,100.0,4.0,1,482.0,0.0,0.0,0.0
467.0,15.0,297.0,4.0,1,293.0,0.0,0.0,0.0
106.0,1.0,567.0,4.0,1,328.0,0.0,0.0,0.0
316.0,3.0,329.0,2.0,1,55.0,0.0,0.0,0.0
22.0,1.5,407.0,4.0,0,28.0,0.0,0.0,0.0
100.66666666666669,1.0,721.0,4.0,1,1131.0,0.0,0.0,0.0
493.0,6.5,503.0,4.0,1,332.0,0.0,0.0,0.0
78.0,1.0,668.0,4.0,0,609.0,22.33333333333333,1.0,0.0
442.5,6.0,257.0,4.0,1,275.0,0.0,0.0,0.0
772.0,6.0,1688.0,2.0,1,2573.0,0.0,0.0,0.0
170.0,6.0,378.0,4.0,1,199.0,0.0,0.0,0.0
673.0,5.0,906.0,4.0,1,1591.0,0.0,0.0,0.0
1315.0,22.0,962.0,5.0,1,2017.0,0.0,0.0,0.0
193.0,2.0,417.0,4.0,1,65.0,0.0,0.0,0.0
1396.0,16.5,807.0,5.0,1,156.0,0.0,0.0,0.0
714.0,5.0,1220.0,4.0,1,2096.0,0.0,0.0,0.0
206.5,3.5,248.0,4.0,1,475.0,0.0,0.0,0.0
537.0,6.0,693.0,4.0,1,429.0,0.0,0.0,0.0
686.5,12.5,656.0,4.0,1,2816.0,0.0,0.0,0.0
852.0,15.0,1287.0,5.0,1,1600.0,0.0,0.0,0.0
407.0,3.0,344.0,4.0,1,1144.0,0.0,0.0,0.0
1016.5,14.0,571.0,5.0,1,896.0,0.0,0.0,0.0
525.5,8.0,627.0,4.0,1,551.0,0.0,0.0,0.0
629.0,13.0,532.0,5.0,1,2238.0,0.0,0.0,0.0
495.5,10.0,1018.0,4.0,1,788.0,0.0,0.0,0.0
887.25,12.75,80.0,5.0,1,2676.0,0.0,0.0,0.0
166.5,10.5,616.0,4.0,1,148.0,0.0,0.0,0.0
602.0,5.5,315.0,4.0,1,1087.0,0.0,0.0,0.0
869.5,4.0,1092.0,4.0,1,228.0,0.0,0.0,0.0
283.0,3.0,407.0,4.0,1,349.0,0.0,0.0,0.0
5.5,2.0,738.0,5.0,1,697.0,0.0,0.0,0.0
953.0,25.5,2348.0,2.5,1,334.0,0.0,0.0,0.0
281.5,5.0,653.0,4.0,1,208.0,0.0,0.0,0.0
226.0,2.5,207.0,4.0,1,129.0,0.0,0.0,0.0
240.0,2.0,304.0,4.0,1,830.0,0.0,0.0,0.0
137.0,1.5,149.0,4.0,1,430.0,0.0,0.0,0.0
308.75,6.0,407.0,4.0,1,153.0,0.0,0.0,0.0
701.0,11.0,717.0,4.0,1,2168.0,0.0,0.0,0.0
296.25,4.5,464.0,4.0,1,364.0,0.0,0.0,0.0
149.25,2.0,205.0,4.0,1,521.0,0.0,0.0,0.0
156.5,5.0,737.0,4.0,1,49.0,0.0,0.0,0.0
740.75,9.0,1594.0,4.0,1,1717.0,0.0,0.0,0.0
679.5,12.0,1111.0,4.0,1,1088.0,0.0,0.0,0.0
942.0,12.0,1472.0,4.0,1,2625.0,0.0,0.0,0.0
63.0,4.0,412.0,4.0,1,447.0,0.0,0.0,0.0
1476.0,20.0,511.0,4.0,1,429.0,0.0,0.0,0.0
983.0,11.5,1298.0,5.0,1,1185.0,0.0,0.0,0.0
623.0,5.0,527.0,4.0,1,1299.0,0.0,0.0,0.0
632.0,5.0,400.0,4.0,1,263.0,0.0,0.0,0.0
451.5,5.5,704.0,4.0,1,581.0,0.0,0.0,0.0
166.0,5.0,1095.0,4.0,1,601.0,0.0,0.0,0.0
378.5,6.0,496.0,4.0,1,638.0,0.0,0.0,0.0
165.0,1.0,485.0,4.0,1,151.0,0.0,0.0,0.0
393.0,4.0,228.0,4.0,1,851.0,0.0,0.0,0.0
404.5,5.0,271.0,4.0,1,508.0,0.0,0.0,0.0
175.0,16.0,472.0,4.0,1,498.0,0.0,0.0,0.0
76.0,1.5,969.0,4.0,0,290.0,34.5,0.0,0.0
274.5,3.0,189.0,4.0,1,364.0,0.0,0.0,0.0
226.0,2.5,181.0,4.0,1,121.0,0.0,0.0,0.0
130.0,4.0,730.0,2.0,1,78.0,0.0,0.0,0.0
741.0,11.5,1222.0,4.0,1,107.0,0.0,0.0,0.0
586.0,1.0,764.0,4.0,1,1581.0,0.0,0.0,0.0
1305.0,5.0,1188.0,4.0,1,1690.0,0.0,0.0,0.0
1358.5,11.0,862.0,5.0,1,220.0,0.0,0.0,0.0
303.0,10.0,480.0,4.0,1,64.0,0.0,0.0,0.0
95.0,2.0,415.0,4.0,1,313.0,21.0,1.0,0.0
518.0,3.5,314.0,4.0,1,158.0,0.0,0.0,0.0
425.5,4.0,35.0,4.0,1,75.0,0.0,0.0,0.0
69.0,7.333333333333333,934.0,4.0,1,485.0,0.0,0.0,0.0
600.0,2.0,449.0,4.0,1,931.0,0.0,0.0,0.0
121.0,4.5,168.0,4.0,1,664.0,15.0,2.0,0.0
854.0,10.0,1882.0,4.0,1,1429.0,0.0,0.0,0.0
403.0,5.0,427.0,4.0,1,166.0,0.0,0.0,0.0
477.0,7.0,603.0,4.0,1,63.0,0.0,0.0,0.0
555.0,4.0,172.0,4.0,1,266.0,0.0,0.0,0.0
510.75,4.0,166.0,4.0,1,316.0,0.0,0.0,0.0
16.0,2.0,242.0,3.0,1,170.0,15.0,2.0,0.0
158.5,4.0,685.0,4.0,1,303.0,0.0,0.0,0.0
227.5,3.0,158.0,4.0,1,399.0,0.0,0.0,0.0
266.0,3.0,296.0,4.0,1,1083.0,0.0,0.0,0.0
1100.0,20.0,1833.0,2.5,1,639.0,0.0,0.0,0.0
38.0,2.0,198.0,4.0,1,437.0,0.0,0.0,0.0
735.0,16.0,1000.0,4.0,1,119.0,0.0,0.0,0.0
114.0,4.0,572.0,4.0,1,342.0,0.0,0.0,0.0
27.0,1.0,942.0,4.0,1,804.0,0.0,0.0,0.0
562.5,4.5,629.0,4.0,1,1226.0,0.0,0.0,0.0
706.0,8.0,1423.0,4.0,1,1410.0,0.0,0.0,0.0
162.75,5.0,126.0,4.0,1,409.0,17.0,0.0,0.0
53.0,2.0,274.0,4.0,1,38.0,0.0,0.0,0.0
80.0,1.0,480.0,4.0,1,101.0,0.0,0.0,0.0
208.5,5.0,315.0,4.0,1,47.0,0.0,0.0,0.0
488.0,13.0,308.0,4.0,1,814.0,0.0,0.0,0.0
1243.5,27.0,2138.0,4.5,1,1059.0,0.0,0.0,0.0
57.5,2.0,943.0,4.0,1,319.0,22.5,1.0,0.0
1048.0,5.0,1964.0,4.0,1,3792.0,0.0,0.0,0.0
466.0,3.5,158.0,4.0,1,386.0,0.0,0.0,0.0
602.5,17.5,248.0,5.0,1,1519.0,0.0,0.0,0.0
367.5,3.0,259.0,4.5,1,107.0,0.0,0.0,0.0
743.5,9.5,518.0,4.0,1,630.0,0.0,0.0,0.0
468.0,5.5,366.0,2.0,1,23.0,0.0,0.0,0.0
37.0,2.0,487.0,2.0,1,42.0,0.0,0.0,0.0
337.5,5.0,346.0,4.0,1,617.0,0.0,0.0,0.0
378.0,5.0,334.0,4.0,1,620.0,0.0,0.0,0.0
17.0,4.0,269.0,5.0,1,389.0,0.0,0.0,0.0
545.0,4.0,378.0,4.0,1,364.0,0.0,0.0,0.0
7.0,1.5,792.0,5.0,1,531.0,0.0,0.0,0.0
15.75,1.0,357.0,4.0,1,85.0,0.0,0.0,0.0
169.0,1.0,627.0,4.0,1,196.0,30.0,0.0,0.0
562.5,5.0,1321.0,4.0,1,2692.0,0.0,0.0,0.0
216.5,2.5,935.0,4.0,1,224.0,0.0,0.0,0.0
329.0,4.0,50.0,4.0,1,1022.0,0.0,0.0,0.0
367.5,6.0,298.0,4.0,1,1075.0,0.0,0.0,0.0
503.0,5.0,387.0,4.0,1,306.0,0.0,0.0,0.0
504.0,2.5,431.0,4.0,1,795.0,0.0,0.0,0.0
1016.5,14.0,566.0,5.0,1,907.0,0.0,0.0,0.0
549.0,10.0,490.0,4.0,1,1172.0,0.0,0.0,0.0
164.66666666666666,1.5,406.0,4.0,1,480.0,0.0,0.0,0.0
607.0,15.0,449.0,4.0,1,583.0,0.0,0.0,0.0
767.0,17.5,593.0,4.0,1,2126.0,0.0,0.0,0.0
263.0,4.5,12.0,4.0,1,154.0,0.0,0.0,0.0
224.0,3.5,423.0,4.0,1,153.0,20.0,2.0,0.0
33.5,6.0,593.0,4.0,1,130.0,0.0,0.0,0.0
718.0,5.5,523.0,4.0,1,1505.0,0.0,0.0,0.0
97.0,3.0,1066.0,4.0,0,157.0,18.75,2.0,0.0
284.0,4.5,332.0,4.0,1,944.0,0.0,0.0,0.0
337.5,6.0,297.0,4.0,1,45.0,0.0,0.0,0.0
221.5,5.5,942.0,4.0,1,588.0,0.0,0.0,0.0
708.0,6.5,416.0,4.0,1,584.0,0.0,0.0,0.0
63.0,1.0,638.0,3.5,1,80.0,0.0,0.0,0.0
186.5,2.5,479.0,4.0,1,91.0,0.0,0.0,0.0
8.0,3.5,380.0,3.0,1,89.0,14.666666666666666,1.0,0.0
922.0,12.0,1773.0,4.0,1,818.0,0.0,0.0,0.0
192.0,5.5,1023.0,4.0,1,865.0,0.0,0.0,0.0
171.5,6.0,811.0,4.0,1,256.0,0.0,0.0,0.0
27.0,4.0,523.0,4.5,0,492.0,17.5,1.0,0.0
919.6666666666666,8.5,2336.0,4.0,1,3772.0,0.0,0.0,0.0
49.0,1.5,434.0,4.0,1,354.0,0.0,0.0,0.0
196.0,6.0,346.0,4.0,1,116.0,0.0,0.0,0.0
5.0,1.0,1030.0,4.0,1,481.0,16.0,2.0,0.0
107.0,5.0,601.0,4.0,1,207.0,0.0,0.0,0.0
637.0,2.0,599.0,5.0,1,2280.0,0.0,0.0,0.0
889.0,10.5,1603.0,4.0,1,1810.0,0.0,0.0,0.0
1121.0,7.5,1573.0,4.0,1,282.0,0.0,0.0,0.0
221.0,5.0,171.0,4.0,1,196.0,9.5,1.0,0.0
285.5,10.0,408.0,4.0,1,230.0,0.0,0.0,0.0
139.0,2.0,387.0,4.0,1,188.0,0.0,0.0,0.0
4.5,3.0,716.0,3.0,1,352.0,0.0,0.0,0.0
185.0,3.0,459.0,4.5,1,71.0,0.0,0.0,0.0
28.0,1.0,431.0,4.0,1,79.0,0.0,0.0,0.0
23.0,2.0,882.0,4.0,1,312.0,0.0,0.0,0.0
723.0,7.0,1429.0,4.0,1,1864.0,0.0,0.0,0.0
556.0,5.0,226.0,4.0,1,255.0,0.0,0.0,0.0
528.5,6.0,552.0,5.0,1,1122.0,0.0,0.0,0.0
212.5,3.5,1011.0,4.0,1,281.0,0.0,0.0,0.0
128.0,5.0,710.0,4.0,1,255.0,0.0,0.0,0.0
71.0,4.0,894.0,4.0,0,548.0,16.666666666666668,0.0,0.0
341.0,3.5,267.0,4.0,1,90.0,0.0,0.0,0.0
101.0,2.0,394.0,4.0,0,168.0,15.666666666666666,1.0,0.0
1517.0,11.0,912.0,4.0,1,1715.0,0.0,0.0,0.0
133.5,3.0,251.0,4.0,1,491.0,14.25,2.0,0.0
428.5,6.5,559.0,4.0,1,173.0,0.0,0.0,0.0
699.0,8.0,1207.0,4.0,1,1891.0,0.0,0.0,0.0
348.0,10.5,369.0,4.0,1,244.0,0.0,0.0,0.0
442.0,4.0,58.0,4.0,1,1274.0,0.0,0.0,0.0
840.0,8.0,1619.0,4.0,1,3164.0,0.0,0.0,0.0
78.0,3.0,315.0,4.0,1,417.0,0.0,0.0,0.0
397.0,3.5,730.0,4.0,1,35.0,0.0,0.0,0.0
538.0,6.0,717.0,4.0,1,443.0,0.0,0.0,0.0
784.0,5.0,1959.0,4.0,1,2658.0,0.0,0.0,0.0
349.0,8.0,638.0,2.0,1,271.0,0.0,0.0,0.0
192.0,4.0,853.0,4.0,1,630.0,0.0,0.0,0.0
375.0,7.0,105.0,4.0,1,374.0,0.0,0.0,0.0
105.0,1.5,521.0,3.5,1,1011.0,25.0,1.0,0.0
209.0,5.0,454.0,4.0,1,308.0,0.0,0.0,0.0
574.5,5.0,168.0,4.0,0,603.0,0.0,0.0,0.0
632.3333333333334,9.0,886.0,4.0,1,1218.0,0.0,0.0,0.0
544.0,6.0,685.0,4.0,1,53.0,0.0,0.0,0.0
26.0,1.5,755.0,4.0,1,653.0,0.0,0.0,0.0
598.5,8.5,483.0,4.5,1,17.0,0.0,0.0,0.0
76.0,2.5,511.0,4.0,0,589.0,8.0,0.0,0.0
630.0,4.5,396.0,4.0,1,222.0,0.0,0.0,0.0
35.0,2.0,668.0,5.0,0,611.0,0.0,0.0,0.0
303.0,6.5,1145.0,4.0,1,963.0,0.0,0.0,0.0
615.0,7.0,770.0,4.0,1,256.0,0.0,0.0,0.0
903.0,10.5,1542.0,5.0,1,1526.0,0.0,0.0,0.0
12.0,4.0,291.0,5.0,1,295.0,15.25,2.0,0.0
65.5,2.0,749.0,4.0,1,157.0,0.0,0.0,0.0
187.0,3.0,465.0,4.0,1,362.0,0.0,0.0,0.0
456.0,7.5,770.0,4.0,1,820.0,0.0,0.0,0.0
15.0,3.0,391.0,4.5,1,525.0,9.285714285714286,3.0,0.0
603.0,4.0,578.0,4.0,1,627.0,0.0,0.0,0.0
150.5,2.0,883.0,4.0,1,282.0,0.0,0.0,0.0
740.5,6.0,1386.0,4.0,1,2084.0,0.0,0.0,0.0
106.0,2.0,247.0,4.0,0,444.0,14.666666666666666,4.0,0.0
38.0,3.0,568.0,3.5,1,218.0,0.0,0.0,0.0
924.1666666666666,10.75,1925.0,5.0,1,4253.0,0.0,0.0,0.0
28.0,1.0,345.0,4.0,1,15.0,0.0,0.0,0.0
99.0,2.5,436.0,4.0,1,58.0,0.0,0.0,0.0
580.0,2.5,691.0,4.0,1,1425.0,0.0,0.0,0.0
122.5,6.0,634.0,4.0,1,232.0,0.0,0.0,0.0
225.0,6.0,902.0,4.0,1,910.0,7.0,0.0,0.0
84.5,3.0,250.0,4.0,1,541.0,0.0,0.0,0.0
1063.0,12.0,1211.0,4.0,1,817.0,0.0,0.0,0.0
647.0,9.0,1077.0,5.0,1,1596.0,0.0,0.0,0.0
87.0,1.5,391.0,4.0,1,20.0,0.0,0.0,0.0
532.0,4.0,115.0,4.0,1,61.0,0.0,0.0,0.0
38.0,13.0,466.0,4.0,1,439.0,17.75,2.0,0.0
79.0,2.0,276.0,4.0,1,516.0,0.0,0.0,0.0
65.5,2.0,898.0,4.0,0,481.0,12.833333333333334,1.0,0.0
82.5,2.0,732.0,4.0,0,138.0,13.5,2.0,0.0
279.5,3.5,336.0,4.0,1,179.0,14.714285714285714,2.0,0.0
1066.0,15.5,723.0,4.0,1,2240.0,0.0,0.0,0.0
425.5,5.5,178.0,4.0,1,121.0,0.0,0.0,0.0
534.0,5.0,313.0,4.0,1,1772.0,0.0,0.0,0.0
326.5,9.5,621.0,4.0,1,736.0,0.0,0.0,0.0
359.0,4.5,112.0,4.0,1,218.0,0.0,0.0,0.0
517.0,8.0,840.0,4.0,1,612.0,0.0,0.0,0.0
444.0,4.0,103.0,4.0,1,1269.0,0.0,0.0,0.0
205.0,3.0,865.0,4.0,1,260.0,0.0,0.0,0.0
882.0,5.5,1106.0,4.0,1,50.0,0.0,0.0,0.0
119.0,3.0,176.0,4.0,1,340.0,0.0,0.0,0.0
784.0,3.0,1273.0,4.0,1,2294.0,0.0,0.0,0.0
133.0,3.0,710.0,4.0,1,263.0,0.0,0.0,0.0
84.0,3.0,1261.0,4.0,0,251.0,24.0,1.0,0.0
355.5,6.0,105.0,4.0,1,164.0,0.0,0.0,0.0
1572.5,25.0,928.0,5.0,1,190.0,0.0,0.0,0.0
347.75,6.0,80.0,4.0,1,283.0,0.0,0.0,0.0
70.0,2.5,190.0,4.0,1,284.0,0.0,0.0,0.0
115.0,3.5,525.0,4.0,1,0.0,0.0,0.0,0.0
269.0,5.5,549.0,4.0,1,729.0,0.0,0.0,0.0
159.0,6.0,696.0,0.0,1,15.0,0.0,0.0,0.0
105.5,1.5,348.0,4.0,0,383.0,9.0,0.0,0.0
219.0,7.0,1073.0,4.0,1,730.0,0.0,0.0,0.0
414.0,5.0,526.0,4.0,1,505.0,0.0,0.0,0.0
1360.0,9.0,691.0,4.0,1,571.0,0.0,0.0,0.0
22.5,2.5,711.0,4.5,1,682.0,15.0,2.0,0.0
219.0,14.0,645.0,4.0,1,405.0,0.0,0.0,0.0
91.0,2.0,915.0,4.0,1,976.0,0.0,0.0,0.0
232.0,7.0,591.0,4.0,1,1053.0,0.0,0.0,0.0
408.0,7.0,445.0,4.0,1,250.0,0.0,0.0,0.0
46.0,1.5,1423.0,4.0,0,257.0,13.2,3.0,0.0
815.0,11.0,1759.0,4.0,1,774.0,0.0,0.0,0.0
391.5,3.0,547.0,4.0,1,623.0,0.0,0.0,0.0
346.5,2.5,133.0,4.0,1,1270.0,0.0,0.0,0.0
214.0,2.5,118.0,4.0,1,241.0,0.0,0.0,0.0
350.0,2.0,229.0,4.0,1,72.0,0.0,0.0,0.0
357.5,13.0,765.0,4.0,1,777.0,0.0,0.0,0.0
1061.3333333333333,19.0,2298.0,4.0,1,766.0,0.0,0.0,0.0
259.0,7.0,546.0,4.0,1,156.0,0.0,0.0,0.0
152.5,6.0,670.0,4.0,1,431.0,0.0,0.0,0.0
222.5,4.0,221.0,4.0,1,401.0,0.0,0.0,0.0
120.0,1.5,801.0,4.0,1,283.0,11.25,2.0,0.0
852.75,14.5,2000.0,4.0,1,2218.0,0.0,0.0,0.0
756.5,11.5,486.0,5.0,1,2251.0,0.0,0.0,0.0
375.0,2.0,619.0,4.0,1,162.0,0.0,0.0,0.0
138.5,2.5,859.0,4.0,1,116.0,0.0,0.0,0.0
616.5,4.5,1226.0,4.5,1,1746.0,0.0,0.0,0.0
459.0,9.0,323.0,4.0,1,190.0,0.0,0.0,0.0
1001.0,11.0,1515.0,5.0,1,661.0,0.0,0.0,0.0
590.0,4.0,425.0,4.0,1,787.0,0.0,0.0,0.0
90.0,2.5,1240.0,4.0,0,90.0,15.0,1.0,0.0
712.0,10.0,587.0,4.0,1,2971.0,0.0,0.0,0.0
51.5,4.666666666666667,808.0,4.0,1,465.0,0.0,0.0,0.0
26.0,1.5,1069.0,4.0,1,996.0,0.0,0.0,0.0
890.5,24.0,237.0,5.0,1,2981.0,0.0,0.0,0.0
691.0,5.0,1198.0,4.0,1,1478.0,0.0,0.0,0.0
225.0,4.0,677.0,4.0,1,206.0,0.0,0.0,0.0
85.66666666666667,4.0,1141.0,4.0,1,321.0,0.0,0.0,0.0
398.0,5.0,540.0,4.0,1,402.0,0.0,0.0,0.0
1046.5,7.0,2148.0,4.0,1,4013.0,0.0,0.0,0.0
312.0,4.0,600.0,4.0,1,605.0,0.0,0.0,0.0
706.0,5.0,1362.0,4.0,1,1731.0,0.0,0.0,0.0
567.0,11.5,478.0,5.0,1,1414.0,0.0,0.0,0.0
149.0,3.5,264.0,4.0,1,566.0,0.0,0.0,0.0
47.0,2.0,475.0,4.0,1,903.0,0.0,0.0,0.0
374.0,14.0,296.0,4.0,1,611.0,0.0,0.0,0.0
105.0,3.0,442.0,4.0,1,170.0,0.0,0.0,0.0
3.0,0.5,753.0,0.0,0,1043.0,0.0,0.0,0.0
244.0,4.5,576.0,0.0,1,120.0,0.0,0.0,0.0
1025.5,15.666666666666666,2322.0,4.0,1,845.0,0.0,0.0,0.0
96.5,0.5,546.0,4.0,1,109.0,12.666666666666666,1.0,0.0
628.0,9.0,662.0,4.0,1,650.0,0.0,0.0,0.0
87.75,1.0,943.0,4.0,1,207.0,0.0,0.0,0.0
117.0,5.0,587.0,4.0,1,230.0,0.0,0.0,0.0
272.0,7.0,705.0,4.0,1,301.0,0.0,0.0,0.0
58.0,2.0,836.0,4.0,0,474.0,17.0,2.0,0.0
285.0,5.0,472.0,4.0,1,0.0,0.0,0.0,0.0
92.0,1.5,381.0,2.0,1,63.0,18.5,2.0,0.0
872.0,4.0,2331.0,4.0,1,3485.0,0.0,0.0,0.0
259.5,7.5,63.0,4.0,1,695.0,0.0,0.0,0.0
756.5,10.0,920.0,4.0,1,566.0,0.0,0.0,0.0
342.0,4.0,492.0,4.0,1,379.0,0.0,0.0,0.0
546.5,3.0,646.0,4.0,1,508.0,0.0,0.0,0.0
142.5,3.0,290.0,4.0,1,152.0,15.0,1.0,0.0
885.0,9.0,1699.0,4.0,1,2589.0,0.0,0.0,0.0
1497.5,12.5,524.0,4.0,1,1342.0,0.0,0.0,0.0
1094.75,7.0,1519.0,4.0,1,3385.0,0.0,0.0,0.0
1511.5,24.0,1902.0,4.0,1,854.0,0.0,0.0,0.0
685.0,5.0,1079.0,4.0,1,1714.0,0.0,0.0,0.0
26.0,1.0,376.0,4.0,1,533.0,17.0,0.0,0.0
35.0,2.0,404.0,4.0,1,423.0,20.5,0.0,0.0
824.0,11.0,1476.0,4.0,1,1188.0,0.0,0.0,0.0
276.0,7.5,304.0,4.0,1,189.0,0.0,0.0,0.0
160.0,2.0,977.0,4.0,1,158.0,0.0,0.0,0.0
850.0,14.0,1646.0,4.0,1,1366.0,0.0,0.0,0.0
284.0,3.5,656.0,4.0,1,66.0,0.0,0.0,0.0
1057.0,16.0,1001.0,4.0,1,2544.0,0.0,0.0,0.0
773.0,5.0,1446.0,4.0,1,2388.0,0.0,0.0,0.0
556.0,19.666666666666668,431.0,4.0,1,483.0,0.0,0.0,0.0
315.0,2.5,349.0,4.0,1,0.0,0.0,0.0,0.0
94.0,2.5,1160.0,4.0,0,286.0,0.0,0.0,0.0
940.0,12.0,837.0,5.0,1,1289.0,0.0,0.0,0.0
279.0,2.0,282.0,4.0,1,130.0,0.0,0.0,0.0
85.0,3.0,1226.0,4.0,1,338.0,0.0,0.0,0.0
134.5,1.5,187.0,3.5,1,241.0,17.4,2.0,0.0
436.5,3.0,230.0,4.0,1,1386.0,0.0,0.0,0.0
24.0,3.0,520.0,4.0,1,223.0,0.0,0.0,0.0
614.0,12.0,726.0,5.0,1,2240.0,0.0,0.0,0.0
953.5,18.666666666666668,527.0,5.0,1,1247.0,0.0,0.0,0.0
1098.0,17.0,136.0,5.0,1,732.0,0.0,0.0,0.0
9.0,1.0,918.0,4.0,1,479.0,0.0,0.0,0.0
198.5,6.0,855.0,2.0,1,21.0,0.0,0.0,0.0
217.5,6.0,998.0,4.0,1,625.0,0.0,0.0,0.0
92.0,3.0,451.0,4.0,1,357.0,0.0,0.0,0.0
134.0,1.0,778.0,4.0,1,218.0,0.0,0.0,0.0
650.0,6.5,662.0,4.0,1,1503.0,0.0,0.0,0.0
1658.0,14.5,408.0,4.0,1,1162.0,0.0,0.0,0.0
739.0,9.0,1446.0,4.0,1,1671.0,0.0,0.0,0.0
784.25,4.5,1526.0,4.0,1,2490.0,0.0,0.0,0.0
117.0,1.0,466.0,4.0,1,91.0,0.0,0.0,0.0
380.0,6.0,224.0,4.0,1,502.0,0.0,0.0,0.0
150.5,3.0,663.0,4.0,1,125.0,0.0,0.0,0.0
963.0,17.5,541.0,5.0,1,975.0,0.0,0.0,0.0
980.0,12.0,1238.0,4.0,1,2478.0,0.0,0.0,0.0
395.0,2.5,434.0,4.0,1,208.0,0.0,0.0,0.0
167.5,2.0,613.0,4.0,1,229.0,16.0,0.0,0.0
1390.0,15.5,910.0,4.0,1,1399.0,0.0,0.0,0.0
316.0,4.0,389.0,2.0,1,43.0,0.0,0.0,0.0
659.5,8.0,344.0,4.0,1,200.0,0.0,0.0,0.0
656.0,9.5,389.0,4.0,1,289.0,0.0,0.0,0.0
33.0,0.5,400.0,4.0,1,280.0,0.0,0.0,0.0
47.0,3.0,412.0,2.0,1,16.0,20.83333333333333,1.0,0.0
460.5,6.0,117.0,3.0,1,477.0,0.0,0.0,0.0
605.5,5.0,764.0,4.0,1,969.0,0.0,0.0,0.0
319.0,4.5,268.0,4.0,1,608.0,0.0,0.0,0.0
450.0,8.0,503.0,4.0,1,197.0,0.0,0.0,0.0
588.0,4.0,74.0,4.0,1,1004.0,0.0,0.0,0.0
5.5,3.0,187.0,4.5,1,202.0,0.0,0.0,0.0
1314.5,14.0,1523.0,4.0,1,310.0,0.0,0.0,0.0
62.5,2.0,422.0,4.0,1,817.0,0.0,0.0,0.0
573.5,4.5,73.0,4.0,1,163.0,0.0,0.0,0.0
223.5,15.0,461.0,4.0,1,459.0,0.0,0.0,0.0
425.5,11.0,893.0,4.0,1,851.0,0.0,0.0,0.0
175.0,3.5,253.0,4.0,1,81.0,0.0,0.0,0.0
21.0,0.5,624.0,4.0,1,658.0,0.0,0.0,0.0
245.0,3.0,904.0,4.0,1,338.0,0.0,0.0,0.0
1233.0,8.5,1322.0,4.0,1,360.0,0.0,0.0,0.0
1062.0,16.5,734.0,4.0,1,2204.0,0.0,0.0,0.0
93.5,2.0,330.0,4.0,1,347.0,0.0,0.0,0.0
297.5,2.5,378.0,4.0,1,810.0,0.0,0.0,0.0
1062.0,27.0,1785.0,5.0,1,75.0,0.0,0.0,0.0
238.0,4.5,387.0,4.0,1,329.0,0.0,0.0,0.0
397.5,3.0,648.0,4.0,1,83.0,0.0,0.0,0.0
284.0,4.0,115.0,4.0,1,31.0,0.0,0.0,0.0
82.0,2.0,628.0,4.0,1,109.0,0.0,0.0,0.0
601.5,3.5,788.0,4.0,1,405.0,0.0,0.0,0.0
170.5,3.0,700.0,4.0,1,307.0,0.0,0.0,0.0
913.0,2.0,859.0,4.0,1,43.0,0.0,0.0,0.0
1186.0,9.0,522.0,4.0,1,2375.0,0.0,0.0,0.0
1189.0,14.0,2518.0,4.0,1,1480.0,0.0,0.0,0.0
222.0,3.0,107.0,4.0,1,479.0,0.0,0.0,0.0
284.5,5.0,1149.0,4.0,1,762.0,0.0,0.0,0.0
218.5,2.5,864.0,4.0,1,157.0,0.0,0.0,0.0
1016.0,11.5,1949.0,4.0,1,3684.0,0.0,0.0,0.0
103.0,3.5,625.0,4.0,1,392.0,0.0,0.0,0.0
1225.0,8.0,636.0,4.0,1,1455.0,0.0,0.0,0.0
1217.5,27.5,663.0,4.0,1,302.0,0.0,0.0,0.0
692.75,7.5,1079.0,4.0,1,1883.0,0.0,0.0,0.0
788.5,9.0,1041.0,4.0,1,3764.0,0.0,0.0,0.0
360.0,4.0,380.0,4.0,1,1178.0,0.0,0.0,0.0
717.5,6.5,1161.0,4.0,1,1658.0,0.0,0.0,0.0
46.0,1.0,249.0,4.0,1,236.0,0.0,0.0,0.0
66.5,2.0,316.0,4.0,1,441.0,0.0,0.0,0.0
1079.5,4.0,1755.0,4.0,1,3614.0,0.0,0.0,0.0
729.0,14.0,470.0,4.0,1,521.0,0.0,0.0,0.0
1547.0,13.25,536.0,4.0,1,397.0,0.0,0.0,0.0
155.5,5.0,222.0,4.0,1,156.0,0.0,0.0,0.0
238.0,4.5,983.0,4.0,1,451.0,0.0,0.0,0.0
741.0,21.0,616.0,5.0,1,754.0,0.0,0.0,0.0
143.0,2.0,1068.0,4.0,1,490.0,0.0,0.0,0.0
517.0,2.5,44.0,4.0,1,475.0,0.0,0.0,0.0
81.5,2.0,1254.0,4.0,1,406.0,0.0,0.0,0.0
338.0,3.0,486.0,4.0,1,204.0,0.0,0.0,0.0
43.66666666666666,2.0,244.0,4.0,1,57.0,0.0,0.0,0.0
201.3333333333333,11.0,236.0,4.5,1,258.0,0.0,0.0,0.0
490.0,7.5,298.0,4.0,1,583.0,0.0,0.0,0.0
153.0,4.0,354.0,3.0,1,194.0,0.0,0.0,0.0
623.0,10.0,793.0,4.0,1,1705.0,0.0,0.0,0.0
498.0,4.0,2.0,4.0,1,184.0,0.0,0.0,0.0
441.5,9.0,361.0,4.0,1,253.0,0.0,0.0,0.0
240.0,6.0,1060.0,4.0,1,847.0,0.0,0.0,0.0
584.0,2.0,676.0,4.0,1,1520.0,0.0,0.0,0.0
21.0,3.5,454.0,3.5,1,228.0,17.0,0.0,0.0
876.0,18.0,2118.0,4.0,1,1983.0,0.0,0.0,0.0
1178.0,16.0,835.0,4.0,1,1023.0,0.0,0.0,0.0
1021.5,10.0,1292.0,4.0,1,1012.0,0.0,0.0,0.0
1160.5,7.0,679.0,4.0,1,2548.0,0.0,0.0,0.0
171.75,9.0,480.0,4.0,1,406.0,0.0,0.0,0.0
274.0,4.0,203.0,4.0,1,404.0,0.0,0.0,0.0
820.0,11.5,1381.0,4.0,1,2964.0,0.0,0.0,0.0
272.0,2.0,996.0,4.0,1,154.0,0.0,0.0,0.0
363.0,3.0,17.0,0.0,1,0.0,0.0,0.0,0.0
295.0,2.0,521.0,4.0,1,635.0,0.0,0.0,0.0
174.0,7.5,643.0,4.0,1,461.0,0.0,0.0,0.0
231.0,3.0,366.0,2.0,1,5.0,0.0,0.0,0.0
346.0,4.0,445.0,4.0,1,179.0,0.0,0.0,0.0
191.0,5.0,601.0,4.0,1,572.0,0.0,0.0,0.0
873.0,5.0,2193.0,4.0,1,3432.0,0.0,0.0,0.0
1310.0,6.5,1244.0,4.0,1,1712.0,0.0,0.0,0.0
132.0,3.0,249.0,2.0,1,30.0,0.0,0.0,0.0
734.0,13.75,485.0,5.0,1,2636.0,0.0,0.0,0.0
229.0,10.25,181.0,4.0,1,419.0,0.0,0.0,0.0
68.0,4.5,141.0,4.0,1,1162.0,0.0,0.0,0.0
252.0,1.0,440.0,4.0,1,252.0,0.0,0.0,0.0
570.5,6.0,28.0,4.0,0,961.0,0.0,0.0,0.0
152.0,4.0,404.0,4.0,1,523.0,0.0,0.0,0.0
282.5,6.0,376.0,4.0,1,376.0,0.0,0.0,0.0
519.0,3.0,96.0,4.0,1,35.0,0.0,0.0,0.0
87.5,4.5,569.0,4.0,1,208.0,0.0,0.0,0.0
440.5,6.0,396.0,4.0,1,200.0,0.0,0.0,0.0
894.0,5.5,1852.0,4.0,1,3543.0,0.0,0.0,0.0
188.0,1.0,438.0,4.0,1,301.0,0.0,0.0,0.0
270.0,5.0,728.0,4.0,1,308.0,0.0,0.0,0.0
216.5,6.5,452.0,4.0,1,364.0,0.0,0.0,0.0
318.0,3.0,111.0,4.0,1,420.0,0.0,0.0,0.0
749.0,9.0,948.0,4.0,1,1804.0,0.0,0.0,0.0
268.0,6.0,929.0,4.0,1,114.0,0.0,0.0,0.0
264.5,4.0,338.0,4.0,1,210.0,0.0,0.0,0.0
240.0,2.5,367.0,4.0,1,232.0,0.0,0.0,0.0
118.5,2.0,407.0,2.0,1,14.0,0.0,0.0,0.0
14.333333333333334,2.0,1290.0,4.0,0,419.0,7.0,0.0,0.0
151.5,2.0,431.0,4.0,1,13.0,0.0,0.0,0.0
655.25,6.0,252.0,4.0,1,127.0,0.0,0.0,0.0
1135.0,10.0,92.0,5.0,1,760.0,0.0,0.0,0.0
28.0,2.5,1480.0,4.0,1,562.0,17.5,1.0,0.0
667.5,7.0,573.0,4.0,1,559.0,0.0,0.0,0.0
345.0,4.5,753.0,4.0,1,239.0,0.0,0.0,0.0
40.5,1.0,395.0,2.0,1,41.0,0.0,0.0,0.0
127.0,3.0,544.0,4.0,1,368.0,0.0,0.0,0.0
309.0,6.0,198.0,4.0,1,112.0,0.0,0.0,0.0
81.5,2.0,428.0,4.0,1,67.0,0.0,0.0,0.0
330.0,7.5,906.0,4.0,1,822.0,0.0,0.0,0.0
1284.0,28.0,1629.0,4.0,1,193.0,0.0,0.0,0.0
723.0,5.0,1387.0,4.0,1,2121.0,0.0,0.0,0.0
571.3333333333334,11.0,142.0,4.0,1,1125.0,0.0,0.0,0.0
231.5,3.5,233.0,4.0,1,141.0,0.0,0.0,0.0
134.0,3.0,88.0,2.0,1,49.0,11.5,1.0,0.0
362.0,6.0,106.0,4.0,1,160.0,0.0,0.0,0.0
137.5,3.0,420.0,4.0,1,37.0,0.0,0.0,0.0
482.5,7.0,455.0,4.0,1,886.0,0.0,0.0,0.0
697.25,9.5,1454.0,4.0,1,63.0,0.0,0.0,0.0
522.0,5.0,453.0,4.0,1,97.0,0.0,0.0,0.0
44.0,2.5,206.0,4.0,1,141.0,0.0,0.0,0.0
36.0,1.5,504.0,4.0,0,517.0,15.0,1.0,0.0
338.0,6.0,439.0,2.0,1,525.0,0.0,0.0,0.0
585.5,1.5,723.0,4.0,1,1598.0,0.0,0.0,0.0
809.0,6.5,1821.0,4.0,1,2641.0,0.0,0.0,0.0
1182.0,10.0,388.0,4.0,1,1471.0,0.0,0.0,0.0
480.0,6.5,256.0,4.0,1,525.0,0.0,0.0,0.0
176.0,5.0,823.0,4.0,1,657.0,0.0,0.0,0.0
36.0,1.0,171.0,4.0,1,139.0,27.0,1.0,0.0
456.0,4.5,384.0,4.0,1,218.0,0.0,0.0,0.0
156.0,2.0,589.0,4.0,1,476.0,0.0,0.0,0.0
158.0,1.0,806.0,4.0,1,257.0,0.0,0.0,0.0
11.0,8.0,705.0,2.0,1,63.0,0.0,0.0,0.0
608.0,4.0,795.0,4.0,1,967.0,0.0,0.0,0.0
411.75,7.0,445.0,4.0,1,507.0,0.0,0.0,0.0
86.0,2.0,349.0,4.0,1,432.0,32.0,0.0,0.0
446.0,5.0,335.0,4.0,1,280.0,0.0,0.0,0.0
422.5,5.5,503.0,4.0,1,123.0,0.0,0.0,0.0
639.0,3.0,46.0,4.0,1,991.0,0.0,0.0,0.0
345.0,4.5,391.0,4.0,1,153.0,0.0,0.0,0.0
1391.25,7.0,834.0,4.0,1,1266.0,0.0,0.0,0.0
192.0,6.0,732.0,4.0,1,716.0,0.0,0.0,0.0
933.5,14.0,1459.0,4.0,1,2507.0,0.0,0.0,0.0
336.5,5.0,565.0,4.0,1,623.0,0.0,0.0,0.0
239.0,3.0,460.0,4.0,1,108.0,0.0,0.0,0.0
166.5,4.0,350.0,4.0,1,432.0,0.0,0.0,0.0
137.0,3.0,493.0,4.0,1,294.0,0.0,0.0,0.0
360.0,8.0,534.0,4.0,1,457.0,0.0,0.0,0.0
281.0,3.0,502.0,4.0,1,874.0,0.0,0.0,0.0
856.0,12.0,861.0,5.0,1,2859.0,0.0,0.0,0.0
300.0,9.0,389.0,4.0,1,338.0,0.0,0.0,0.0
306.0,5.0,385.0,4.0,1,192.0,0.0,0.0,0.0
883.5,13.666666666666666,1193.0,5.0,1,1629.0,0.0,0.0,0.0
865.0,5.0,1235.0,4.0,1,3663.0,0.0,0.0,0.0
168.0,19.0,302.0,4.0,1,264.0,0.0,0.0,0.0
866.0,7.0,2117.0,4.0,1,3343.0,0.0,0.0,0.0
272.0,8.0,395.0,4.0,1,784.0,0.0,0.0,0.0
113.0,2.5,315.0,4.0,1,220.0,0.0,0.0,0.0
363.0,12.0,561.0,4.0,1,339.0,0.0,0.0,0.0
212.0,4.0,448.0,4.0,1,16.0,0.0,0.0,0.0
990.0,12.0,1248.0,4.0,1,2539.0,0.0,0.0,0.0
310.5,6.0,440.0,4.0,1,556.0,0.0,0.0,0.0
4.666666666666667,2.0,434.0,2.0,1,295.0,0.0,0.0,0.0
218.0,3.0,237.0,4.0,1,213.0,0.0,0.0,0.0
384.25,5.0,580.0,4.0,1,735.0,0.0,0.0,0.0
1002.0,12.0,2196.0,4.0,1,3914.0,0.0,0.0,0.0
590.0,6.5,772.0,4.0,1,837.0,0.0,0.0,0.0
577.0,8.0,874.0,4.0,1,159.0,0.0,0.0,0.0
302.0,2.5,485.0,4.0,1,108.0,0.0,0.0,0.0
833.5,16.0,1906.0,4.0,1,1813.0,0.0,0.0,0.0
1214.0,8.0,1096.0,4.0,1,883.0,0.0,0.0,0.0
641.0,6.0,270.0,4.0,1,468.0,0.0,0.0,0.0
293.0,6.0,806.0,4.0,1,328.0,0.0,0.0,0.0
95.0,1.5,1021.0,4.0,0,332.0,30.0,0.0,0.0
116.0,3.0,736.0,4.0,0,437.0,20.0,1.0,0.0
530.0,8.0,665.0,4.0,1,799.0,0.0,0.0,0.0
198.66666666666663,5.0,190.0,4.0,1,76.0,0.0,0.0,0.0
1266.0,9.0,2172.0,4.0,1,1286.0,0.0,0.0,0.0
626.5,6.0,612.0,4.0,1,362.0,0.0,0.0,0.0
436.0,5.0,271.0,4.0,1,298.0,0.0,0.0,0.0
86.0,3.0,1180.0,4.0,1,311.0,0.0,0.0,0.0
1521.0,32.0,2226.0,4.0,1,266.0,0.0,0.0,0.0
394.0,3.0,342.0,4.0,1,1307.0,0.0,0.0,0.0
1611.0,26.0,1363.0,5.0,1,226.0,0.0,0.0,0.0
597.5,24.0,890.0,5.0,1,1691.0,0.0,0.0,0.0
40.0,12.0,399.0,4.0,0,743.0,13.166666666666666,2.0,0.0
46.0,0.5,675.0,4.0,1,468.0,20.4,2.0,0.0
599.5,3.5,1079.0,4.0,1,2052.0,0.0,0.0,0.0
668.5,8.25,628.0,4.0,1,1193.0,0.0,0.0,0.0
48.5,2.0,1299.0,4.0,1,411.0,30.0,0.0,0.0
623.0,8.0,825.0,4.0,1,1095.0,0.0,0.0,0.0
192.0,5.0,579.0,4.0,1,269.0,0.0,0.0,0.0
354.5,4.0,519.0,4.0,1,334.0,0.0,0.0,0.0
431.6666666666667,5.0,437.0,4.0,1,0.0,0.0,0.0,0.0
125.0,3.0,138.0,4.0,1,384.0,0.0,0.0,0.0
31.5,2.5,704.0,4.0,1,1025.0,0.0,0.0,0.0
835.5,10.0,1898.0,4.0,1,1389.0,0.0,0.0,0.0
77.0,3.5,133.0,4.0,0,144.0,0.0,0.0,0.0
25.0,1.0,629.0,4.0,1,271.0,0.0,0.0,0.0
113.75,1.0,242.0,4.0,1,482.0,0.0,0.0,0.0
456.5,6.0,196.0,4.0,1,104.0,0.0,0.0,0.0
682.0,7.0,886.0,4.0,1,1751.0,0.0,0.0,0.0
971.0,11.0,1600.0,4.0,1,3017.0,0.0,0.0,0.0
685.5,9.0,64.0,4.0,1,202.0,0.0,0.0,0.0
41.0,2.0,476.0,4.0,1,136.0,0.0,0.0,0.0
545.0,3.0,262.0,4.0,1,203.0,0.0,0.0,0.0
220.0,5.0,167.0,4.0,1,591.0,0.0,0.0,0.0
52.0,1.0,861.0,4.0,1,325.0,16.0,1.0,0.0
580.0,10.0,198.0,4.0,1,776.0,0.0,0.0,0.0
896.5,14.0,646.0,4.5,1,877.0,0.0,0.0,0.0
586.5,5.0,290.0,4.0,1,1102.0,0.0,0.0,0.0
71.0,1.0,408.0,4.0,1,165.0,19.75,2.0,0.0
31.0,1.5,427.0,2.0,1,43.0,25.6,1.0,0.0
24.0,1.0,854.0,4.0,1,660.0,0.0,0.0,0.0
96.0,3.0,1039.0,4.0,1,640.0,0.0,0.0,0.0
353.5,3.0,314.0,4.0,1,285.0,0.0,0.0,0.0
309.6666666666667,4.0,126.0,4.0,1,185.0,0.0,0.0,0.0
910.0,7.0,2213.0,4.0,1,3674.0,0.0,0.0,0.0
772.5,5.0,1608.0,4.0,1,2384.0,0.0,0.0,0.0
296.0,4.0,273.0,2.0,1,30.0,0.0,0.0,0.0
9.0,4.0,172.0,2.0,1,23.0,0.0,0.0,0.0
339.0,5.0,651.0,4.0,1,336.0,0.0,0.0,0.0
298.0,6.0,389.0,4.0,1,210.0,0.0,0.0,0.0
368.6666666666667,5.0,499.0,4.0,1,1046.0,0.0,0.0,0.0
1589.0,9.0,580.0,4.0,1,417.0,0.0,0.0,0.0
635.5,10.5,711.0,2.0,1,800.0,0.0,0.0,0.0
307.5,12.0,346.0,4.0,1,197.0,0.0,0.0,0.0
1116.0,6.0,874.0,4.0,1,2600.0,0.0,0.0,0.0
893.0,13.0,1952.0,4.5,1,693.0,0.0,0.0,0.0
1044.0,9.5,1033.0,4.0,1,1273.0,0.0,0.0,0.0
252.66666666666663,3.0,358.0,4.0,1,147.0,0.0,0.0,0.0
220.0,3.0,581.0,4.0,1,696.0,0.0,0.0,0.0
65.0,2.0,694.0,4.0,1,11.0,18.0,1.0,0.0
635.0,4.0,279.0,4.0,1,773.0,0.0,0.0,0.0
94.75,3.0,329.0,4.0,1,357.0,16.0,0.0,0.0
238.0,4.0,449.0,4.0,1,69.0,0.0,0.0,0.0
508.0,5.0,349.0,4.0,1,438.0,0.0,0.0,0.0
205.0,4.5,1441.0,4.0,1,697.0,0.0,0.0,0.0
503.0,13.0,632.0,4.0,1,1369.0,0.0,0.0,0.0
267.0,7.0,173.0,4.0,1,301.0,0.0,0.0,0.0
400.5,6.5,250.0,4.0,1,1057.0,0.0,0.0,0.0
100.0,2.0,427.0,4.0,1,210.0,6.666666666666667,1.0,0.0
19.0,3.0,961.0,4.0,1,456.0,14.0,0.0,0.0
506.5,4.5,430.0,4.0,1,264.0,0.0,0.0,0.0
63.0,1.5,108.0,4.0,1,152.0,17.5,1.0,0.0
164.0,2.5,450.0,4.0,1,289.0,16.0,1.0,0.0
687.5,5.0,1043.0,4.0,1,400.0,0.0,0.0,0.0
420.0,6.0,43.0,4.0,1,440.0,0.0,0.0,0.0
590.0,3.0,1460.0,4.0,1,2520.0,0.0,0.0,0.0
276.0,3.5,325.0,4.0,1,186.0,0.0,0.0,0.0
669.0,8.0,1018.0,4.0,1,1766.0,0.0,0.0,0.0
198.5,3.0,619.0,4.0,1,16.0,7.333333333333333,1.0,0.0
376.5,5.0,266.0,4.0,1,161.0,0.0,0.0,0.0
272.0,4.5,170.0,4.0,1,801.0,0.0,0.0,0.0
488.5,6.5,220.0,4.0,1,89.0,18.0,0.0,0.0
470.5,9.5,268.0,5.0,1,1722.0,0.0,0.0,0.0
63.0,5.0,50.0,4.0,1,145.0,0.0,0.0,0.0
27.5,2.5,876.0,4.0,1,216.0,15.0,4.0,0.0
9.0,2.0,114.0,5.0,0,404.0,10.8,6.0,0.0
728.0,8.0,1237.0,4.0,1,1703.0,0.0,0.0,0.0
683.0,10.0,1288.0,2.0,1,1253.0,0.0,0.0,0.0
258.0,4.0,137.0,4.0,1,14.0,0.0,0.0,0.0
990.0,15.0,1732.0,5.0,1,316.0,0.0,0.0,0.0
512.0,5.0,529.0,4.0,1,75.0,0.0,0.0,0.0
244.0,7.0,509.0,4.0,1,162.0,0.0,0.0,0.0
155.0,2.0,330.0,4.0,1,5.0,0.0,0.0,0.0
1115.5,11.0,2407.0,4.0,1,1442.0,0.0,0.0,0.0
167.5,3.5,998.0,4.0,1,500.0,0.0,0.0,0.0
849.0,5.0,1085.0,4.0,1,402.0,0.0,0.0,0.0
426.0,3.0,271.0,4.0,1,1124.0,0.0,0.0,0.0
137.0,3.0,215.0,4.0,1,395.0,0.0,0.0,0.0
350.5,8.5,371.0,4.0,1,481.0,0.0,0.0,0.0
576.0,4.0,221.0,4.0,1,962.0,0.0,0.0,0.0
185.0,4.0,568.0,4.0,1,63.0,0.0,0.0,0.0
235.0,10.0,323.0,4.0,1,403.0,0.0,0.0,0.0
391.0,5.0,421.0,4.0,1,514.0,0.0,0.0,0.0
81.0,5.0,1319.0,4.0,1,515.0,0.0,0.0,0.0
172.0,0.5,1094.0,4.0,1,485.0,0.0,0.0,0.0
329.75,7.0,285.0,4.0,1,292.0,0.0,0.0,0.0
142.0,14.0,216.0,4.0,1,182.0,0.0,0.0,0.0
207.0,3.5,1106.0,4.0,1,396.0,0.0,0.0,0.0
123.0,6.0,587.0,4.0,1,638.0,0.0,0.0,0.0
719.0,8.0,1333.0,4.0,1,2062.0,0.0,0.0,0.0
537.0,6.0,296.0,4.0,1,300.0,0.0,0.0,0.0
45.5,1.0,721.0,4.0,1,514.0,0.0,0.0,0.0
277.0,3.5,75.0,2.0,1,152.0,0.0,0.0,0.0
1253.0,10.0,642.0,4.0,1,2244.0,0.0,0.0,0.0
272.0,4.0,340.0,4.0,1,77.0,0.0,0.0,0.0
519.5,3.0,827.0,4.0,1,875.0,0.0,0.0,0.0
263.0,3.0,826.0,4.0,1,109.0,0.0,0.0,0.0
265.0,3.5,811.0,4.0,1,113.0,0.0,0.0,0.0
18.0,2.0,293.0,4.0,1,283.0,0.0,0.0,0.0
107.0,1.5,231.0,4.0,0,424.0,9.0,0.0,0.0
257.0,2.5,513.0,4.0,1,22.0,36.0,0.0,0.0
829.0,4.0,361.0,5.0,1,2401.0,0.0,0.0,0.0
244.0,1.5,389.0,4.0,1,833.0,0.0,0.0,0.0
7.0,4.0,895.0,0.0,1,24.0,10.5,1.0,0.0
712.0,4.5,648.0,4.0,1,829.0,0.0,0.0,0.0
312.0,4.0,215.0,4.0,1,432.0,0.0,0.0,0.0
165.0,2.5,369.0,4.0,1,99.0,0.0,0.0,0.0
416.0,4.5,249.0,4.0,1,1136.0,0.0,0.0,0.0
558.0,4.0,180.0,4.0,1,207.0,0.0,0.0,0.0
273.5,5.0,265.0,4.0,1,173.0,0.0,0.0,0.0
544.0,6.0,74.0,4.0,1,446.0,0.0,0.0,0.0
679.0,11.5,708.0,4.0,1,184.0,0.0,0.0,0.0
624.0,3.0,291.0,4.0,1,776.0,0.0,0.0,0.0
606.5,5.0,721.0,4.0,1,532.0,0.0,0.0,0.0
23.5,0.0,620.0,4.0,0,647.0,0.0,0.0,0.0
26.0,8.0,711.0,4.0,1,1364.0,0.0,0.0,0.0
53.0,2.5,316.0,4.0,1,161.0,0.0,0.0,0.0
691.0,8.0,970.0,4.5,1,34.0,0.0,0.0,0.0
99.75,2.0,538.0,4.0,1,131.0,10.333333333333334,1.0,0.0
1.0,0.0,784.0,0.0,0,1150.0,0.0,0.0,0.0
658.5,10.5,514.0,5.0,1,2319.0,0.0,0.0,0.0
892.5,4.0,831.0,4.0,1,343.0,0.0,0.0,0.0
453.0,6.0,330.0,4.0,1,206.0,0.0,0.0,0.0
17.0,2.5,393.0,4.0,1,766.0,0.0,0.0,0.0
1145.0,8.0,454.0,4.0,1,2263.0,0.0,0.0,0.0
73.0,1.0,584.0,5.0,1,660.0,0.0,0.0,0.0
691.0,7.0,98.0,4.0,1,259.0,0.0,0.0,0.0
1452.0,18.0,2011.0,4.0,1,458.0,0.0,0.0,0.0
897.0,8.0,68.0,5.0,1,2741.0,0.0,0.0,0.0
197.0,3.0,303.0,4.0,1,307.0,0.0,0.0,0.0
67.5,5.0,177.0,4.0,1,257.0,0.0,0.0,0.0
236.0,13.5,346.0,4.0,1,543.0,0.0,0.0,0.0
684.5,9.5,1367.0,4.0,1,1397.0,0.0,0.0,0.0
157.0,2.0,734.0,4.0,1,482.0,0.0,0.0,0.0
65.5,2.0,547.0,4.0,1,379.0,0.0,0.0,0.0
365.0,6.0,28.0,4.0,1,630.0,0.0,0.0,0.0
28.0,1.0,490.0,4.0,1,126.0,0.0,0.0,0.0
282.0,5.0,550.0,4.0,1,256.0,0.0,0.0,0.0
339.5,6.5,597.0,4.0,1,413.0,0.0,0.0,0.0
227.0,3.5,559.0,4.0,1,185.0,0.0,0.0,0.0
540.0,4.0,148.0,4.0,1,448.0,0.0,0.0,0.0
1094.25,4.5,1269.0,4.0,1,3102.0,0.0,0.0,0.0
473.0,6.5,289.0,4.0,1,98.0,0.0,0.0,0.0
213.0,4.0,740.0,4.0,1,85.0,0.0,0.0,0.0
354.0,5.5,880.0,4.0,1,391.0,0.0,0.0,0.0
235.5,5.5,687.0,4.0,1,1049.0,0.0,0.0,0.0
289.0,3.0,134.0,2.0,1,12.0,0.0,0.0,0.0
436.5,6.0,506.0,4.0,1,224.0,0.0,0.0,0.0
1150.0,18.0,1918.0,5.0,1,482.0,0.0,0.0,0.0
839.75,17.0,168.0,5.0,1,2692.0,0.0,0.0,0.0
532.0,9.0,438.0,4.0,1,444.0,0.0,0.0,0.0
510.0,7.0,435.0,4.0,1,114.0,0.0,0.0,0.0
83.0,3.0,634.0,4.0,1,157.0,9.0,0.0,0.0
42.0,2.0,688.0,4.0,1,1135.0,0.0,0.0,0.0
123.0,7.666666666666667,545.0,4.0,1,174.0,0.0,0.0,0.0
55.0,2.5,301.0,4.0,1,131.0,0.0,0.0,0.0
113.0,5.5,880.0,4.0,1,231.0,0.0,0.0,0.0
576.0,1.0,1366.0,4.0,1,2816.0,0.0,0.0,0.0
952.5,11.0,1220.0,5.0,1,1649.0,0.0,0.0,0.0
385.0,4.0,122.0,4.0,0,188.0,0.0,0.0,0.0
1121.0,5.0,1292.0,4.0,1,3155.0,0.0,0.0,0.0
534.0,5.0,487.0,4.0,1,229.0,0.0,0.0,0.0
113.5,2.5,61.0,4.0,1,301.0,0.0,0.0,0.0
143.5,2.0,1028.0,4.0,0,127.0,13.0,0.0,0.0
366.5,10.333333333333334,177.0,4.0,1,530.0,0.0,0.0,0.0
176.5,3.0,856.0,4.0,1,104.0,0.0,0.0,0.0
541.0,4.0,182.0,4.0,1,475.0,0.0,0.0,0.0
221.0,4.0,179.0,4.0,1,317.0,0.0,0.0,0.0
291.0,6.0,553.0,4.0,1,170.0,0.0,0.0,0.0
409.0,4.0,671.0,4.0,1,122.0,0.0,0.0,0.0
656.5,4.5,328.0,4.0,1,1339.0,0.0,0.0,0.0
474.0,5.0,69.0,4.0,1,459.0,0.0,0.0,0.0
1671.0,26.0,1240.0,5.0,1,34.0,0.0,0.0,0.0
239.0,4.0,482.0,4.0,1,224.0,0.0,0.0,0.0
297.0,7.5,422.0,4.0,1,684.0,0.0,0.0,0.0
222.5,22.0,426.0,4.0,1,355.0,0.0,0.0,0.0
932.5,16.25,1999.0,5.0,1,53.0,0.0,0.0,0.0
1124.0,12.5,2330.0,4.0,1,1614.0,0.0,0.0,0.0
641.0,6.0,836.0,4.0,1,1400.0,0.0,0.0,0.0
324.0,4.0,53.0,4.0,1,13.0,0.0,0.0,0.0
134.0,4.0,816.0,4.0,1,169.0,0.0,0.0,0.0
450.75,6.0,281.0,4.0,1,245.0,0.0,0.0,0.0
1293.5,17.0,2346.0,4.0,1,1276.0,0.0,0.0,0.0
625.0,3.0,553.0,4.0,1,744.0,0.0,0.0,0.0
157.5,3.0,691.0,4.0,1,23.0,0.0,0.0,0.0
89.0,3.0,186.0,4.0,1,133.0,0.0,0.0,0.0
103.5,5.0,793.0,4.0,1,104.0,0.0,0.0,0.0
65.0,2.0,1054.0,4.0,0,333.0,8.666666666666666,1.0,0.0
514.5,3.5,220.0,4.0,1,582.0,0.0,0.0,0.0
150.0,3.0,663.0,4.0,1,141.0,0.0,0.0,0.0
1130.0,7.0,1475.0,4.5,1,376.0,0.0,0.0,0.0
62.0,4.0,162.0,4.0,1,937.0,0.0,0.0,0.0
21.5,1.5,457.0,4.5,1,646.0,0.0,0.0,0.0
109.0,2.5,498.0,2.333333333333333,1,3.0,0.0,0.0,0.0
1275.75,13.5,1032.0,5.0,1,2479.0,0.0,0.0,0.0
160.0,4.0,385.0,4.0,1,101.0,0.0,0.0,0.0
333.0,4.0,263.0,4.0,1,111.0,0.0,0.0,0.0
522.0,6.0,233.0,2.0,1,243.0,0.0,0.0,0.0
62.0,3.0,146.0,4.0,1,456.0,0.0,0.0,0.0
605.0,3.5,1134.0,4.0,1,2035.0,0.0,0.0,0.0
1188.0,8.0,1218.0,4.0,1,2949.0,0.0,0.0,0.0
341.5,5.0,407.0,4.0,1,141.0,0.0,0.0,0.0
32.0,2.5,854.0,4.0,1,1134.0,0.0,0.0,0.0
344.5,5.0,534.0,4.0,1,237.0,0.0,0.0,0.0
148.0,2.0,261.0,4.0,1,122.0,0.0,0.0,0.0
101.0,1.0,543.0,4.0,1,191.0,7.5,1.0,0.0
316.0,5.5,79.0,4.0,1,157.0,0.0,0.0,0.0
269.3333333333333,4.0,300.0,4.0,1,191.0,0.0,0.0,0.0
244.0,5.0,560.0,4.0,1,523.0,0.0,0.0,0.0
513.0,7.0,531.0,2.0,1,1023.0,0.0,0.0,0.0
272.5,6.0,1194.0,4.0,1,349.0,0.0,0.0,0.0
25.0,1.0,511.0,4.0,1,404.0,0.0,0.0,0.0
28.0,4.0,515.0,4.0,1,314.0,0.0,0.0,0.0
106.0,3.0,763.0,4.0,1,297.0,9.0,0.0,0.0
70.5,1.5,456.0,4.0,1,275.0,0.0,0.0,0.0
712.0,7.0,1310.0,4.0,1,1494.0,0.0,0.0,0.0
161.0,6.5,505.0,4.0,1,196.0,0.0,0.0,0.0
788.0,13.0,230.0,5.0,1,2416.0,0.0,0.0,0.0
587.0,5.5,137.0,4.0,1,662.0,0.0,0.0,0.0
1173.0,13.5,1791.0,4.0,1,1263.0,0.0,0.0,0.0
94.0,2.5,1198.0,4.0,1,277.0,0.0,0.0,0.0
282.0,3.0,145.0,4.0,1,251.0,0.0,0.0,0.0
437.0,11.0,152.0,4.0,1,376.0,0.0,0.0,0.0
559.0,4.0,214.0,4.0,1,346.0,0.0,0.0,0.0
981.0,9.0,1083.0,4.0,1,2118.0,0.0,0.0,0.0
372.5,5.0,311.0,4.0,1,341.0,0.0,0.0,0.0
84.0,3.0,1282.0,4.0,0,157.0,14.0,0.0,0.0
209.0,1.5,809.0,4.0,1,67.0,0.0,0.0,0.0
718.3333333333334,7.0,1074.0,4.0,1,502.0,0.0,0.0,0.0
147.0,5.0,937.0,4.0,1,306.0,0.0,0.0,0.0
68.0,2.5,816.0,4.0,1,70.0,0.0,0.0,0.0
306.25,5.0,88.0,4.0,1,384.0,0.0,0.0,0.0
56.0,1.0,156.0,4.0,1,237.0,0.0,0.0,0.0
53.0,1.0,123.0,4.0,1,923.0,0.0,0.0,0.0
349.0,2.0,48.0,4.0,1,1013.0,0.0,0.0,0.0
285.0,4.0,1149.0,4.0,1,537.0,0.0,0.0,0.0
102.0,3.0,173.0,4.0,1,341.0,0.0,0.0,0.0
483.0,5.0,133.0,4.0,1,218.0,0.0,0.0,0.0
1121.75,5.5,1255.0,4.0,1,3121.0,0.0,0.0,0.0
124.0,1.0,353.0,3.0,1,474.0,0.0,0.0,0.0
933.0,9.0,2242.0,4.0,1,3803.0,0.0,0.0,0.0
1597.0,12.0,674.0,4.0,1,353.0,0.0,0.0,0.0
57.0,3.0,680.0,4.0,0,832.0,13.538461538461538,5.0,0.0
165.0,2.0,137.0,4.0,1,15.0,0.0,0.0,0.0
522.0,2.0,187.0,4.0,1,605.0,0.0,0.0,0.0
591.0,7.0,960.0,2.0,1,912.0,0.0,0.0,0.0
446.5,4.5,393.0,4.0,1,235.0,0.0,0.0,0.0
588.5,7.5,130.0,4.0,1,897.0,0.0,0.0,0.0
265.0,4.0,410.0,4.0,1,468.0,0.0,0.0,0.0
186.0,10.0,670.0,4.0,1,213.0,0.0,0.0,0.0
116.0,2.0,595.0,2.0,1,0.0,0.0,0.0,0.0
739.0,5.0,1534.0,4.0,1,2230.0,0.0,0.0,0.0
197.5,3.0,38.0,4.0,1,75.0,0.0,0.0,0.0
696.0,13.5,1043.0,4.0,1,785.0,0.0,0.0,0.0
49.0,1.0,530.0,4.0,1,45.0,0.0,0.0,0.0
548.0,3.0,209.0,4.0,1,153.0,0.0,0.0,0.0
665.0,13.0,800.0,4.0,1,1103.0,0.0,0.0,0.0
181.5,2.0,552.0,4.0,1,174.0,0.0,0.0,0.0
979.0,11.0,2253.0,4.0,1,628.0,0.0,0.0,0.0
242.0,3.5,505.0,0.0,1,99.0,0.0,0.0,0.0
206.0,3.0,613.0,4.0,1,148.0,0.0,0.0,0.0
508.0,7.0,400.0,4.0,1,1474.0,0.0,0.0,0.0
59.5,3.0,820.0,2.0,1,57.0,15.0,1.0,0.0
182.0,2.0,676.0,4.0,1,334.0,0.0,0.0,0.0
147.0,3.0,437.0,4.0,1,132.0,0.0,0.0,0.0
77.0,2.0,740.0,4.0,0,976.0,8.75,3.0,0.0
8.0,2.0,283.0,4.0,0,313.0,27.0,0.0,0.0
399.0,5.5,576.0,4.0,1,283.0,0.0,0.0,0.0
141.0,2.0,247.0,3.0,1,189.0,0.0,0.0,0.0
505.0,7.0,506.0,4.0,1,172.0,0.0,0.0,0.0
807.5,13.0,1935.0,4.0,1,2622.0,0.0,0.0,0.0
973.0,14.5,442.0,5.0,1,266.0,0.0,0.0,0.0
75.0,3.0,427.0,4.0,1,188.0,0.0,0.0,0.0
815.0,13.0,1693.0,5.0,1,574.0,0.0,0.0,0.0
20.0,1.0,321.0,4.0,1,426.0,19.0,0.0,0.0
595.0,5.0,1024.0,4.5,1,1566.0,0.0,0.0,0.0
46.0,1.5,431.0,4.0,1,82.0,0.0,0.0,0.0
671.0,13.0,1084.0,4.0,1,882.0,0.0,0.0,0.0
533.0,5.0,859.0,4.0,1,787.0,0.0,0.0,0.0
910.5,15.0,2307.0,2.0,1,355.0,0.0,0.0,0.0
2.5,1.0,535.0,0.0,0,771.0,10.285714285714286,1.0,0.0
870.5,9.0,1904.0,4.0,1,2895.0,0.0,0.0,0.0
436.0,6.0,271.0,4.0,1,141.0,0.0,0.0,0.0
25.0,1.0,833.0,4.0,1,856.0,0.0,0.0,0.0
654.0,4.5,182.0,4.0,1,249.0,0.0,0.0,0.0
262.0,7.0,738.0,4.0,1,595.0,0.0,0.0,0.0
1158.0,9.0,979.0,4.0,1,960.0,0.0,0.0,0.0
164.0,4.0,217.0,4.0,1,85.0,0.0,0.0,0.0
650.25,4.5,1158.0,4.0,1,2322.0,0.0,0.0,0.0
574.0,6.0,209.0,4.0,1,230.0,0.0,0.0,0.0
394.0,5.0,112.0,4.0,1,955.0,0.0,0.0,0.0
231.0,1.5,171.0,4.0,1,183.0,0.0,0.0,0.0
1324.0,28.0,1651.0,2.5,1,698.0,0.0,0.0,0.0
188.5,7.0,1080.0,4.0,1,798.0,0.0,0.0,0.0
1048.5,12.5,1675.0,4.0,1,1745.0,0.0,0.0,0.0
743.0,8.0,863.0,4.0,1,1776.0,0.0,0.0,0.0
18.0,2.0,322.0,4.0,0,313.0,20.0,1.0,0.0
320.0,4.0,0.0,4.0,1,535.0,0.0,0.0,0.0
549.0,11.0,511.0,4.0,1,414.0,0.0,0.0,0.0
1066.0,3.0,1924.0,4.0,1,3788.0,0.0,0.0,0.0
87.0,2.0,726.0,4.0,0,1103.0,16.333333333333332,2.0,0.0
762.0,5.0,1087.0,4.0,1,1934.0,0.0,0.0,0.0
68.0,3.0,123.0,4.0,1,692.0,0.0,0.0,0.0
50.0,1.0,1283.0,4.0,1,22.0,12.142857142857142,5.0,0.0
1120.5,30.5,2062.0,5.0,1,906.0,0.0,0.0,0.0
53.0,1.0,415.0,4.0,1,304.0,0.0,0.0,0.0
64.0,4.0,105.0,4.0,1,140.0,0.0,0.0,0.0
328.0,3.0,77.0,4.0,1,344.0,0.0,0.0,0.0
994.0,10.5,1497.0,4.5,1,825.0,0.0,0.0,0.0
300.0,3.0,858.0,4.0,1,430.0,0.0,0.0,0.0
264.5,4.0,624.0,4.0,1,676.0,0.0,0.0,0.0
1332.0,29.0,1722.0,5.0,1,750.0,0.0,0.0,0.0
90.0,2.0,651.0,4.0,1,446.0,0.0,0.0,0.0
120.0,4.0,586.0,4.0,1,380.0,0.0,0.0,0.0
75.0,2.0,191.0,4.0,1,325.0,0.0,0.0,0.0
80.0,3.0,1275.0,4.0,1,430.0,0.0,0.0,0.0
83.0,3.0,579.0,4.0,1,30.0,0.0,0.0,0.0
87.0,1.5,967.0,4.0,1,73.0,0.0,0.0,0.0
279.75,5.0,1076.0,4.0,1,249.0,0.0,0.0,0.0
338.0,8.5,759.0,4.0,1,539.0,0.0,0.0,0.0
277.0,4.0,712.0,4.0,1,94.0,0.0,0.0,0.0
285.5,4.5,636.0,4.0,1,179.0,0.0,0.0,0.0
507.0,5.5,544.0,4.0,1,701.0,0.0,0.0,0.0
34.5,1.5,904.0,4.0,0,353.0,15.0,1.0,0.0
127.0,6.0,492.0,0.0,1,52.0,0.0,0.0,0.0
153.0,2.0,894.0,4.0,1,262.0,0.0,0.0,0.0
1091.0,5.5,1551.0,4.0,1,3419.0,0.0,0.0,0.0
321.0,6.0,117.0,4.0,1,181.0,0.0,0.0,0.0
519.0,5.0,288.0,4.0,1,527.0,0.0,0.0,0.0
73.25,2.0,129.0,4.0,1,120.0,0.0,0.0,0.0
847.0,10.0,1002.0,5.0,1,2958.0,0.0,0.0,0.0
199.0,6.0,539.0,4.0,1,279.0,0.0,0.0,0.0
1235.0,10.0,1816.0,4.0,1,1079.0,0.0,0.0,0.0
390.0,6.5,551.0,4.0,1,152.0,0.0,0.0,0.0
198.5,3.0,400.0,4.0,1,583.0,0.0,0.0,0.0
46.0,1.5,591.0,4.0,1,100.0,0.0,0.0,0.0
1018.0,10.0,2083.0,4.0,1,3837.0,0.0,0.0,0.0
773.5,5.5,1528.0,4.0,1,2500.0,0.0,0.0,0.0
459.0,3.0,695.0,4.0,1,140.0,0.0,0.0,0.0
524.6666666666666,7.0,252.0,4.0,1,661.0,0.0,0.0,0.0
98.0,1.0,834.0,3.0,0,468.0,30.0,0.0,0.0
399.0,4.0,43.0,4.0,1,399.0,0.0,0.0,0.0
705.0,8.5,935.0,4.0,1,1467.0,0.0,0.0,0.0
1630.0,15.0,624.0,4.0,1,473.0,0.0,0.0,0.0
112.5,2.5,510.0,4.0,1,120.0,0.0,0.0,0.0
1104.5,12.0,2363.0,4.0,1,1453.0,0.0,0.0,0.0
68.5,2.0,319.0,4.0,1,434.0,0.0,0.0,0.0
401.0,3.0,290.0,4.0,1,108.0,0.0,0.0,0.0
575.0,7.0,313.0,4.0,1,816.0,0.0,0.0,0.0
588.5,7.0,271.0,4.0,1,279.0,0.0,0.0,0.0
41.0,1.0,770.0,4.0,1,689.0,12.5,1.0,0.0
328.0,3.0,236.0,4.0,1,165.0,0.0,0.0,0.0
180.75,6.0,888.0,4.0,1,688.0,0.0,0.0,0.0
350.0,8.0,185.0,4.0,1,586.0,0.0,0.0,0.0
686.0,10.0,318.0,4.0,1,200.0,0.0,0.0,0.0
1086.0,13.333333333333334,619.0,4.0,1,1767.0,0.0,0.0,0.0
544.0,6.0,215.0,4.0,1,49.0,0.0,0.0,0.0
164.0,2.0,510.0,4.0,1,60.0,0.0,0.0,0.0
1243.0,33.0,1412.0,5.0,1,408.0,0.0,0.0,0.0
1004.0,9.0,72.0,4.0,1,131.0,0.0,0.0,0.0
311.5,6.0,109.0,2.0,1,3.0,0.0,0.0,0.0
456.0,4.0,511.0,4.0,1,824.0,0.0,0.0,0.0
69.0,1.5,24.0,4.0,1,63.0,0.0,0.0,0.0
345.5,10.0,107.0,4.0,1,624.0,0.0,0.0,0.0
49.0,4.0,604.0,4.0,1,243.0,0.0,0.0,0.0
69.0,1.0,830.0,4.0,1,815.0,13.0,5.0,0.0
276.5,6.0,618.0,4.0,1,305.0,0.0,0.0,0.0
336.5,4.5,406.0,4.0,1,36.0,0.0,0.0,0.0
498.0,3.0,240.0,4.0,1,464.0,0.0,0.0,0.0
1581.0,24.0,75.0,4.0,1,983.0,0.0,0.0,0.0
72.0,2.0,738.0,4.0,1,745.0,0.0,0.0,0.0
495.0,8.0,1011.0,4.0,1,910.0,0.0,0.0,0.0
517.0,9.0,663.0,4.0,1,533.0,0.0,0.0,0.0
280.0,4.0,225.0,4.0,1,214.0,0.0,0.0,0.0
797.0,13.333333333333334,1670.0,4.5,1,1175.0,0.0,0.0,0.0
666.0,11.5,731.0,4.0,1,221.0,0.0,0.0,0.0
929.0,9.5,1978.0,4.0,1,3802.0,0.0,0.0,0.0
567.5,5.0,238.0,4.0,1,400.0,0.0,0.0,0.0
153.0,2.0,835.0,4.0,1,273.0,0.0,0.0,0.0
226.0,2.0,690.0,4.0,1,0.0,0.0,0.0,0.0
1032.5,6.5,2241.0,4.0,1,4095.0,0.0,0.0,0.0
86.0,3.5,1037.0,4.0,1,545.0,0.0,0.0,0.0
376.0,6.0,494.0,2.0,1,768.0,0.0,0.0,0.0
476.0,7.0,269.0,4.0,1,617.0,0.0,0.0,0.0
426.0,5.5,338.0,2.0,1,120.0,0.0,0.0,0.0
384.0,3.5,270.0,4.0,1,9.0,0.0,0.0,0.0
16.0,3.0,934.0,4.0,1,113.0,32.0,0.0,0.0
743.0,17.0,406.0,5.0,1,2663.0,0.0,0.0,0.0
583.0,4.0,147.0,4.0,1,160.0,0.0,0.0,0.0
837.5,14.0,1468.0,4.0,1,207.0,0.0,0.0,0.0
1576.0,14.0,1822.0,5.0,1,635.0,0.0,0.0,0.0
281.5,3.0,83.0,4.0,1,355.0,0.0,0.0,0.0
772.0,6.0,1700.0,2.0,1,2615.0,0.0,0.0,0.0
1247.0,8.0,1192.0,4.0,1,939.0,0.0,0.0,0.0
440.0,5.0,175.0,4.0,1,66.0,0.0,0.0,0.0
51.0,1.0,285.0,4.0,1,265.0,0.0,0.0,0.0
479.0,7.0,434.0,4.0,1,393.0,0.0,0.0,0.0
176.5,4.0,1068.0,4.0,1,428.0,0.0,0.0,0.0
457.0,3.5,153.0,4.0,1,1034.0,0.0,0.0,0.0
948.0,12.0,1307.0,5.0,1,1739.0,0.0,0.0,0.0
668.75,3.333333333333333,718.0,4.0,1,1721.0,0.0,0.0,0.0
762.0,8.5,1311.0,4.0,1,1669.0,0.0,0.0,0.0
337.0,7.0,637.0,4.0,1,385.0,0.0,0.0,0.0
77.0,0.0,428.0,4.0,1,502.0,0.0,0.0,0.0
498.0,8.0,203.0,4.0,1,622.0,0.0,0.0,0.0
849.5,9.0,1459.0,5.0,1,1563.0,0.0,0.0,0.0
67.0,1.0,743.0,4.0,0,137.0,0.0,0.0,0.0
291.0,7.0,324.0,0.0,1,5.0,0.0,0.0,0.0
427.0,4.5,39.0,4.0,1,84.0,0.0,0.0,0.0
925.25,14.5,1376.0,4.0,1,2239.0,0.0,0.0,0.0
454.5,5.5,593.0,4.0,1,223.0,0.0,0.0,0.0
783.0,10.0,743.0,4.0,1,3477.0,0.0,0.0,0.0
292.0,3.0,1047.0,4.0,1,593.0,0.0,0.0,0.0
505.5,7.0,1004.0,2.0,1,876.0,0.0,0.0,0.0
43.0,2.5,268.0,4.0,1,147.0,0.0,0.0,0.0
1206.0,11.0,1839.0,4.0,1,1209.0,0.0,0.0,0.0
23.0,2.0,676.0,4.0,1,690.0,0.0,0.0,0.0
459.5,4.0,304.0,4.0,1,1158.0,0.0,0.0,0.0
582.5,7.0,750.0,4.0,1,660.0,0.0,0.0,0.0
1066.75,3.5,1881.0,4.0,1,3749.0,0.0,0.0,0.0
648.0,8.0,560.0,4.0,1,1567.0,0.0,0.0,0.0
513.0,10.0,784.0,4.0,1,1214.0,0.0,0.0,0.0
1141.0,8.0,242.0,4.0,1,1693.0,0.0,0.0,0.0
417.0,8.333333333333334,656.0,4.0,1,678.0,0.0,0.0,0.0
138.5,2.0,915.0,4.0,1,395.0,0.0,0.0,0.0
426.0,7.0,480.0,4.0,1,61.0,0.0,0.0,0.0
426.0,6.0,561.0,4.0,1,86.0,0.0,0.0,0.0
1549.0,13.0,565.0,4.0,1,369.0,0.0,0.0,0.0
123.0,2.0,555.0,4.0,1,621.0,0.0,0.0,0.0
665.0,4.0,369.0,4.0,1,173.0,0.0,0.0,0.0
148.0,4.0,632.0,4.0,1,443.0,0.0,0.0,0.0
87.0,2.0,670.0,4.0,1,1231.0,0.0,0.0,0.0
25.5,2.0,401.0,4.0,1,262.0,0.0,0.0,0.0
658.0,12.0,1036.0,4.0,1,1251.0,0.0,0.0,0.0
45.5,1.5,587.0,4.0,1,282.0,0.0,0.0,0.0
567.0,6.0,677.0,4.0,1,809.0,0.0,0.0,0.0
154.0,4.5,54.0,4.0,1,53.0,0.0,0.0,0.0
351.0,4.0,282.0,4.0,1,1285.0,0.0,0.0,0.0
197.3333333333333,3.0,775.0,4.0,1,96.0,0.0,0.0,0.0
447.75,9.0,414.0,4.0,1,881.0,0.0,0.0,0.0
456.0,7.0,402.0,4.0,1,146.0,0.0,0.0,0.0
851.5,9.0,1859.0,4.0,1,717.0,0.0,0.0,0.0
23.0,1.0,834.0,4.0,1,727.0,0.0,0.0,0.0
810.5,12.0,2004.0,4.0,1,2093.0,0.0,0.0,0.0
997.5,11.0,1069.0,4.0,1,2304.0,0.0,0.0,0.0
182.0,3.0,569.0,2.0,1,0.0,0.0,0.0,0.0
1001.0,4.0,2375.0,4.0,1,4326.0,0.0,0.0,0.0
176.0,3.5,612.0,4.0,1,359.0,0.0,0.0,0.0
22.5,1.5,386.0,4.0,1,136.0,0.0,0.0,0.0
500.0,6.0,285.0,4.0,1,539.0,0.0,0.0,0.0
459.5,4.0,417.0,4.0,1,1231.0,0.0,0.0,0.0
432.0,4.0,229.0,4.0,1,1211.0,0.0,0.0,0.0
42.0,1.5,89.0,4.0,1,297.0,0.0,0.0,0.0
142.66666666666666,2.0,356.0,4.0,1,401.0,0.0,0.0,0.0
341.5,4.0,427.0,2.0,1,2.0,0.0,0.0,0.0
525.0,8.0,725.0,4.0,1,789.0,0.0,0.0,0.0
326.0,3.0,178.0,2.0,1,1.0,0.0,0.0,0.0
645.5,7.0,241.0,4.0,1,528.0,0.0,0.0,0.0
466.5,6.0,589.0,4.0,1,296.0,0.0,0.0,0.0
776.0,4.0,848.0,4.0,1,2043.0,0.0,0.0,0.0
172.0,3.0,579.0,4.0,1,313.0,0.0,0.0,0.0
144.0,4.5,523.0,2.0,1,68.0,0.0,0.0,0.0
608.5,5.5,1155.0,4.0,1,1964.0,0.0,0.0,0.0
388.5,5.5,394.0,4.0,1,0.0,0.0,0.0,0.0
73.5,1.5,1193.0,4.0,0,48.0,24.0,1.0,0.0
575.5,4.5,212.0,4.0,1,378.0,0.0,0.0,0.0
276.5,3.5,165.0,4.0,1,133.0,0.0,0.0,0.0
404.5,4.0,609.0,4.0,1,167.0,0.0,0.0,0.0
964.0,19.0,500.0,5.0,1,1211.0,0.0,0.0,0.0
121.0,1.0,161.0,4.0,0,432.0,0.0,0.0,0.0
538.5,4.0,527.0,4.0,1,569.0,0.0,0.0,0.0
126.0,2.0,112.0,4.0,1,8.0,0.0,0.0,0.0
57.0,2.0,357.0,4.0,1,463.0,0.0,0.0,0.0
1212.0,31.0,988.0,4.0,1,158.0,0.0,0.0,0.0
43.0,3.0,380.0,4.5,0,440.0,15.22222222222222,3.0,0.0
8.5,1.5,731.0,4.5,1,496.0,0.0,0.0,0.0
112.0,1.5,529.0,4.0,0,212.0,0.0,0.0,0.0
117.0,2.0,584.0,4.0,1,59.0,9.25,3.0,0.0
627.5,13.0,443.0,4.0,1,934.0,0.0,0.0,0.0
2.0,2.5,682.0,0.0,1,53.0,38.0,0.0,0.0
334.0,6.0,532.0,4.0,1,392.0,0.0,0.0,0.0
528.5,3.5,502.0,4.0,1,319.0,0.0,0.0,0.0
167.0,2.0,318.0,4.0,1,100.0,16.6,2.0,0.0
116.0,3.0,601.0,4.0,1,323.0,16.5,0.0,0.0
157.0,1.0,512.0,4.0,1,268.0,0.0,0.0,0.0
220.0,4.5,607.0,4.0,1,910.0,0.0,0.0,0.0
768.5,11.0,1399.0,4.0,1,1821.0,0.0,0.0,0.0
77.5,3.0,1078.0,4.0,1,225.0,0.0,0.0,0.0
572.0,4.0,337.0,4.0,1,102.0,0.0,0.0,0.0
306.0,4.0,728.0,4.0,1,250.0,0.0,0.0,0.0
654.0,5.0,156.0,4.0,1,929.0,0.0,0.0,0.0
830.0,1.5,938.0,4.0,1,3068.0,0.0,0.0,0.0
1206.0,31.75,1869.0,5.0,1,782.0,0.0,0.0,0.0
318.0,4.5,597.0,4.0,1,605.0,0.0,0.0,0.0
807.0,9.5,1935.0,4.0,1,1926.0,0.0,0.0,0.0
492.0,3.0,114.0,4.0,1,251.0,0.0,0.0,0.0
465.0,6.0,548.0,4.0,1,195.0,0.0,0.0,0.0
846.0,13.0,858.0,5.0,1,2591.0,0.0,0.0,0.0
154.5,3.0,582.0,4.0,1,118.0,24.0,0.0,0.0
462.0,3.0,390.0,4.0,1,568.0,0.0,0.0,0.0
257.0,17.0,251.0,4.0,1,469.0,0.0,0.0,0.0
417.0,5.0,602.0,4.0,1,128.0,0.0,0.0,0.0
539.75,3.5,224.0,4.0,1,185.0,0.0,0.0,0.0
35.0,1.0,580.0,4.0,1,635.0,0.0,0.0,0.0
214.0,5.0,337.0,2.0,1,3.0,0.0,0.0,0.0
913.5,11.0,1567.0,5.0,1,1315.0,0.0,0.0,0.0
961.0,25.5,2261.0,2.5,1,250.0,0.0,0.0,0.0
566.5,3.0,150.0,4.0,1,540.0,0.0,0.0,0.0
134.0,1.5,396.0,2.0,1,72.0,0.0,0.0,0.0
169.5,8.0,552.0,4.0,1,119.0,0.0,0.0,0.0
549.0,5.0,259.0,4.0,1,1130.0,0.0,0.0,0.0
359.0,6.5,265.0,4.0,1,92.0,0.0,0.0,0.0
320.75,3.0,387.0,4.0,1,79.0,0.0,0.0,0.0
169.33333333333334,3.0,280.0,4.0,1,57.0,9.5,1.0,0.0
75.5,3.0,538.0,4.0,0,552.0,14.5,0.0,0.0
749.5,9.0,1610.0,4.0,1,1746.0,0.0,0.0,0.0
323.0,2.0,173.0,4.0,1,328.0,0.0,0.0,0.0
359.0,7.0,206.0,4.0,1,148.0,0.0,0.0,0.0
516.75,6.0,374.0,4.0,1,281.0,0.0,0.0,0.0
372.5,5.0,640.0,4.0,1,886.0,0.0,0.0,0.0
864.5,15.5,2052.0,4.0,1,2244.0,0.0,0.0,0.0
294.0,3.0,954.0,4.0,1,641.0,0.0,0.0,0.0
353.0,4.0,300.0,2.0,1,47.0,24.5,0.0,0.0
45.0,2.0,592.0,4.0,1,314.0,0.0,0.0,0.0
346.0,8.0,468.0,4.0,1,67.0,0.0,0.0,0.0
58.0,3.0,266.0,4.0,1,174.0,0.0,0.0,0.0
587.0,3.0,1456.0,4.0,1,2570.0,0.0,0.0,0.0
600.0,7.0,638.0,4.5,1,1865.0,0.0,0.0,0.0
354.5,5.0,753.0,4.0,1,222.0,0.0,0.0,0.0
171.0,3.5,754.0,4.0,1,100.0,0.0,0.0,0.0
80.5,1.5,533.0,4.0,0,1205.0,30.0,0.0,0.0
334.0,3.0,374.0,4.0,1,84.0,0.0,0.0,0.0
650.5,6.0,330.0,4.0,1,1352.0,0.0,0.0,0.0
438.25,4.0,377.0,0.0,1,174.0,0.0,0.0,0.0
566.5,13.0,579.0,4.0,1,895.0,0.0,0.0,0.0
747.0,9.5,885.0,4.0,1,532.0,0.0,0.0,0.0
81.0,2.0,1247.0,4.0,1,30.0,20.0,1.0,0.0
1326.0,13.0,1761.0,4.0,1,692.0,0.0,0.0,0.0
139.0,1.5,665.0,4.0,1,48.0,0.0,0.0,0.0
749.25,11.0,903.0,4.0,1,420.0,0.0,0.0,0.0
67.5,3.5,283.0,4.0,1,364.0,0.0,0.0,0.0
213.0,4.5,431.0,4.0,1,463.0,0.0,0.0,0.0
602.0,9.0,461.0,4.0,1,42.0,0.0,0.0,0.0
814.5,8.0,1256.0,4.0,1,446.0,0.0,0.0,0.0
67.5,3.0,721.0,4.0,1,528.0,23.0,2.0,0.0
321.0,5.0,235.0,4.0,1,187.0,0.0,0.0,0.0
698.0,16.0,892.0,5.0,1,1581.0,0.0,0.0,0.0
592.5,6.0,465.0,4.0,1,665.0,0.0,0.0,0.0
93.0,1.5,264.0,4.0,1,507.0,0.0,0.0,0.0
4.0,3.0,324.0,2.5,1,588.0,16.125,4.0,0.0
534.0,4.0,149.0,4.0,1,90.0,0.0,0.0,0.0
393.5,2.0,526.0,4.0,1,78.0,0.0,0.0,0.0
527.5,4.5,248.0,4.0,1,475.0,0.0,0.0,0.0
169.0,1.5,239.0,4.0,1,4.0,0.0,0.0,0.0
663.0,6.5,301.0,4.0,1,1272.0,0.0,0.0,0.0
522.0,9.0,400.0,4.0,1,328.0,0.0,0.0,0.0
511.5,3.0,211.0,4.0,1,473.0,0.0,0.0,0.0
1454.5,12.333333333333334,800.0,4.0,1,1512.0,0.0,0.0,0.0
657.0,8.0,1057.0,2.0,1,1317.0,0.0,0.0,0.0
5.5,2.0,362.0,4.5,1,507.0,10.375,5.0,0.0
57.0,1.0,207.0,4.0,1,64.0,0.0,0.0,0.0
23.0,0.0,1058.0,4.0,1,396.0,0.0,0.0,0.0
162.0,2.5,107.0,4.0,1,84.0,0.0,0.0,0.0
1031.5,20.0,2145.0,5.0,1,131.0,0.0,0.0,0.0
124.5,5.0,297.0,4.0,1,631.0,0.0,0.0,0.0
290.0,6.0,822.0,4.0,1,323.0,0.0,0.0,0.0
290.0,2.5,256.0,4.0,1,284.0,0.0,0.0,0.0
345.0,4.0,779.0,4.0,1,211.0,0.0,0.0,0.0
703.5,7.0,369.0,4.0,1,327.0,0.0,0.0,0.0
418.5,3.5,587.0,4.0,1,423.0,0.0,0.0,0.0
201.0,4.5,658.0,4.0,1,18.0,0.0,0.0,0.0
109.0,2.5,40.0,4.0,1,109.0,0.0,0.0,0.0
354.0,6.0,913.0,4.0,1,149.0,0.0,0.0,0.0
567.0,3.0,110.0,4.0,1,322.0,0.0,0.0,0.0
97.0,3.0,559.0,4.0,1,31.0,0.0,0.0,0.0
172.5,4.0,489.0,4.0,1,114.0,0.0,0.0,0.0
387.0,6.0,341.0,4.0,0,281.0,0.0,0.0,0.0
200.0,4.0,359.0,4.0,1,147.0,0.0,0.0,0.0
98.5,5.0,1089.0,4.0,1,175.0,0.0,0.0,0.0
464.0,1.5,77.0,4.0,1,529.0,0.0,0.0,0.0
694.0,12.0,734.0,4.0,1,2420.0,0.0,0.0,0.0
570.0,10.0,729.0,4.0,1,335.0,0.0,0.0,0.0
32.0,3.0,787.0,4.0,1,1160.0,0.0,0.0,0.0
1204.5,4.0,504.0,5.0,1,1787.0,0.0,0.0,0.0
105.0,2.0,542.0,4.0,1,211.0,13.0,0.0,0.0
1021.0,4.0,2358.0,4.0,1,4219.0,0.0,0.0,0.0
734.0,8.0,1316.0,4.0,1,1830.0,0.0,0.0,0.0
483.0,7.0,443.0,4.0,1,446.0,0.0,0.0,0.0
579.0,12.0,488.0,5.0,1,989.0,0.0,0.0,0.0
791.5,15.5,528.0,4.5,1,2189.0,0.0,0.0,0.0
320.0,2.5,257.0,4.0,1,183.0,0.0,0.0,0.0
516.0,4.0,138.0,4.0,1,641.0,0.0,0.0,0.0
438.5,6.0,647.0,4.0,1,703.0,0.0,0.0,0.0
867.0,4.5,2278.0,4.0,1,3391.0,0.0,0.0,0.0
53.0,2.0,856.0,4.0,1,181.0,0.0,0.0,0.0
152.0,1.0,627.0,4.0,1,365.0,0.0,0.0,0.0
234.5,6.0,979.0,4.0,1,925.0,0.0,0.0,0.0
674.0,7.5,701.0,4.0,1,1598.0,0.0,0.0,0.0
972.0,19.5,624.0,5.0,1,1017.0,0.0,0.0,0.0
162.33333333333334,2.0,332.0,4.0,1,84.0,28.0,0.0,0.0
1007.0,25.5,1902.0,5.0,1,82.0,0.0,0.0,0.0
434.5,2.0,9.0,4.0,1,204.0,0.0,0.0,0.0
517.0,24.0,466.0,4.0,1,422.0,0.0,0.0,0.0
100.0,2.0,548.0,4.0,1,171.0,9.428571428571429,4.0,0.0
324.0,6.0,1017.0,4.0,1,728.0,0.0,0.0,0.0
629.5,4.5,1214.0,4.0,1,2217.0,0.0,0.0,0.0
98.0,3.0,726.0,4.0,1,115.0,0.0,0.0,0.0
187.0,4.0,438.0,4.0,1,110.0,0.0,0.0,0.0
446.0,6.5,501.0,2.0,1,0.0,0.0,0.0,0.0
76.0,10.0,290.0,4.0,1,490.0,0.0,0.0,0.0
40.0,2.0,1203.0,4.0,1,432.0,0.0,0.0,0.0
99.0,1.5,778.0,3.0,0,427.0,0.0,0.0,0.0
392.5,3.0,691.0,4.0,1,692.0,0.0,0.0,0.0
66.0,6.0,137.0,4.0,1,972.0,0.0,0.0,0.0
479.0,4.0,525.0,4.0,1,1050.0,0.0,0.0,0.0
354.0,4.0,405.0,4.0,1,1227.0,0.0,0.0,0.0
189.0,3.5,119.0,4.0,1,195.0,0.0,0.0,0.0
513.0,5.0,437.0,4.0,1,503.0,0.0,0.0,0.0
142.0,1.5,183.0,4.0,1,161.0,0.0,0.0,0.0
623.0,3.5,270.0,4.0,1,501.0,0.0,0.0,0.0
24.0,1.0,938.0,4.0,0,745.0,0.0,0.0,0.0
102.5,4.0,522.0,4.0,1,69.0,0.0,0.0,0.0
161.5,2.0,169.0,4.0,1,155.0,0.0,0.0,0.0
636.0,8.75,392.0,4.0,1,1108.0,0.0,0.0,0.0
489.0,9.5,235.0,4.0,1,461.0,0.0,0.0,0.0
902.0,14.0,1990.0,4.0,1,239.0,0.0,0.0,0.0
58.5,3.0,825.0,2.0,1,25.0,26.33333333333333,0.0,0.0
447.5,9.5,785.0,4.0,1,836.0,0.0,0.0,0.0
351.5,8.0,651.0,4.0,1,433.0,0.0,0.0,0.0
846.0,13.0,1166.0,4.0,1,3316.0,0.0,0.0,0.0
29.0,1.5,713.0,5.0,0,481.0,22.0,0.0,0.0
58.0,2.0,116.0,4.5,1,177.0,0.0,0.0,0.0
35.0,1.0,737.0,4.0,1,239.0,0.0,0.0,0.0
747.0,5.5,1156.0,4.0,1,377.0,0.0,0.0,0.0
443.0,8.5,704.0,4.0,1,784.0,0.0,0.0,0.0
730.5,9.5,521.0,4.0,1,664.0,0.0,0.0,0.0
145.25,3.0,270.0,4.0,1,161.0,15.0,1.0,0.0
1500.5,21.5,871.0,5.0,1,95.0,0.0,0.0,0.0
132.0,5.5,208.0,4.0,1,158.0,0.0,0.0,0.0
1024.0,7.0,1476.0,4.0,1,3103.0,0.0,0.0,0.0
146.0,2.0,123.0,4.0,1,214.0,0.0,0.0,0.0
168.0,5.0,531.0,4.0,1,310.0,0.0,0.0,0.0
41.0,6.0,542.0,4.0,1,1132.0,0.0,0.0,0.0
492.0,5.0,313.0,4.0,1,55.0,0.0,0.0,0.0
343.0,5.0,204.0,2.0,1,227.0,0.0,0.0,0.0
483.5,17.5,237.0,4.0,1,328.0,0.0,0.0,0.0
384.5,3.0,733.0,4.0,1,241.0,0.0,0.0,0.0
114.5,3.0,365.0,4.0,1,234.0,0.0,0.0,0.0
444.5,5.0,308.0,4.0,1,1358.0,0.0,0.0,0.0
286.5,4.0,258.0,4.0,1,298.0,0.0,0.0,0.0
335.0,5.0,557.0,4.0,1,431.0,0.0,0.0,0.0
23.0,1.5,932.0,4.0,1,244.0,0.0,0.0,0.0
362.0,5.0,488.0,4.0,1,80.0,0.0,0.0,0.0
322.0,5.0,418.0,4.0,1,116.0,0.0,0.0,0.0
66.0,2.0,595.0,4.0,0,441.0,15.0,2.0,0.0
1313.0,11.5,2227.0,4.0,1,1134.0,0.0,0.0,0.0
200.0,2.5,448.0,0.0,1,42.0,0.0,0.0,0.0
67.0,2.0,830.0,4.0,0,43.0,24.0,0.0,0.0
1093.5,22.5,2239.0,5.0,1,941.0,0.0,0.0,0.0
193.5,5.0,448.0,4.0,1,500.0,0.0,0.0,0.0
142.0,2.0,249.0,3.0,1,173.0,0.0,0.0,0.0
542.5,4.5,325.0,4.0,1,826.0,0.0,0.0,0.0
92.0,2.0,475.0,4.0,1,360.0,21.666666666666668,1.0,0.0
137.0,7.0,255.0,4.0,1,221.0,0.0,0.0,0.0
244.5,6.5,748.0,4.0,1,87.0,0.0,0.0,0.0
673.0,8.0,1014.0,4.0,1,1175.0,0.0,0.0,0.0
1129.0,5.5,1203.0,4.0,1,3065.0,0.0,0.0,0.0
656.0,5.0,1055.0,4.0,1,2434.0,0.0,0.0,0.0
152.0,3.0,699.0,4.0,1,143.0,0.0,0.0,0.0
657.0,12.0,523.0,5.0,1,2305.0,0.0,0.0,0.0
85.0,4.5,219.0,4.0,1,201.0,0.0,0.0,0.0
584.0,7.5,76.0,4.0,1,845.0,0.0,0.0,0.0
596.0,5.0,280.0,4.0,1,1122.0,0.0,0.0,0.0
580.0,5.0,232.0,2.0,1,791.0,0.0,0.0,0.0
1118.0,8.0,830.0,4.0,1,2595.0,0.0,0.0,0.0
229.75,5.0,226.0,4.0,1,212.0,0.0,0.0,0.0
193.0,4.0,720.0,4.0,1,506.0,0.0,0.0,0.0
24.5,2.0,355.0,3.5,1,49.0,0.0,0.0,0.0
716.5,5.5,856.0,4.0,1,1581.0,0.0,0.0,0.0
112.5,3.0,727.0,4.0,1,744.0,0.0,0.0,0.0
160.5,3.0,291.0,2.0,1,3.0,32.0,0.0,0.0
14.5,2.0,124.0,3.0,1,189.0,14.666666666666666,2.0,0.0
25.666666666666668,2.0,783.0,4.0,1,776.0,0.0,0.0,0.0
449.0,5.0,288.0,4.0,1,698.0,0.0,0.0,0.0
422.5,6.0,352.0,4.0,1,296.0,0.0,0.0,0.0
606.0,9.0,315.0,4.0,1,375.0,0.0,0.0,0.0
565.5,3.5,83.0,4.0,1,153.0,0.0,0.0,0.0
150.0,1.0,82.0,4.0,1,391.0,0.0,0.0,0.0
559.0,6.0,627.0,4.0,1,746.0,0.0,0.0,0.0
181.5,5.0,742.0,4.0,1,568.0,0.0,0.0,0.0
198.0,2.0,1338.0,4.0,1,596.0,0.0,0.0,0.0
633.0,12.5,882.0,5.0,1,2448.0,0.0,0.0,0.0
1412.5,43.0,2301.0,4.0,1,158.0,0.0,0.0,0.0
458.0,3.5,199.0,4.0,1,538.0,0.0,0.0,0.0
536.0,21.0,454.0,4.0,1,281.0,0.0,0.0,0.0
61.5,0.0,405.0,4.0,1,182.0,0.0,0.0,0.0
60.5,2.0,669.0,5.0,1,810.0,0.0,0.0,0.0
483.0,7.0,564.0,4.0,1,103.0,0.0,0.0,0.0
191.0,4.0,612.0,4.0,1,270.0,0.0,0.0,0.0
34.0,8.0,318.0,4.0,1,805.0,0.0,0.0,0.0
286.5,3.5,103.0,4.0,1,168.0,0.0,0.0,0.0
393.0,6.0,78.0,2.0,1,214.0,0.0,0.0,0.0
19.0,3.0,364.0,5.0,1,329.0,10.8,4.0,0.0
543.0,5.5,236.0,4.0,1,839.0,0.0,0.0,0.0
275.5,4.0,218.0,4.0,1,49.0,0.0,0.0,0.0
212.0,3.0,412.0,2.0,1,0.0,0.0,0.0,0.0
673.5,9.0,545.0,4.0,1,1152.0,0.0,0.0,0.0
573.0,1.0,20.0,4.0,1,584.0,0.0,0.0,0.0
879.0,10.0,1093.0,4.0,1,83.0,0.0,0.0,0.0
721.0,5.0,1246.0,4.0,1,328.0,0.0,0.0,0.0
46.0,7.5,511.0,4.0,1,293.0,0.0,0.0,0.0
271.0,6.0,755.0,4.0,1,751.0,0.0,0.0,0.0
730.0,11.5,1150.0,4.0,1,2053.0,0.0,0.0,0.0
257.0,3.0,374.0,4.0,1,264.0,0.0,0.0,0.0
911.0,12.0,1667.0,5.0,1,3952.0,0.0,0.0,0.0
1339.0,11.0,1151.0,4.0,1,1373.0,0.0,0.0,0.0
274.0,5.0,347.0,4.0,1,466.0,0.0,0.0,0.0
646.0,12.0,351.0,5.0,1,2090.0,0.0,0.0,0.0
803.0,8.0,1072.0,4.0,1,3777.0,0.0,0.0,0.0
392.0,5.5,480.0,4.0,1,816.0,0.0,0.0,0.0
605.0,20.0,417.0,5.0,1,1985.0,0.0,0.0,0.0
76.0,22.0,320.0,4.5,1,398.0,0.0,0.0,0.0
1198.0,15.333333333333334,2463.0,4.0,1,1190.0,0.0,0.0,0.0
522.5,24.0,494.0,4.0,1,397.0,0.0,0.0,0.0
251.0,1.0,783.0,4.0,1,374.0,0.0,0.0,0.0
170.5,3.0,310.0,4.0,1,309.0,0.0,0.0,0.0
1.0,3.0,766.0,0.0,1,784.0,0.0,0.0,0.0
677.0,7.0,935.0,4.0,1,1148.0,0.0,0.0,0.0
743.0,8.0,1405.0,4.0,1,2403.0,0.0,0.0,0.0
61.0,2.5,274.0,4.0,1,522.0,0.0,0.0,0.0
1211.0,9.0,2061.0,4.0,1,1395.0,0.0,0.0,0.0
668.0,6.5,174.0,4.0,1,508.0,0.0,0.0,0.0
627.5,5.0,383.0,4.0,1,280.0,0.0,0.0,0.0
3.0,2.0,371.0,5.0,1,367.0,0.0,0.0,0.0
330.0,4.0,544.0,4.0,1,702.0,0.0,0.0,0.0
142.0,2.5,801.0,4.0,1,199.0,0.0,0.0,0.0
189.0,2.0,269.0,4.0,0,120.0,0.0,0.0,0.0
333.5,6.5,345.0,4.0,1,303.0,0.0,0.0,0.0
345.0,5.0,300.0,4.0,1,221.0,0.0,0.0,0.0
247.0,2.0,822.0,4.0,1,1015.0,0.0,0.0,0.0
214.0,4.0,75.0,2.0,1,45.0,0.0,0.0,0.0
1404.75,15.0,1160.0,5.0,1,210.0,0.0,0.0,0.0
620.0,7.0,324.0,4.0,1,552.0,0.0,0.0,0.0
1002.0,21.0,1950.0,4.0,1,2044.0,0.0,0.0,0.0
202.0,4.0,895.0,4.0,1,461.0,0.0,0.0,0.0
273.0,4.0,309.0,2.0,1,35.0,0.0,0.0,0.0
435.0,9.0,362.0,4.0,1,434.0,0.0,0.0,0.0
705.0,6.666666666666667,829.0,4.0,1,1777.0,0.0,0.0,0.0
707.0,5.0,808.0,4.0,1,1335.0,0.0,0.0,0.0
294.0,4.0,72.0,4.0,1,224.0,0.0,0.0,0.0
1388.5,11.0,515.0,4.0,1,705.0,0.0,0.0,0.0
484.0,8.0,213.0,4.0,1,450.0,0.0,0.0,0.0
278.5,3.0,35.0,4.0,1,112.0,0.0,0.0,0.0
98.0,6.5,722.0,4.0,1,30.0,0.0,0.0,0.0
10.0,1.5,454.0,4.0,1,11.0,0.0,0.0,0.0
101.0,1.0,584.0,4.0,1,162.0,9.5,0.0,0.0
612.5,5.5,328.0,4.0,1,1133.0,0.0,0.0,0.0
782.5,8.0,1397.0,4.0,1,325.0,0.0,0.0,0.0
478.0,8.0,120.0,4.0,1,431.0,0.0,0.0,0.0
49.0,2.0,191.0,4.0,1,371.0,0.0,0.0,0.0
306.0,2.5,285.0,4.0,1,317.0,0.0,0.0,0.0
100.5,5.0,290.0,4.0,1,241.0,0.0,0.0,0.0
30.0,2.0,1181.0,4.0,0,587.0,0.0,0.0,0.0
903.0,10.5,1470.0,5.0,1,3630.0,0.0,0.0,0.0
137.5,2.0,32.0,3.0,1,440.0,5.0,0.0,0.0
264.5,5.0,300.0,2.0,1,47.0,15.0,2.0,0.0
452.0,5.0,402.0,4.0,1,116.0,0.0,0.0,0.0
354.0,4.0,239.0,4.0,1,332.0,0.0,0.0,0.0
553.5,5.0,737.0,4.0,1,309.0,0.0,0.0,0.0
328.0,3.5,250.0,4.0,1,1531.0,0.0,0.0,0.0
410.0,5.0,12.0,4.0,1,410.0,0.0,0.0,0.0
295.0,7.5,160.0,4.0,1,576.0,0.0,0.0,0.0
1024.0,12.0,935.0,4.0,1,2259.0,0.0,0.0,0.0
160.0,6.0,169.0,4.0,1,79.0,0.0,0.0,0.0
366.0,3.0,374.0,2.0,1,2.0,0.0,0.0,0.0
499.5,6.0,552.0,4.0,1,825.0,0.0,0.0,0.0
386.0,5.5,152.0,4.0,1,202.0,0.0,0.0,0.0
810.0,13.0,1613.0,4.0,1,1841.0,0.0,0.0,0.0
451.0,6.0,129.0,4.0,1,150.0,0.0,0.0,0.0
599.0,11.5,733.0,5.0,1,1395.0,0.0,0.0,0.0
226.0,4.0,869.0,4.0,1,189.0,0.0,0.0,0.0
656.25,10.0,968.0,4.0,1,465.0,0.0,0.0,0.0
613.0,7.0,838.0,4.0,1,1820.0,0.0,0.0,0.0
53.0,2.5,317.0,4.0,0,96.0,34.0,0.0,0.0
342.5,5.0,609.0,4.0,1,681.0,0.0,0.0,0.0
4.5,2.5,989.0,4.0,1,96.0,32.0,0.0,0.0
1220.0,25.0,1602.0,5.0,1,457.0,0.0,0.0,0.0
73.5,5.5,1191.0,4.0,1,424.0,0.0,0.0,0.0
819.0,11.0,1471.0,4.0,1,115.0,0.0,0.0,0.0
277.0,4.0,544.0,4.0,1,74.0,0.0,0.0,0.0
540.0,6.0,603.0,4.0,1,704.0,0.0,0.0,0.0
1020.25,7.0,1466.0,4.0,1,3070.0,0.0,0.0,0.0
223.0,3.5,256.0,4.0,1,57.0,0.0,0.0,0.0
194.5,4.0,325.0,4.0,1,175.0,0.0,0.0,0.0
25.0,1.0,1008.0,4.0,0,852.0,0.0,0.0,0.0
126.25,1.5,383.0,3.0,1,480.0,0.0,0.0,0.0
330.5,5.0,339.0,2.0,1,0.0,0.0,0.0,0.0
40.0,2.0,516.0,4.0,1,174.0,0.0,0.0,0.0
547.0,1.0,257.0,4.0,1,1076.0,0.0,0.0,0.0
596.5,7.5,598.0,4.0,1,595.0,0.0,0.0,0.0
34.0,3.0,313.0,4.0,1,0.0,0.0,0.0,0.0
1645.0,21.5,934.0,4.5,1,181.0,0.0,0.0,0.0
716.75,7.0,960.0,4.0,1,1581.0,0.0,0.0,0.0
401.0,8.0,222.0,4.0,1,927.0,0.0,0.0,0.0
409.0,3.0,190.0,4.0,1,457.0,0.0,0.0,0.0
450.5,5.0,230.0,4.0,1,690.0,0.0,0.0,0.0
350.5,2.5,181.0,2.0,1,4.0,0.0,0.0,0.0
78.0,2.0,454.0,4.0,0,500.0,13.0,0.0,0.0
4.0,1.5,822.0,2.0,1,320.0,0.0,0.0,0.0
524.5,3.0,45.0,4.0,1,683.0,0.0,0.0,0.0
940.5,22.0,654.0,5.0,1,1064.0,0.0,0.0,0.0
146.0,5.0,505.0,4.0,1,509.0,0.0,0.0,0.0
585.0,6.0,411.0,4.0,1,783.0,0.0,0.0,0.0
1145.0,9.0,1374.0,4.5,1,477.0,0.0,0.0,0.0
194.5,2.0,218.0,4.0,1,210.0,0.0,0.0,0.0
367.5,12.0,132.0,4.0,1,1187.0,0.0,0.0,0.0
114.0,4.5,420.0,4.0,1,515.0,21.666666666666668,1.0,0.0
881.0,9.0,1830.0,4.0,1,2801.0,0.0,0.0,0.0
38.5,1.0,277.0,4.0,1,222.0,0.0,0.0,0.0
253.0,8.0,488.0,4.0,1,196.0,0.0,0.0,0.0
624.0,5.0,340.0,4.0,1,207.0,0.0,0.0,0.0
671.0,4.0,436.0,5.0,1,2146.0,0.0,0.0,0.0
51.5,4.0,619.0,4.0,0,753.0,12.428571428571429,2.0,0.0
76.0,2.0,194.0,4.0,1,33.0,0.0,0.0,0.0
123.0,2.0,588.0,4.0,1,333.0,16.333333333333332,1.0,0.0
105.0,2.5,0.0,4.0,1,37.0,0.0,0.0,0.0
115.5,2.5,296.0,4.0,1,44.0,0.0,0.0,0.0
89.0,2.0,716.0,4.0,1,1199.0,23.0,1.0,0.0
4.0,2.5,101.0,2.5,1,898.0,0.0,0.0,0.0
960.0,6.5,300.0,4.0,1,151.0,0.0,0.0,0.0
23.5,2.0,272.0,3.5,1,114.0,0.0,0.0,0.0
118.0,2.0,667.0,4.0,1,320.0,0.0,0.0,0.0
65.5,3.0,494.0,4.5,1,349.0,14.0,2.0,0.0
391.0,5.0,57.0,4.0,1,1036.0,0.0,0.0,0.0
708.0,7.5,1069.0,4.0,1,1917.0,0.0,0.0,0.0
112.0,2.0,532.0,4.0,1,280.0,30.0,0.0,0.0
388.0,3.0,366.0,4.0,1,658.0,0.0,0.0,0.0
115.0,3.0,270.0,4.0,1,269.0,23.0,1.0,0.0
235.5,5.5,664.0,4.0,1,1079.0,0.0,0.0,0.0
191.0,3.0,135.0,4.0,1,88.0,0.0,0.0,0.0
470.5,8.0,338.0,4.0,1,80.0,0.0,0.0,0.0
316.5,4.5,602.0,4.0,1,359.0,0.0,0.0,0.0
1161.5,6.5,1416.0,4.0,1,3147.0,0.0,0.0,0.0
246.0,4.5,579.0,4.0,1,101.0,0.0,0.0,0.0
249.0,13.0,204.0,4.0,1,544.0,0.0,0.0,0.0
242.5,3.0,681.0,4.0,1,184.0,0.0,0.0,0.0
529.0,4.0,83.0,4.0,1,173.0,0.0,0.0,0.0
7.0,2.0,325.0,4.0,1,351.0,30.5,0.0,0.0
285.5,4.0,995.0,4.0,1,163.0,0.0,0.0,0.0
837.0,3.0,1223.0,4.0,1,3129.0,0.0,0.0,0.0
465.0,2.0,264.0,4.0,0,1521.0,0.0,0.0,0.0
277.0,4.0,742.0,4.0,1,84.0,0.0,0.0,0.0
119.0,1.5,536.0,4.0,1,264.0,0.0,0.0,0.0
232.5,3.5,186.0,0.0,1,0.0,0.0,0.0,0.0
1481.0,19.0,704.0,5.0,1,220.0,0.0,0.0,0.0
762.0,12.0,1681.0,4.0,1,2401.0,0.0,0.0,0.0
1199.0,7.0,273.0,4.0,1,1855.0,0.0,0.0,0.0
251.0,5.0,734.0,2.0,1,44.0,0.0,0.0,0.0
763.0,6.0,849.0,4.0,1,3592.0,0.0,0.0,0.0
87.0,3.0,650.0,4.0,1,443.0,16.5,0.0,0.0
943.0,15.0,1830.0,4.5,1,478.0,0.0,0.0,0.0
969.0,24.0,2095.0,4.0,1,1605.0,0.0,0.0,0.0
162.0,3.0,512.0,4.0,1,91.0,0.0,0.0,0.0
287.0,1.5,394.0,4.0,1,333.0,0.0,0.0,0.0
408.5,3.0,297.0,4.0,1,349.0,0.0,0.0,0.0
951.0,11.0,1413.0,4.0,1,2565.0,0.0,0.0,0.0
636.0,5.0,489.0,4.0,1,758.0,0.0,0.0,0.0
122.0,2.5,642.0,4.0,1,360.0,12.666666666666666,1.0,0.0
1592.0,24.0,1681.0,5.0,1,294.0,0.0,0.0,0.0
234.0,5.0,584.0,4.0,1,113.0,0.0,0.0,0.0
101.0,2.0,555.0,4.0,1,335.0,0.0,0.0,0.0
798.5,15.0,1727.0,4.5,1,851.0,0.0,0.0,0.0
446.0,8.0,102.0,4.0,1,402.0,0.0,0.0,0.0
255.0,2.5,95.0,4.0,1,160.0,0.0,0.0,0.0
378.0,3.0,820.0,4.0,1,23.0,0.0,0.0,0.0
532.75,2.0,525.0,4.0,1,258.0,0.0,0.0,0.0
215.0,5.5,273.0,4.0,1,452.0,0.0,0.0,0.0
122.5,4.0,124.0,4.0,1,558.0,0.0,0.0,0.0
689.5,9.0,745.0,4.0,1,1590.0,0.0,0.0,0.0
381.5,5.0,644.0,4.0,1,912.0,0.0,0.0,0.0
845.0,14.0,338.0,4.5,1,2754.0,0.0,0.0,0.0
105.5,4.0,148.0,4.0,1,364.0,0.0,0.0,0.0
548.0,6.0,532.0,4.0,1,694.0,0.0,0.0,0.0
60.0,5.0,137.0,4.0,1,979.0,0.0,0.0,0.0
385.0,3.5,435.0,4.0,1,118.0,0.0,0.0,0.0
362.0,10.0,864.0,4.0,1,630.0,0.0,0.0,0.0
455.0,3.0,244.0,4.0,1,123.0,0.0,0.0,0.0
478.0,6.0,171.0,4.0,1,534.0,0.0,0.0,0.0
22.0,0.5,409.0,4.0,1,921.0,16.0,0.0,0.0
82.5,2.0,751.0,4.0,1,242.0,0.0,0.0,0.0
372.0,7.0,251.0,4.0,1,243.0,0.0,0.0,0.0
27.0,3.0,596.0,4.0,1,158.0,0.0,0.0,0.0
562.0,4.5,62.0,4.0,1,547.0,0.0,0.0,0.0
332.5,2.0,12.0,4.0,1,249.0,0.0,0.0,0.0
135.0,3.0,616.0,4.0,1,247.0,0.0,0.0,0.0
559.0,4.0,601.0,4.0,1,1217.0,0.0,0.0,0.0
571.5,5.5,210.0,5.0,1,1858.0,0.0,0.0,0.0
22.5,0.0,1092.0,4.0,0,239.0,0.0,0.0,0.0
438.5,4.0,218.0,4.0,1,1496.0,0.0,0.0,0.0
1311.5,9.0,1173.0,5.0,1,1841.0,0.0,0.0,0.0
664.0,6.0,843.0,4.0,1,543.0,0.0,0.0,0.0
117.0,4.5,592.0,4.0,1,200.0,0.0,0.0,0.0
413.0,6.0,569.0,4.0,1,142.0,0.0,0.0,0.0
1131.5,24.0,2462.0,4.0,1,937.0,0.0,0.0,0.0
1141.5,8.0,1289.0,4.5,1,563.0,0.0,0.0,0.0
235.0,3.5,601.0,4.0,1,267.0,0.0,0.0,0.0
496.0,5.0,154.0,4.0,1,147.0,0.0,0.0,0.0
444.5,5.0,341.0,4.0,1,165.0,0.0,0.0,0.0
292.0,11.0,673.0,4.0,1,124.0,0.0,0.0,0.0
564.5,6.5,150.0,4.0,1,745.0,0.0,0.0,0.0
450.5,5.5,476.0,4.0,1,294.0,0.0,0.0,0.0
460.5,5.0,123.0,4.0,0,1252.0,0.0,0.0,0.0
360.0,7.0,87.0,4.0,1,55.0,0.0,0.0,0.0
60.0,1.0,469.0,4.0,0,121.0,17.166666666666668,2.0,0.0
144.0,3.0,68.0,4.0,1,338.0,0.0,0.0,0.0
549.5,3.5,392.0,4.0,1,1103.0,0.0,0.0,0.0
659.5,7.0,186.0,4.0,1,396.0,0.0,0.0,0.0
505.0,3.0,299.0,4.0,1,392.0,0.0,0.0,0.0
29.5,2.0,891.0,4.0,1,769.0,0.0,0.0,0.0
481.0,8.0,374.0,4.0,1,502.0,0.0,0.0,0.0
641.0,11.0,1179.0,4.0,1,1240.0,0.0,0.0,0.0
1839.75,15.0,1242.0,5.0,1,293.0,0.0,0.0,0.0
133.0,2.5,387.0,4.0,1,32.0,0.0,0.0,0.0
605.0,5.0,371.0,2.0,1,1134.0,0.0,0.0,0.0
451.0,3.0,226.0,4.0,1,487.0,0.0,0.0,0.0
1030.0,20.0,317.0,5.0,1,456.0,0.0,0.0,0.0
310.0,4.0,60.0,4.0,1,394.0,0.0,0.0,0.0
661.0,5.0,938.0,4.0,1,1072.0,0.0,0.0,0.0
519.0,7.0,182.0,4.0,1,161.0,0.0,0.0,0.0
133.0,3.0,833.0,2.0,1,45.0,0.0,0.0,0.0
222.5,3.5,329.0,4.0,1,137.0,0.0,0.0,0.0
901.0,11.5,1649.0,4.0,1,2638.0,0.0,0.0,0.0
98.5,4.0,612.0,4.0,1,403.0,0.0,0.0,0.0
996.0,22.75,2120.0,4.0,1,1460.0,0.0,0.0,0.0
729.0,6.0,1165.0,4.0,1,398.0,0.0,0.0,0.0
305.0,2.5,455.0,4.0,0,614.0,0.0,0.0,0.0
758.0,8.5,511.0,4.0,1,2137.0,0.0,0.0,0.0
827.0,8.0,1859.0,5.0,1,1644.0,0.0,0.0,0.0
623.0,10.0,413.0,4.0,1,47.0,0.0,0.0,0.0
211.75,5.0,435.0,4.0,1,278.0,0.0,0.0,0.0
399.5,3.0,471.0,4.5,1,53.0,0.0,0.0,0.0
850.0,6.0,2096.0,4.0,1,3038.0,0.0,0.0,0.0
270.5,6.5,136.0,4.0,1,332.0,0.0,0.0,0.0
769.0,10.0,466.0,5.0,1,2290.0,0.0,0.0,0.0
446.0,4.0,699.0,0.0,1,58.0,0.0,0.0,0.0
103.0,5.0,699.0,4.0,1,270.0,0.0,0.0,0.0
361.0,6.5,400.0,4.0,1,124.0,0.0,0.0,0.0
205.5,6.0,250.0,4.0,1,564.0,0.0,0.0,0.0
1157.5,10.5,802.0,4.0,1,1046.0,0.0,0.0,0.0
556.0,8.0,300.0,4.0,1,884.0,0.0,0.0,0.0
561.0,7.0,342.0,4.0,1,685.0,0.0,0.0,0.0
351.0,7.0,723.0,4.0,1,610.0,0.0,0.0,0.0
31.0,2.0,248.0,4.0,1,122.0,0.0,0.0,0.0
105.5,1.0,275.0,4.0,1,549.0,5.0,0.0,0.0
106.0,2.0,747.0,4.0,1,574.0,15.0,1.0,0.0
122.0,1.0,626.0,4.0,1,120.0,0.0,0.0,0.0
77.0,1.0,651.0,4.0,0,648.0,11.75,2.0,0.0
127.0,5.5,332.0,4.0,1,334.0,0.0,0.0,0.0
1147.0,11.5,2194.0,4.0,1,1748.0,0.0,0.0,0.0
419.5,5.5,668.0,4.0,1,71.0,0.0,0.0,0.0
658.0,8.0,890.0,4.0,1,2605.0,0.0,0.0,0.0
550.0,18.0,468.0,4.0,1,407.0,0.0,0.0,0.0
419.0,7.0,21.0,4.0,1,1325.0,0.0,0.0,0.0
675.0,12.5,912.0,4.0,1,396.0,0.0,0.0,0.0
56.0,3.0,54.0,3.5,1,446.0,0.0,0.0,0.0
198.0,4.0,478.0,4.0,1,175.0,0.0,0.0,0.0
193.75,4.0,128.0,4.0,1,86.0,0.0,0.0,0.0
380.0,5.0,598.0,4.0,1,613.0,0.0,0.0,0.0
752.0,11.0,1333.0,4.0,1,1343.0,0.0,0.0,0.0
156.0,4.0,445.0,4.0,1,176.0,0.0,0.0,0.0
417.0,5.0,253.0,4.0,1,230.0,0.0,0.0,0.0
88.25,1.0,539.0,4.0,1,71.0,14.5,4.0,0.0
327.0,4.0,200.0,4.0,1,61.0,0.0,0.0,0.0
584.0,22.0,198.0,5.0,1,2049.0,0.0,0.0,0.0
518.5,7.0,762.0,4.0,1,377.0,0.0,0.0,0.0
278.0,6.5,833.0,4.0,1,386.0,0.0,0.0,0.0
1203.25,7.0,474.0,4.0,1,1647.0,0.0,0.0,0.0
1355.0,15.0,1788.0,4.0,1,596.0,0.0,0.0,0.0
92.5,2.0,817.0,4.0,1,431.0,3.0,1.0,0.0
383.0,5.5,593.0,4.0,1,259.0,0.0,0.0,0.0
109.0,2.0,630.0,4.0,0,264.0,30.0,0.0,0.0
1206.0,14.0,2481.0,4.0,1,1220.0,0.0,0.0,0.0
1311.0,23.5,1328.0,2.5,1,378.0,0.0,0.0,0.0
77.0,2.0,791.0,4.0,1,466.0,21.33333333333333,0.0,0.0
59.0,2.0,364.0,4.0,1,476.0,0.0,0.0,0.0
491.0,5.0,23.0,4.0,1,1460.0,0.0,0.0,0.0
508.25,4.5,139.0,2.0,1,273.0,0.0,0.0,0.0
123.0,4.0,631.0,4.0,1,30.0,0.0,0.0,0.0
636.0,16.0,1110.0,4.5,1,1704.0,0.0,0.0,0.0
58.5,2.0,1067.0,4.0,0,71.0,20.0,1.0,0.0
34.0,3.0,572.0,4.0,1,1178.0,0.0,0.0,0.0
406.5,6.0,225.0,4.0,1,241.0,0.0,0.0,0.0
19.5,3.0,768.0,4.0,1,173.0,2.0,0.0,0.0
138.0,8.0,678.0,4.0,1,187.0,0.0,0.0,0.0
316.0,7.0,308.0,4.0,1,81.0,0.0,0.0,0.0
84.0,3.5,451.0,4.0,1,165.0,0.0,0.0,0.0
102.0,3.0,461.0,4.0,1,149.0,26.0,0.0,0.0
868.5,7.0,2146.0,4.0,1,3334.0,0.0,0.0,0.0
830.0,13.0,1741.0,4.0,1,1604.0,0.0,0.0,0.0
223.5,3.0,231.0,2.0,1,22.0,0.0,0.0,0.0
41.0,1.0,730.0,4.0,0,716.0,0.0,0.0,0.0
144.5,2.0,1041.0,2.0,1,9.0,12.0,3.0,0.0
6.0,8.0,497.0,2.5,0,1011.0,18.0,0.0,0.0
484.0,9.0,237.0,4.0,1,519.0,0.0,0.0,0.0
371.5,6.5,292.0,4.0,1,3.0,0.0,0.0,0.0
87.0,1.5,1165.0,4.0,1,267.0,0.0,0.0,0.0
79.0,2.0,894.0,4.0,0,637.0,0.0,0.0,0.0
48.0,2.5,57.0,4.0,1,264.0,0.0,0.0,0.0
673.0,7.0,933.0,4.0,1,1772.0,0.0,0.0,0.0
381.0,5.0,49.0,4.0,1,737.0,0.0,0.0,0.0
125.5,4.0,1063.0,4.0,1,114.0,3.0,0.0,0.0
257.5,6.0,684.0,4.0,1,603.0,0.0,0.0,0.0
141.0,2.5,396.0,4.0,1,139.0,1.0,0.0,0.0
440.0,3.0,133.0,4.0,1,729.0,0.0,0.0,0.0
317.0,1.5,166.0,4.0,1,246.0,0.0,0.0,0.0
98.0,2.0,538.0,4.0,1,205.0,0.0,0.0,0.0
320.0,4.0,694.0,4.0,1,510.0,0.0,0.0,0.0
52.0,2.0,1083.0,2.0,1,16.0,0.0,0.0,0.0
274.0,3.0,246.0,4.0,1,201.0,0.0,0.0,0.0
979.0,22.0,684.0,5.0,1,1020.0,0.0,0.0,0.0
169.5,4.0,449.0,4.0,1,307.0,0.0,0.0,0.0
29.5,0.0,1043.0,4.0,0,1045.0,0.0,0.0,0.0
739.0,7.666666666666667,1475.0,4.0,1,2212.0,0.0,0.0,0.0
72.0,3.0,547.0,4.0,1,699.0,0.0,0.0,0.0
302.0,4.0,376.0,4.0,1,370.0,0.0,0.0,0.0
41.5,2.0,674.0,4.0,1,1015.0,0.0,0.0,0.0
549.0,3.0,398.0,4.0,1,959.0,0.0,0.0,0.0
365.0,7.0,532.0,4.0,1,378.0,0.0,0.0,0.0
208.0,3.0,129.0,4.0,1,388.0,0.0,0.0,0.0
305.25,3.5,441.0,4.0,1,67.0,0.0,0.0,0.0
800.5,9.0,1234.0,4.0,1,852.0,0.0,0.0,0.0
487.0,8.0,415.0,2.0,1,257.0,0.0,0.0,0.0
86.0,2.5,424.0,4.0,1,520.0,10.6,3.0,0.0
528.5,4.5,529.0,4.0,1,215.0,0.0,0.0,0.0
87.0,1.0,870.0,4.0,0,353.0,33.5,0.0,0.0
446.0,3.0,131.0,4.0,1,359.0,0.0,0.0,0.0
86.5,4.0,834.0,4.0,1,113.0,0.0,0.0,0.0
608.5,3.5,771.0,4.0,1,930.0,0.0,0.0,0.0
374.5,5.0,179.0,0.0,1,75.0,0.0,0.0,0.0
691.5,11.0,1120.0,4.0,1,1305.0,0.0,0.0,0.0
760.0,6.0,1609.0,4.0,1,2499.0,0.0,0.0,0.0
935.0,20.5,1765.0,4.0,1,977.0,0.0,0.0,0.0
143.0,2.5,499.0,4.0,1,210.0,30.0,0.0,0.0
775.5,6.0,1473.0,4.0,1,1505.0,0.0,0.0,0.0
699.0,5.0,1161.0,4.0,1,458.0,0.0,0.0,0.0
490.0,9.0,226.0,4.0,1,383.0,0.0,0.0,0.0
510.5,4.0,586.0,4.0,1,89.0,0.0,0.0,0.0
9.75,2.0,211.0,2.0,1,27.0,0.0,0.0,0.0
2.0,1.0,352.0,0.0,0,254.0,16.5,1.0,0.0
539.0,3.5,502.0,2.0,1,320.0,0.0,0.0,0.0
366.0,2.5,739.0,4.0,1,465.0,0.0,0.0,0.0
315.0,9.0,524.0,4.0,1,291.0,0.0,0.0,0.0
14.0,5.5,518.0,4.0,1,188.0,15.5,2.0,0.0
464.0,4.0,144.0,4.0,1,535.0,0.0,0.0,0.0
25.0,2.0,396.0,4.0,0,155.0,0.0,0.0,0.0
575.5,6.0,201.0,4.0,1,1872.0,0.0,0.0,0.0
653.0,14.0,1143.0,5.0,1,1956.0,0.0,0.0,0.0
434.5,8.5,341.0,4.0,1,525.0,0.0,0.0,0.0
98.5,2.0,125.0,4.0,1,321.0,0.0,0.0,0.0
143.0,1.0,238.0,4.0,1,112.0,0.0,0.0,0.0
606.0,12.0,735.0,5.0,1,2277.0,0.0,0.0,0.0
629.0,9.0,893.0,4.0,1,1258.0,0.0,0.0,0.0
23.5,2.0,319.0,3.0,1,48.0,0.0,0.0,0.0
58.0,1.0,606.0,4.0,1,54.0,0.0,0.0,0.0
48.0,2.0,122.0,4.0,1,124.0,10.5,2.0,0.0
81.0,4.0,1297.0,4.0,1,457.0,0.0,0.0,0.0
113.0,3.0,115.0,4.0,1,362.0,0.0,0.0,0.0
273.0,7.0,765.0,4.0,1,423.0,0.0,0.0,0.0
39.0,2.0,401.0,4.0,1,111.0,0.0,0.0,0.0
532.5,7.5,537.0,5.0,1,1120.0,0.0,0.0,0.0
278.0,4.0,614.0,4.0,1,45.0,0.0,0.0,0.0
299.0,3.0,35.0,0.0,1,30.0,0.0,0.0,0.0
1231.0,13.5,1657.0,4.0,1,900.0,0.0,0.0,0.0
723.0,9.0,554.0,4.0,1,712.0,0.0,0.0,0.0
480.5,7.0,387.0,4.0,1,160.0,0.0,0.0,0.0
445.0,4.0,169.0,4.0,1,697.0,0.0,0.0,0.0
1078.0,10.0,1391.0,2.0,1,1449.0,0.0,0.0,0.0
334.0,3.0,279.0,4.0,1,1559.0,0.0,0.0,0.0
416.5,5.0,173.0,4.0,1,563.0,0.0,0.0,0.0
883.0,5.0,1429.0,4.0,1,3733.0,0.0,0.0,0.0
216.5,3.0,1142.0,4.0,1,780.0,0.0,0.0,0.0
357.5,5.0,591.0,4.0,1,771.0,0.0,0.0,0.0
309.0,3.0,365.0,4.0,1,1322.0,0.0,0.0,0.0
282.5,3.0,306.0,4.0,1,181.0,0.0,0.0,0.0
483.5,14.5,358.0,5.0,1,1669.0,0.0,0.0,0.0
1021.0,14.0,856.0,5.0,1,1243.0,0.0,0.0,0.0
230.0,3.0,517.0,4.0,1,152.0,0.0,0.0,0.0
367.0,2.0,669.0,4.0,1,672.0,0.0,0.0,0.0
499.0,6.0,294.0,4.0,1,1413.0,0.0,0.0,0.0
531.5,4.5,562.0,4.0,1,333.0,0.0,0.0,0.0
24.0,3.0,838.0,4.0,1,538.0,0.0,0.0,0.0
42.0,4.0,399.0,4.0,0,708.0,0.0,0.0,0.0
552.0,3.5,409.0,4.0,1,1073.0,0.0,0.0,0.0
987.0,7.5,100.0,4.0,1,188.0,0.0,0.0,0.0
929.0,15.0,2176.0,4.0,1,430.0,0.0,0.0,0.0
619.5,7.0,726.0,4.0,1,717.0,0.0,0.0,0.0
229.0,3.5,159.0,4.0,1,297.0,0.0,0.0,0.0
312.0,3.0,234.0,2.0,1,325.0,0.0,0.0,0.0
1240.0,23.0,679.0,4.0,1,343.0,0.0,0.0,0.0
299.5,8.5,1106.0,4.0,1,965.0,0.0,0.0,0.0
60.66666666666666,3.0,496.0,4.0,1,465.0,0.0,0.0,0.0
1159.0,9.0,1046.0,4.0,1,2911.0,0.0,0.0,0.0
193.0,4.0,1108.0,4.0,1,914.0,0.0,0.0,0.0
506.0,3.5,292.0,2.0,1,330.0,0.0,0.0,0.0
1006.5,15.0,317.0,5.0,1,360.0,0.0,0.0,0.0
742.0,12.0,686.0,5.0,1,3283.0,0.0,0.0,0.0
734.0,8.0,1631.0,4.0,1,1622.0,0.0,0.0,0.0
285.5,2.5,507.0,4.0,1,511.0,0.0,0.0,0.0
109.0,2.5,428.0,4.0,1,152.0,0.0,0.0,0.0
508.0,11.5,273.0,4.0,1,751.0,0.0,0.0,0.0
83.0,4.5,1021.0,4.0,1,337.0,0.0,0.0,0.0
5.0,2.5,727.0,0.0,1,755.0,13.5,0.0,0.0
452.5,5.5,226.0,4.0,1,764.0,0.0,0.0,0.0
150.0,8.0,404.0,4.0,1,410.0,0.0,0.0,0.0
961.0,25.5,2290.0,2.5,1,278.0,0.0,0.0,0.0
556.5,21.5,605.0,5.0,1,2032.0,0.0,0.0,0.0
374.0,3.0,928.0,4.0,1,479.0,0.0,0.0,0.0
167.0,4.0,532.0,4.0,1,114.0,0.0,0.0,0.0
847.0,5.0,2138.0,4.0,1,2972.0,0.0,0.0,0.0
13.0,2.5,394.0,4.0,1,577.0,0.0,0.0,0.0
791.0,15.0,1117.0,4.0,1,398.0,0.0,0.0,0.0
684.0,9.0,719.0,4.0,1,976.0,0.0,0.0,0.0
465.0,3.5,107.0,4.0,1,69.0,0.0,0.0,0.0
110.0,1.0,264.0,4.0,1,313.0,0.0,0.0,0.0
205.0,2.0,214.0,3.5,1,152.0,0.0,0.0,0.0
538.0,3.0,662.0,4.0,1,412.0,0.0,0.0,0.0
349.0,7.0,285.0,4.0,1,325.0,0.0,0.0,0.0
5.5,2.0,714.0,2.0,1,1243.0,0.0,0.0,0.0
857.0,15.0,2034.0,0.0,1,187.0,0.0,0.0,0.0
816.0,5.0,504.0,4.0,1,2678.0,0.0,0.0,0.0
207.5,3.0,235.0,4.0,1,61.0,0.0,0.0,0.0
719.0,6.0,1403.0,2.0,1,859.0,0.0,0.0,0.0
38.0,3.0,49.0,4.5,0,502.0,0.0,0.0,0.0
603.0,5.0,152.0,4.0,1,1218.0,0.0,0.0,0.0
424.0,4.5,0.0,4.0,1,27.0,0.0,0.0,0.0
329.0,6.0,560.0,4.0,1,841.0,0.0,0.0,0.0
600.6666666666666,5.333333333333333,795.0,4.0,1,2098.0,0.0,0.0,0.0
121.0,2.5,673.0,4.0,1,98.0,0.0,0.0,0.0
41.0,1.0,528.0,5.0,1,546.0,0.0,0.0,0.0
319.0,4.5,176.0,4.0,1,230.0,0.0,0.0,0.0
524.5,7.0,398.0,2.0,1,1090.0,0.0,0.0,0.0
66.0,19.0,90.0,4.5,1,414.0,0.0,0.0,0.0
48.0,5.0,686.0,4.0,0,707.0,18.0,1.0,0.0
97.0,1.5,902.0,3.0,0,574.0,15.0,1.0,0.0
36.0,1.0,988.0,5.0,0,786.0,30.0,0.0,0.0
1008.0,18.0,381.0,5.0,1,1110.0,0.0,0.0,0.0
379.5,6.0,509.0,4.0,1,340.0,0.0,0.0,0.0
151.0,1.0,596.0,4.0,1,394.0,0.0,0.0,0.0
169.5,3.0,628.0,4.0,1,116.0,0.0,0.0,0.0
192.0,3.0,510.0,4.0,1,92.0,0.0,0.0,0.0
49.0,0.5,679.0,4.0,1,555.0,0.0,0.0,0.0
77.5,8.0,1073.0,4.0,1,415.0,0.0,0.0,0.0
386.0,6.0,237.0,4.0,1,856.0,0.0,0.0,0.0
489.0,5.0,217.0,4.0,1,149.0,0.0,0.0,0.0
183.0,3.0,627.0,2.0,1,26.0,0.0,0.0,0.0
1719.0,16.0,732.0,4.0,1,478.0,0.0,0.0,0.0
417.0,5.0,174.0,4.0,1,63.0,0.0,0.0,0.0
616.0,12.0,301.0,4.0,1,1238.0,0.0,0.0,0.0
330.0,5.0,547.0,4.0,1,558.0,0.0,0.0,0.0
17.5,3.0,708.0,4.0,1,228.0,0.0,0.0,0.0
234.5,2.0,256.0,4.0,1,383.0,0.0,0.0,0.0
482.0,4.0,551.0,4.0,1,436.0,0.0,0.0,0.0
1445.0,16.0,2247.0,4.0,1,777.0,0.0,0.0,0.0
303.5,4.0,468.0,2.0,1,53.0,9.0,0.0,0.0
57.0,2.0,264.0,4.0,1,601.0,22.0,2.0,0.0
639.0,7.5,748.0,4.0,1,656.0,0.0,0.0,0.0
1815.0,13.0,1031.0,4.0,1,458.0,0.0,0.0,0.0
1539.0,11.0,627.0,4.0,1,1552.0,0.0,0.0,0.0
196.0,13.5,356.0,4.0,1,248.0,0.0,0.0,0.0
438.0,5.0,477.0,2.0,1,73.0,0.0,0.0,0.0
481.0,8.0,430.0,4.0,1,1065.0,0.0,0.0,0.0
1771.5,5.0,790.0,4.0,1,724.0,0.0,0.0,0.0
504.0,3.0,232.0,4.0,1,487.0,0.0,0.0,0.0
526.5,5.0,548.0,4.0,1,513.0,0.0,0.0,0.0
747.5,8.5,1300.0,4.5,1,2272.0,0.0,0.0,0.0
922.5,11.0,1580.0,4.0,1,1999.0,0.0,0.0,0.0
57.0,1.0,192.0,4.0,1,303.0,0.0,0.0,0.0
664.0,10.0,522.0,4.0,1,1544.0,0.0,0.0,0.0
690.0,13.0,465.0,4.0,1,336.0,0.0,0.0,0.0
255.0,4.0,106.0,4.0,1,9.0,0.0,0.0,0.0
217.0,5.5,811.0,4.0,1,387.0,0.0,0.0,0.0
1038.5,14.5,2123.0,4.0,1,1291.0,0.0,0.0,0.0
544.0,6.5,337.0,4.0,1,100.0,0.0,0.0,0.0
1033.5,20.0,2217.0,4.0,1,1555.0,0.0,0.0,0.0
353.25,5.5,222.0,4.0,1,528.0,0.0,0.0,0.0
119.66666666666669,4.0,216.0,4.0,1,338.0,0.0,0.0,0.0
540.5,4.0,687.0,4.0,1,670.0,0.0,0.0,0.0
422.0,4.5,82.0,4.0,1,154.0,0.0,0.0,0.0
978.6666666666666,14.0,2109.0,4.0,1,4293.0,0.0,0.0,0.0
407.0,5.0,464.0,0.0,1,206.0,0.0,0.0,0.0
1585.5,20.0,1988.0,4.5,1,305.0,0.0,0.0,0.0
1051.5,16.5,540.0,4.0,1,58.0,0.0,0.0,0.0
576.0,6.666666666666667,405.0,4.0,1,785.0,0.0,0.0,0.0
17.5,2.0,466.0,4.0,1,557.0,0.0,0.0,0.0
412.0,4.0,421.0,0.0,1,172.0,0.0,0.0,0.0
120.0,2.0,338.0,4.0,1,67.0,16.5,1.0,0.0
160.0,1.0,878.0,4.0,1,208.0,0.0,0.0,0.0
645.0,5.0,304.0,4.0,1,1325.0,0.0,0.0,0.0
421.0,6.0,373.0,4.0,1,1417.0,0.0,0.0,0.0
84.0,2.0,364.0,4.0,1,73.0,0.0,0.0,0.0
147.5,5.0,889.0,4.0,1,280.0,0.0,0.0,0.0
135.0,4.0,308.0,4.0,1,197.0,0.0,0.0,0.0
768.5,8.0,1494.0,4.0,1,1261.0,0.0,0.0,0.0
1244.0,9.0,1264.0,4.0,1,392.0,0.0,0.0,0.0
321.0,3.0,212.0,4.0,1,392.0,0.0,0.0,0.0
24.5,2.0,494.0,4.0,1,423.0,0.0,0.0,0.0
361.0,4.5,326.0,4.0,1,1313.0,0.0,0.0,0.0
483.0,4.0,52.0,4.0,1,1485.0,0.0,0.0,0.0
103.0,2.0,625.0,3.0,0,442.0,30.0,0.0,0.0
21.0,1.0,647.0,4.0,1,302.0,15.0,1.0,0.0
286.5,4.0,411.0,4.0,1,18.0,0.0,0.0,0.0
1153.5,9.0,892.0,4.0,1,957.0,0.0,0.0,0.0
325.0,3.5,226.0,2.0,1,69.0,0.0,0.0,0.0
312.0,5.0,378.0,4.0,1,698.0,0.0,0.0,0.0
414.0,4.5,299.0,4.0,1,125.0,0.0,0.0,0.0
151.0,2.0,329.0,4.0,1,183.0,0.0,0.0,0.0
419.0,4.5,286.0,2.0,1,22.0,0.0,0.0,0.0
1476.5,14.0,1040.0,5.0,1,77.0,0.0,0.0,0.0
543.5,5.0,832.0,4.0,1,939.0,0.0,0.0,0.0
400.0,5.5,452.0,4.0,1,116.0,0.0,0.0,0.0
439.0,3.0,24.0,4.0,1,1240.0,0.0,0.0,0.0
819.5,8.0,2022.0,4.0,1,2990.0,0.0,0.0,0.0
488.0,12.0,309.0,5.0,1,1761.0,0.0,0.0,0.0
532.0,5.0,188.0,4.0,1,578.0,0.0,0.0,0.0
145.0,2.0,894.0,4.0,1,485.0,0.0,0.0,0.0
527.0,6.5,644.0,4.0,1,194.0,0.0,0.0,0.0
85.0,1.0,284.0,4.0,1,219.0,0.0,0.0,0.0
178.0,4.0,342.0,2.5,1,27.0,20.666666666666668,1.0,0.0
204.5,2.5,440.0,4.0,1,360.0,0.0,0.0,0.0
375.0,4.0,306.0,4.0,1,253.0,0.0,0.0,0.0
221.0,3.0,240.0,4.0,1,255.0,0.0,0.0,0.0
875.0,10.0,1659.0,4.0,1,2138.0,0.0,0.0,0.0
25.5,2.5,725.0,4.0,1,579.0,0.0,0.0,0.0
450.0,7.5,131.0,3.5,1,462.0,0.0,0.0,0.0
636.5,11.0,530.0,4.0,1,979.0,0.0,0.0,0.0
652.0,10.0,616.0,4.0,1,1621.0,0.0,0.0,0.0
123.0,2.0,374.0,4.0,1,283.0,0.0,0.0,0.0
341.0,9.0,746.0,4.0,1,739.0,0.0,0.0,0.0
535.0,8.0,543.0,4.0,1,386.0,0.0,0.0,0.0
159.0,4.0,1092.0,4.0,1,339.0,0.0,0.0,0.0
594.75,4.0,130.0,4.0,1,271.0,0.0,0.0,0.0
298.0,11.0,483.0,4.0,1,77.0,0.0,0.0,0.0
1242.0,19.0,2361.0,4.5,1,1240.0,0.0,0.0,0.0
97.5,3.5,395.0,4.0,1,13.0,0.0,0.0,0.0
454.0,5.0,457.0,4.0,1,417.0,0.0,0.0,0.0
105.0,2.0,301.0,4.0,1,419.0,0.0,0.0,0.0
497.0,9.0,656.0,4.0,1,1090.0,0.0,0.0,0.0
214.0,6.5,458.0,4.0,1,484.0,0.0,0.0,0.0
147.0,4.0,1073.0,4.0,1,510.0,21.0,1.0,0.0
694.0,6.0,746.0,4.0,1,718.0,0.0,0.0,0.0
119.0,4.5,348.0,4.0,1,600.0,0.0,0.0,0.0
62.0,2.0,762.0,4.0,1,172.0,28.0,1.0,0.0
489.5,22.0,387.0,4.0,1,217.0,0.0,0.0,0.0
405.0,5.0,708.0,4.0,1,718.0,0.0,0.0,0.0
334.0,3.0,275.0,4.0,0,596.0,0.0,0.0,0.0
554.0,11.0,587.0,4.0,1,336.0,0.0,0.0,0.0
1056.5,12.0,1511.0,4.0,1,1580.0,0.0,0.0,0.0
449.5,3.5,107.0,4.0,1,1143.0,0.0,0.0,0.0
274.5,4.0,153.0,4.0,1,96.0,0.0,0.0,0.0
1224.5,8.0,867.0,4.0,1,2592.0,0.0,0.0,0.0
148.0,3.0,679.0,4.0,1,161.0,0.0,0.0,0.0
186.0,10.0,640.0,4.0,1,230.0,0.0,0.0,0.0
163.75,4.0,969.0,4.0,1,123.0,20.0,1.0,0.0
417.5,6.0,49.0,4.0,1,1056.0,0.0,0.0,0.0
84.5,2.0,643.0,4.0,1,36.0,0.0,0.0,0.0
884.0,9.0,2366.0,4.0,1,3572.0,0.0,0.0,0.0
362.5,5.0,13.0,4.0,1,483.0,0.0,0.0,0.0
553.0,10.0,169.0,2.0,1,35.0,0.0,0.0,0.0
41.5,2.5,1102.0,4.0,1,607.0,0.0,0.0,0.0
188.0,6.0,291.0,4.0,1,335.0,0.0,0.0,0.0
217.0,5.0,733.0,4.0,1,88.0,30.0,0.0,0.0
25.5,0.0,775.0,4.0,1,940.0,0.0,0.0,0.0
23.0,0.5,687.0,4.0,1,1013.0,0.0,0.0,0.0
449.0,3.0,75.0,4.0,1,1690.0,0.0,0.0,0.0
539.0,6.0,394.0,4.0,1,624.0,0.0,0.0,0.0
52.0,1.0,421.0,4.0,1,785.0,0.0,0.0,0.0
372.25,5.0,273.0,4.0,1,40.0,0.0,0.0,0.0
35.5,2.5,443.0,4.0,1,86.0,0.0,0.0,0.0
1113.0,6.0,1188.0,4.0,1,3051.0,0.0,0.0,0.0
85.0,2.0,419.0,2.0,1,66.0,0.0,0.0,0.0
126.0,2.0,315.0,4.0,1,246.0,0.0,0.0,0.0
606.0,15.0,498.0,5.0,1,1948.0,0.0,0.0,0.0
388.5,4.0,408.0,4.0,1,16.0,0.0,0.0,0.0
1335.5,13.0,1322.0,4.0,1,1800.0,0.0,0.0,0.0
225.5,2.0,638.0,2.0,1,37.0,0.0,0.0,0.0
96.25,2.0,921.0,4.0,1,163.0,19.0,0.0,0.0
35.0,1.5,844.0,4.0,1,329.0,16.0,1.0,0.0
41.5,2.0,56.0,4.0,1,332.0,0.0,0.0,0.0
377.5,4.5,921.0,4.0,1,352.0,0.0,0.0,0.0
112.5,2.5,676.0,4.0,0,280.0,20.25,0.0,0.0
761.0,4.5,833.0,4.0,1,1903.0,0.0,0.0,0.0
57.0,2.0,833.0,4.0,0,61.0,0.0,0.0,0.0
965.5,6.0,2210.0,4.0,1,3997.0,0.0,0.0,0.0
40.5,2.0,313.0,2.0,1,6.0,0.0,0.0,0.0
19.0,0.0,175.0,4.0,1,865.0,0.0,0.0,0.0
236.0,5.0,578.0,4.0,1,105.0,22.0,0.0,0.0
346.0,10.0,442.0,4.0,1,186.0,0.0,0.0,0.0
266.0,4.0,509.0,4.0,1,332.0,18.0,1.0,0.0
460.0,4.0,668.0,2.0,1,155.0,0.0,0.0,0.0
458.0,8.0,470.0,4.0,1,466.0,0.0,0.0,0.0
334.5,3.0,369.0,4.0,1,1504.0,0.0,0.0,0.0
256.0,5.5,122.0,4.0,1,183.0,0.0,0.0,0.0
749.0,4.0,1634.0,4.0,1,2323.0,0.0,0.0,0.0
265.0,7.5,51.0,4.0,1,800.0,0.0,0.0,0.0
497.0,8.0,446.0,4.0,1,829.0,0.0,0.0,0.0
180.0,6.5,727.0,4.0,1,102.0,0.0,0.0,0.0
444.0,5.0,200.0,4.0,1,493.0,0.0,0.0,0.0
137.0,3.0,103.0,4.0,1,11.0,0.0,0.0,0.0
184.0,3.0,500.0,4.0,1,173.0,0.0,0.0,0.0
224.75,6.0,402.0,4.0,1,607.0,0.0,0.0,0.0
1054.0,22.5,2497.0,4.0,1,772.0,0.0,0.0,0.0
25.0,1.0,829.0,4.0,1,867.0,0.0,0.0,0.0
595.0,6.0,714.0,5.0,1,1509.0,0.0,0.0,0.0
25.5,6.0,666.0,4.0,1,112.0,0.0,0.0,0.0
329.0,4.0,313.0,4.0,1,450.0,0.0,0.0,0.0
362.0,3.0,55.0,4.0,1,173.0,0.0,0.0,0.0
34.0,2.5,484.0,4.0,1,493.0,0.0,0.0,0.0
732.0,13.5,524.0,5.0,1,2864.0,0.0,0.0,0.0
522.0,6.0,310.0,4.0,1,457.0,0.0,0.0,0.0
988.5,26.0,1974.0,4.0,1,1246.0,0.0,0.0,0.0
50.0,1.0,453.0,4.0,1,600.0,0.0,0.0,0.0
82.0,3.0,1141.0,4.0,1,339.0,0.0,0.0,0.0
243.0,4.5,385.0,4.0,1,88.0,0.0,0.0,0.0
495.0,6.0,379.0,4.0,1,220.0,0.0,0.0,0.0
544.0,6.0,156.0,4.0,1,627.0,0.0,0.0,0.0
239.0,5.0,423.0,4.0,1,269.0,0.0,0.0,0.0
742.0,12.0,711.0,5.0,1,3296.0,0.0,0.0,0.0
611.5,15.0,669.0,5.0,1,1199.0,0.0,0.0,0.0
526.0,13.25,319.0,4.0,1,474.0,0.0,0.0,0.0
353.5,2.0,212.0,4.0,1,176.0,20.0,1.0,0.0
697.75,8.5,1285.0,4.0,1,172.0,0.0,0.0,0.0
476.0,23.0,337.0,4.0,1,181.0,0.0,0.0,0.0
696.0,7.0,810.0,4.0,1,1834.0,0.0,0.0,0.0
342.5,6.5,673.0,4.0,1,525.0,0.0,0.0,0.0
797.0,13.5,1670.0,4.5,1,1145.0,0.0,0.0,0.0
471.0,12.5,129.0,4.0,1,541.0,0.0,0.0,0.0
199.5,3.0,787.0,4.0,1,191.0,0.0,0.0,0.0
41.0,2.0,502.0,4.0,1,129.0,0.0,0.0,0.0
419.0,7.0,268.0,4.0,1,320.0,0.0,0.0,0.0
530.0,5.5,409.0,4.0,1,1176.0,0.0,0.0,0.0
625.0,6.0,697.0,5.0,1,2300.0,0.0,0.0,0.0
189.5,4.5,1174.0,4.0,1,949.0,0.0,0.0,0.0
326.0,5.5,511.0,4.0,1,819.0,0.0,0.0,0.0
1656.0,29.0,543.0,4.0,1,589.0,0.0,0.0,0.0
975.0,13.5,1264.0,5.0,1,1426.0,0.0,0.0,0.0
683.0,5.5,968.0,4.0,1,419.0,0.0,0.0,0.0
129.0,4.0,796.0,4.0,1,246.0,0.0,0.0,0.0
567.5,4.0,214.0,4.0,1,949.0,0.0,0.0,0.0
963.5,10.5,1854.0,5.0,1,235.0,0.0,0.0,0.0
66.0,5.0,117.0,4.0,1,210.0,35.0,0.0,0.0
161.5,3.0,636.0,4.0,1,143.0,0.0,0.0,0.0
392.0,5.0,352.0,4.0,1,342.0,0.0,0.0,0.0
109.5,1.0,142.0,4.0,1,339.0,0.0,0.0,0.0
127.0,6.0,533.0,4.0,1,210.0,0.0,0.0,0.0
48.0,1.0,363.0,5.0,1,220.0,0.0,0.0,0.0
61.0,2.0,924.0,4.0,1,47.0,10.666666666666666,1.0,0.0
28.5,3.0,392.0,3.5,1,410.0,0.0,0.0,0.0
1175.0,10.0,788.0,4.0,1,2626.0,0.0,0.0,0.0
1015.0,15.0,274.0,4.0,1,40.0,0.0,0.0,0.0
186.0,9.5,554.0,4.0,1,67.0,0.0,0.0,0.0
503.5,7.0,227.0,2.0,1,58.0,0.0,0.0,0.0
602.0,3.0,602.0,4.0,1,776.0,0.0,0.0,0.0
654.0,12.0,991.0,4.0,1,1348.0,0.0,0.0,0.0
30.0,2.0,575.0,4.0,1,410.0,15.0,3.0,0.0
449.0,3.5,425.0,2.0,1,14.0,0.0,0.0,0.0
86.0,3.0,183.0,4.0,1,474.0,0.0,0.0,0.0
422.5,5.0,432.0,4.0,1,678.0,0.0,0.0,0.0
105.0,4.0,763.0,4.0,1,379.0,0.0,0.0,0.0
669.5,5.5,375.0,4.0,1,585.0,0.0,0.0,0.0
133.0,3.0,462.0,4.0,1,0.0,0.0,0.0,0.0
295.5,2.0,296.0,4.0,1,824.0,0.0,0.0,0.0
497.0,4.0,739.0,4.0,1,342.0,0.0,0.0,0.0
632.0,5.5,319.0,4.0,1,481.0,0.0,0.0,0.0
89.0,1.5,388.0,4.0,1,277.0,3.0,1.0,0.0
28.0,2.0,1031.0,4.5,1,489.0,0.0,0.0,0.0
1096.0,13.0,2361.0,4.0,1,1503.0,0.0,0.0,0.0
316.0,4.5,204.0,2.0,1,0.0,0.0,0.0,0.0
507.0,5.5,312.0,4.0,1,205.0,0.0,0.0,0.0
543.5,8.0,294.0,4.0,1,221.0,0.0,0.0,0.0
238.0,6.0,310.0,4.0,1,511.0,0.0,0.0,0.0
375.5,5.0,408.0,4.0,1,214.0,0.0,0.0,0.0
48.25,4.0,248.0,4.0,0,587.0,0.0,0.0,0.0
512.0,9.0,439.0,4.0,1,332.0,0.0,0.0,0.0
581.0,6.0,253.0,4.0,1,234.0,0.0,0.0,0.0
212.75,3.5,726.0,4.0,1,971.0,0.0,0.0,0.0
463.0,6.5,270.0,4.0,1,19.0,0.0,0.0,0.0
1082.5,27.75,2031.0,5.0,1,164.0,0.0,0.0,0.0
536.0,6.0,411.0,4.0,1,222.0,0.0,0.0,0.0
57.5,3.0,311.0,4.0,0,894.0,15.5,1.0,0.0
574.0,1.5,101.0,4.0,1,578.0,8.0,1.0,0.0
338.5,4.0,29.0,4.0,1,300.0,0.0,0.0,0.0
575.0,6.0,860.0,2.0,1,808.0,0.0,0.0,0.0
281.0,6.75,439.0,4.0,1,40.0,0.0,0.0,0.0
671.0,8.0,702.0,4.0,1,1574.0,0.0,0.0,0.0
7.0,3.0,717.0,4.5,1,634.0,9.166666666666666,2.0,0.0
1110.0,13.0,888.0,4.0,1,1127.0,0.0,0.0,0.0
1301.5,29.0,1302.0,5.0,1,352.0,0.0,0.0,0.0
1142.0,8.0,772.0,4.0,1,2628.0,0.0,0.0,0.0
520.0,2.5,128.0,4.0,1,560.0,0.0,0.0,0.0
360.0,5.5,810.0,4.0,1,871.0,0.0,0.0,0.0
140.5,2.0,215.0,4.0,1,344.0,0.0,0.0,0.0
111.0,1.5,663.0,2.0,1,28.0,0.0,0.0,0.0
156.0,4.0,436.0,3.5,1,100.0,0.0,0.0,0.0
285.0,4.5,59.0,4.0,1,92.0,0.0,0.0,0.0
453.5,3.0,225.0,4.0,1,516.0,0.0,0.0,0.0
31.0,2.0,942.0,4.5,1,795.0,16.5,1.0,0.0
566.0,7.0,276.0,4.0,1,956.0,0.0,0.0,0.0
500.0,3.5,127.0,4.0,1,388.0,0.0,0.0,0.0
141.0,2.0,268.0,3.0,1,162.0,0.0,0.0,0.0
563.0,8.0,540.0,4.0,1,836.0,0.0,0.0,0.0
334.0,5.0,156.0,4.0,1,377.0,0.0,0.0,0.0
1175.5,13.5,1164.0,4.0,1,696.0,0.0,0.0,0.0
83.0,6.0,408.0,4.0,1,288.0,0.0,0.0,0.0
618.0,5.0,226.0,4.0,1,283.0,0.0,0.0,0.0
431.0,6.5,466.0,4.0,1,279.0,0.0,0.0,0.0
22.0,1.0,612.0,4.0,1,351.0,0.0,0.0,0.0
234.0,3.0,882.0,4.0,1,178.0,0.0,0.0,0.0
32.0,2.0,650.0,4.0,1,249.0,0.0,0.0,0.0
569.0,6.0,244.0,4.0,1,829.0,0.0,0.0,0.0
1296.0,12.0,1062.0,5.0,1,211.0,0.0,0.0,0.0
204.0,3.0,790.0,4.0,1,485.0,0.0,0.0,0.0
679.5,5.5,944.0,4.0,1,1954.0,0.0,0.0,0.0
796.0,11.0,1196.0,4.0,1,812.0,0.0,0.0,0.0
226.0,2.0,627.0,4.0,1,168.0,0.0,0.0,0.0
195.0,3.0,503.0,4.0,1,61.0,19.0,2.0,0.0
1200.0,29.5,2019.0,5.0,1,931.0,0.0,0.0,0.0
531.0,14.5,594.0,4.0,1,1776.0,0.0,0.0,0.0
216.5,3.0,395.0,4.0,1,254.0,0.0,0.0,0.0
1445.5,24.0,332.0,4.0,1,961.0,0.0,0.0,0.0
472.0,5.5,354.0,4.0,1,132.0,0.0,0.0,0.0
304.0,4.0,429.0,4.0,1,911.0,0.0,0.0,0.0
83.0,3.0,278.0,4.0,1,569.0,0.0,0.0,0.0
767.0,10.0,978.0,4.0,1,690.0,0.0,0.0,0.0
323.5,4.0,898.0,4.0,1,683.0,0.0,0.0,0.0
407.0,3.0,504.0,4.0,1,57.0,0.0,0.0,0.0
355.0,6.0,522.0,4.0,1,801.0,0.0,0.0,0.0
240.0,4.0,108.0,4.0,1,214.0,0.0,0.0,0.0
717.25,7.5,1280.0,4.0,1,2041.0,0.0,0.0,0.0
163.0,2.5,586.0,4.0,1,84.0,0.0,0.0,0.0
87.0,2.0,230.0,4.0,1,286.0,0.0,0.0,0.0
72.25,2.0,748.0,4.0,1,669.0,0.0,0.0,0.0
853.0,14.0,871.0,5.0,1,1278.0,0.0,0.0,0.0
273.0,4.0,635.0,4.0,1,260.0,0.0,0.0,0.0
47.0,1.0,882.0,4.0,1,282.0,0.0,0.0,0.0
206.0,4.0,370.0,4.0,1,609.0,0.0,0.0,0.0
75.5,2.0,423.0,4.0,1,346.0,0.0,0.0,0.0
247.5,2.0,798.0,4.0,1,402.0,0.0,0.0,0.0
142.0,3.0,578.0,2.0,1,10.0,0.0,0.0,0.0
174.0,3.0,522.0,2.0,1,0.0,14.0,0.0,0.0
594.0,7.0,551.0,4.5,1,937.0,0.0,0.0,0.0
1257.0,11.5,1534.0,5.0,1,366.0,0.0,0.0,0.0
771.0,18.0,1179.0,4.0,1,119.0,0.0,0.0,0.0
7.0,1.0,732.0,4.0,1,126.0,17.0,1.0,0.0
786.0,9.0,1582.0,4.0,1,78.0,0.0,0.0,0.0
215.0,2.0,853.0,4.0,1,141.0,0.0,0.0,0.0
172.0,3.0,442.0,2.0,1,31.0,0.0,0.0,0.0
165.0,4.0,267.0,0.0,1,30.0,20.666666666666668,1.0,0.0
75.0,4.0,1130.0,4.0,1,182.0,0.0,0.0,0.0
85.0,6.0,575.0,4.0,1,456.0,0.0,0.0,0.0
1118.0,8.5,1041.0,4.0,1,2897.0,0.0,0.0,0.0
286.5,7.0,1043.0,4.0,1,73.0,0.0,0.0,0.0
513.0,5.0,204.0,4.0,1,637.0,0.0,0.0,0.0
378.0,5.0,793.0,4.0,1,141.0,0.0,0.0,0.0
517.0,5.0,485.0,4.0,1,364.0,0.0,0.0,0.0
301.0,4.0,423.0,2.0,1,7.0,12.5,1.0,0.0
1086.5,13.5,2014.0,4.0,1,1837.0,0.0,0.0,0.0
11.0,8.0,720.0,2.0,1,43.0,0.0,0.0,0.0
14.0,2.0,274.0,4.0,1,365.0,30.0,0.0,0.0
24.0,1.0,908.0,4.0,0,266.0,0.0,0.0,0.0
1017.0,16.5,2404.0,4.0,1,733.0,0.0,0.0,0.0
1258.0,9.0,1055.0,4.0,1,1122.0,0.0,0.0,0.0
455.0,7.5,110.0,3.0,1,463.0,0.0,0.0,0.0
233.0,5.5,794.0,4.0,1,977.0,0.0,0.0,0.0
493.0,7.666666666666667,305.0,4.0,1,312.0,0.0,0.0,0.0
63.5,2.0,605.0,2.0,0,53.0,30.0,0.0,0.0
113.5,3.0,732.0,4.0,1,83.0,0.0,0.0,0.0
459.0,3.5,24.0,4.0,1,455.0,0.0,0.0,0.0
202.0,8.0,314.0,4.0,1,351.0,0.0,0.0,0.0
289.0,3.0,160.0,4.0,1,236.0,0.0,0.0,0.0
563.0,7.5,443.0,4.0,1,779.0,0.0,0.0,0.0
339.0,5.0,269.0,2.0,1,6.0,0.0,0.0,0.0
409.0,3.5,801.0,4.0,1,217.0,0.0,0.0,0.0
885.0,9.0,1754.0,4.0,1,2653.0,0.0,0.0,0.0
614.0,11.0,865.0,4.0,1,995.0,0.0,0.0,0.0
4.0,1.5,571.0,2.5,1,845.0,23.666666666666668,0.0,0.0
616.0,2.5,580.0,4.0,1,685.0,0.0,0.0,0.0
508.0,4.0,188.0,4.0,1,684.0,0.0,0.0,0.0
110.0,1.0,374.0,4.0,1,91.0,0.0,0.0,0.0
176.0,3.0,539.0,4.0,1,199.0,0.0,0.0,0.0
600.5,7.0,557.0,4.5,1,1174.0,0.0,0.0,0.0
392.0,8.0,411.0,4.0,1,647.0,0.0,0.0,0.0
30.0,1.0,277.0,4.0,1,441.0,0.0,0.0,0.0
52.5,4.0,156.0,4.0,1,517.0,0.0,0.0,0.0
622.0,5.5,595.0,4.0,1,1319.0,0.0,0.0,0.0
629.0,15.0,831.0,5.0,1,2268.0,0.0,0.0,0.0
517.5,21.5,560.0,4.0,1,254.0,0.0,0.0,0.0
498.0,7.75,761.0,4.0,1,1195.0,0.0,0.0,0.0
267.0,3.5,982.0,4.0,1,168.0,0.0,0.0,0.0
86.0,3.0,1123.0,4.0,0,737.0,15.0,1.0,0.0
435.0,4.5,353.0,2.0,1,303.0,0.0,0.0,0.0
544.0,3.0,287.0,4.0,1,449.0,0.0,0.0,0.0
127.0,2.0,414.0,4.0,1,171.0,0.0,0.0,0.0
488.0,5.5,364.0,4.0,1,849.0,0.0,0.0,0.0
96.0,2.5,663.0,2.0,1,0.0,11.142857142857142,1.0,0.0
1273.0,9.5,750.0,5.0,1,2202.0,0.0,0.0,0.0
57.0,2.0,439.0,2.0,1,59.0,0.0,0.0,0.0
168.5,2.0,392.0,4.0,1,248.0,20.0,1.0,0.0
90.0,5.0,1087.0,4.0,1,64.0,0.0,0.0,0.0
55.0,2.0,667.0,4.0,0,847.0,23.666666666666668,0.0,0.0
475.0,4.5,237.0,4.0,1,797.0,0.0,0.0,0.0
92.0,3.0,392.0,4.0,1,411.0,20.0,1.0,0.0
453.5,3.0,469.0,4.0,1,122.0,0.0,0.0,0.0
678.0,4.0,469.0,4.0,1,220.0,0.0,0.0,0.0
54.0,1.0,627.0,4.0,0,620.0,10.5,0.0,0.0
394.0,3.0,278.0,4.0,1,752.0,0.0,0.0,0.0
842.0,9.5,1901.0,4.0,1,812.0,0.0,0.0,0.0
56.0,6.0,409.0,4.0,1,600.0,0.0,0.0,0.0
1015.0,19.0,2143.0,4.0,1,1851.0,0.0,0.0,0.0
97.0,1.0,1271.0,4.0,1,203.0,0.0,0.0,0.0
95.0,2.5,751.0,4.0,1,57.0,0.0,0.0,0.0
88.0,2.5,440.0,4.0,1,506.0,0.0,0.0,0.0
2.0,1.0,626.0,0.0,1,866.0,25.5,1.0,0.0
406.0,3.0,305.0,4.0,1,763.0,0.0,0.0,0.0
47.5,2.5,455.0,4.0,1,282.0,0.0,0.0,0.0
399.0,4.0,547.0,4.0,1,132.0,0.0,0.0,0.0
414.0,5.0,619.0,2.0,1,27.0,0.0,0.0,0.0
65.5,8.0,113.0,4.0,1,947.0,0.0,0.0,0.0
345.0,5.5,349.0,4.0,1,154.0,0.0,0.0,0.0
361.0,11.0,134.0,4.0,1,604.0,0.0,0.0,0.0
9.0,9.0,913.0,0.0,1,1603.0,0.0,0.0,0.0
270.5,5.0,379.0,4.0,1,252.0,0.0,0.0,0.0
594.0,5.0,185.0,4.0,1,1148.0,0.0,0.0,0.0
257.5,1.0,591.0,4.0,1,531.0,0.0,0.0,0.0
71.0,2.0,347.0,4.0,1,419.0,0.0,0.0,0.0
706.0,7.0,733.0,4.0,1,810.0,0.0,0.0,0.0
243.0,3.5,827.0,4.0,1,102.0,0.0,0.0,0.0
40.0,1.5,365.0,4.0,1,112.0,0.0,0.0,0.0
33.0,1.0,352.0,4.0,1,431.0,0.0,0.0,0.0
396.0,8.0,214.0,4.0,1,631.0,0.0,0.0,0.0
100.0,1.5,444.0,4.0,1,310.0,0.0,0.0,0.0
227.0,4.0,627.0,4.0,1,344.0,0.0,0.0,0.0
747.0,8.0,839.0,4.0,1,1783.0,0.0,0.0,0.0
1508.0,22.5,814.0,5.0,1,136.0,0.0,0.0,0.0
297.5,4.0,130.0,4.0,1,1092.0,0.0,0.0,0.0
776.0,21.0,704.0,5.0,1,790.0,0.0,0.0,0.0
39.5,1.5,328.0,4.0,1,197.0,0.0,0.0,0.0
351.5,2.0,753.0,4.0,1,769.0,0.0,0.0,0.0
461.0,3.5,263.0,4.0,1,1415.0,0.0,0.0,0.0
663.25,11.5,428.0,5.0,1,2240.0,0.0,0.0,0.0
666.0,13.5,572.0,4.0,1,1107.0,0.0,0.0,0.0
16.5,3.0,207.0,4.5,1,849.0,0.0,0.0,0.0
249.0,8.0,447.0,4.0,1,221.0,0.0,0.0,0.0
218.0,5.0,1192.0,4.0,1,507.0,0.0,0.0,0.0
805.0,19.0,284.0,5.0,1,2763.0,0.0,0.0,0.0
30.0,20.0,163.0,2.5,1,474.0,0.0,0.0,0.0
25.33333333333333,1.0,640.0,4.0,1,463.0,0.0,0.0,0.0
10.0,3.0,727.0,4.0,1,463.0,0.0,0.0,0.0
461.25,3.5,106.0,4.0,1,964.0,0.0,0.0,0.0
543.5,4.5,247.0,4.5,1,1084.0,0.0,0.0,0.0
20.0,1.0,503.0,4.0,1,611.0,11.333333333333334,1.0,0.0
300.0,6.0,274.0,4.0,1,573.0,0.0,0.0,0.0
1464.5,27.0,870.0,5.0,1,75.0,0.0,0.0,0.0
1064.5,12.0,1459.0,4.0,1,510.0,0.0,0.0,0.0
975.0,12.5,1497.0,4.0,1,1869.0,0.0,0.0,0.0
669.0,7.0,989.0,4.0,1,1642.0,0.0,0.0,0.0
288.0,3.0,484.0,4.0,1,600.0,0.0,0.0,0.0
161.5,1.0,656.0,4.0,1,217.0,0.0,0.0,0.0
683.0,5.0,950.0,4.0,1,1274.0,0.0,0.0,0.0
815.0,7.0,1832.0,4.0,1,963.0,0.0,0.0,0.0
1231.5,6.0,456.0,4.0,1,2091.0,0.0,0.0,0.0
244.0,3.0,271.0,4.0,1,281.0,0.0,0.0,0.0
468.0,4.5,276.0,4.0,1,363.0,0.0,0.0,0.0
734.0,10.5,1403.0,4.0,1,674.0,0.0,0.0,0.0
440.0,3.0,225.0,4.0,1,968.0,0.0,0.0,0.0
1250.0,9.0,963.0,4.0,1,2563.0,0.0,0.0,0.0
87.0,1.5,1366.0,2.0,0,61.0,9.6,2.0,0.0
1434.0,25.0,561.0,4.0,1,1181.0,0.0,0.0,0.0
1023.5,14.5,1911.0,4.0,1,1957.0,0.0,0.0,0.0
63.25,1.0,634.0,4.0,0,299.0,21.0,1.0,0.0
858.0,5.0,2216.0,4.0,1,3286.0,0.0,0.0,0.0
199.0,3.0,750.0,4.0,1,487.0,0.0,0.0,0.0
55.5,1.0,636.0,4.0,0,353.0,13.333333333333334,2.0,0.0
273.5,5.0,595.0,4.0,1,409.0,0.0,0.0,0.0
203.0,4.0,350.0,4.0,1,277.0,0.0,0.0,0.0
879.0,19.0,778.0,5.0,1,897.0,0.0,0.0,0.0
59.0,2.0,837.0,4.0,0,109.0,0.0,0.0,0.0
74.0,1.5,950.0,4.0,0,164.0,10.333333333333334,1.0,0.0
66.0,3.0,724.0,4.0,0,708.0,0.0,0.0,0.0
779.0,5.0,1546.0,5.0,1,2494.0,0.0,0.0,0.0
444.0,5.0,515.0,4.0,1,148.0,0.0,0.0,0.0
1671.5,12.0,1509.0,5.0,1,346.0,0.0,0.0,0.0
419.5,4.0,235.0,2.0,1,5.0,0.0,0.0,0.0
525.0,6.0,334.0,4.0,1,298.0,0.0,0.0,0.0
210.0,5.0,435.0,2.0,1,10.0,16.0,1.0,0.0
597.0,10.0,646.0,5.0,1,1081.0,0.0,0.0,0.0
619.0,7.5,663.0,5.0,1,1151.0,0.0,0.0,0.0
187.5,4.0,481.0,4.0,1,209.0,0.0,0.0,0.0
34.0,1.5,461.0,2.0,0,24.0,29.5,0.0,0.0
519.0,3.0,614.0,4.0,1,168.0,0.0,0.0,0.0
1145.5,6.0,692.0,4.0,1,2535.0,0.0,0.0,0.0
1071.0,14.0,2228.0,4.0,1,1055.0,0.0,0.0,0.0
816.0,26.0,717.0,5.0,1,775.0,0.0,0.0,0.0
211.25,6.0,758.0,4.0,1,56.0,30.0,0.0,0.0
366.0,4.0,91.0,2.0,1,37.0,0.0,0.0,0.0
1274.25,14.0,771.0,5.0,1,2181.0,0.0,0.0,0.0
176.5,1.0,168.0,4.0,1,113.0,0.0,0.0,0.0
474.0,14.0,193.0,4.0,1,695.0,0.0,0.0,0.0
667.75,10.0,528.0,4.0,1,1093.0,0.0,0.0,0.0
1.5,1.0,1076.0,0.0,0,1459.0,0.0,0.0,0.0
215.0,6.0,827.0,4.0,1,333.0,0.0,0.0,0.0
542.0,5.0,216.0,4.0,1,389.0,0.0,0.0,0.0
1287.0,38.0,1961.0,4.0,1,98.0,0.0,0.0,0.0
177.0,3.6666666666666665,458.0,4.0,1,215.0,20.0,1.0,0.0
32.0,4.0,608.0,2.0,1,34.0,11.857142857142858,4.0,0.0
331.0,4.0,206.0,4.0,1,62.0,0.0,0.0,0.0
271.0,4.5,595.0,4.0,1,210.0,0.0,0.0,0.0
199.0,4.0,275.0,4.0,1,287.0,0.0,0.0,0.0
189.5,4.0,1072.0,4.0,1,110.0,0.0,0.0,0.0
198.5,6.0,869.0,4.0,1,98.0,0.0,0.0,0.0
351.0,5.0,300.0,4.0,1,384.0,0.0,0.0,0.0
464.0,7.0,55.0,4.5,1,533.0,0.0,0.0,0.0
99.0,5.0,310.0,4.0,1,271.0,0.0,0.0,0.0
476.5,5.5,302.0,4.0,1,709.0,0.0,0.0,0.0
161.0,6.0,578.0,4.0,1,104.0,0.0,0.0,0.0
273.5,2.0,369.0,2.0,1,54.0,0.0,0.0,0.0
105.0,3.0,319.0,4.0,1,27.0,0.0,0.0,0.0
303.0,4.0,50.0,4.0,1,291.0,0.0,0.0,0.0
1545.0,23.5,1030.0,5.0,1,85.0,0.0,0.0,0.0
216.5,3.0,240.0,4.0,1,633.0,0.0,0.0,0.0
85.5,1.0,277.0,4.0,1,190.0,0.0,0.0,0.0
451.0,5.0,153.0,4.0,1,1516.0,0.0,0.0,0.0
147.5,2.0,164.0,4.0,1,482.0,0.0,0.0,0.0
841.0,22.0,878.0,5.0,1,1045.0,0.0,0.0,0.0
596.0,5.0,298.0,4.0,1,1073.0,0.0,0.0,0.0
574.0,4.0,279.0,4.0,1,428.0,0.0,0.0,0.0
23.0,0.5,1054.0,4.0,1,280.0,0.0,0.0,0.0
240.0,2.5,301.0,4.0,1,281.0,0.0,0.0,0.0
446.0,5.5,351.0,4.0,1,117.0,0.0,0.0,0.0
636.0,6.0,280.0,4.0,1,338.0,0.0,0.0,0.0
172.0,4.0,767.0,4.0,1,425.0,0.0,0.0,0.0
184.5,7.0,61.0,4.0,1,563.0,0.0,0.0,0.0
70.0,3.0,192.0,4.0,1,198.0,0.0,0.0,0.0
191.0,2.5,143.0,2.0,1,33.0,0.0,0.0,0.0
509.0,4.0,736.0,4.0,1,467.0,0.0,0.0,0.0
121.5,3.5,541.0,4.0,1,107.0,0.0,0.0,0.0
66.0,3.0,706.0,4.0,1,195.0,0.0,0.0,0.0
117.0,1.0,203.0,4.0,1,405.0,22.0,0.0,0.0
14.0,2.5,133.0,4.0,1,246.0,15.75,2.0,0.0
326.0,5.5,720.0,4.0,1,483.0,0.0,0.0,0.0
147.0,3.5,285.0,3.0,1,166.0,0.0,0.0,0.0
45.0,2.0,1130.0,0.0,1,5.0,0.0,0.0,0.0
102.0,3.5,328.0,4.0,1,266.0,0.0,0.0,0.0
492.0,5.0,337.0,2.0,1,17.0,0.0,0.0,0.0
249.5,2.0,467.0,4.0,1,164.0,0.0,0.0,0.0
1088.0,5.0,1649.0,4.0,1,3501.0,0.0,0.0,0.0
1066.0,3.5,1879.0,4.0,1,3744.0,0.0,0.0,0.0
111.0,1.5,637.0,2.0,1,8.0,0.0,0.0,0.0
75.5,1.0,845.0,4.0,1,724.0,15.0,1.0,0.0
562.5,6.0,69.0,4.0,1,633.0,0.0,0.0,0.0
1631.0,16.0,849.0,4.5,1,258.0,0.0,0.0,0.0
532.0,6.0,372.0,4.0,1,111.0,0.0,0.0,0.0
1010.0,15.0,1164.0,4.5,1,1531.0,0.0,0.0,0.0
837.5,11.0,1815.0,4.0,1,172.0,0.0,0.0,0.0
179.0,4.0,765.0,0.0,1,7.0,0.0,0.0,0.0
187.0,3.0,466.0,4.0,1,253.0,0.0,0.0,0.0
187.5,4.0,395.0,4.0,1,134.0,0.0,0.0,0.0
787.5,6.0,1659.0,2.0,1,2528.0,0.0,0.0,0.0
295.0,3.0,398.0,4.0,1,445.0,0.0,0.0,0.0
180.0,3.0,1028.0,4.0,1,167.0,0.0,0.0,0.0
334.0,4.5,519.0,4.0,1,774.0,0.0,0.0,0.0
440.0,5.0,15.0,4.0,1,115.0,0.0,0.0,0.0
1528.0,9.0,862.0,4.0,1,1727.0,0.0,0.0,0.0
242.0,2.0,692.0,4.0,1,863.0,0.0,0.0,0.0
279.0,1.5,211.0,2.0,1,171.0,0.0,0.0,0.0
728.0,11.0,1123.0,4.0,1,2044.0,0.0,0.0,0.0
23.0,1.5,343.0,4.0,1,164.0,0.0,0.0,0.0
122.5,1.5,499.0,4.0,1,180.0,30.0,2.0,0.0
843.5,10.0,1289.0,4.0,1,144.0,0.0,0.0,0.0
569.5,8.0,767.0,4.0,1,1002.0,0.0,0.0,0.0
103.0,3.0,509.0,4.0,1,227.0,0.0,0.0,0.0
437.5,4.0,305.0,4.0,1,927.0,0.0,0.0,0.0
1117.0,4.5,468.0,4.0,1,1671.0,0.0,0.0,0.0
93.0,3.5,304.0,4.0,1,33.0,0.0,0.0,0.0
478.5,5.5,116.0,4.0,1,224.0,0.0,0.0,0.0
478.0,5.0,957.0,4.0,1,968.0,0.0,0.0,0.0
282.5,2.5,298.0,4.0,1,158.0,0.0,0.0,0.0
72.0,3.0,527.0,4.0,1,729.0,0.0,0.0,0.0
126.0,2.0,514.0,2.0,1,35.0,0.0,0.0,0.0
1680.0,18.0,420.0,4.0,1,866.0,0.0,0.0,0.0
969.0,13.5,354.0,4.0,1,743.0,0.0,0.0,0.0
78.5,4.0,560.0,4.0,1,482.0,0.0,0.0,0.0
1040.0,9.0,1202.0,4.0,1,1055.0,0.0,0.0,0.0
396.0,6.0,850.0,4.0,1,468.0,0.0,0.0,0.0
91.0,2.0,400.0,4.0,0,32.0,9.0,0.0,0.0
278.0,3.5,930.0,4.0,1,979.0,0.0,0.0,0.0
343.5,8.0,215.0,4.0,1,324.0,0.0,0.0,0.0
75.0,7.0,256.0,4.0,1,1070.0,0.0,0.0,0.0
538.0,4.0,852.0,4.0,1,703.0,0.0,0.0,0.0
39.5,4.0,260.0,4.0,1,115.0,0.0,0.0,0.0
144.5,2.0,762.0,4.0,1,92.0,0.0,0.0,0.0
106.0,2.0,601.0,3.5,0,542.0,19.0,0.0,0.0
429.0,7.5,327.0,4.0,1,622.0,0.0,0.0,0.0
286.0,3.5,256.0,4.0,1,260.0,0.0,0.0,0.0
167.0,6.0,206.0,4.0,1,64.0,0.0,0.0,0.0
1202.0,10.0,1973.0,4.0,1,1372.0,0.0,0.0,0.0
691.75,7.25,835.0,4.0,1,1911.0,0.0,0.0,0.0
300.0,4.5,343.0,4.0,1,494.0,0.0,0.0,0.0
169.0,4.0,606.0,4.0,1,217.0,0.0,0.0,0.0
1082.6666666666667,24.5,2325.0,4.0,1,825.0,0.0,0.0,0.0
1281.75,10.5,1446.0,4.0,1,445.0,0.0,0.0,0.0
33.0,1.5,654.0,4.0,1,243.0,0.0,0.0,0.0
377.0,4.0,70.0,4.0,1,748.0,0.0,0.0,0.0
402.5,4.0,660.0,4.0,1,699.0,0.0,0.0,0.0
644.0,7.0,245.0,4.0,1,454.0,0.0,0.0,0.0
256.75,4.0,757.0,4.0,1,97.0,0.0,0.0,0.0
155.0,3.0,122.0,4.0,1,62.0,0.0,0.0,0.0
1158.5,8.5,132.0,4.0,1,1846.0,0.0,0.0,0.0
321.5,5.0,408.0,4.0,1,223.0,0.0,0.0,0.0
75.0,1.0,862.0,4.0,1,752.0,26.33333333333333,0.0,0.0
271.0,3.5,178.0,4.0,0,359.0,0.0,0.0,0.0
467.0,6.0,349.0,4.0,1,319.0,0.0,0.0,0.0
859.5,9.5,1489.0,4.0,1,3315.0,0.0,0.0,0.0
493.0,6.5,284.0,4.0,1,305.0,0.0,0.0,0.0
39.0,4.0,237.0,4.0,1,624.0,0.0,0.0,0.0
1133.0,31.0,1736.0,5.0,1,536.0,0.0,0.0,0.0
30.0,1.0,912.0,4.0,1,850.0,0.0,0.0,0.0
21.0,2.5,328.0,2.0,1,59.0,0.0,0.0,0.0
802.0,8.0,1203.0,4.0,1,493.0,0.0,0.0,0.0
844.5,7.5,1800.0,4.0,1,3118.0,0.0,0.0,0.0
82.0,1.0,476.0,4.0,1,70.0,0.0,0.0,0.0
419.0,5.0,560.0,4.0,1,90.0,0.0,0.0,0.0
313.0,3.5,258.0,4.0,1,196.0,0.0,0.0,0.0
38.0,2.0,451.0,4.0,1,67.0,0.0,0.0,0.0
163.0,2.5,856.0,4.0,1,29.0,11.714285714285714,3.0,0.0
124.0,4.0,444.0,4.0,1,61.0,0.0,0.0,0.0
370.0,6.5,227.0,2.0,1,79.0,0.0,0.0,0.0
789.5,12.0,681.0,4.0,1,3412.0,0.0,0.0,0.0
1077.0,7.0,1152.0,4.0,1,2901.0,0.0,0.0,0.0
69.0,6.0,1065.0,4.0,1,424.0,0.0,0.0,0.0
416.6666666666667,10.0,682.0,4.0,1,425.0,0.0,0.0,0.0
216.0,3.5,724.0,4.0,1,205.0,0.0,0.0,0.0
160.5,1.0,716.0,4.0,1,219.0,0.0,0.0,0.0
342.0,4.0,232.0,4.0,1,1371.0,0.0,0.0,0.0
164.0,3.0,213.0,2.0,1,63.0,0.0,0.0,0.0
446.3333333333333,4.0,50.0,4.0,1,1275.0,0.0,0.0,0.0
469.0,6.5,260.0,4.0,1,64.0,0.0,0.0,0.0
281.0,3.5,730.0,4.0,1,298.0,0.0,0.0,0.0
378.0,3.0,241.0,4.0,1,1005.0,0.0,0.0,0.0
1119.0,10.0,804.0,4.0,1,2593.0,0.0,0.0,0.0
1046.5,7.0,2149.0,4.0,1,4015.0,0.0,0.0,0.0
356.0,12.0,389.0,4.0,1,516.0,0.0,0.0,0.0
329.5,11.0,771.0,4.0,1,689.0,0.0,0.0,0.0
887.5,17.0,802.0,5.0,1,1196.0,0.0,0.0,0.0
826.5,5.5,2080.0,4.0,1,2951.0,0.0,0.0,0.0
55.0,1.0,347.0,4.0,1,1073.0,1.0,1.0,0.0
51.5,1.0,358.0,4.0,1,653.0,15.5,1.0,0.0
132.0,4.0,204.0,4.0,1,110.0,0.0,0.0,0.0
722.0,5.5,1443.0,4.0,1,150.0,0.0,0.0,0.0
274.6666666666667,4.0,405.0,4.0,1,981.0,0.0,0.0,0.0
48.0,2.0,1308.0,4.0,1,263.0,30.0,0.0,0.0
175.0,4.0,784.0,4.0,1,64.0,0.0,0.0,0.0
297.0,4.0,336.0,2.0,1,161.0,0.0,0.0,0.0
175.0,2.0,406.0,4.0,1,102.0,0.0,0.0,0.0
770.5,9.0,353.0,4.5,1,2292.0,0.0,0.0,0.0
131.5,1.0,699.0,2.0,1,52.0,0.0,0.0,0.0
8.0,3.0,678.0,4.0,1,303.0,0.0,0.0,0.0
128.0,2.0,466.0,4.0,1,292.0,0.0,0.0,0.0
135.5,1.5,334.0,2.0,1,57.0,0.0,0.0,0.0
548.75,5.0,258.0,0.0,1,397.0,0.0,0.0,0.0
601.0,6.0,718.0,0.0,1,879.0,0.0,0.0,0.0
887.0,4.0,854.0,4.0,1,384.0,0.0,0.0,0.0
37.25,2.0,638.0,4.0,1,810.0,31.0,0.0,0.0
625.5,7.0,570.0,4.0,1,411.0,0.0,0.0,0.0
776.0,4.0,1161.0,4.0,1,442.0,0.0,0.0,0.0
481.0,8.0,634.0,4.0,1,1032.0,0.0,0.0,0.0
492.0,5.0,400.0,2.0,1,65.0,0.0,0.0,0.0
331.0,3.5,317.0,4.0,1,680.0,0.0,0.0,0.0
536.0,10.0,519.0,4.0,1,718.0,0.0,0.0,0.0
320.5,6.0,498.0,4.0,1,746.0,0.0,0.0,0.0
8.0,6.0,731.0,2.0,1,43.0,0.0,0.0,0.0
1435.5,20.666666666666668,647.0,4.0,1,1313.0,0.0,0.0,0.0
127.0,3.0,608.0,4.0,1,326.0,0.0,0.0,0.0
551.0,6.0,223.0,4.0,1,735.0,0.0,0.0,0.0
375.0,4.5,897.0,4.0,1,345.0,0.0,0.0,0.0
317.0,4.0,133.0,4.0,1,325.0,0.0,0.0,0.0
1800.5,13.0,925.0,4.0,1,573.0,0.0,0.0,0.0
599.5,5.5,810.0,4.0,1,1077.0,0.0,0.0,0.0
312.0,4.5,261.0,4.0,1,503.0,0.0,0.0,0.0
1309.0,31.0,1620.0,2.5,1,658.0,0.0,0.0,0.0
56.0,2.0,429.0,4.0,0,150.0,0.0,0.0,0.0
1670.0,32.0,1370.0,5.0,1,156.0,0.0,0.0,0.0
641.0,9.0,732.0,2.0,1,1296.0,0.0,0.0,0.0
691.75,6.5,649.0,4.0,1,1672.0,0.0,0.0,0.0
18.0,1.5,227.0,4.5,0,375.0,23.5,1.0,0.0
271.0,6.0,591.0,4.0,1,247.0,0.0,0.0,0.0
772.0,6.0,1673.0,4.0,1,2649.0,0.0,0.0,0.0
3.0,0.0,561.0,0.0,0,899.0,0.0,0.0,0.0
241.5,7.0,272.0,4.0,1,165.0,0.0,0.0,0.0
338.5,3.0,317.0,4.0,1,1366.0,0.0,0.0,0.0
418.5,4.0,680.0,4.0,1,246.0,0.0,0.0,0.0
24.0,0.0,690.0,4.0,1,539.0,0.0,0.0,0.0
58.5,2.5,300.0,4.0,1,144.0,0.0,0.0,0.0
122.0,1.5,562.0,4.0,1,173.0,0.0,0.0,0.0
115.5,1.0,245.0,4.0,1,141.0,0.0,0.0,0.0
1321.0,12.0,2260.0,4.0,1,1210.0,0.0,0.0,0.0
1015.0,6.0,1533.0,4.0,1,3125.0,0.0,0.0,0.0
1174.0,16.0,2021.0,4.0,1,1544.0,0.0,0.0,0.0
616.5,9.0,552.0,4.0,1,115.0,0.0,0.0,0.0
148.0,1.0,338.0,4.0,1,376.0,0.0,0.0,0.0
45.0,1.0,1473.0,4.0,1,258.0,0.0,0.0,0.0
109.0,2.0,87.0,4.0,1,492.0,22.33333333333333,0.0,0.0
534.0,5.0,200.0,4.0,1,1768.0,0.0,0.0,0.0
404.0,3.0,262.0,4.0,1,142.0,0.0,0.0,0.0
74.5,2.0,431.0,5.0,1,501.0,0.0,0.0,0.0
319.5,5.0,878.0,4.0,1,634.0,0.0,0.0,0.0
289.0,4.0,316.0,4.0,1,231.0,0.0,0.0,0.0
528.5,3.5,123.0,4.0,1,595.0,0.0,0.0,0.0
1070.0,13.5,1025.0,4.0,1,1355.0,0.0,0.0,0.0
753.5,5.0,1158.0,4.0,1,268.0,0.0,0.0,0.0
361.0,8.5,378.0,4.0,1,330.0,0.0,0.0,0.0
45.0,4.0,615.0,4.0,0,721.0,10.0,0.0,0.0
411.0,10.0,428.0,4.0,1,1005.0,0.0,0.0,0.0
813.0,4.0,1627.0,4.0,1,2841.0,0.0,0.0,0.0
56.75,2.0,779.0,4.0,1,251.0,0.0,0.0,0.0
509.0,4.0,548.0,4.0,1,94.0,0.0,0.0,0.0
773.0,11.0,1203.0,5.0,1,1377.0,0.0,0.0,0.0
39.0,4.0,516.0,4.0,1,826.0,0.0,0.0,0.0
8.0,4.0,149.0,4.0,1,329.0,12.5,0.0,0.0
231.0,11.5,184.0,4.0,1,464.0,0.0,0.0,0.0
722.0,8.0,1502.0,2.0,1,1526.0,0.0,0.0,0.0
153.0,2.0,431.0,4.0,1,154.0,0.0,0.0,0.0
138.0,2.5,194.0,4.0,1,275.0,0.0,0.0,0.0
544.0,4.0,631.0,4.0,1,411.0,0.0,0.0,0.0
353.0,4.0,188.0,4.0,1,84.0,0.0,0.0,0.0
260.0,4.0,1110.0,4.0,1,354.0,0.0,0.0,0.0
167.0,2.0,678.0,4.0,1,186.0,17.5,2.0,0.0
1396.25,18.5,2100.0,4.0,1,745.0,0.0,0.0,0.0
276.0,4.0,605.0,4.0,1,147.0,0.0,0.0,0.0
403.0,3.0,584.0,4.0,1,147.0,0.0,0.0,0.0
386.0,6.0,218.0,4.0,1,152.0,0.0,0.0,0.0
1031.0,23.0,321.0,5.0,1,995.0,0.0,0.0,0.0
425.0,4.5,364.0,4.0,1,303.0,0.0,0.0,0.0
657.0,9.5,273.0,4.0,1,586.0,0.0,0.0,0.0
465.0,5.0,400.0,4.0,1,125.0,0.0,0.0,0.0
457.5,7.5,741.0,2.0,1,754.0,0.0,0.0,0.0
78.0,1.5,120.0,2.0,1,24.0,0.0,0.0,0.0
127.0,4.0,856.0,4.0,1,288.0,0.0,0.0,0.0
177.0,4.5,545.0,0.0,1,34.0,0.0,0.0,0.0
631.0,12.0,408.0,4.0,1,1308.0,0.0,0.0,0.0
139.33333333333334,3.0,901.0,5.0,1,251.0,0.0,0.0,0.0
609.0,6.0,313.0,2.0,1,676.0,0.0,0.0,0.0
1013.0,16.0,2079.0,4.0,1,873.0,0.0,0.0,0.0
1146.5,8.0,1196.0,4.0,1,3029.0,0.0,0.0,0.0
253.0,9.0,328.0,4.0,1,343.0,0.0,0.0,0.0
175.5,7.0,1034.0,4.0,1,722.0,0.0,0.0,0.0
477.0,6.0,456.0,4.0,1,398.0,0.0,0.0,0.0
426.0,3.5,439.0,4.0,1,412.0,0.0,0.0,0.0
518.0,5.0,245.0,5.0,1,1660.0,0.0,0.0,0.0
501.0,5.0,292.0,4.0,1,173.0,0.0,0.0,0.0
113.0,4.0,361.0,4.0,1,190.0,1.0,0.0,0.0
138.0,8.0,220.0,4.0,1,67.0,0.0,0.0,0.0
566.5,16.0,414.0,5.0,1,1983.0,0.0,0.0,0.0
41.0,3.0,339.0,4.0,1,671.0,0.0,0.0,0.0
594.0,7.0,652.0,4.5,1,22.0,0.0,0.0,0.0
397.0,5.0,629.0,4.0,1,713.0,0.0,0.0,0.0
82.5,1.0,809.0,4.0,1,481.0,20.25,2.0,0.0
430.0,3.0,223.0,4.0,1,1057.0,0.0,0.0,0.0
45.5,1.0,644.0,4.0,1,82.0,0.0,0.0,0.0
823.0,18.0,261.0,4.5,1,2500.0,0.0,0.0,0.0
581.0,2.0,743.0,4.0,1,1474.0,0.0,0.0,0.0
445.0,4.0,349.0,4.0,1,442.0,0.0,0.0,0.0
519.0,4.5,496.0,4.0,1,203.0,0.0,0.0,0.0
398.0,3.0,607.0,4.0,1,164.0,0.0,0.0,0.0
1567.5,9.0,453.0,4.0,1,497.0,0.0,0.0,0.0
624.0,8.0,302.0,4.0,1,964.0,0.0,0.0,0.0
549.0,10.0,205.0,4.0,1,360.0,0.0,0.0,0.0
1207.0,8.0,510.0,4.0,1,1589.0,0.0,0.0,0.0
1078.5,18.0,895.0,4.0,1,2467.0,0.0,0.0,0.0
735.5,4.5,1510.0,4.5,1,2192.0,0.0,0.0,0.0
31.5,1.0,248.0,4.0,1,432.0,20.0,1.0,0.0
80.0,10.0,116.0,4.0,1,731.0,0.0,0.0,0.0
550.5,9.0,809.0,2.0,1,592.0,0.0,0.0,0.0
286.0,3.5,339.0,4.0,1,437.0,0.0,0.0,0.0
772.0,12.0,1925.0,4.0,1,1918.0,0.0,0.0,0.0
265.0,3.5,73.0,4.0,1,854.0,0.0,0.0,0.0
256.0,3.0,155.0,4.0,1,71.0,0.0,0.0,0.0
545.0,4.5,508.0,5.0,1,1154.0,0.0,0.0,0.0
260.0,9.5,428.0,4.0,1,254.0,0.0,0.0,0.0
35.0,0.5,60.0,4.0,1,32.0,17.0,1.0,0.0
706.0,6.0,1100.0,4.0,1,1428.0,0.0,0.0,0.0
1317.0,7.0,1277.0,4.0,1,1629.0,0.0,0.0,0.0
270.5,3.5,618.0,4.0,1,832.0,0.0,0.0,0.0
707.5,6.5,602.0,4.0,1,1384.0,0.0,0.0,0.0
604.75,4.666666666666667,1450.0,4.0,1,2267.0,0.0,0.0,0.0
585.0,6.0,175.0,4.0,1,262.0,0.0,0.0,0.0
244.0,2.0,620.0,4.0,1,186.0,0.0,0.0,0.0
1288.0,14.5,1545.0,4.0,1,607.0,0.0,0.0,0.0
557.0,4.0,498.0,4.0,1,1252.0,0.0,0.0,0.0
890.0,11.0,2257.0,0.0,1,319.0,0.0,0.0,0.0
616.0,7.0,809.0,4.0,1,1215.0,0.0,0.0,0.0
137.0,7.5,416.0,4.0,1,428.0,0.0,0.0,0.0
598.0,18.5,405.0,4.5,1,1947.0,0.0,0.0,0.0
6.0,3.0,761.0,4.5,1,279.0,0.0,0.0,0.0
91.0,2.0,1292.0,4.0,1,313.0,0.0,0.0,0.0
119.0,5.5,735.0,4.0,1,167.0,0.0,0.0,0.0
759.0,6.0,1420.0,2.0,1,2295.0,0.0,0.0,0.0
161.5,1.0,475.0,4.0,1,4.0,0.0,0.0,0.0
1062.0,9.0,966.0,4.0,1,1316.0,0.0,0.0,0.0
1610.0,14.5,1830.0,4.5,1,348.0,0.0,0.0,0.0
825.0,11.0,1538.0,4.0,1,1307.0,0.0,0.0,0.0
101.0,1.0,749.0,2.0,1,64.0,17.0,1.0,0.0
612.0,6.0,845.0,5.0,1,1372.0,0.0,0.0,0.0
664.75,11.5,1066.0,4.0,1,1359.0,0.0,0.0,0.0
1197.0,9.0,529.0,4.0,1,2355.0,0.0,0.0,0.0
710.5,5.0,1030.0,4.0,1,572.0,0.0,0.0,0.0
26.0,2.0,1112.0,4.5,1,532.0,24.0,1.0,0.0
1317.0,16.0,1879.0,5.0,1,839.0,0.0,0.0,0.0
28.0,1.5,645.0,4.0,1,556.0,20.0,1.0,0.0
77.0,1.5,264.0,4.0,1,289.0,0.0,0.0,0.0
29.0,2.5,824.0,4.0,1,145.0,0.0,0.0,0.0
447.0,6.5,515.0,4.0,1,87.0,0.0,0.0,0.0
26.0,1.0,687.0,4.0,0,240.0,10.8,2.0,0.0
652.0,10.0,799.0,4.0,1,980.0,0.0,0.0,0.0
278.0,5.0,327.0,4.0,1,400.0,0.0,0.0,0.0
122.0,2.0,109.0,4.0,1,446.0,0.0,0.0,0.0
673.0,9.0,10.0,4.0,1,59.0,0.0,0.0,0.0
496.0,4.5,600.0,4.0,1,163.0,0.0,0.0,0.0
241.5,4.0,573.0,4.0,1,108.0,0.0,0.0,0.0
436.0,5.0,413.0,4.0,1,240.0,0.0,0.0,0.0
1116.5,8.0,560.0,4.0,1,2294.0,0.0,0.0,0.0
263.0,5.5,171.0,2.0,1,45.0,0.0,0.0,0.0
101.0,2.0,212.0,4.0,1,91.0,0.0,0.0,0.0
105.0,2.0,502.0,4.0,1,270.0,0.0,0.0,0.0
786.0,5.5,1400.0,4.0,1,256.0,0.0,0.0,0.0
821.5,10.0,2037.0,4.0,1,2535.0,0.0,0.0,0.0
779.5,12.0,1917.0,4.0,1,1951.0,0.0,0.0,0.0
599.0,5.0,196.0,4.0,1,1174.0,0.0,0.0,0.0
113.75,4.0,385.0,4.0,1,180.0,0.0,0.0,0.0
40.0,2.0,113.0,4.0,1,73.0,11.5,0.0,0.0
25.5,1.0,562.0,4.0,0,374.0,19.5,4.0,0.0
92.5,2.0,587.0,4.0,1,424.0,0.0,0.0,0.0
862.0,11.0,1611.0,5.0,1,1894.0,0.0,0.0,0.0
859.0,12.0,1493.0,5.0,1,1632.0,0.0,0.0,0.0
173.0,2.0,928.0,4.0,1,48.0,30.0,0.0,0.0
855.5,6.0,2072.0,4.0,1,3249.0,0.0,0.0,0.0
349.0,5.5,962.0,4.0,1,264.0,0.0,0.0,0.0
386.0,3.5,821.0,4.0,1,304.0,0.0,0.0,0.0
638.5,5.5,722.0,4.0,1,475.0,0.0,0.0,0.0
1057.3333333333333,13.0,2128.0,4.0,1,1237.0,0.0,0.0,0.0
730.0,4.5,1137.0,4.0,1,2130.0,0.0,0.0,0.0
19.5,0.0,201.0,4.0,1,844.0,0.0,0.0,0.0
802.0,26.0,901.0,5.0,1,949.0,0.0,0.0,0.0
603.0,5.0,253.0,4.0,1,1014.0,0.0,0.0,0.0
1557.0,17.5,314.0,4.0,1,1263.0,0.0,0.0,0.0
817.0,8.0,732.0,4.0,1,3403.0,0.0,0.0,0.0
161.0,1.0,656.0,4.0,1,190.0,0.0,0.0,0.0
1061.0,3.5,1938.0,4.0,1,3801.0,0.0,0.0,0.0
258.0,4.0,221.0,4.0,1,11.0,0.0,0.0,0.0
610.5,5.5,731.0,4.0,1,909.0,0.0,0.0,0.0
29.0,1.0,1131.0,4.0,0,1034.0,0.0,0.0,0.0
443.0,5.5,146.0,4.0,1,254.0,0.0,0.0,0.0
403.5,5.0,226.0,4.0,1,254.0,20.0,1.0,0.0
1173.0,17.0,1657.0,4.0,1,1106.0,0.0,0.0,0.0
43.5,1.0,569.0,4.0,1,865.0,0.0,0.0,0.0
440.0,6.5,369.0,4.0,1,524.0,0.0,0.0,0.0
388.0,4.0,771.0,4.0,1,133.0,0.0,0.0,0.0
329.0,6.0,299.0,2.0,1,40.0,0.0,0.0,0.0
261.0,4.0,680.0,4.0,1,291.0,0.0,0.0,0.0
1056.0,14.5,1386.0,4.5,1,594.0,0.0,0.0,0.0
224.5,3.0,708.0,4.0,1,94.0,0.0,0.0,0.0
643.5,6.0,789.0,4.0,1,438.0,0.0,0.0,0.0
430.0,5.5,88.0,4.0,1,330.0,0.0,0.0,0.0
23.0,1.0,347.0,4.0,0,504.0,10.333333333333334,2.0,0.0
67.0,1.0,291.0,4.0,1,863.0,0.0,0.0,0.0
243.0,4.0,587.0,4.0,1,35.0,0.0,0.0,0.0
1229.5,30.0,1428.0,4.0,1,56.0,0.0,0.0,0.0
205.3333333333333,3.0,521.0,4.0,1,361.0,0.0,0.0,0.0
219.0,2.5,65.0,2.0,1,0.0,0.0,0.0,0.0
935.0,17.0,525.0,5.0,1,932.0,0.0,0.0,0.0
210.0,4.0,1456.0,4.0,1,621.0,0.0,0.0,0.0
641.0,10.0,590.0,2.0,1,38.0,0.0,0.0,0.0
155.66666666666666,3.0,605.0,4.0,1,106.0,0.0,0.0,0.0
619.5,11.0,942.0,4.5,1,1834.0,0.0,0.0,0.0
657.0,12.0,474.0,4.5,1,1494.0,0.0,0.0,0.0
130.0,3.5,664.0,4.0,1,477.0,0.0,0.0,0.0
193.0,3.0,367.0,4.0,1,199.0,0.0,0.0,0.0
1283.0,11.0,1494.0,4.0,1,525.0,0.0,0.0,0.0
613.0,15.5,746.0,5.0,1,2230.0,0.0,0.0,0.0
1634.5,19.75,320.0,4.0,1,864.0,0.0,0.0,0.0
825.0,13.0,1871.0,4.0,1,1858.0,0.0,0.0,0.0
510.0,6.5,562.0,4.0,1,1144.0,0.0,0.0,0.0
323.25,5.0,292.0,4.0,1,103.0,0.0,0.0,0.0
147.0,3.0,158.0,4.0,1,438.0,0.0,0.0,0.0
342.5,5.5,117.0,4.0,1,156.0,30.0,0.0,0.0
967.0,15.5,1311.0,5.0,1,1367.0,0.0,0.0,0.0
352.5,5.0,925.0,4.0,1,312.0,0.0,0.0,0.0
456.0,8.5,197.0,4.0,1,257.0,30.0,0.0,0.0
100.0,3.5,546.0,3.0,1,49.0,0.0,0.0,0.0
50.0,2.0,218.0,4.0,1,389.0,0.0,0.0,0.0
463.5,8.0,457.0,4.0,1,983.0,0.0,0.0,0.0
1019.0,7.0,2342.0,4.0,1,668.0,0.0,0.0,0.0
604.0,6.0,1185.0,4.0,1,2046.0,0.0,0.0,0.0
367.5,3.0,228.0,4.0,1,197.0,0.0,0.0,0.0
1189.0,9.0,1068.0,4.0,1,2849.0,0.0,0.0,0.0
15.666666666666666,3.0,583.0,4.0,1,604.0,0.0,0.0,0.0
333.0,16.0,284.0,4.0,1,273.0,0.0,0.0,0.0
752.0,22.5,574.0,5.0,1,614.0,0.0,0.0,0.0
561.5,8.0,499.0,5.0,1,1337.0,0.0,0.0,0.0
105.0,4.0,959.0,4.0,1,150.0,0.0,0.0,0.0
18.0,2.0,303.0,4.0,1,67.0,0.0,0.0,0.0
1684.5,11.75,587.0,4.0,1,1154.0,0.0,0.0,0.0
175.0,4.5,356.0,4.0,1,109.0,11.0,3.0,0.0
239.0,4.0,386.0,4.0,1,223.0,0.0,0.0,0.0
410.0,3.0,497.0,4.0,1,1270.0,0.0,0.0,0.0
125.0,4.0,183.0,4.0,1,210.0,0.0,0.0,0.0
803.0,13.0,1399.0,5.0,1,1286.0,0.0,0.0,0.0
22.5,0.0,698.0,4.0,0,858.0,0.0,0.0,0.0
632.0,3.5,497.0,4.0,1,695.0,0.0,0.0,0.0
350.5,12.0,711.0,4.0,1,803.0,0.0,0.0,0.0
804.0,23.0,758.0,5.0,1,954.0,0.0,0.0,0.0
130.5,3.0,655.0,4.0,1,189.0,27.0,0.0,0.0
332.0,6.0,990.0,4.0,1,227.0,0.0,0.0,0.0
690.0,4.5,1050.0,4.0,1,387.0,0.0,0.0,0.0
460.5,3.0,49.0,2.0,1,232.0,0.0,0.0,0.0
522.5,4.5,440.0,4.0,1,153.0,0.0,0.0,0.0
109.0,4.0,720.0,4.0,1,93.0,0.0,0.0,0.0
254.0,4.0,376.0,4.0,1,793.0,0.0,0.0,0.0
16.0,5.25,218.0,4.0,1,1191.0,0.0,0.0,0.0
513.0,5.5,122.0,4.0,1,152.0,0.0,0.0,0.0
934.0,12.0,1099.0,5.0,1,1539.0,0.0,0.0,0.0
259.0,3.5,369.0,4.0,1,186.0,0.0,0.0,0.0
3.5,2.5,536.0,2.5,0,498.0,11.6,2.0,0.0
622.5,14.0,683.0,4.0,1,931.0,0.0,0.0,0.0
823.0,17.0,1562.0,5.0,1,1682.0,0.0,0.0,0.0
1199.0,15.0,1604.0,4.0,1,956.0,0.0,0.0,0.0
600.5,20.0,424.0,4.0,1,486.0,0.0,0.0,0.0
26.0,1.0,536.0,4.0,0,444.0,13.5,1.0,0.0
41.333333333333336,4.0,633.0,4.0,1,189.0,0.0,0.0,0.0
105.5,1.5,381.0,4.0,1,404.0,28.0,0.0,0.0
74.5,2.0,319.0,4.0,1,240.0,3.0,0.0,0.0
22.5,0.0,665.0,4.0,0,954.0,0.0,0.0,0.0
185.0,3.0,148.0,4.0,1,231.0,0.0,0.0,0.0
664.0,7.0,1108.0,2.0,1,1358.0,0.0,0.0,0.0
244.0,4.0,874.0,4.0,1,192.0,0.0,0.0,0.0
144.0,4.5,812.0,4.0,1,385.0,0.0,0.0,0.0
63.0,2.333333333333333,358.0,4.0,1,90.0,0.0,0.0,0.0
4.75,2.5,802.0,0.0,0,1267.0,0.0,0.0,0.0
314.5,7.0,314.0,4.0,1,98.0,0.0,0.0,0.0
502.0,3.0,213.0,4.0,1,313.0,0.0,0.0,0.0
515.5,6.0,416.0,4.0,1,403.0,0.0,0.0,0.0
322.5,6.0,383.0,4.0,1,395.0,0.0,0.0,0.0
54.0,2.0,596.0,4.0,0,83.0,0.0,0.0,0.0
150.0,3.0,198.0,4.0,1,156.0,0.0,0.0,0.0
403.0,3.0,395.0,4.0,1,44.0,0.0,0.0,0.0
153.0,3.0,342.0,4.0,1,208.0,0.0,0.0,0.0
321.5,3.0,119.0,2.0,1,0.0,0.0,0.0,0.0
261.5,4.0,230.0,4.0,1,22.0,0.0,0.0,0.0
839.5,5.5,766.0,4.0,1,3350.0,0.0,0.0,0.0
244.0,3.0,608.0,4.0,1,109.0,0.0,0.0,0.0
740.0,8.0,1269.0,4.0,1,2159.0,0.0,0.0,0.0
351.0,5.5,501.0,4.0,1,401.0,0.0,0.0,0.0
573.0,7.0,978.0,4.0,1,1041.0,0.0,0.0,0.0
314.0,7.0,116.0,4.0,0,48.0,0.0,0.0,0.0
431.0,6.0,158.0,4.0,1,1333.0,0.0,0.0,0.0
760.0,17.5,1585.0,4.0,1,1020.0,0.0,0.0,0.0
27.5,0.0,698.0,4.0,0,368.0,13.0,3.0,0.0
767.0,5.5,1455.0,4.0,1,2366.0,0.0,0.0,0.0
610.0,6.0,542.0,4.5,1,1111.0,0.0,0.0,0.0
437.0,5.0,606.0,3.5,1,134.0,0.0,0.0,0.0
498.0,5.0,201.0,4.0,1,166.0,16.5,1.0,0.0
144.5,3.0,193.0,3.0,1,334.0,21.6,1.0,0.0
193.0,3.0,754.0,4.0,1,312.0,0.0,0.0,0.0
524.5,7.0,557.0,4.0,1,604.0,0.0,0.0,0.0
591.0,7.0,414.0,4.0,1,1011.0,0.0,0.0,0.0
141.0,1.5,136.0,4.0,1,423.0,0.0,0.0,0.0
141.0,2.5,689.0,4.0,1,441.0,9.142857142857142,3.0,0.0
253.0,9.0,439.0,4.0,1,984.0,0.0,0.0,0.0
145.0,5.0,322.0,4.0,1,347.0,4.0,0.0,0.0
104.5,4.5,1005.0,4.0,1,158.0,0.0,0.0,0.0
329.5,5.0,463.0,2.0,1,47.0,0.0,0.0,0.0
1099.0,11.0,1480.0,4.5,1,416.0,0.0,0.0,0.0
10.5,3.0,99.0,3.5,1,95.0,30.0,0.0,0.0
542.5,4.0,572.0,4.0,1,609.0,0.0,0.0,0.0
149.0,4.0,78.0,4.0,1,14.0,0.0,0.0,0.0
399.0,6.5,546.0,4.0,1,119.0,0.0,0.0,0.0
174.0,6.0,386.0,4.0,1,206.0,0.0,0.0,0.0
2.75,2.0,367.0,4.5,1,339.0,0.0,0.0,0.0
625.0,4.5,299.0,4.0,1,635.0,0.0,0.0,0.0
436.0,3.0,219.0,4.0,1,1450.0,0.0,0.0,0.0
585.0,5.0,785.0,4.0,1,891.0,0.0,0.0,0.0
1153.0,13.0,2535.0,4.0,1,1455.0,0.0,0.0,0.0
607.5,5.0,928.0,5.0,1,1469.0,0.0,0.0,0.0
236.5,11.0,292.0,4.0,1,380.0,0.0,0.0,0.0
804.5,11.0,341.0,4.5,1,2335.0,0.0,0.0,0.0
1073.0,3.5,1869.0,4.0,1,3730.0,0.0,0.0,0.0
747.0,7.5,926.0,4.0,1,768.0,0.0,0.0,0.0
178.0,2.0,251.0,2.0,1,49.0,0.0,0.0,0.0
446.0,3.0,115.0,4.0,1,1479.0,0.0,0.0,0.0
341.5,4.0,309.0,2.0,1,48.0,0.0,0.0,0.0
287.0,5.0,352.0,2.0,1,22.0,0.0,0.0,0.0
238.0,2.0,940.0,4.0,1,888.0,0.0,0.0,0.0
197.0,3.5,820.0,4.0,1,398.0,0.0,0.0,0.0
99.0,1.0,239.0,4.0,1,423.0,22.5,0.0,0.0
30.5,2.5,1279.0,4.0,1,355.0,11.5,1.0,0.0
94.0,2.5,428.0,4.0,1,376.0,0.0,0.0,0.0
321.5,9.0,628.0,4.0,1,756.0,0.0,0.0,0.0
280.5,4.0,90.0,4.0,1,237.0,30.0,0.0,0.0
223.0,2.5,482.0,3.5,1,116.0,0.0,0.0,0.0
1492.0,20.5,158.0,4.0,1,975.0,0.0,0.0,0.0
195.0,5.5,336.0,4.0,1,92.0,0.0,0.0,0.0
104.0,1.5,304.0,4.0,1,263.0,7.5,0.0,0.0
408.75,6.0,341.0,2.0,1,20.0,0.0,0.0,0.0
423.75,5.5,96.0,4.0,1,1151.0,0.0,0.0,0.0
541.5,5.5,363.0,2.0,1,343.0,0.0,0.0,0.0
25.0,1.5,450.0,4.0,1,187.0,0.0,0.0,0.0
6.0,3.0,144.0,4.5,1,811.0,0.0,0.0,0.0
585.5,13.0,412.0,4.0,1,259.0,0.0,0.0,0.0
340.0,5.5,189.0,4.0,1,253.0,0.0,0.0,0.0
132.0,2.5,212.0,4.0,1,93.0,0.0,0.0,0.0
618.0,6.0,310.0,2.0,1,564.0,0.0,0.0,0.0
105.0,3.5,679.0,0.0,1,11.0,19.33333333333333,1.0,0.0
61.0,2.0,253.0,4.0,1,654.0,0.0,0.0,0.0
611.0,16.0,370.0,4.0,1,941.0,0.0,0.0,0.0
44.0,2.0,1151.0,4.5,1,541.0,0.0,0.0,0.0
460.0,4.0,63.0,4.0,1,667.0,0.0,0.0,0.0
147.5,2.0,67.0,4.0,1,176.0,0.0,0.0,0.0
158.5,3.0,706.0,4.0,1,276.0,0.0,0.0,0.0
679.0,9.0,462.0,4.0,1,1145.0,0.0,0.0,0.0
112.0,2.5,700.0,4.0,1,618.0,12.8,1.0,0.0
1223.0,9.0,1952.0,4.0,1,1245.0,0.0,0.0,0.0
351.0,4.0,278.0,4.0,1,850.0,0.0,0.0,0.0
77.0,2.0,34.0,4.0,1,190.0,0.0,0.0,0.0
196.0,3.5,1191.0,4.0,1,447.0,0.0,0.0,0.0
450.0,5.0,147.0,4.0,1,61.0,0.0,0.0,0.0
364.5,5.0,47.0,4.0,1,774.0,0.0,0.0,0.0
299.0,3.0,388.0,4.0,1,871.0,0.0,0.0,0.0
1098.5,25.0,1711.0,5.0,1,17.0,0.0,0.0,0.0
285.0,5.0,675.0,4.0,1,413.0,0.0,0.0,0.0
707.0,8.0,381.0,4.0,1,366.0,0.0,0.0,0.0
285.0,2.0,349.0,4.0,1,594.0,0.0,0.0,0.0
366.0,2.5,713.0,4.0,1,441.0,0.0,0.0,0.0
1672.0,5.0,1557.0,5.0,1,379.0,0.0,0.0,0.0
1062.0,5.5,1659.0,4.0,1,3492.0,0.0,0.0,0.0
472.0,11.5,918.0,4.0,1,642.0,0.0,0.0,0.0
232.0,7.0,645.0,4.0,1,1064.0,0.0,0.0,0.0
115.0,1.5,212.0,2.0,1,18.0,0.0,0.0,0.0
765.5,11.0,1491.0,4.0,1,1806.0,0.0,0.0,0.0
96.0,4.0,705.0,4.0,1,21.0,32.0,0.0,0.0
1422.0,22.0,790.0,4.0,1,1436.0,0.0,0.0,0.0
691.5,6.0,962.0,5.0,1,1901.0,0.0,0.0,0.0
666.0,8.5,348.0,4.0,1,610.0,0.0,0.0,0.0
623.5,4.5,1041.0,4.0,1,2032.0,0.0,0.0,0.0
139.0,2.0,652.0,4.0,1,25.0,0.0,0.0,0.0
1041.0,15.0,1066.0,5.0,1,1423.0,0.0,0.0,0.0
144.0,2.0,161.0,4.0,1,385.0,0.0,0.0,0.0
19.0,1.0,475.0,4.0,1,786.0,0.0,0.0,0.0
551.0,5.0,266.0,4.0,1,529.0,0.0,0.0,0.0
284.0,8.0,716.0,4.0,1,252.0,0.0,0.0,0.0
42.0,2.0,101.0,4.0,1,161.0,10.2,3.0,0.0
273.5,4.5,607.0,4.0,1,418.0,0.0,0.0,0.0
506.0,22.0,374.0,5.0,1,1703.0,0.0,0.0,0.0
41.0,2.0,458.0,2.0,1,13.0,21.0,0.0,0.0
94.0,2.5,1026.0,4.0,0,109.0,0.0,0.0,0.0
117.0,3.0,387.0,4.0,1,202.0,0.0,0.0,0.0
372.0,5.5,596.0,4.0,1,873.0,0.0,0.0,0.0
822.5,6.5,477.0,5.0,1,2413.0,0.0,0.0,0.0
296.0,4.5,365.0,4.0,1,176.0,0.0,0.0,0.0
107.5,3.0,620.0,2.0,1,22.0,0.0,0.0,0.0
289.5,4.0,1062.0,4.0,1,521.0,0.0,0.0,0.0
538.0,5.0,122.0,4.0,1,513.0,0.0,0.0,0.0
292.0,6.5,289.0,4.0,1,351.0,0.0,0.0,0.0
479.0,3.5,495.0,4.0,1,226.0,0.0,0.0,0.0
81.0,1.5,890.0,4.0,0,436.0,9.875,4.0,0.0
256.0,5.0,272.0,2.0,1,38.0,30.0,0.0,0.0
834.5,9.0,1323.0,4.0,1,152.0,0.0,0.0,0.0
29.25,2.0,899.0,4.0,1,868.0,0.0,0.0,0.0
615.0,7.0,360.0,4.0,1,355.0,0.0,0.0,0.0
70.25,4.0,425.0,4.5,1,188.0,30.0,0.0,0.0
71.0,1.0,800.0,4.0,0,261.0,17.666666666666668,1.0,0.0
23.0,1.0,840.0,4.0,1,643.0,0.0,0.0,0.0
94.5,11.0,180.0,4.0,1,914.0,0.0,0.0,0.0
29.0,1.0,586.0,4.0,1,627.0,13.6,3.0,0.0
80.5,24.0,197.0,4.0,1,129.0,0.0,0.0,0.0
868.5,20.0,109.0,5.0,1,2756.0,0.0,0.0,0.0
774.5,7.75,738.0,4.0,1,2077.0,0.0,0.0,0.0
165.0,1.5,359.0,4.0,1,442.0,0.0,0.0,0.0
1265.5,28.0,1357.0,5.0,1,390.0,0.0,0.0,0.0
276.5,7.333333333333333,240.0,4.0,1,267.0,0.0,0.0,0.0
197.0,16.0,295.0,4.0,1,676.0,0.0,0.0,0.0
897.0,9.333333333333334,957.0,4.0,1,128.0,0.0,0.0,0.0
539.0,3.5,472.0,2.0,1,305.0,0.0,0.0,0.0
1202.0,25.0,2301.0,5.0,1,1173.0,0.0,0.0,0.0
151.5,2.5,194.0,4.0,1,515.0,0.0,0.0,0.0
103.0,1.5,320.0,4.0,0,536.0,19.666666666666668,2.0,0.0
459.5,2.0,12.0,4.0,1,497.0,0.0,0.0,0.0
340.0,2.0,734.0,4.0,1,279.0,0.0,0.0,0.0
410.0,7.5,702.0,2.0,1,0.0,0.0,0.0,0.0
67.5,2.5,732.0,4.0,0,556.0,3.5,0.0,0.0
1635.0,13.0,287.0,4.0,1,1145.0,0.0,0.0,0.0
152.5,4.0,220.0,4.0,1,193.0,0.0,0.0,0.0
14.0,3.5,496.0,4.0,1,538.0,19.8,2.0,0.0
185.66666666666663,3.0,603.0,4.0,1,47.0,0.0,0.0,0.0
147.5,5.0,821.0,4.0,1,157.0,0.0,0.0,0.0
173.0,2.0,467.0,4.0,1,42.0,0.0,0.0,0.0
262.5,3.5,404.0,4.0,1,176.0,0.0,0.0,0.0
836.0,6.0,1293.0,4.0,1,3920.0,0.0,0.0,0.0
977.0,5.0,1799.0,5.0,1,3874.0,0.0,0.0,0.0
23.0,1.0,350.0,4.0,1,524.0,14.0,1.0,0.0
77.5,5.5,178.0,4.0,1,986.0,0.0,0.0,0.0
1117.0,10.0,888.0,4.0,1,2712.0,0.0,0.0,0.0
39.75,1.0,1165.0,2.0,1,28.0,30.0,1.0,0.0
267.0,3.0,23.0,4.0,1,546.0,0.0,0.0,0.0
6.25,2.0,289.0,4.0,0,296.0,13.0,2.0,0.0
526.0,4.0,603.0,4.0,1,468.0,0.0,0.0,0.0
284.0,5.0,421.0,2.0,1,49.0,0.0,0.0,0.0
210.0,3.0,793.0,4.0,1,997.0,0.0,0.0,0.0
1459.5,15.0,2178.0,4.0,1,670.0,0.0,0.0,0.0
596.5,5.0,130.0,4.0,1,1266.0,0.0,0.0,0.0
585.0,1.0,503.0,4.0,1,1637.0,0.0,0.0,0.0
564.0,16.0,474.0,4.0,1,227.0,0.0,0.0,0.0
409.0,2.0,675.0,4.0,1,220.0,0.0,0.0,0.0
40.0,2.0,652.0,4.5,1,670.0,0.0,0.0,0.0
644.5,9.0,1063.0,4.5,1,1092.0,0.0,0.0,0.0
59.5,3.0,438.0,3.0,1,307.0,0.0,0.0,0.0
521.0,5.5,450.0,2.0,1,145.0,0.0,0.0,0.0
504.0,3.0,209.0,4.0,1,527.0,0.0,0.0,0.0
701.0,10.0,732.0,4.0,1,2239.0,0.0,0.0,0.0
605.3333333333334,3.0,251.0,2.0,1,725.0,0.0,0.0,0.0
627.5,7.0,834.0,4.0,1,1514.0,0.0,0.0,0.0
151.0,2.5,332.0,4.0,1,273.0,0.0,0.0,0.0
3.0,2.0,778.0,2.5,1,490.0,31.0,0.0,0.0
352.0,5.0,574.0,4.0,1,424.0,0.0,0.0,0.0
25.0,1.0,597.0,4.0,0,529.0,20.33333333333333,1.0,0.0
762.5,6.0,1547.0,2.0,1,2132.0,0.0,0.0,0.0
337.0,3.5,903.0,4.0,1,286.0,0.0,0.0,0.0
99.5,3.0,508.0,4.0,1,426.0,15.0,1.0,0.0
271.0,3.5,322.0,4.0,1,485.0,0.0,0.0,0.0
271.5,5.0,1245.0,4.0,1,431.0,0.0,0.0,0.0
234.5,7.0,448.0,4.0,1,185.0,0.0,0.0,0.0
488.0,9.0,434.0,4.0,1,1045.0,0.0,0.0,0.0
285.5,4.0,668.0,4.0,1,349.0,24.0,0.0,0.0
939.3333333333334,16.0,1477.0,4.0,1,1885.0,0.0,0.0,0.0
601.0,4.5,799.0,4.0,1,1036.0,0.0,0.0,0.0
249.0,3.0,515.0,4.0,0,793.0,0.0,0.0,0.0
1430.5,21.0,929.0,4.0,1,1579.0,0.0,0.0,0.0
803.0,8.0,1841.0,4.5,1,2584.0,0.0,0.0,0.0
134.0,4.5,673.0,4.0,1,115.0,0.0,0.0,0.0
509.0,18.0,444.0,5.0,1,1536.0,0.0,0.0,0.0
278.0,3.5,900.0,4.0,1,925.0,0.0,0.0,0.0
55.333333333333336,1.0,219.0,4.0,1,23.0,0.0,0.0,0.0
1042.0,8.0,2208.0,4.0,1,4069.0,0.0,0.0,0.0
151.5,8.0,762.0,4.0,1,493.0,0.0,0.0,0.0
96.5,2.0,628.0,4.0,1,105.0,0.0,0.0,0.0
432.0,5.0,451.0,4.0,1,66.0,0.0,0.0,0.0
9.5,2.5,667.0,4.5,1,668.0,12.666666666666666,1.0,0.0
318.0,8.0,502.0,4.0,1,375.0,0.0,0.0,0.0
1205.5,8.0,229.0,4.0,1,2046.0,0.0,0.0,0.0
22.0,6.0,481.0,4.0,1,234.0,12.25,1.0,0.0
144.0,2.5,168.0,3.5,1,418.0,0.0,0.0,0.0
190.25,5.0,290.0,2.0,1,4.0,0.0,0.0,0.0
231.3333333333333,5.0,534.0,4.0,0,195.0,0.0,0.0,0.0
281.0,4.0,660.0,4.0,1,366.0,0.0,0.0,0.0
224.0,5.0,283.0,4.0,1,513.0,0.0,0.0,0.0
877.0,7.0,1066.0,4.0,1,142.0,0.0,0.0,0.0
72.0,2.0,161.0,4.0,1,289.0,14.666666666666666,0.0,0.0
235.0,2.5,353.0,4.0,1,115.0,0.0,0.0,0.0
47.5,3.0,608.0,4.0,0,761.0,11.666666666666666,1.0,0.0
744.5,14.0,1317.0,5.0,1,1005.0,0.0,0.0,0.0
150.5,3.0,336.0,4.0,1,33.0,0.0,0.0,0.0
546.0,5.0,351.0,2.0,1,295.0,0.0,0.0,0.0
645.0,4.5,174.0,4.0,1,233.0,0.0,0.0,0.0
462.5,3.0,0.0,4.0,1,589.0,0.0,0.0,0.0
888.0,13.5,1.0,5.0,1,2668.0,0.0,0.0,0.0
443.0,7.0,523.0,2.0,1,140.0,0.0,0.0,0.0
69.0,2.0,809.0,4.0,0,251.0,32.5,0.0,0.0
118.5,3.0,559.0,4.0,1,274.0,0.0,0.0,0.0
305.0,6.0,1010.0,2.0,1,19.0,0.0,0.0,0.0
53.0,1.0,471.0,4.0,1,684.0,0.0,0.0,0.0
254.0,6.0,779.0,4.0,1,976.0,0.0,0.0,0.0
62.0,2.0,222.0,4.0,1,515.0,0.0,0.0,0.0
328.0,6.0,251.0,4.0,1,133.0,0.0,0.0,0.0
936.0,16.0,1389.0,5.0,1,1529.0,0.0,0.0,0.0
43.0,16.0,394.0,4.0,1,902.0,0.0,0.0,0.0
858.0,5.0,1156.0,4.0,1,3665.0,0.0,0.0,0.0
549.25,1.5,425.0,4.0,1,953.0,0.0,0.0,0.0
30.0,0.0,109.0,4.0,1,533.0,15.0,1.0,0.0
834.0,12.0,1792.0,4.0,1,292.0,0.0,0.0,0.0
142.0,3.0,114.0,2.0,1,38.0,0.0,0.0,0.0
1575.0,20.0,1300.0,5.0,1,136.0,0.0,0.0,0.0
4.0,1.0,198.0,4.0,1,292.0,0.0,0.0,0.0
115.0,2.0,413.0,4.0,1,350.0,0.0,0.0,0.0
113.0,1.0,608.0,4.0,0,122.0,30.0,0.0,0.0
875.0,10.0,1635.0,4.0,1,2161.0,0.0,0.0,0.0
376.5,11.0,246.0,4.0,1,657.0,0.0,0.0,0.0
271.0,2.0,151.0,2.0,1,49.0,0.0,0.0,0.0
830.75,8.5,709.0,4.0,1,2614.0,0.0,0.0,0.0
329.0,4.0,330.0,4.0,1,98.0,0.0,0.0,0.0
8.0,1.0,402.0,4.0,1,456.0,16.2,3.0,0.0
1270.0,18.0,2049.0,4.5,1,981.0,0.0,0.0,0.0
11.5,2.0,274.0,4.0,1,337.0,0.0,0.0,0.0
285.0,3.0,391.0,4.0,1,90.0,0.0,0.0,0.0
54.0,1.0,310.0,4.0,1,455.0,0.0,0.0,0.0
1168.0,16.0,1958.0,4.0,1,1490.0,0.0,0.0,0.0
718.0,8.0,1437.0,4.0,1,1501.0,0.0,0.0,0.0
263.0,5.0,902.0,4.0,1,35.0,0.0,0.0,0.0
166.0,3.0,34.0,4.0,1,128.0,0.0,0.0,0.0
191.0,4.0,708.0,4.0,1,97.0,0.0,0.0,0.0
428.5,6.5,445.0,4.0,1,506.0,0.0,0.0,0.0
129.0,5.0,220.0,4.0,1,145.0,0.0,0.0,0.0
19.0,1.0,645.0,4.0,1,279.0,0.0,0.0,0.0
1229.5,7.25,759.0,4.0,1,2469.0,0.0,0.0,0.0
830.0,8.0,787.0,4.0,1,3420.0,0.0,0.0,0.0
493.5,3.5,408.0,4.0,1,1283.0,0.0,0.0,0.0
172.0,4.0,117.0,4.0,1,276.0,0.0,0.0,0.0
1094.0,5.0,1589.0,4.0,1,3454.0,0.0,0.0,0.0
1145.25,9.5,800.0,4.0,1,2660.0,0.0,0.0,0.0
420.0,6.0,27.0,4.0,1,79.0,0.0,0.0,0.0
592.0,4.0,1288.0,4.0,1,2371.0,0.0,0.0,0.0
79.0,2.0,811.0,4.0,0,119.0,20.33333333333333,1.0,0.0
1189.5,9.5,102.0,4.0,1,1950.0,0.0,0.0,0.0
48.0,1.5,338.0,3.0,1,115.0,0.0,0.0,0.0
274.0,2.5,401.0,2.0,1,6.0,0.0,0.0,0.0
523.5,3.5,427.0,0.0,1,0.0,0.0,0.0,0.0
27.5,12.0,440.0,4.0,1,717.0,0.0,0.0,0.0
374.5,5.0,892.0,4.0,1,674.0,0.0,0.0,0.0
227.5,2.5,1086.0,4.0,1,113.0,0.0,0.0,0.0
97.5,1.0,639.0,4.0,0,418.0,13.0,2.0,0.0
853.0,16.0,1888.0,4.0,1,1726.0,0.0,0.0,0.0
503.0,6.0,655.0,4.0,1,1122.0,0.0,0.0,0.0
422.0,4.0,318.0,4.0,1,56.0,0.0,0.0,0.0
194.0,2.0,116.0,4.0,1,162.0,0.0,0.0,0.0
753.0,5.0,994.0,4.0,1,536.0,0.0,0.0,0.0
391.0,3.0,270.0,4.0,1,572.0,0.0,0.0,0.0
642.0,21.0,685.0,5.0,1,1076.0,0.0,0.0,0.0
4.0,1.0,489.0,0.0,1,288.0,9.0,0.0,0.0
22.0,1.5,427.0,4.0,1,0.0,6.6,5.0,0.0
446.0,9.5,333.0,4.0,1,214.0,0.0,0.0,0.0
294.0,8.0,599.0,4.0,1,687.0,0.0,0.0,0.0
15.0,2.5,338.0,4.0,1,849.0,0.0,0.0,0.0
353.0,10.5,541.0,4.0,1,222.0,0.0,0.0,0.0
107.25,4.0,598.0,4.0,1,100.0,0.0,0.0,0.0
433.5,7.0,317.0,4.0,1,678.0,0.0,0.0,0.0
570.0,7.0,917.0,4.0,1,1085.0,0.0,0.0,0.0
121.0,4.0,619.0,4.0,1,286.0,0.0,0.0,0.0
431.0,10.0,777.0,4.0,1,764.0,0.0,0.0,0.0
408.5,4.5,692.0,4.0,1,682.0,0.0,0.0,0.0
216.0,4.5,1078.0,4.0,1,383.0,0.0,0.0,0.0
215.0,3.0,114.0,4.0,1,261.0,0.0,0.0,0.0
1076.5,4.0,1674.0,4.0,1,3524.0,0.0,0.0,0.0
532.5,5.0,238.0,4.0,1,1716.0,0.0,0.0,0.0
158.25,4.0,1234.0,4.0,1,500.0,0.0,0.0,0.0
1601.0,16.0,316.0,4.0,1,718.0,0.0,0.0,0.0
64.0,7.0,344.0,4.0,1,110.0,0.0,0.0,0.0
728.0,9.5,815.0,4.0,1,317.0,0.0,0.0,0.0
363.5,5.0,207.0,4.0,1,8.0,0.0,0.0,0.0
689.0,5.0,542.0,4.0,1,1209.0,0.0,0.0,0.0
89.0,1.5,1168.0,4.0,0,25.0,13.666666666666666,0.0,0.0
733.0,8.0,1037.0,4.0,1,338.0,0.0,0.0,0.0
7.0,1.0,150.0,4.0,1,123.0,17.4,2.0,0.0
749.0,7.0,1712.0,5.0,1,1703.0,0.0,0.0,0.0
120.0,2.0,123.0,4.0,1,277.0,0.0,0.0,0.0
342.0,3.0,241.0,4.0,1,1294.0,0.0,0.0,0.0
276.0,5.0,310.0,4.0,1,38.0,0.0,0.0,0.0
120.0,4.0,514.0,4.0,1,318.0,0.0,0.0,0.0
946.0,12.0,1845.0,4.0,1,4137.0,0.0,0.0,0.0
629.5,4.0,359.0,4.0,1,136.0,0.0,0.0,0.0
625.5,5.0,567.0,4.0,1,795.0,0.0,0.0,0.0
115.0,2.0,165.0,4.0,1,84.0,0.0,0.0,0.0
123.75,3.0,361.0,4.0,1,160.0,0.0,0.0,0.0
172.0,1.0,1082.0,4.0,1,526.0,13.0,0.0,0.0
1541.0,17.0,758.0,5.0,1,192.0,0.0,0.0,0.0
643.5,6.666666666666667,628.0,0.0,1,25.0,0.0,0.0,0.0
329.0,7.0,468.0,4.0,1,266.0,0.0,0.0,0.0
529.0,4.0,55.0,4.0,1,3.0,0.0,0.0,0.0
536.0,4.5,207.0,4.0,1,1754.0,0.0,0.0,0.0
452.0,7.0,742.0,0.0,1,725.0,0.0,0.0,0.0
97.0,1.0,905.0,4.0,1,1126.0,19.0,1.0,0.0
779.0,6.0,1005.0,4.0,1,658.0,0.0,0.0,0.0
62.0,2.5,492.0,4.0,1,1169.0,34.0,0.0,0.0
153.0,1.0,244.0,2.0,1,23.0,0.0,0.0,0.0
554.5,3.5,81.0,4.0,1,62.0,0.0,0.0,0.0
118.5,1.5,312.0,4.0,1,118.0,10.75,2.0,0.0
538.0,3.5,823.0,4.0,1,673.0,0.0,0.0,0.0
514.0,7.0,542.0,4.0,1,993.0,0.0,0.0,0.0
569.0,5.5,311.0,4.0,1,372.0,0.0,0.0,0.0
64.0,4.0,108.0,4.0,0,170.0,0.0,0.0,0.0
138.66666666666666,2.0,78.0,3.5,1,335.0,35.0,0.0,0.0
5.0,3.0,806.0,2.0,0,1401.0,0.0,0.0,0.0
75.0,1.0,819.0,4.0,0,64.0,16.333333333333332,1.0,0.0
108.5,1.5,537.0,4.0,1,132.0,11.25,5.0,0.0
71.0,2.0,434.0,4.0,0,226.0,0.0,0.0,0.0
379.0,5.0,671.0,4.0,1,73.0,0.0,0.0,0.0
119.0,4.0,337.0,4.0,1,95.0,0.0,0.0,0.0
189.0,4.0,348.0,4.0,1,88.0,0.0,0.0,0.0
292.5,5.0,138.0,4.0,1,78.0,0.0,0.0,0.0
662.0,4.0,440.0,4.0,1,1438.0,0.0,0.0,0.0
584.0,5.0,111.0,4.0,1,1049.0,0.0,0.0,0.0
73.0,1.0,895.0,4.0,1,455.0,0.0,0.0,0.0
1437.0,17.0,812.0,4.0,1,1478.0,0.0,0.0,0.0
2.0,3.5,70.0,2.5,1,432.0,0.0,0.0,0.0
64.5,3.0,429.0,4.0,1,107.0,0.0,0.0,0.0
103.66666666666669,2.0,832.0,4.0,0,121.0,0.0,0.0,0.0
359.5,3.5,653.0,4.0,1,224.0,0.0,0.0,0.0
24.0,1.0,955.0,4.0,0,699.0,0.0,0.0,0.0
426.3333333333333,5.0,20.0,4.0,1,680.0,0.0,0.0,0.0
6.0,1.5,379.0,5.0,1,505.0,0.0,0.0,0.0
79.5,4.0,885.0,4.0,1,735.0,34.0,1.0,0.0
772.0,7.0,814.0,4.0,1,864.0,0.0,0.0,0.0
170.0,3.0,518.0,4.0,1,436.0,0.0,0.0,0.0
340.0,4.5,431.0,4.0,1,59.0,0.0,0.0,0.0
1436.75,20.0,1065.0,4.0,1,1754.0,0.0,0.0,0.0
258.5,3.5,165.0,4.0,1,32.0,0.0,0.0,0.0
686.0,7.0,1018.0,2.0,1,1827.0,0.0,0.0,0.0
311.0,6.0,677.0,4.0,1,434.0,0.0,0.0,0.0
282.0,3.5,432.0,4.0,1,141.0,9.0,1.0,0.0
103.0,3.5,907.0,4.0,1,0.0,12.0,1.0,0.0
242.0,2.0,867.0,4.0,1,560.0,0.0,0.0,0.0
379.0,4.5,849.0,4.0,1,944.0,0.0,0.0,0.0
1726.5,12.0,589.0,4.0,1,853.0,0.0,0.0,0.0
551.0,6.0,736.0,4.0,1,0.0,0.0,0.0,0.0
27.5,0.5,773.0,4.0,0,384.0,15.75,1.0,0.0
1470.5,6.0,996.0,5.0,1,23.0,0.0,0.0,0.0
511.0,2.0,411.0,4.0,1,584.0,0.0,0.0,0.0
35.333333333333336,4.0,558.0,4.0,0,327.0,10.0,2.0,0.0
345.5,4.0,367.0,4.0,1,724.0,0.0,0.0,0.0
618.0,6.5,524.0,4.0,1,350.0,0.0,0.0,0.0
53.5,1.0,338.0,4.0,1,437.0,0.0,0.0,0.0
380.0,7.0,446.0,4.0,1,244.0,0.0,0.0,0.0
402.0,5.0,184.0,4.0,1,212.0,0.0,0.0,0.0
1185.0,8.5,443.0,4.0,1,2309.0,0.0,0.0,0.0
287.0,3.0,935.0,4.0,1,324.0,0.0,0.0,0.0
227.0,3.0,498.0,4.0,1,161.0,0.0,0.0,0.0
52.5,1.0,238.0,4.0,1,804.0,0.0,0.0,0.0
147.5,2.0,229.0,4.0,1,536.0,0.0,0.0,0.0
326.0,8.0,594.0,4.0,1,680.0,0.0,0.0,0.0
326.0,7.0,641.0,4.0,1,468.0,0.0,0.0,0.0
287.0,3.5,597.0,4.0,1,118.0,0.0,0.0,0.0
1014.5,15.0,502.0,5.0,1,863.0,0.0,0.0,0.0
684.0,9.0,1464.0,2.0,1,3.0,0.0,0.0,0.0
1001.0,11.0,1083.0,4.0,1,2334.0,0.0,0.0,0.0
446.0,3.5,377.0,4.0,1,127.0,0.0,0.0,0.0
472.0,11.0,905.0,4.0,1,612.0,0.0,0.0,0.0
177.0,2.0,346.0,4.0,1,19.0,15.0,1.0,0.0
141.0,5.0,755.0,4.0,1,103.0,0.0,0.0,0.0
10.5,3.0,716.0,2.0,1,183.0,0.0,0.0,0.0
168.0,1.5,444.0,4.0,1,188.0,0.0,0.0,0.0
1001.0,12.0,1147.0,4.0,1,2454.0,0.0,0.0,0.0
537.0,10.0,493.0,4.0,1,285.0,0.0,0.0,0.0
859.0,6.0,1911.0,4.0,1,3263.0,0.0,0.0,0.0
291.0,5.0,375.0,4.0,1,497.0,0.0,0.0,0.0
383.0,4.5,487.0,4.0,1,346.0,0.0,0.0,0.0
346.0,8.0,745.0,4.0,1,532.0,0.0,0.0,0.0
839.0,6.0,2102.0,4.0,1,2836.0,0.0,0.0,0.0
153.0,2.0,653.0,4.0,0,588.0,12.714285714285714,3.0,0.0
279.0,6.0,825.0,4.0,1,441.0,0.0,0.0,0.0
132.5,1.5,618.0,4.0,1,444.0,0.0,0.0,0.0
748.0,5.0,1590.0,2.0,1,2416.0,0.0,0.0,0.0
85.0,1.0,957.0,4.0,0,476.0,18.0,3.0,0.0
77.0,1.5,449.0,4.0,0,436.0,26.33333333333333,1.0,0.0
163.0,3.5,992.0,4.0,1,220.0,15.0,0.0,0.0
1058.0,15.5,326.0,5.0,1,528.0,0.0,0.0,0.0
583.3333333333334,7.0,216.0,4.0,1,214.0,0.0,0.0,0.0
724.0,18.0,1188.0,5.0,1,879.0,0.0,0.0,0.0
582.0,7.0,88.0,4.0,1,432.0,0.0,0.0,0.0
698.0,5.0,251.0,4.0,1,271.0,0.0,0.0,0.0
959.0,8.5,2133.0,4.0,1,545.0,0.0,0.0,0.0
764.0,13.5,599.0,4.0,1,2100.0,0.0,0.0,0.0
1161.5,13.5,2611.0,4.0,1,1177.0,0.0,0.0,0.0
32.0,8.0,624.0,4.0,1,148.0,0.0,0.0,0.0
586.0,12.0,745.0,4.0,1,792.0,0.0,0.0,0.0
810.5,3.5,1539.0,4.0,1,2840.0,0.0,0.0,0.0
432.0,4.0,56.0,2.0,1,0.0,0.0,0.0,0.0
650.5,17.0,488.0,4.0,1,1301.0,0.0,0.0,0.0
224.0,4.0,941.0,4.0,1,706.0,0.0,0.0,0.0
326.0,7.0,872.0,4.0,1,55.0,0.0,0.0,0.0
608.0,5.5,366.0,4.0,1,1104.0,0.0,0.0,0.0
250.5,4.0,212.0,4.0,1,377.0,0.0,0.0,0.0
870.0,8.0,2126.0,4.0,1,3277.0,0.0,0.0,0.0
149.0,4.5,765.0,4.0,1,100.0,0.0,0.0,0.0
214.0,4.0,1094.0,4.0,1,0.0,0.0,0.0,0.0
151.0,5.0,686.0,4.0,1,264.0,0.0,0.0,0.0
150.0,3.0,406.0,4.0,1,163.0,0.0,0.0,0.0
600.0,5.0,651.0,4.0,1,1071.0,0.0,0.0,0.0
827.0,2.5,804.0,4.0,1,3004.0,0.0,0.0,0.0
277.0,3.5,175.0,2.0,1,16.0,0.0,0.0,0.0
180.5,11.0,432.0,4.0,1,272.0,0.0,0.0,0.0
70.0,4.75,122.0,4.0,1,948.0,0.0,0.0,0.0
284.0,2.5,299.0,2.0,1,63.0,0.0,0.0,0.0
37.5,1.0,774.0,4.0,1,185.0,15.0,1.0,0.0
629.5,17.333333333333332,965.0,5.0,1,2404.0,0.0,0.0,0.0
249.0,2.0,655.0,4.0,1,19.0,0.0,0.0,0.0
97.0,3.5,853.0,3.0,1,267.0,12.5,2.0,0.0
301.0,3.0,242.0,4.0,1,1205.0,0.0,0.0,0.0
812.0,16.0,1296.0,4.0,1,2629.0,0.0,0.0,0.0
231.0,0.0,231.0,4.0,1,129.0,0.0,0.0,0.0
424.0,10.0,692.0,4.0,1,522.0,0.0,0.0,0.0
279.0,5.5,783.0,4.0,1,253.0,0.0,0.0,0.0
417.25,5.0,149.0,4.0,1,114.0,0.0,0.0,0.0
316.5,5.0,938.0,2.0,1,16.0,0.0,0.0,0.0
206.0,3.0,453.0,4.0,1,355.0,0.0,0.0,0.0
958.6666666666666,13.0,1844.0,4.0,1,3255.0,0.0,0.0,0.0
127.5,2.0,383.0,3.5,1,188.0,0.5,0.0,0.0
1164.5,14.0,1042.0,4.0,1,811.0,0.0,0.0,0.0
22.0,1.0,499.0,4.0,1,585.0,0.0,0.0,0.0
1032.0,12.0,532.0,4.0,1,689.0,0.0,0.0,0.0
277.0,4.0,168.0,4.0,1,918.0,0.0,0.0,0.0
110.25,2.0,557.0,4.0,1,452.0,20.0,1.0,0.0
475.75,11.0,647.0,4.0,1,247.0,0.0,0.0,0.0
368.0,4.0,349.0,4.0,1,39.0,0.0,0.0,0.0
556.0,5.0,190.0,4.0,1,216.0,0.0,0.0,0.0
312.0,10.5,39.0,4.0,1,575.0,0.0,0.0,0.0
203.0,3.0,683.0,4.0,1,11.0,0.0,0.0,0.0
1349.0,15.0,1840.0,4.0,1,655.0,0.0,0.0,0.0
393.0,5.0,439.0,4.0,1,158.0,0.0,0.0,0.0
382.0,3.0,22.0,4.0,1,930.0,0.0,0.0,0.0
394.5,5.0,159.0,4.0,1,825.0,0.0,0.0,0.0
22.0,1.0,510.0,4.5,1,527.0,0.0,0.0,0.0
454.5,4.0,504.0,4.0,1,91.0,0.0,0.0,0.0
645.0,9.0,790.0,4.0,1,55.0,0.0,0.0,0.0
300.5,13.0,442.0,4.0,1,18.0,0.0,0.0,0.0
147.0,3.5,472.0,4.0,1,185.0,15.5,1.0,0.0
961.6666666666666,13.0,1454.0,4.0,1,2715.0,0.0,0.0,0.0
180.0,6.0,413.0,4.0,1,356.0,0.0,0.0,0.0
1204.0,5.0,431.0,4.0,1,1829.0,0.0,0.0,0.0
266.0,4.0,109.0,4.0,1,869.0,0.0,0.0,0.0
1266.5,11.0,1112.0,4.0,1,398.0,0.0,0.0,0.0
1231.0,29.5,1334.0,4.0,1,72.0,0.0,0.0,0.0
13.5,1.0,426.0,4.0,1,242.0,1.0,0.0,0.0
103.0,1.0,335.0,4.0,0,296.0,0.0,0.0,0.0
663.5,13.0,1198.0,4.0,1,1137.0,0.0,0.0,0.0
406.0,6.0,634.0,2.0,1,0.0,0.0,0.0,0.0
85.0,3.0,729.0,4.0,1,72.0,0.0,0.0,0.0
259.0,4.0,828.0,2.0,1,27.0,0.0,0.0,0.0
154.5,1.0,585.0,4.0,1,162.0,0.0,0.0,0.0
114.0,2.0,223.0,3.0,1,222.0,0.0,0.0,0.0
348.0,5.0,345.0,4.0,1,112.0,0.0,0.0,0.0
231.0,5.0,540.0,4.0,1,1041.0,0.0,0.0,0.0
30.0,1.0,652.0,4.0,1,678.0,15.0,2.0,0.0
772.0,6.0,1286.0,4.0,1,299.0,0.0,0.0,0.0
1344.5,8.0,754.0,4.0,1,569.0,0.0,0.0,0.0
4.5,5.0,534.0,0.0,1,994.0,10.1,4.0,0.0
922.0,12.0,1790.0,4.0,1,790.0,0.0,0.0,0.0
931.0,15.0,2296.0,4.0,1,443.0,0.0,0.0,0.0
222.0,5.0,591.0,4.0,1,563.0,0.0,0.0,0.0
26.0,0.5,749.0,4.0,1,853.0,0.0,0.0,0.0
153.0,2.5,1093.0,4.0,1,140.0,0.0,0.0,0.0
145.0,6.333333333333333,278.0,4.0,1,273.0,0.0,0.0,0.0
495.0,3.0,77.0,4.0,1,318.0,0.0,0.0,0.0
265.0,6.5,581.0,4.0,1,198.0,0.0,0.0,0.0
201.5,3.0,576.0,4.0,1,209.0,0.0,0.0,0.0
271.75,5.0,1081.0,2.0,1,0.0,0.0,0.0,0.0
376.75,3.0,17.0,4.0,1,851.0,0.0,0.0,0.0
380.5,3.0,383.0,4.0,1,257.0,0.0,0.0,0.0
195.5,4.0,649.0,4.0,1,282.0,0.0,0.0,0.0
301.5,9.0,1061.0,4.0,1,828.0,0.0,0.0,0.0
1254.0,9.5,739.0,4.0,1,2348.0,0.0,0.0,0.0
123.5,2.0,526.0,4.0,0,23.0,20.0,1.0,0.0
227.0,5.5,337.0,4.0,1,508.0,0.0,0.0,0.0
410.0,3.5,320.0,4.0,1,170.0,7.0,0.0,0.0
1104.0,13.0,855.0,4.0,1,2516.0,0.0,0.0,0.0
422.0,4.5,314.0,4.0,1,65.0,0.0,0.0,0.0
417.5,5.5,30.0,4.0,1,326.0,0.0,0.0,0.0
132.5,3.0,365.0,4.0,1,41.0,0.0,0.0,0.0
1276.0,12.25,1086.0,5.0,1,2491.0,0.0,0.0,0.0
1239.0,6.5,1187.0,4.5,1,2696.0,0.0,0.0,0.0
573.0,19.0,708.0,4.0,1,1043.0,0.0,0.0,0.0
739.5,9.5,488.0,4.0,1,600.0,0.0,0.0,0.0
628.5,8.0,572.0,0.0,1,0.0,0.0,0.0,0.0
634.0,4.0,411.0,4.0,1,667.0,0.0,0.0,0.0
1018.0,10.5,895.0,4.0,1,1953.0,0.0,0.0,0.0
42.0,2.0,533.0,4.5,0,558.0,15.0,1.0,0.0
1326.0,8.0,1397.0,4.0,1,1988.0,0.0,0.0,0.0
63.0,3.0,591.0,4.0,1,625.0,32.0,0.0,0.0
392.0,4.0,749.0,4.0,1,448.0,0.0,0.0,0.0
80.0,0.0,419.0,4.0,1,438.0,0.0,0.0,0.0
111.5,1.5,177.0,4.0,1,474.0,17.0,1.0,0.0
110.0,2.0,265.0,4.0,1,219.0,0.0,0.0,0.0
1548.0,28.25,2190.0,4.0,1,265.0,0.0,0.0,0.0
105.0,4.0,525.0,1.5,1,24.0,0.0,0.0,0.0
634.0,4.5,610.0,4.0,1,1374.0,0.0,0.0,0.0
224.75,4.5,576.0,4.0,1,1046.0,0.0,0.0,0.0
633.25,4.5,417.0,4.0,1,197.0,0.0,0.0,0.0
182.0,2.0,461.0,4.0,1,269.0,30.0,0.0,0.0
845.5,10.0,1944.0,4.0,1,832.0,0.0,0.0,0.0
18.5,14.5,244.0,0.0,1,652.0,0.0,0.0,0.0
174.5,4.0,440.0,4.0,1,330.0,11.0,1.0,0.0
197.0,4.333333333333333,831.0,2.0,1,60.0,0.0,0.0,0.0
341.0,6.5,620.0,4.0,1,680.0,0.0,0.0,0.0
1110.0,21.0,285.0,5.0,1,721.0,0.0,0.0,0.0
176.5,3.0,825.0,4.0,1,104.0,15.25,2.0,0.0
178.5,7.0,89.0,4.0,1,555.0,0.0,0.0,0.0
446.0,5.5,214.0,4.0,1,1472.0,0.0,0.0,0.0
200.0,1.5,523.0,4.0,1,295.0,0.0,0.0,0.0
495.0,5.0,753.0,4.0,1,603.0,0.0,0.0,0.0
1306.0,15.0,986.0,4.0,1,593.0,0.0,0.0,0.0
654.0,10.5,1160.0,4.0,1,1084.0,0.0,0.0,0.0
922.0,21.0,1976.0,4.0,1,225.0,0.0,0.0,0.0
533.0,5.0,529.0,4.0,1,523.0,0.0,0.0,0.0
335.0,4.666666666666667,414.0,4.0,1,161.0,0.0,0.0,0.0
294.3333333333333,4.0,844.0,4.0,1,154.0,0.0,0.0,0.0
593.0,15.5,403.0,4.0,1,312.0,0.0,0.0,0.0
69.0,0.0,600.0,4.0,0,592.0,8.0,0.0,0.0
166.0,4.0,947.0,4.0,1,454.0,0.0,0.0,0.0
344.0,5.0,56.0,4.0,1,317.0,0.0,0.0,0.0
398.0,5.0,343.0,4.0,1,7.0,0.0,0.0,0.0
408.0,5.5,403.0,4.0,1,287.0,0.0,0.0,0.0
840.5,15.0,1843.0,4.0,1,1726.0,0.0,0.0,0.0
862.0,15.0,2063.0,0.0,1,217.0,0.0,0.0,0.0
309.0,5.0,1054.0,4.0,1,97.0,0.0,0.0,0.0
938.75,9.5,1916.0,4.5,1,197.0,0.0,0.0,0.0
30.0,1.0,954.0,4.0,1,316.0,22.5,1.0,0.0
202.0,3.5,124.0,4.0,1,161.0,0.0,0.0,0.0
441.0,4.5,263.0,4.0,1,392.0,0.0,0.0,0.0
973.5,17.5,2183.0,5.0,1,164.0,0.0,0.0,0.0
284.0,9.0,931.0,4.0,1,726.0,0.0,0.0,0.0
66.0,2.0,209.0,4.5,1,122.0,0.0,0.0,0.0
448.0,7.0,506.0,4.0,1,85.0,0.0,0.0,0.0
97.0,3.0,998.0,4.0,0,68.0,26.0,1.0,0.0
499.5,6.0,519.0,4.0,1,76.0,0.0,0.0,0.0
118.0,1.5,139.0,4.0,1,343.0,6.0,1.0,0.0
290.0,3.5,217.0,2.0,1,29.0,0.0,0.0,0.0
376.0,4.0,209.0,4.0,1,183.0,18.0,1.0,0.0
141.0,2.0,885.0,4.0,1,411.0,0.0,0.0,0.0
403.0,6.0,464.0,4.0,1,222.0,0.0,0.0,0.0
236.5,4.0,332.0,4.0,1,163.0,0.0,0.0,0.0
107.0,5.5,592.0,4.5,1,62.0,0.0,0.0,0.0
204.0,2.5,160.0,3.5,1,98.0,0.0,0.0,0.0
383.0,5.5,563.0,4.0,1,288.0,0.0,0.0,0.0
342.0,3.0,148.0,4.0,1,1388.0,0.0,0.0,0.0
284.5,6.0,286.0,4.0,1,630.0,0.0,0.0,0.0
159.0,2.5,892.0,4.0,1,31.0,5.5,1.0,0.0
290.0,4.5,500.0,4.0,1,341.0,0.0,0.0,0.0
1149.0,8.5,104.0,5.0,1,697.0,0.0,0.0,0.0
659.0,5.0,495.0,4.0,1,53.0,0.0,0.0,0.0
92.0,3.0,496.0,4.0,1,80.0,30.0,0.0,0.0
88.0,3.0,544.0,4.0,1,440.0,0.0,0.0,0.0
48.0,3.0,937.0,4.0,1,164.0,5.0,1.0,0.0
233.0,3.5,487.0,2.0,1,29.0,0.0,0.0,0.0
1118.0,7.0,692.0,4.0,1,2416.0,0.0,0.0,0.0
158.0,2.0,734.0,4.0,1,363.0,18.166666666666668,2.0,0.0
882.0,22.0,754.0,5.0,1,886.0,0.0,0.0,0.0
897.0,16.5,2001.0,4.0,1,3289.0,0.0,0.0,0.0
493.0,3.0,203.0,4.0,1,435.0,0.0,0.0,0.0
221.5,5.333333333333333,681.0,4.0,1,91.0,0.0,0.0,0.0
281.5,4.0,940.0,4.0,1,911.0,0.0,0.0,0.0
869.0,11.0,1915.0,4.0,1,326.0,0.0,0.0,0.0
415.0,5.0,192.0,4.0,1,769.0,0.0,0.0,0.0
86.0,1.5,815.0,4.0,1,257.0,20.0,1.0,0.0
60.0,5.0,32.0,4.0,1,115.0,0.0,0.0,0.0
360.0,3.0,588.0,4.0,1,208.0,0.0,0.0,0.0
561.0,9.0,802.0,4.0,1,937.0,0.0,0.0,0.0
292.5,6.5,280.0,4.0,1,567.0,0.0,0.0,0.0
249.0,2.5,844.0,4.0,1,141.0,0.0,0.0,0.0
141.0,5.333333333333333,672.0,4.0,1,296.0,0.0,0.0,0.0
699.0,12.0,713.0,4.0,1,2099.0,0.0,0.0,0.0
116.0,1.0,275.0,4.0,1,150.0,0.0,0.0,0.0
221.3333333333333,3.0,474.0,4.0,1,214.0,4.0,0.0,0.0
32.0,3.0,1441.0,4.0,1,618.0,0.0,0.0,0.0
175.0,4.0,301.0,2.0,1,0.0,0.0,0.0,0.0
622.6666666666666,9.0,586.0,5.0,1,1201.0,0.0,0.0,0.0
31.0,2.0,608.0,4.0,0,262.0,0.0,0.0,0.0
1111.0,12.0,2017.0,4.0,1,1764.0,0.0,0.0,0.0
145.0,2.0,206.0,4.0,1,426.0,0.0,0.0,0.0
503.0,6.0,760.0,4.0,1,216.0,0.0,0.0,0.0
427.5,20.5,719.0,2.0,1,46.0,0.0,0.0,0.0
433.0,6.5,437.0,4.0,1,482.0,0.0,0.0,0.0
72.0,1.5,608.0,4.0,1,160.0,0.0,0.0,0.0
439.0,4.0,190.0,4.0,1,1349.0,0.0,0.0,0.0
176.5,3.0,616.0,4.0,1,132.0,0.0,0.0,0.0
11.0,2.0,322.0,4.5,1,688.0,21.0,1.0,0.0
1165.5,13.75,1828.0,4.0,1,1358.0,0.0,0.0,0.0
418.0,5.0,164.0,4.0,1,14.0,0.0,0.0,0.0
39.5,4.0,539.0,3.5,1,242.0,0.0,0.0,0.0
292.5,5.0,349.0,2.0,1,11.0,0.0,0.0,0.0
341.5,5.0,266.0,4.0,1,105.0,0.0,0.0,0.0
13.0,3.5,673.0,4.0,1,482.0,0.0,0.0,0.0
1111.0,16.666666666666668,2596.0,4.0,1,999.0,0.0,0.0,0.0
74.0,3.0,615.0,4.0,1,1085.0,0.0,0.0,0.0
172.0,2.0,504.0,4.0,1,256.0,0.0,0.0,0.0
462.0,9.0,316.0,4.0,1,29.0,0.0,0.0,0.0
358.0,3.0,30.0,4.0,1,170.0,0.0,0.0,0.0
64.0,2.5,228.0,4.0,1,164.0,0.0,0.0,0.0
552.0,3.5,410.0,4.0,1,921.0,0.0,0.0,0.0
946.0,8.0,2010.0,4.0,1,3860.0,0.0,0.0,0.0
668.5,5.5,772.0,4.0,1,1627.0,0.0,0.0,0.0
368.5,3.0,741.0,4.0,1,88.0,0.0,0.0,0.0
73.0,1.5,918.0,4.0,1,430.0,2.0,0.0,0.0
460.0,7.5,244.0,4.0,1,272.0,0.0,0.0,0.0
66.5,3.0,606.0,4.0,1,439.0,16.0,2.0,0.0
565.0,9.0,185.0,4.0,1,623.0,0.0,0.0,0.0
631.0,6.0,477.0,4.0,1,1221.0,0.0,0.0,0.0
90.0,3.0,861.0,2.0,1,8.0,0.0,0.0,0.0
243.5,3.0,534.0,4.0,1,76.0,0.0,0.0,0.0
280.0,4.0,392.0,4.0,1,68.0,0.0,0.0,0.0
308.0,5.0,1018.0,2.0,1,8.0,0.0,0.0,0.0
62.5,2.0,116.0,4.0,1,41.0,0.0,0.0,0.0
296.0,4.5,87.0,4.0,1,55.0,0.0,0.0,0.0
396.0,3.5,31.0,4.0,1,935.0,0.0,0.0,0.0
109.0,2.0,610.0,4.0,1,24.0,0.0,0.0,0.0
397.5,4.0,547.0,4.0,1,258.0,0.0,0.0,0.0
905.0,10.5,1514.0,4.0,1,1761.0,0.0,0.0,0.0
216.5,9.0,285.0,4.0,1,554.0,0.0,0.0,0.0
136.0,2.0,882.0,4.0,1,419.0,30.0,0.0,0.0
139.0,2.0,971.0,4.0,0,108.0,14.916666666666666,4.0,0.0
744.0,6.0,1716.0,4.0,1,2174.0,0.0,0.0,0.0
187.0,4.0,329.0,4.0,1,69.0,15.0,2.0,0.0
32.0,1.0,1100.0,4.5,0,765.0,12.333333333333334,1.0,0.0
20.5,1.0,520.0,4.0,1,570.0,7.5,1.0,0.0
512.5,4.5,338.0,4.0,1,416.0,0.0,0.0,0.0
546.0,7.0,258.0,4.0,1,800.0,0.0,0.0,0.0
346.0,9.0,385.0,4.0,1,600.0,0.0,0.0,0.0
63.0,3.5,356.0,4.0,1,92.0,15.0,1.0,0.0
1407.0,16.0,404.0,4.0,1,812.0,0.0,0.0,0.0
406.0,5.0,293.0,4.0,1,582.0,0.0,0.0,0.0
1631.0,16.0,589.0,4.0,1,1417.0,0.0,0.0,0.0
111.0,3.0,642.0,4.0,1,246.0,10.166666666666666,2.0,0.0
1100.0,10.0,477.0,4.0,1,1972.0,0.0,0.0,0.0
63.5,2.5,449.0,4.0,1,72.0,0.0,0.0,0.0
234.0,3.0,546.0,4.0,1,135.0,0.0,0.0,0.0
82.0,3.0,1148.0,4.0,1,470.0,0.0,0.0,0.0
225.0,3.0,919.0,4.0,1,437.0,0.0,0.0,0.0
565.0,10.5,689.0,4.0,1,629.0,0.0,0.0,0.0
414.0,5.0,538.0,4.0,1,864.0,0.0,0.0,0.0
6.0,4.5,464.0,5.0,1,525.0,15.0,2.0,0.0
518.75,6.0,364.0,4.0,1,1589.0,0.0,0.0,0.0
33.0,3.0,857.0,4.0,1,936.0,0.0,0.0,0.0
9.0,3.0,585.0,4.5,1,6.0,6.222222222222222,3.0,0.0
399.0,5.0,240.0,4.0,1,1015.0,0.0,0.0,0.0
190.5,5.0,440.0,4.0,1,90.0,0.0,0.0,0.0
240.0,3.5,515.0,2.0,1,14.0,0.0,0.0,0.0
320.0,6.5,661.0,4.0,1,452.0,0.0,0.0,0.0
494.0,5.0,256.0,4.0,1,170.0,0.0,0.0,0.0
742.0,9.5,543.0,4.0,1,670.0,0.0,0.0,0.0
280.0,4.0,323.0,4.0,1,1003.0,0.0,0.0,0.0
239.0,4.0,132.0,4.0,1,274.0,0.0,0.0,0.0
596.0,8.0,366.0,4.0,1,1019.0,0.0,0.0,0.0
1135.5,12.0,1220.0,4.0,1,1105.0,0.0,0.0,0.0
1158.0,6.0,586.0,4.0,1,1275.0,0.0,0.0,0.0
602.0,4.0,266.0,4.0,1,822.0,0.0,0.0,0.0
488.0,16.5,656.0,4.0,1,245.0,0.0,0.0,0.0
892.5,8.5,1305.0,5.0,1,1759.0,0.0,0.0,0.0
286.0,4.0,608.0,4.0,1,378.0,0.0,0.0,0.0
884.5,15.0,1781.0,5.0,1,1029.0,0.0,0.0,0.0
560.0,6.0,403.0,5.0,1,1702.0,0.0,0.0,0.0
571.0,3.0,437.0,4.0,1,486.0,0.0,0.0,0.0
607.0,5.0,443.0,4.0,1,535.0,0.0,0.0,0.0
305.0,4.0,727.0,4.0,1,563.0,0.0,0.0,0.0
171.0,2.5,99.0,4.0,1,176.0,0.0,0.0,0.0
276.0,5.0,315.0,4.0,1,299.0,0.0,0.0,0.0
291.75,7.0,862.0,4.0,1,471.0,0.0,0.0,0.0
249.5,4.5,633.0,4.0,1,153.0,0.0,0.0,0.0
847.0,7.0,1276.0,4.0,1,66.0,0.0,0.0,0.0
116.0,3.0,500.0,2.0,1,31.0,0.0,0.0,0.0
82.0,2.0,1193.0,4.0,1,87.0,15.5,1.0,0.0
928.0,15.0,1785.0,4.5,1,3721.0,0.0,0.0,0.0
411.0,4.0,113.0,4.0,1,982.0,0.0,0.0,0.0
123.5,5.5,245.0,4.0,0,404.0,0.0,0.0,0.0
76.5,1.0,783.0,4.0,0,521.0,10.5,0.0,0.0
175.0,4.5,776.0,4.0,1,90.0,0.0,0.0,0.0
605.0,5.0,1473.0,4.0,1,2257.0,0.0,0.0,0.0
530.0,6.0,628.0,2.0,1,395.0,0.0,0.0,0.0
415.0,7.0,102.0,4.0,1,1290.0,0.0,0.0,0.0
290.5,6.5,316.0,4.0,1,732.0,0.0,0.0,0.0
185.5,6.0,159.0,2.0,1,13.0,0.0,0.0,0.0
191.0,3.0,797.0,2.0,1,54.0,0.0,0.0,0.0
8.0,3.0,608.0,4.0,1,806.0,4.5,0.0,0.0
519.0,5.0,382.0,4.0,1,347.0,0.0,0.0,0.0
433.0,9.5,753.0,4.0,1,589.0,0.0,0.0,0.0
806.0,9.0,1498.0,4.0,1,1339.0,0.0,0.0,0.0
690.0,12.0,1043.0,5.0,1,1780.0,0.0,0.0,0.0
40.0,1.5,154.0,4.0,1,157.0,20.0,1.0,0.0
793.5,10.0,1329.0,5.0,1,1181.0,0.0,0.0,0.0
348.5,6.5,108.0,2.0,1,3.0,0.0,0.0,0.0
146.0,2.0,1059.0,4.0,1,362.0,0.0,0.0,0.0
150.0,6.0,903.0,4.0,1,359.0,0.0,0.0,0.0
258.0,6.0,79.0,4.0,1,164.0,0.0,0.0,0.0
233.0,2.0,96.0,4.0,1,565.0,0.0,0.0,0.0
486.0,4.0,565.0,4.0,1,430.0,0.0,0.0,0.0
411.0,5.0,215.0,4.0,1,121.0,0.0,0.0,0.0
650.0,6.0,435.0,4.5,1,42.0,0.0,0.0,0.0
40.5,4.0,523.0,4.0,1,678.0,11.333333333333334,1.0,0.0
87.0,1.5,911.0,4.0,1,156.0,0.0,0.0,0.0
282.5,6.0,458.0,4.0,1,50.0,0.0,0.0,0.0
66.5,2.0,670.0,4.5,1,794.0,0.0,0.0,0.0
307.5,3.0,268.0,4.0,1,705.0,0.0,0.0,0.0
700.0,9.0,366.0,4.0,1,293.0,0.0,0.0,0.0
79.0,1.5,769.0,4.0,1,82.0,15.4,3.0,0.0
50.0,1.5,871.0,4.0,1,357.0,0.0,0.0,0.0
130.0,4.0,793.0,4.0,1,242.0,0.0,0.0,0.0
265.0,20.5,442.0,4.0,1,304.0,0.0,0.0,0.0
39.5,3.0,737.0,2.0,1,9.0,0.0,0.0,0.0
135.0,5.0,615.0,4.0,1,159.0,31.0,0.0,0.0
781.0,9.5,1730.0,4.0,1,2341.0,0.0,0.0,0.0
818.5,12.0,1682.0,4.0,1,2003.0,0.0,0.0,0.0
109.0,2.0,427.0,4.0,1,803.0,0.0,0.0,0.0
1025.5,24.5,254.0,5.0,1,806.0,0.0,0.0,0.0
873.5,5.0,972.0,4.0,1,349.0,0.0,0.0,0.0
711.0,2.0,919.0,4.0,1,1433.0,0.0,0.0,0.0
299.5,8.0,745.0,4.0,1,80.0,0.0,0.0,0.0
92.0,1.5,1225.0,4.0,1,355.0,0.0,0.0,0.0
5.5,2.0,209.0,5.0,1,665.0,11.7,3.0,0.0
1490.5,18.0,628.0,4.0,1,307.0,0.0,0.0,0.0
1187.0,13.0,778.0,4.0,1,1086.0,0.0,0.0,0.0
259.0,3.5,301.0,4.0,1,200.0,0.0,0.0,0.0
591.0,4.0,946.0,4.0,1,1697.0,0.0,0.0,0.0
56.0,2.0,497.0,4.0,1,207.0,0.0,0.0,0.0
954.0,13.5,1330.0,4.0,1,1735.0,0.0,0.0,0.0
38.0,3.0,473.0,4.5,0,491.0,15.0,0.0,0.0
166.5,7.0,367.0,4.0,1,138.0,0.0,0.0,0.0
548.75,5.0,273.0,4.0,1,255.0,0.0,0.0,0.0
707.0,10.5,1510.0,4.0,1,1542.0,0.0,0.0,0.0
105.0,1.0,331.0,4.0,1,483.0,30.0,0.0,0.0
636.3333333333334,4.5,683.0,4.0,1,1434.0,0.0,0.0,0.0
773.5,17.0,405.0,5.0,1,2866.0,0.0,0.0,0.0
620.0,7.0,172.0,4.0,1,445.0,0.0,0.0,0.0
1106.0,19.5,1705.0,4.5,1,155.0,0.0,0.0,0.0
891.25,18.5,2000.0,5.0,1,410.0,0.0,0.0,0.0
40.0,2.0,1468.0,2.0,1,286.0,18.0,2.0,0.0
681.0,10.0,840.0,4.0,1,2378.0,0.0,0.0,0.0
118.75,1.0,569.0,3.5,1,126.0,0.0,0.0,0.0
298.0,5.0,908.0,4.0,1,655.0,0.0,0.0,0.0
303.0,5.5,485.0,4.0,1,472.0,0.0,0.0,0.0
226.0,3.0,621.0,4.0,1,29.0,0.0,0.0,0.0
231.0,21.5,444.0,4.0,1,310.0,0.0,0.0,0.0
1109.0,8.0,1449.0,4.0,1,3309.0,0.0,0.0,0.0
403.0,5.0,271.0,2.0,1,389.0,0.0,0.0,0.0
190.5,3.5,582.0,2.0,1,34.0,0.0,0.0,0.0
404.5,9.5,198.0,4.0,1,182.0,0.0,0.0,0.0
917.0,10.0,2179.0,4.0,1,73.0,0.0,0.0,0.0
61.0,1.0,396.0,4.0,1,652.0,0.0,0.0,0.0
256.0,2.5,203.0,4.0,1,243.0,0.0,0.0,0.0
39.333333333333336,2.0,876.0,4.0,1,168.0,0.0,0.0,0.0
131.0,1.5,387.0,4.0,1,374.0,0.0,0.0,0.0
898.0,6.0,1962.0,4.0,1,3580.0,0.0,0.0,0.0
96.0,1.0,1028.0,4.0,0,902.0,10.333333333333334,1.0,0.0
298.3333333333333,4.0,114.0,4.0,0,247.0,0.0,0.0,0.0
433.0,5.5,244.0,4.0,1,464.0,0.0,0.0,0.0
711.5,5.0,1314.0,2.0,1,2009.0,0.0,0.0,0.0
55.5,7.0,442.0,4.0,1,340.0,0.0,0.0,0.0
1173.0,13.0,1888.0,4.0,1,1383.0,0.0,0.0,0.0
238.75,4.5,547.0,4.0,1,319.0,0.0,0.0,0.0
697.0,6.0,1092.0,4.0,1,1876.0,0.0,0.0,0.0
24.5,2.0,617.0,5.0,1,801.0,0.0,0.0,0.0
83.0,2.0,623.0,4.0,1,1142.0,30.0,0.0,0.0
530.0,5.5,706.0,4.0,1,502.0,0.0,0.0,0.0
890.0,6.0,2228.0,2.0,1,314.0,0.0,0.0,0.0
531.0,4.0,104.0,4.0,1,221.0,0.0,0.0,0.0
445.6666666666667,5.0,388.0,4.0,1,587.0,0.0,0.0,0.0
45.0,5.0,407.0,4.0,1,857.0,0.0,0.0,0.0
843.5,5.0,1994.0,4.0,1,3087.0,0.0,0.0,0.0
207.0,5.0,228.0,4.0,1,458.0,0.0,0.0,0.0
678.0,23.0,813.0,5.0,1,1671.0,0.0,0.0,0.0
785.0,5.0,1467.0,4.0,1,2470.0,0.0,0.0,0.0
837.0,3.25,1311.0,4.0,1,3114.0,0.0,0.0,0.0
510.0,6.0,307.0,4.0,1,1540.0,0.0,0.0,0.0
318.75,7.0,575.0,4.0,1,127.0,0.0,0.0,0.0
112.0,1.5,199.0,4.0,1,499.0,14.666666666666666,2.0,0.0
566.0,7.0,280.0,5.0,1,1823.0,0.0,0.0,0.0
480.0,5.0,375.0,4.0,1,94.0,0.0,0.0,0.0
125.5,1.5,836.0,4.0,1,366.0,0.0,0.0,0.0
127.0,3.0,690.0,4.0,1,206.0,0.0,0.0,0.0
285.5,2.5,432.0,4.0,1,383.0,0.0,0.0,0.0
1456.5,19.5,510.0,4.0,1,439.0,0.0,0.0,0.0
841.0,4.0,1245.0,4.0,1,3074.0,0.0,0.0,0.0
682.5,8.333333333333334,649.0,4.0,1,116.0,0.0,0.0,0.0
137.66666666666666,2.0,431.0,4.0,1,461.0,0.0,0.0,0.0
1059.0,15.0,1022.0,4.0,1,2574.0,0.0,0.0,0.0
536.5,6.0,350.0,4.0,1,353.0,0.0,0.0,0.0
391.5,12.5,428.0,4.0,1,473.0,0.0,0.0,0.0
657.0,5.0,92.0,4.0,1,1002.0,0.0,0.0,0.0
615.25,3.0,483.0,4.0,1,696.0,0.0,0.0,0.0
336.5,13.0,69.0,4.0,1,480.0,0.0,0.0,0.0
414.0,5.5,289.0,4.0,1,1242.0,0.0,0.0,0.0
108.5,2.0,557.0,4.0,0,519.0,15.0,2.0,0.0
1036.5,13.0,1342.0,4.0,1,2993.0,0.0,0.0,0.0
800.0,5.0,1566.0,4.0,1,2707.0,0.0,0.0,0.0
342.0,9.5,972.0,4.0,1,40.0,0.0,0.0,0.0
547.5,6.5,447.0,4.5,1,1103.0,0.0,0.0,0.0
151.5,3.0,161.0,4.0,1,90.0,0.0,0.0,0.0
89.0,3.5,471.0,4.0,1,115.0,15.8,2.0,0.0
599.5,6.0,202.0,4.0,1,42.0,0.0,0.0,0.0
23.0,0.5,729.0,4.0,0,727.0,0.0,0.0,0.0
14.0,2.5,442.0,4.5,0,664.0,0.0,0.0,0.0
24.5,2.0,901.0,2.0,1,102.0,0.0,0.0,0.0
1451.5,15.0,889.0,4.0,1,1586.0,0.0,0.0,0.0
174.0,3.0,863.0,4.0,1,42.0,10.0,0.0,0.0
124.0,5.0,447.0,4.0,1,387.0,0.0,0.0,0.0
56.0,1.0,339.0,4.0,1,748.0,0.0,0.0,0.0
27.0,4.0,517.0,4.0,0,471.0,14.5,0.0,0.0
465.0,4.0,269.0,4.0,1,107.0,0.0,0.0,0.0
1270.0,28.0,785.0,4.0,1,358.0,0.0,0.0,0.0
645.0,15.0,401.0,4.5,1,1094.0,0.0,0.0,0.0
766.0,11.0,1596.0,4.0,1,1776.0,0.0,0.0,0.0
719.5,10.5,450.0,4.0,1,483.0,0.0,0.0,0.0
314.0,6.0,420.0,4.0,1,181.0,0.0,0.0,0.0
461.0,4.0,111.0,4.0,1,815.0,0.0,0.0,0.0
507.0,4.0,380.0,4.0,1,314.0,0.0,0.0,0.0
271.0,5.5,1209.0,4.0,1,651.0,0.0,0.0,0.0
417.0,3.75,528.0,4.0,1,155.0,0.0,0.0,0.0
13.0,2.0,683.0,4.0,1,90.0,0.0,0.0,0.0
114.25,3.0,727.0,4.0,1,126.0,0.0,0.0,0.0
83.0,1.5,1315.0,4.0,1,128.0,0.0,0.0,0.0
388.0,5.5,254.0,4.0,1,291.0,0.0,0.0,0.0
472.5,5.0,366.0,4.0,1,749.0,0.0,0.0,0.0
461.5,3.0,226.0,4.0,1,945.0,0.0,0.0,0.0
144.0,2.5,568.0,2.0,1,48.0,0.0,0.0,0.0
92.0,3.0,630.0,4.0,1,587.0,30.0,0.0,0.0
490.0,6.0,658.0,4.0,1,525.0,0.0,0.0,0.0
255.0,5.0,911.0,2.0,1,38.0,0.0,0.0,0.0
159.0,2.0,185.0,4.0,1,59.0,0.0,0.0,0.0
55.0,3.0,87.0,4.0,1,924.0,0.0,0.0,0.0
771.5,4.5,1565.0,4.0,1,2321.0,0.0,0.0,0.0
287.5,3.5,390.0,4.0,1,233.0,1.0,1.0,0.0
196.0,5.0,233.0,2.0,1,37.0,0.0,0.0,0.0
39.0,1.0,1212.0,4.0,1,90.0,0.0,0.0,0.0
337.0,3.0,406.0,4.0,1,71.0,0.0,0.0,0.0
201.5,3.5,558.0,4.0,1,439.0,0.0,0.0,0.0
431.0,4.5,148.0,4.0,1,45.0,0.0,0.0,0.0
1048.5,9.5,1137.0,4.0,1,1097.0,0.0,0.0,0.0
861.0,15.0,1560.0,4.0,1,1069.0,0.0,0.0,0.0
391.0,4.5,115.0,4.0,1,978.0,0.0,0.0,0.0
199.5,2.0,21.0,4.0,1,8.0,0.0,0.0,0.0
218.0,3.0,212.0,4.0,1,639.0,0.0,0.0,0.0
673.0,7.5,0.0,4.0,1,185.0,0.0,0.0,0.0
85.5,2.0,482.0,4.0,1,21.0,0.0,0.0,0.0
308.0,7.0,916.0,4.0,0,459.0,0.0,0.0,0.0
491.0,19.0,392.0,5.0,1,1627.0,0.0,0.0,0.0
590.0,2.0,284.0,4.0,1,474.0,0.0,0.0,0.0
357.5,11.0,90.0,4.0,1,1146.0,0.0,0.0,0.0
15.0,1.0,354.0,4.0,0,179.0,0.0,0.0,0.0
165.5,8.5,544.0,4.0,1,460.0,0.0,0.0,0.0
1041.0,25.0,282.0,4.0,1,103.0,0.0,0.0,0.0
260.5,6.0,119.0,4.0,1,104.0,0.0,0.0,0.0
584.0,5.5,812.0,4.0,1,1437.0,0.0,0.0,0.0
626.75,3.0,241.0,4.0,1,792.0,0.0,0.0,0.0
470.5,13.5,224.0,4.0,1,1690.0,0.0,0.0,0.0
198.0,3.5,530.0,4.0,1,270.0,0.0,0.0,0.0
155.0,1.0,435.0,4.0,1,477.0,35.0,0.0,0.0
23.0,0.5,601.0,4.0,1,634.0,0.0,0.0,0.0
46.0,1.0,351.0,4.0,1,147.0,0.0,0.0,0.0
22.0,0.5,598.0,4.0,1,612.0,0.0,0.0,0.0
576.0,7.0,142.0,4.0,1,684.0,0.0,0.0,0.0
206.5,6.0,656.0,4.0,1,164.0,0.0,0.0,0.0
651.5,8.0,292.0,4.0,1,509.0,0.0,0.0,0.0
703.5,8.0,753.0,4.0,1,168.0,0.0,0.0,0.0
172.5,4.0,1104.0,4.0,1,519.0,0.0,0.0,0.0
371.0,4.5,131.0,4.0,1,698.0,0.0,0.0,0.0
10.0,3.0,648.0,5.0,1,63.0,24.25,1.0,0.0
825.0,10.0,1112.0,4.0,1,495.0,0.0,0.0,0.0
23.0,1.5,707.0,4.0,1,731.0,0.0,0.0,0.0
465.5,5.0,371.0,4.0,1,496.0,0.0,0.0,0.0
860.0,14.0,1920.0,2.0,1,2228.0,0.0,0.0,0.0
49.0,3.0,379.0,4.0,0,546.0,7.333333333333333,2.0,0.0
58.0,3.5,240.0,4.0,1,168.0,0.0,0.0,0.0
219.25,5.0,341.0,4.0,1,14.0,0.0,0.0,0.0
972.5,26.5,1922.0,4.0,1,1185.0,0.0,0.0,0.0
520.0,5.5,658.0,4.0,1,755.0,0.0,0.0,0.0
114.5,2.0,173.0,4.0,1,15.0,0.0,0.0,0.0
144.5,3.0,627.0,4.0,1,79.0,0.0,0.0,0.0
73.0,1.0,599.0,4.0,1,209.0,0.0,0.0,0.0
153.0,1.5,513.0,4.0,1,437.0,0.0,0.0,0.0
336.0,3.0,165.0,4.0,1,1430.0,0.0,0.0,0.0
352.5,5.0,299.0,4.0,1,417.0,0.0,0.0,0.0
63.0,2.5,686.0,4.0,0,398.0,16.666666666666668,1.0,0.0
193.66666666666663,4.0,653.0,4.0,1,314.0,0.0,0.0,0.0
569.0,14.5,632.0,4.0,1,841.0,0.0,0.0,0.0
266.5,7.0,444.0,4.0,1,495.0,0.0,0.0,0.0
682.75,10.0,705.0,4.0,1,2924.0,0.0,0.0,0.0
454.5,6.5,429.0,4.0,1,223.0,0.0,0.0,0.0
696.5,7.5,910.0,4.0,1,1826.0,0.0,0.0,0.0
86.0,3.0,709.0,4.0,1,567.0,0.0,0.0,0.0
1368.0,12.0,971.0,4.0,1,1237.0,0.0,0.0,0.0
470.0,3.0,375.0,4.0,1,599.0,0.0,0.0,0.0
799.0,14.0,1911.0,4.5,1,2455.0,0.0,0.0,0.0
419.0,10.5,822.0,4.0,1,572.0,0.0,0.0,0.0
24.5,2.0,404.0,4.0,1,279.0,21.75,1.0,0.0
223.5,1.0,625.0,4.0,1,231.0,0.0,0.0,0.0
169.0,4.0,237.0,4.0,1,145.0,0.0,0.0,0.0
1324.0,15.0,1884.0,4.0,1,763.0,0.0,0.0,0.0
113.0,1.0,458.0,4.0,1,362.0,0.0,0.0,0.0
634.0,4.0,185.0,4.0,1,847.0,0.0,0.0,0.0
516.0,4.0,121.0,4.0,1,541.0,0.0,0.0,0.0
657.5,14.0,1020.0,4.5,1,1574.0,0.0,0.0,0.0
82.0,2.5,94.0,4.0,0,106.0,20.0,1.0,0.0
462.5,2.0,86.0,4.0,1,486.0,0.0,0.0,0.0
132.0,4.0,373.0,4.0,1,163.0,0.0,0.0,0.0
107.0,3.0,37.0,4.0,1,194.0,0.0,0.0,0.0
196.0,4.0,479.0,4.0,1,367.0,0.0,0.0,0.0
125.0,2.0,415.0,4.0,1,414.0,0.0,0.0,0.0
703.5,5.5,761.0,4.0,1,908.0,0.0,0.0,0.0
97.5,2.0,213.0,4.0,1,90.0,16.4,2.0,0.0
670.5,7.0,777.0,4.0,1,1782.0,0.0,0.0,0.0
1409.0,17.5,2126.0,4.0,1,1020.0,0.0,0.0,0.0
159.0,6.0,606.0,4.0,1,126.0,0.0,0.0,0.0
690.0,7.5,1218.0,4.0,1,148.0,0.0,0.0,0.0
632.5,14.0,726.0,5.0,1,1622.0,0.0,0.0,0.0
2.0,0.0,536.0,0.0,0,475.0,0.0,0.0,0.0
83.0,5.0,505.0,4.0,1,575.0,0.0,0.0,0.0
154.0,1.5,378.0,4.0,1,526.0,0.0,0.0,0.0
1068.0,16.0,851.0,4.0,1,1189.0,0.0,0.0,0.0
83.0,2.5,830.0,4.0,1,601.0,0.0,0.0,0.0
1177.5,6.0,1375.0,4.0,1,3038.0,0.0,0.0,0.0
104.0,1.0,355.0,4.0,1,147.0,15.666666666666666,1.0,0.0
364.0,4.0,246.0,4.0,1,146.0,0.0,0.0,0.0
519.0,5.0,778.0,4.5,1,1872.0,0.0,0.0,0.0
1436.0,22.5,436.0,4.0,1,1067.0,0.0,0.0,0.0
1195.5,10.0,783.0,4.0,1,1090.0,0.0,0.0,0.0
44.5,1.0,573.0,4.0,1,560.0,0.0,0.0,0.0
1302.5,3.0,1069.0,4.0,1,278.0,0.0,0.0,0.0
1143.0,7.0,1149.0,4.0,1,2991.0,0.0,0.0,0.0
362.5,5.5,497.0,4.0,1,1168.0,0.0,0.0,0.0
1270.0,9.0,791.0,4.0,1,2366.0,0.0,0.0,0.0
32.0,6.5,637.0,4.0,1,130.0,0.0,0.0,0.0
686.5,4.0,897.0,4.0,1,1900.0,0.0,0.0,0.0
498.0,4.0,0.0,4.0,1,650.0,0.0,0.0,0.0
706.5,8.0,1226.0,4.0,1,1943.0,0.0,0.0,0.0
594.0,6.5,270.0,4.0,1,431.0,0.0,0.0,0.0
515.0,5.0,513.0,2.0,1,34.0,0.0,0.0,0.0
704.0,11.0,1135.0,4.0,1,1865.0,0.0,0.0,0.0
1142.0,6.0,460.0,4.0,1,1452.0,0.0,0.0,0.0
598.0,3.0,556.0,4.0,1,1010.0,0.0,0.0,0.0
451.0,4.0,125.0,4.0,1,303.0,0.0,0.0,0.0
147.0,1.0,247.0,4.0,1,283.0,0.0,0.0,0.0
166.0,3.0,671.0,2.0,1,13.0,3.5,1.0,0.0
138.0,2.0,140.0,4.0,1,109.0,16.5,2.0,0.0
540.0,4.0,515.0,2.0,1,676.0,0.0,0.0,0.0
81.75,2.5,276.0,4.0,1,562.0,0.0,0.0,0.0
222.5,2.0,66.0,4.0,1,345.0,0.0,0.0,0.0
9.5,2.0,520.0,4.0,1,441.0,15.25,2.0,0.0
847.0,6.0,1318.0,4.0,1,3913.0,0.0,0.0,0.0
18.5,2.0,526.0,4.0,1,98.0,31.0,0.0,0.0
150.0,3.0,159.0,4.0,1,101.0,0.0,0.0,0.0
65.0,1.5,667.0,4.0,1,113.0,0.0,0.0,0.0
441.0,4.0,247.0,4.0,1,885.0,0.0,0.0,0.0
674.5,8.0,670.0,4.0,1,1581.0,0.0,0.0,0.0
1032.0,13.5,506.0,4.0,1,647.0,0.0,0.0,0.0
282.0,2.0,158.0,4.0,1,291.0,0.0,0.0,0.0
132.0,3.0,770.0,4.0,1,64.0,0.0,0.0,0.0
238.5,3.5,878.0,4.0,1,162.0,0.0,0.0,0.0
357.0,5.5,153.0,0.0,1,3.0,0.0,0.0,0.0
929.0,11.0,1792.0,4.5,1,4128.0,0.0,0.0,0.0
150.0,1.0,265.0,4.0,1,281.0,0.0,0.0,0.0
919.0,19.0,1738.0,4.0,1,1071.0,0.0,0.0,0.0
1009.0,13.5,312.0,4.0,1,489.0,0.0,0.0,0.0
284.0,3.5,120.0,4.0,1,1137.0,0.0,0.0,0.0
116.0,3.5,553.0,3.0,1,385.0,15.0,0.0,0.0
130.5,3.0,436.0,2.0,1,18.0,0.0,0.0,0.0
287.0,3.0,85.0,2.0,1,31.0,0.0,0.0,0.0
43.5,1.0,410.0,4.0,1,421.0,20.0,1.0,0.0
224.0,5.0,528.0,4.0,1,980.0,0.0,0.0,0.0
427.0,7.0,458.0,4.0,1,496.0,0.0,0.0,0.0
626.5,4.0,231.0,4.0,1,465.0,0.0,0.0,0.0
189.0,4.0,472.0,4.0,1,518.0,0.0,0.0,0.0
231.5,4.5,227.0,4.0,1,240.0,0.0,0.0,0.0
655.25,13.0,818.0,4.0,1,1137.0,0.0,0.0,0.0
111.0,3.0,91.0,4.0,1,262.0,0.0,0.0,0.0
514.0,5.0,527.0,4.0,1,233.0,0.0,0.0,0.0
559.0,5.0,313.0,4.0,1,542.0,0.0,0.0,0.0
57.0,1.0,502.0,4.0,1,282.0,0.0,0.0,0.0
97.0,2.0,405.0,4.0,1,189.0,11.666666666666666,2.0,0.0
375.0,5.0,302.0,4.0,1,336.0,0.0,0.0,0.0
854.5,9.5,527.0,4.5,1,3119.0,0.0,0.0,0.0
272.5,3.0,951.0,4.0,1,81.0,0.0,0.0,0.0
38.0,1.0,210.0,4.0,1,166.0,30.0,0.0,0.0
338.0,4.0,444.0,4.0,1,186.0,0.0,0.0,0.0
219.0,6.0,753.0,4.0,1,1013.0,0.0,0.0,0.0
63.0,2.0,320.0,4.0,0,721.0,0.0,0.0,0.0
426.5,5.5,335.0,4.0,1,1400.0,0.0,0.0,0.0
81.0,3.0,1198.0,4.0,1,351.0,0.0,0.0,0.0
207.0,3.0,37.0,4.0,1,257.0,0.0,0.0,0.0
349.0,9.0,591.0,4.0,1,432.0,0.0,0.0,0.0
404.0,2.5,174.0,4.0,1,971.0,0.0,0.0,0.0
602.5,2.0,914.0,4.5,1,1965.0,0.0,0.0,0.0
509.0,7.0,137.0,4.0,1,617.0,0.0,0.0,0.0
970.0,6.5,1864.0,4.0,1,3914.0,0.0,0.0,0.0
660.0,6.5,725.0,4.0,1,155.0,0.0,0.0,0.0
76.0,2.0,1171.0,4.0,1,181.0,0.0,0.0,0.0
557.0,4.5,142.0,4.0,1,461.0,0.0,0.0,0.0
574.0,6.0,395.0,4.5,1,753.0,0.0,0.0,0.0
59.0,3.0,892.0,4.0,1,292.0,0.0,0.0,0.0
914.6666666666666,9.5,1892.0,5.0,1,4248.0,0.0,0.0,0.0
853.0,2.0,970.0,4.0,1,3488.0,0.0,0.0,0.0
107.0,2.0,803.0,4.0,0,120.0,0.0,0.0,0.0
529.0,5.0,348.0,2.0,1,8.0,0.0,0.0,0.0
555.0,3.0,564.0,4.0,1,587.0,0.0,0.0,0.0
116.5,3.0,419.0,4.0,1,260.0,0.0,0.0,0.0
825.5,9.0,2016.0,4.0,1,2620.0,0.0,0.0,0.0
872.0,21.0,420.0,5.0,1,3123.0,0.0,0.0,0.0
963.0,11.5,1689.0,4.0,1,3106.0,0.0,0.0,0.0
341.0,8.5,176.0,0.0,1,14.0,0.0,0.0,0.0
626.5,3.5,767.0,2.0,1,1479.0,0.0,0.0,0.0
988.0,10.5,1536.0,4.5,1,765.0,0.0,0.0,0.0
60.0,1.0,901.0,4.0,0,692.0,8.5,0.0,0.0
212.0,3.0,963.0,4.0,1,1063.0,0.0,0.0,0.0
191.5,2.5,611.0,4.0,1,199.0,0.0,0.0,0.0
547.5,7.0,599.0,4.0,1,686.0,0.0,0.0,0.0
659.0,2.0,90.0,4.0,1,206.0,0.0,0.0,0.0
605.0,7.5,584.0,4.0,1,809.0,0.0,0.0,0.0
182.0,1.0,491.0,4.0,1,214.0,0.0,0.0,0.0
71.0,1.0,1160.0,4.0,0,196.0,12.0,1.0,0.0
708.0,7.5,916.0,4.0,1,1529.0,0.0,0.0,0.0
166.0,4.5,741.0,4.0,1,52.0,0.0,0.0,0.0
259.0,3.5,464.0,4.0,1,102.0,0.0,0.0,0.0
256.0,5.0,601.0,4.0,1,117.0,0.0,0.0,0.0
185.0,3.0,237.0,4.0,1,196.0,0.0,0.0,0.0
190.0,9.0,956.0,4.0,1,883.0,0.0,0.0,0.0
458.25,9.0,225.0,4.0,1,755.0,0.0,0.0,0.0
275.0,5.0,393.0,4.0,1,41.0,0.0,0.0,0.0
612.0,21.0,893.0,5.0,1,2243.0,0.0,0.0,0.0
889.0,15.0,2138.0,4.5,1,16.0,0.0,0.0,0.0
311.0,5.0,1111.0,4.0,1,938.0,0.0,0.0,0.0
595.0,9.5,260.0,4.0,1,1303.0,0.0,0.0,0.0
399.0,6.0,640.0,4.0,1,348.0,0.0,0.0,0.0
3.0,1.0,517.0,0.0,0,920.0,6.0,2.0,0.0
87.5,3.0,564.0,4.0,1,443.0,0.0,0.0,0.0
244.5,5.0,343.0,4.0,1,57.0,0.0,0.0,0.0
266.0,4.0,807.0,4.0,1,920.0,0.0,0.0,0.0
714.0,16.0,641.0,4.0,1,3159.0,0.0,0.0,0.0
147.5,1.5,952.0,4.0,1,319.0,20.666666666666668,1.0,0.0
77.0,2.0,713.0,2.0,1,19.0,20.0,1.0,0.0
244.0,2.5,779.0,4.0,1,652.0,0.0,0.0,0.0
666.0,11.0,608.0,4.0,1,1590.0,0.0,0.0,0.0
552.0,6.0,491.0,2.0,1,894.0,0.0,0.0,0.0
375.0,2.0,375.0,4.0,1,940.0,0.0,0.0,0.0
16.0,2.0,777.0,4.0,1,153.0,0.0,0.0,0.0
334.0,4.0,820.0,4.0,1,272.0,0.0,0.0,0.0
34.5,1.0,152.0,4.0,1,93.0,0.0,0.0,0.0
316.0,5.0,669.0,4.0,1,498.0,0.0,0.0,0.0
33.5,4.0,279.0,4.0,1,111.0,0.0,0.0,0.0
424.5,5.0,445.0,2.0,1,222.0,0.0,0.0,0.0
583.0,8.0,333.0,4.0,1,927.0,0.0,0.0,0.0
1032.0,19.0,2228.0,4.0,1,1529.0,0.0,0.0,0.0
134.0,3.0,406.0,4.0,1,303.0,0.0,0.0,0.0
700.0,5.0,799.0,4.0,1,1467.0,0.0,0.0,0.0
1070.5,5.0,1737.0,4.0,1,3583.0,0.0,0.0,0.0
1243.0,12.0,1184.0,4.0,1,546.0,0.0,0.0,0.0
632.0,11.666666666666666,396.0,4.0,1,773.0,0.0,0.0,0.0
653.25,9.0,506.0,4.0,1,1504.0,0.0,0.0,0.0
656.0,4.0,834.0,5.0,1,1856.0,0.0,0.0,0.0
6.0,3.0,903.0,4.0,1,56.0,0.0,0.0,0.0
249.0,2.5,405.0,4.0,1,298.0,0.0,0.0,0.0
125.0,4.0,623.0,4.0,1,87.0,0.0,0.0,0.0
133.0,4.0,900.0,4.0,1,103.0,0.0,0.0,0.0
299.5,5.0,205.0,4.0,1,103.0,0.0,0.0,0.0
805.0,14.0,1386.0,4.0,1,2652.0,0.0,0.0,0.0
60.0,6.0,302.0,4.0,1,1302.0,17.0,1.0,0.0
522.5,8.0,670.0,4.0,1,740.0,0.0,0.0,0.0
421.0,4.0,296.0,4.0,1,417.0,0.0,0.0,0.0
851.0,10.5,1966.0,4.0,1,2065.0,0.0,0.0,0.0
599.0,21.0,448.0,4.0,1,539.0,0.0,0.0,0.0
235.0,6.0,461.0,4.0,1,379.0,0.0,0.0,0.0
1292.5,14.0,1124.0,4.0,1,1034.0,0.0,0.0,0.0
1026.5,6.5,2250.0,4.0,1,4092.0,0.0,0.0,0.0
104.5,3.0,864.0,4.0,1,91.0,0.0,0.0,0.0
357.3333333333333,4.0,163.0,4.0,1,487.0,0.0,0.0,0.0
103.0,5.0,1027.0,4.0,1,239.0,0.0,0.0,0.0
96.0,2.0,634.0,4.0,1,76.0,0.0,0.0,0.0
762.0,6.0,1470.0,4.0,1,2232.0,0.0,0.0,0.0
516.0,7.0,274.0,4.0,1,296.0,0.0,0.0,0.0
35.0,2.0,559.0,4.0,1,138.0,0.0,0.0,0.0
13.0,5.0,557.0,4.0,1,595.0,9.428571428571429,3.0,0.0
52.0,3.0,748.0,4.0,1,264.0,0.0,0.0,0.0
1054.0,11.0,1341.0,4.0,1,1553.0,0.0,0.0,0.0
1389.5,15.0,503.0,4.0,1,858.0,0.0,0.0,0.0
767.25,7.0,514.0,5.0,1,3231.0,0.0,0.0,0.0
96.0,2.0,444.0,4.0,1,284.0,21.5,0.0,0.0
16.5,5.0,828.0,4.0,1,146.0,2.0,1.0,0.0
231.0,6.0,874.0,4.0,1,853.0,0.0,0.0,0.0
80.0,2.0,535.0,4.0,1,110.0,0.0,0.0,0.0
66.0,2.0,407.0,4.0,1,738.0,0.0,0.0,0.0
1442.0,19.0,803.0,5.0,1,133.0,0.0,0.0,0.0
398.0,7.0,225.0,4.0,1,416.0,0.0,0.0,0.0
57.5,3.0,287.0,3.0,1,364.0,0.0,0.0,0.0
930.0,16.0,1704.0,4.0,1,859.0,0.0,0.0,0.0
1136.0,5.0,377.0,4.0,1,1513.0,0.0,0.0,0.0
1018.5,8.0,1453.0,4.5,1,591.0,0.0,0.0,0.0
370.25,12.0,508.0,4.0,1,252.0,0.0,0.0,0.0
550.5,4.0,683.0,4.0,1,358.0,0.0,0.0,0.0
43.5,2.0,95.0,4.0,1,305.0,0.0,0.0,0.0
487.0,11.0,246.0,4.5,1,1631.0,0.0,0.0,0.0
526.0,11.5,892.0,5.0,1,1844.0,0.0,0.0,0.0
61.5,1.0,632.0,2.0,0,336.0,30.0,0.0,0.0
851.0,12.5,1856.0,4.0,1,2149.0,0.0,0.0,0.0
293.5,4.0,22.0,4.0,1,119.0,0.0,0.0,0.0
83.0,3.0,152.0,4.0,1,80.0,0.0,0.0,0.0
273.5,4.5,741.0,4.0,1,143.0,0.0,0.0,0.0
739.5,6.0,1158.0,4.0,1,1627.0,0.0,0.0,0.0
981.5,9.5,2351.0,4.0,1,4139.0,0.0,0.0,0.0
318.5,4.0,47.0,2.0,1,68.0,0.0,0.0,0.0
649.0,16.0,571.0,4.0,1,1435.0,0.0,0.0,0.0
167.0,3.0,701.0,4.0,1,247.0,0.0,0.0,0.0
610.0,5.5,388.0,4.0,1,304.0,0.0,0.0,0.0
725.0,5.5,993.0,4.0,1,1951.0,0.0,0.0,0.0
1046.5,13.0,857.0,4.0,1,2273.0,0.0,0.0,0.0
468.0,3.5,23.0,4.0,1,619.0,0.0,0.0,0.0
117.5,2.0,36.0,4.0,1,177.0,0.0,0.0,0.0
479.0,6.75,687.0,4.0,1,117.0,0.0,0.0,0.0
634.0,4.0,614.0,4.0,1,1373.0,0.0,0.0,0.0
20.0,6.0,607.0,4.0,1,370.0,18.6,1.0,0.0
511.0,2.5,74.0,4.0,1,357.0,0.0,0.0,0.0
572.0,7.0,68.0,4.0,1,148.0,0.0,0.0,0.0
292.0,3.0,484.0,4.0,1,283.0,24.0,1.0,0.0
332.0,4.0,427.0,4.0,1,193.0,0.0,0.0,0.0
771.0,10.0,1249.0,5.0,1,1237.0,0.0,0.0,0.0
90.0,1.0,226.0,4.0,1,346.0,0.0,0.0,0.0
665.0,15.0,546.0,4.0,1,1170.0,0.0,0.0,0.0
699.5,6.0,1225.0,4.0,1,845.0,0.0,0.0,0.0
234.0,4.0,204.0,4.0,1,155.0,0.0,0.0,0.0
538.0,4.0,241.0,4.0,1,414.0,0.0,0.0,0.0
1115.0,5.0,524.0,4.5,1,1552.0,0.0,0.0,0.0
520.0,4.5,420.0,4.0,1,533.0,0.0,0.0,0.0
806.0,12.0,1901.0,4.0,1,2034.0,0.0,0.0,0.0
394.5,5.0,595.0,4.0,1,520.0,0.0,0.0,0.0
1549.0,14.0,2094.0,4.0,1,645.0,0.0,0.0,0.0
217.0,3.0,87.0,4.0,1,225.0,0.0,0.0,0.0
70.0,3.0,1205.0,4.0,1,442.0,0.0,0.0,0.0
262.5,2.0,483.0,4.0,1,472.0,0.0,0.0,0.0
792.5,5.5,1815.0,4.0,1,2795.0,0.0,0.0,0.0
373.0,6.0,124.0,4.0,1,485.0,0.0,0.0,0.0
92.0,3.0,564.0,4.0,1,401.0,0.0,0.0,0.0
283.0,9.0,417.0,4.0,1,432.0,0.0,0.0,0.0
82.5,3.5,578.0,4.0,1,88.0,22.5,2.0,0.0
692.0,8.0,828.0,4.0,1,1993.0,0.0,0.0,0.0
549.5,3.0,157.0,4.0,1,348.0,0.0,0.0,0.0
73.0,2.0,784.0,4.0,0,911.0,16.714285714285715,3.0,0.0
377.75,4.0,632.0,4.0,1,909.0,0.0,0.0,0.0
133.5,1.0,793.0,4.5,1,277.0,0.0,0.0,0.0
189.0,9.5,503.0,4.0,1,97.0,0.0,0.0,0.0
71.0,1.0,385.0,4.0,1,104.0,30.0,0.0,0.0
619.0,7.5,638.0,5.0,1,1133.0,0.0,0.0,0.0
951.0,8.5,417.0,4.0,1,162.0,0.0,0.0,0.0
918.0,13.5,1572.0,4.0,1,2631.0,0.0,0.0,0.0
454.0,6.0,197.0,4.0,1,303.0,0.0,0.0,0.0
4.0,1.0,487.0,0.0,1,701.0,16.4,2.0,0.0
114.0,3.0,416.0,4.0,1,224.0,0.0,0.0,0.0
788.0,5.0,1634.0,4.0,1,2597.0,0.0,0.0,0.0
463.0,8.0,232.0,4.5,1,1713.0,0.0,0.0,0.0
685.0,6.0,920.0,4.5,1,1876.0,0.0,0.0,0.0
191.0,5.0,295.0,2.0,1,0.0,0.0,0.0,0.0
628.0,7.5,620.0,4.0,1,620.0,0.0,0.0,0.0
109.5,10.0,160.0,4.0,1,690.0,0.0,0.0,0.0
121.0,1.0,581.0,4.0,1,278.0,0.0,0.0,0.0
369.0,7.0,587.0,4.0,1,186.0,0.0,0.0,0.0
271.25,5.0,220.0,4.0,1,168.0,0.0,0.0,0.0
209.5,5.0,584.0,4.0,1,344.0,0.0,0.0,0.0
343.0,4.0,184.0,4.0,1,215.0,0.0,0.0,0.0
1127.0,12.5,2271.0,4.0,1,1672.0,0.0,0.0,0.0
1092.0,17.0,830.0,4.0,1,1090.0,0.0,0.0,0.0
647.5,4.5,942.0,4.0,1,2707.0,0.0,0.0,0.0
359.0,5.5,252.0,4.0,1,236.0,0.0,0.0,0.0
204.25,6.0,597.0,4.0,1,109.0,0.0,0.0,0.0
489.5,6.0,286.0,4.0,1,672.0,0.0,0.0,0.0
859.0,10.5,1871.0,4.5,1,432.0,0.0,0.0,0.0
1347.75,9.0,718.0,4.0,1,864.0,0.0,0.0,0.0
256.0,5.0,315.0,4.0,1,178.0,0.0,0.0,0.0
416.0,7.0,116.0,4.0,1,1344.0,0.0,0.0,0.0
268.0,2.5,42.0,4.0,1,497.0,0.0,0.0,0.0
597.0,1.5,813.0,4.0,1,1843.0,0.0,0.0,0.0
852.5,14.0,1493.0,4.0,1,243.0,0.0,0.0,0.0
620.0,4.0,296.0,4.0,1,522.0,0.0,0.0,0.0
36.0,2.0,657.0,4.0,1,651.0,14.333333333333334,2.0,0.0
179.0,4.0,1046.0,4.0,1,398.0,0.0,0.0,0.0
671.5,8.666666666666666,0.0,4.0,1,44.0,0.0,0.0,0.0
128.0,2.0,188.0,4.0,0,174.0,0.0,0.0,0.0
272.5,4.0,715.0,4.0,1,194.0,0.0,0.0,0.0
31.0,2.0,297.0,4.0,1,369.0,0.0,0.0,0.0
299.0,6.0,372.0,2.0,1,38.0,0.0,0.0,0.0
791.0,9.5,1879.0,4.0,1,1908.0,0.0,0.0,0.0
251.0,3.0,324.0,4.0,1,209.0,0.0,0.0,0.0
524.0,5.5,565.0,4.0,1,685.0,0.0,0.0,0.0
696.0,10.0,949.0,4.0,1,422.0,0.0,0.0,0.0
201.0,2.0,682.0,4.0,1,48.0,0.0,0.0,0.0
22.5,2.0,470.0,4.0,1,237.0,0.0,0.0,0.0
265.0,4.0,135.0,4.0,1,280.0,0.0,0.0,0.0
741.0,9.5,1528.0,4.0,1,2252.0,0.0,0.0,0.0
1345.5,14.0,1165.0,4.0,1,1505.0,0.0,0.0,0.0
81.5,0.0,578.0,4.0,1,479.0,0.0,0.0,0.0
122.5,1.0,402.0,4.0,1,122.0,17.0,1.0,0.0
62.0,2.0,398.0,4.0,0,1061.0,13.272727272727272,5.0,0.0
36.5,5.0,268.0,4.0,1,100.0,0.0,0.0,0.0
1218.0,9.0,1409.0,4.0,1,544.0,0.0,0.0,0.0
758.0,5.0,1158.0,4.0,1,229.0,0.0,0.0,0.0
238.5,3.0,261.0,4.0,1,231.0,0.0,0.0,0.0
277.0,2.0,444.0,4.0,1,51.0,0.0,0.0,0.0
2.0,1.5,446.0,0.0,0,970.0,16.8,3.0,0.0
110.0,4.0,712.0,4.0,1,117.0,16.0,0.0,0.0
826.0,6.0,2052.0,4.0,1,2983.0,0.0,0.0,0.0
467.0,8.0,305.0,4.0,1,156.0,0.0,0.0,0.0
926.0,12.5,1171.0,5.0,1,1616.0,0.0,0.0,0.0
658.5,6.5,978.0,0.0,1,924.0,0.0,0.0,0.0
424.5,4.5,40.0,4.0,1,810.0,0.0,0.0,0.0
707.0,5.0,1286.0,2.0,1,892.0,0.0,0.0,0.0
481.5,8.0,528.0,4.0,1,366.0,0.0,0.0,0.0
131.0,2.0,876.0,4.0,1,443.0,0.0,0.0,0.0
75.0,1.5,394.0,4.0,1,329.0,0.0,0.0,0.0
191.0,14.0,455.0,4.0,1,290.0,0.0,0.0,0.0
61.0,2.0,534.0,4.0,1,69.0,0.0,0.0,0.0
48.75,1.0,339.0,5.0,0,223.0,0.0,0.0,0.0
331.0,4.666666666666667,47.0,2.0,1,75.0,8.5,1.0,0.0
1018.5,10.5,2055.0,4.0,1,3807.0,0.0,0.0,0.0
956.6666666666666,7.5,286.0,5.0,1,726.0,0.0,0.0,0.0
76.5,2.0,932.0,4.0,1,470.0,0.0,0.0,0.0
977.5,5.5,1901.0,4.5,1,4046.0,0.0,0.0,0.0
221.0,7.0,758.0,4.0,1,373.0,0.0,0.0,0.0
46.0,2.0,125.0,4.0,1,360.0,15.0,1.0,0.0
233.0,9.0,793.0,4.0,1,395.0,0.0,0.0,0.0
622.0,3.0,386.0,4.0,1,698.0,0.0,0.0,0.0
189.5,4.0,784.0,4.0,1,84.0,5.0,0.0,0.0
38.0,1.0,90.0,4.0,1,190.0,0.0,0.0,0.0
270.0,7.5,373.0,4.0,1,786.0,0.0,0.0,0.0
41.0,6.0,569.0,4.0,1,1102.0,0.0,0.0,0.0
55.0,1.0,257.0,4.0,1,986.0,15.5,1.0,0.0
562.5,4.5,483.0,4.0,1,1340.0,0.0,0.0,0.0
400.0,4.0,392.0,4.0,1,94.0,0.0,0.0,0.0
267.0,5.5,1125.0,4.0,1,736.0,0.0,0.0,0.0
317.5,6.0,884.0,4.0,1,353.0,0.0,0.0,0.0
68.0,1.0,827.0,4.0,1,673.0,14.125,3.0,0.0
133.0,3.0,396.0,4.0,1,437.0,0.0,0.0,0.0
107.5,0.0,631.0,4.0,1,217.0,0.0,0.0,0.0
73.5,2.0,525.0,4.0,1,14.0,0.0,0.0,0.0
718.5,8.5,1079.0,2.0,1,1120.0,0.0,0.0,0.0
1149.0,11.5,2283.0,4.0,1,1670.0,0.0,0.0,0.0
271.0,4.0,294.0,4.0,1,211.0,26.0,1.0,0.0
583.0,5.5,332.0,4.0,1,1004.0,0.0,0.0,0.0
58.5,2.0,240.0,4.5,1,177.0,0.0,0.0,0.0
406.0,7.0,659.0,4.0,1,36.0,0.0,0.0,0.0
303.0,5.0,207.0,4.0,1,74.0,0.0,0.0,0.0
1149.0,8.0,1286.0,4.5,1,569.0,0.0,0.0,0.0
41.0,2.0,621.0,4.0,1,631.0,0.0,0.0,0.0
14.0,2.0,712.0,4.0,1,114.0,0.0,0.0,0.0
641.0,5.0,733.0,4.0,1,1493.0,0.0,0.0,0.0
72.0,1.5,703.0,4.0,1,753.0,0.0,0.0,0.0
393.5,8.0,406.0,4.0,1,239.0,0.0,0.0,0.0
150.0,3.0,801.0,4.0,1,507.0,0.0,0.0,0.0
183.0,3.0,662.0,4.0,1,374.0,0.0,0.0,0.0
121.0,3.0,565.0,4.0,1,326.0,0.0,0.0,0.0
682.0,8.5,921.0,4.5,1,697.0,0.0,0.0,0.0
548.5,3.0,182.0,4.0,1,621.0,0.0,0.0,0.0
348.5,4.0,166.0,4.0,1,47.0,0.0,0.0,0.0
84.0,3.5,965.0,4.0,1,736.0,0.0,0.0,0.0
200.0,2.0,741.0,4.0,1,83.0,0.0,0.0,0.0
609.5,8.5,885.0,4.0,1,833.0,0.0,0.0,0.0
1061.0,19.0,2447.0,4.0,1,901.0,0.0,0.0,0.0
995.0,13.0,1665.0,5.0,1,376.0,0.0,0.0,0.0
43.0,2.0,131.0,4.0,1,123.0,0.0,0.0,0.0
92.25,3.0,440.0,4.0,1,326.0,18.0,1.0,0.0
598.0,5.0,275.0,4.0,1,773.0,0.0,0.0,0.0
385.0,3.0,674.0,4.0,1,668.0,0.0,0.0,0.0
616.0,4.0,713.0,4.0,1,913.0,0.0,0.0,0.0
300.0,4.0,816.0,4.0,1,300.0,0.0,0.0,0.0
546.0,3.0,163.0,4.0,1,114.0,0.0,0.0,0.0
570.0,7.0,349.0,4.0,1,686.0,0.0,0.0,0.0
15.0,3.0,601.0,4.0,1,305.0,0.0,0.0,0.0
704.5,8.0,1400.0,4.0,1,1408.0,0.0,0.0,0.0
186.0,2.0,350.0,4.0,1,30.0,0.0,0.0,0.0
312.25,5.0,1028.0,4.0,1,709.0,0.0,0.0,0.0
578.0,4.5,518.0,2.0,1,799.0,0.0,0.0,0.0
54.0,2.5,315.0,4.0,1,798.0,9.5,1.0,0.0
5.5,5.5,38.0,4.0,1,27.0,0.0,0.0,0.0
725.75,7.0,1397.0,4.5,1,2101.0,0.0,0.0,0.0
233.0,2.5,319.0,4.0,1,95.0,0.0,0.0,0.0
288.5,3.0,340.0,4.0,1,210.0,0.0,0.0,0.0
238.5,3.0,849.0,4.0,1,754.0,0.0,0.0,0.0
294.0,7.0,358.0,4.0,1,762.0,0.0,0.0,0.0
399.5,4.0,753.0,4.0,1,119.0,0.0,0.0,0.0
808.0,6.5,1840.0,4.0,1,2775.0,0.0,0.0,0.0
340.0,5.5,100.0,4.0,1,144.0,30.5,0.0,0.0
565.5,16.0,566.0,4.0,1,1106.0,0.0,0.0,0.0
46.0,2.5,616.0,4.0,1,1044.0,0.0,0.0,0.0
26.5,1.0,1135.0,4.0,0,1043.0,0.0,0.0,0.0
193.0,2.0,338.0,4.0,1,113.0,0.0,0.0,0.0
291.5,5.0,545.0,4.0,1,262.0,0.0,0.0,0.0
1180.5,12.666666666666666,1821.0,4.0,1,1276.0,0.0,0.0,0.0
980.5,11.0,1971.0,4.0,1,3600.0,0.0,0.0,0.0
929.0,18.0,1807.0,4.0,1,319.0,0.0,0.0,0.0
284.0,4.0,433.0,4.0,1,64.0,0.0,0.0,0.0
77.0,2.0,555.0,0.0,1,42.0,0.0,0.0,0.0
1127.0,12.5,2018.0,4.0,1,1665.0,0.0,0.0,0.0
64.0,2.0,482.0,4.5,0,602.0,0.0,0.0,0.0
75.5,1.5,1042.0,4.0,0,118.0,10.2,3.0,0.0
596.0,5.0,340.0,2.0,1,1092.0,0.0,0.0,0.0
517.0,3.0,127.0,4.0,1,86.0,0.0,0.0,0.0
45.0,2.0,1423.0,4.0,0,337.0,0.0,0.0,0.0
114.0,3.0,458.0,4.0,1,505.0,0.0,0.0,0.0
381.0,7.0,257.0,4.0,1,306.0,0.0,0.0,0.0
442.0,9.0,563.0,4.0,1,844.0,0.0,0.0,0.0
608.0,9.0,381.0,4.0,1,541.0,0.0,0.0,0.0
461.0,3.5,291.0,4.0,1,1390.0,0.0,0.0,0.0
138.5,2.0,530.0,4.0,1,191.0,0.0,0.0,0.0
572.0,6.0,142.0,4.0,1,264.0,0.0,0.0,0.0
54.0,4.0,1006.0,4.0,1,274.0,0.0,0.0,0.0
4.0,2.5,564.0,3.0,1,805.0,12.4,2.0,0.0
258.0,4.0,232.0,4.0,1,233.0,0.0,0.0,0.0
763.75,7.5,1435.0,4.0,1,1266.0,0.0,0.0,0.0
404.0,5.5,259.0,4.0,1,485.0,0.0,0.0,0.0
563.5,4.0,105.0,4.0,1,644.0,0.0,0.0,0.0
989.0,4.0,2219.0,4.0,1,4297.0,0.0,0.0,0.0
317.5,8.0,424.0,4.0,1,216.0,0.0,0.0,0.0
406.0,5.0,41.0,4.0,1,413.0,0.0,0.0,0.0
441.5,5.0,400.0,4.0,1,349.0,0.0,0.0,0.0
725.0,9.0,1555.0,5.0,1,1523.0,0.0,0.0,0.0
140.0,1.5,627.0,4.0,0,99.0,0.0,0.0,0.0
141.0,6.0,1064.0,4.0,1,226.0,0.0,0.0,0.0
60.0,1.0,604.0,4.0,0,401.0,14.0,1.0,0.0
104.0,3.0,716.0,2.0,1,53.0,0.0,0.0,0.0
47.0,1.0,150.0,4.0,1,224.0,0.0,0.0,0.0
848.5,19.5,200.0,5.0,1,2653.0,0.0,0.0,0.0
454.5,5.0,276.0,4.0,1,752.0,0.0,0.0,0.0
24.666666666666668,1.0,736.0,4.0,1,729.0,0.0,0.0,0.0
1057.0,10.0,799.0,4.5,1,1592.0,0.0,0.0,0.0
305.0,7.0,548.0,4.0,1,720.0,0.0,0.0,0.0
376.0,3.0,934.0,4.0,1,529.0,0.0,0.0,0.0
58.0,1.0,756.0,4.0,0,536.0,23.75,0.0,0.0
48.0,2.0,58.0,4.0,1,164.0,22.5,1.0,0.0
272.0,3.0,1095.0,4.0,1,98.0,0.0,0.0,0.0
547.0,19.0,881.0,5.0,1,2141.0,0.0,0.0,0.0
213.0,4.0,931.0,4.0,1,560.0,0.0,0.0,0.0
116.5,4.0,302.0,4.0,1,316.0,0.0,0.0,0.0
451.0,9.0,186.0,4.0,1,691.0,0.0,0.0,0.0
456.0,3.0,63.0,4.0,1,1531.0,0.0,0.0,0.0
467.0,3.5,238.0,4.0,1,900.0,0.0,0.0,0.0
132.5,2.0,874.0,4.0,1,238.0,0.0,0.0,0.0
466.0,5.0,191.0,4.0,1,539.0,0.0,0.0,0.0
367.0,6.666666666666667,278.0,4.0,1,78.0,0.0,0.0,0.0
447.0,3.0,128.0,4.0,1,454.0,0.0,0.0,0.0
447.0,5.0,126.0,4.0,1,1748.0,0.0,0.0,0.0
309.0,5.0,156.0,4.0,1,131.0,0.0,0.0,0.0
91.0,6.0,979.0,4.0,1,278.0,0.0,0.0,0.0
202.0,3.333333333333333,190.0,4.0,1,217.0,0.0,0.0,0.0
674.0,6.0,873.0,4.0,1,1313.0,0.0,0.0,0.0
607.0,4.5,639.0,4.0,1,1191.0,0.0,0.0,0.0
218.0,7.0,613.0,4.0,1,228.0,0.0,0.0,0.0
424.0,4.0,332.0,4.0,1,374.0,0.0,0.0,0.0
1285.0,13.5,1020.0,4.0,1,326.0,0.0,0.0,0.0
1469.0,11.0,1101.0,5.0,1,147.0,0.0,0.0,0.0
191.0,3.0,365.0,4.0,1,110.0,0.0,0.0,0.0
417.0,8.0,339.0,4.0,1,439.0,0.0,0.0,0.0
333.0,3.0,182.0,4.0,1,196.0,0.0,0.0,0.0
351.0,3.0,312.0,4.0,1,211.0,0.0,0.0,0.0
534.0,3.5,180.0,4.0,1,325.0,0.0,0.0,0.0
943.0,21.0,2075.0,4.0,1,2026.0,0.0,0.0,0.0
541.0,6.5,211.0,4.0,1,670.0,0.0,0.0,0.0
432.0,4.0,367.0,4.0,1,914.0,0.0,0.0,0.0
400.0,5.5,306.0,4.0,1,361.0,0.0,0.0,0.0
250.0,5.5,1152.0,4.0,1,467.0,0.0,0.0,0.0
378.0,4.5,473.0,4.0,1,347.0,0.0,0.0,0.0
195.0,3.0,1321.0,4.0,1,558.0,0.0,0.0,0.0
850.5,7.0,1811.0,4.0,1,3174.0,0.0,0.0,0.0
46.5,2.0,544.0,4.0,1,349.0,0.0,0.0,0.0
765.5,5.0,1000.0,4.0,1,586.0,0.0,0.0,0.0
87.0,1.0,1176.0,4.0,0,48.0,0.0,0.0,0.0
1293.5,11.0,902.0,5.0,1,2344.0,0.0,0.0,0.0
249.0,2.0,407.0,4.0,1,969.0,0.0,0.0,0.0
975.0,16.5,2374.0,4.0,1,601.0,0.0,0.0,0.0
219.5,4.0,488.0,4.0,1,175.0,0.0,0.0,0.0
88.75,3.0,740.0,4.0,1,613.0,24.0,0.0,0.0
128.0,2.0,666.0,4.0,1,174.0,0.0,0.0,0.0
372.0,6.5,491.0,4.0,1,415.0,0.0,0.0,0.0
508.0,5.0,342.0,2.0,1,493.0,0.0,0.0,0.0
819.0,9.0,506.0,5.0,1,2270.0,0.0,0.0,0.0
48.66666666666666,1.0,716.0,4.0,1,425.0,19.5,1.0,0.0
795.0,10.0,871.0,4.5,1,928.0,0.0,0.0,0.0
143.0,3.0,121.0,4.0,1,213.0,0.0,0.0,0.0
122.0,2.0,216.0,4.0,1,411.0,0.0,0.0,0.0
140.0,2.0,805.0,4.0,1,248.0,0.0,0.0,0.0
566.0,4.0,1.0,4.0,1,202.0,0.0,0.0,0.0
1081.0,10.0,1028.0,4.0,1,1324.0,0.0,0.0,0.0
468.0,4.0,879.0,4.0,1,909.0,0.0,0.0,0.0
1087.5,10.0,1100.0,4.0,1,882.0,0.0,0.0,0.0
581.0,10.5,243.0,5.0,1,1311.0,0.0,0.0,0.0
102.5,2.0,505.0,4.0,1,981.0,14.25,2.0,0.0
356.0,3.5,202.0,4.0,1,434.0,0.0,0.0,0.0
169.0,2.0,457.0,4.0,1,488.0,0.0,0.0,0.0
55.5,1.0,871.0,4.0,1,138.0,11.833333333333334,3.0,0.0
91.5,2.0,1176.0,4.0,1,396.0,0.0,0.0,0.0
538.0,6.0,281.0,4.0,1,46.0,0.0,0.0,0.0
30.0,2.0,982.0,4.0,0,424.0,12.142857142857142,2.0,0.0
542.0,4.0,16.0,4.0,1,374.0,0.0,0.0,0.0
857.0,12.0,428.0,5.0,1,2966.0,0.0,0.0,0.0
40.0,3.5,549.0,4.0,1,543.0,0.0,0.0,0.0
79.0,1.5,372.0,4.0,1,132.0,0.0,0.0,0.0
132.0,4.0,191.0,4.0,1,193.0,0.0,0.0,0.0
458.0,4.0,256.0,4.0,1,254.0,0.0,0.0,0.0
243.0,3.0,909.0,4.0,1,286.0,0.0,0.0,0.0
451.0,5.0,565.0,4.0,1,219.0,0.0,0.0,0.0
474.0,3.5,285.0,4.0,1,904.0,0.0,0.0,0.0
51.0,2.0,405.0,4.0,1,293.0,13.666666666666666,1.0,0.0
51.5,4.0,409.0,4.0,1,406.0,0.0,0.0,0.0
775.25,5.5,1502.0,5.0,1,2463.0,0.0,0.0,0.0
383.0,5.0,604.0,4.0,1,200.0,0.0,0.0,0.0
306.0,5.0,808.0,4.0,1,537.0,0.0,0.0,0.0
137.5,3.5,439.0,4.0,1,12.0,0.0,0.0,0.0
1113.0,8.5,1491.0,4.0,1,3330.0,0.0,0.0,0.0
35.5,3.0,551.0,4.0,1,1184.0,0.0,0.0,0.0
140.5,6.0,144.0,4.0,1,784.0,0.0,0.0,0.0
466.0,4.5,456.0,4.0,1,1192.0,0.0,0.0,0.0
315.0,5.0,330.0,4.0,1,324.0,0.0,0.0,0.0
22.0,1.0,489.0,4.5,1,557.0,0.0,0.0,0.0
229.0,4.0,371.0,4.0,1,390.0,0.0,0.0,0.0
23.0,1.0,729.0,4.0,0,459.0,0.0,0.0,0.0
955.5,14.5,1527.0,4.0,1,1918.0,0.0,0.0,0.0
409.0,7.5,59.0,4.0,1,1273.0,0.0,0.0,0.0
1317.0,17.5,905.0,4.0,1,342.0,0.0,0.0,0.0
74.0,4.333333333333333,319.0,4.0,1,83.0,0.0,0.0,0.0
255.0,4.0,841.0,2.0,1,0.0,0.0,0.0,0.0
782.3333333333334,5.5,1371.0,4.0,1,285.0,0.0,0.0,0.0
45.5,2.0,552.0,4.0,1,378.0,0.0,0.0,0.0
488.0,5.0,696.0,4.0,1,503.0,0.0,0.0,0.0
668.0,6.0,228.0,5.0,1,1118.0,0.0,0.0,0.0
601.0,4.0,633.0,4.0,1,1100.0,0.0,0.0,0.0
136.0,4.5,406.0,4.0,1,352.0,0.0,0.0,0.0
296.5,2.5,457.0,4.0,1,741.0,0.0,0.0,0.0
765.0,5.0,1790.0,4.0,1,2517.0,0.0,0.0,0.0
46.0,2.0,112.0,4.0,1,389.0,0.0,0.0,0.0
631.0,10.5,490.0,4.0,1,1332.0,0.0,0.0,0.0
56.0,2.0,216.0,4.0,1,673.0,0.0,0.0,0.0
152.0,11.0,614.0,4.0,1,153.0,0.0,0.0,0.0
1319.0,12.0,974.0,4.0,1,995.0,0.0,0.0,0.0
466.0,8.0,560.0,4.0,1,548.0,0.0,0.0,0.0
576.5,8.0,856.0,4.0,1,201.0,0.0,0.0,0.0
90.5,1.0,918.0,4.0,1,312.0,0.0,0.0,0.0
576.0,9.0,814.0,4.0,1,259.0,0.0,0.0,0.0
6.0,1.0,209.0,4.0,1,109.0,0.0,0.0,0.0
203.5,2.5,1170.0,4.0,1,428.0,0.0,0.0,0.0
224.0,4.0,465.0,4.0,1,111.0,0.0,0.0,0.0
302.0,5.0,47.0,4.0,1,267.0,0.0,0.0,0.0
48.0,2.0,1357.0,4.0,0,231.0,0.0,0.0,0.0
64.0,2.0,604.0,4.0,1,12.0,15.25,2.0,0.0
632.0,7.0,632.0,4.0,0,504.0,0.0,0.0,0.0
183.5,7.0,329.0,4.0,1,363.0,0.0,0.0,0.0
106.0,3.5,639.0,2.0,1,10.0,6.0,0.0,0.0
1265.75,27.5,1361.0,4.0,1,135.0,0.0,0.0,0.0
251.0,2.0,449.0,4.0,1,1088.0,0.0,0.0,0.0
641.0,5.0,197.0,4.0,1,881.0,0.0,0.0,0.0
551.0,5.0,260.0,2.0,1,427.0,0.0,0.0,0.0
646.0,9.0,167.0,5.0,1,1029.0,0.0,0.0,0.0
1402.5,16.0,2234.0,4.0,1,991.0,0.0,0.0,0.0
659.5,7.0,614.0,4.0,1,471.0,0.0,0.0,0.0
1032.0,5.0,1965.0,4.0,1,3768.0,0.0,0.0,0.0
443.0,5.5,152.0,4.0,1,256.0,0.0,0.0,0.0
47.0,1.0,335.0,4.5,0,183.0,0.0,0.0,0.0
118.0,4.0,482.0,2.0,1,42.0,0.0,0.0,0.0
30.5,2.0,795.0,5.0,1,801.0,0.0,0.0,0.0
498.5,5.0,780.0,4.0,1,633.0,0.0,0.0,0.0
163.25,3.0,539.0,4.0,1,145.0,0.0,0.0,0.0
768.5,6.5,818.0,4.0,1,819.0,0.0,0.0,0.0
6.0,3.0,54.0,4.0,1,44.0,9.666666666666666,2.0,0.0
3.0,3.0,1011.0,4.0,1,74.0,0.0,0.0,0.0
215.25,3.0,146.0,4.0,1,122.0,0.0,0.0,0.0
56.75,2.0,815.0,4.0,0,455.0,12.22222222222222,3.0,0.0
176.0,5.0,531.0,4.0,1,110.0,0.0,0.0,0.0
65.0,2.0,504.0,4.0,1,46.0,0.0,0.0,0.0
259.5,8.0,75.0,4.0,1,672.0,0.0,0.0,0.0
41.66666666666666,2.0,1244.0,4.0,0,556.0,18.5,3.0,0.0
359.0,3.5,565.0,2.0,1,61.0,0.0,0.0,0.0
1323.0,11.0,1091.0,4.0,1,1161.0,0.0,0.0,0.0
180.5,3.0,572.0,4.0,1,188.0,0.0,0.0,0.0
161.0,3.0,813.0,4.0,1,324.0,0.0,0.0,0.0
1162.0,16.0,2614.0,4.0,1,1303.0,0.0,0.0,0.0
164.5,3.0,937.0,4.0,1,23.0,0.0,0.0,0.0
701.0,2.0,842.0,4.0,1,1540.0,0.0,0.0,0.0
1061.5,13.5,1174.0,4.0,1,2821.0,0.0,0.0,0.0
103.0,1.0,414.0,4.0,0,399.0,18.0,1.0,0.0
218.0,5.0,663.0,4.0,1,1102.0,0.0,0.0,0.0
436.5,6.5,496.0,4.0,1,360.0,0.0,0.0,0.0
48.0,2.5,28.0,4.0,1,191.0,19.0,0.0,0.0
539.5,7.0,1277.0,4.0,1,2524.0,0.0,0.0,0.0
577.0,7.5,479.0,4.0,1,913.0,0.0,0.0,0.0
1473.0,18.5,2089.0,4.0,1,458.0,0.0,0.0,0.0
25.0,0.5,500.0,4.0,1,240.0,18.0,3.0,0.0
133.0,3.0,113.0,4.0,1,262.0,0.0,0.0,0.0
88.5,2.0,343.0,4.0,1,150.0,20.0,1.0,0.0
115.25,1.5,460.0,2.0,1,61.0,0.0,0.0,0.0
46.0,3.0,866.0,4.0,1,81.0,14.5,1.0,0.0
62.0,2.5,940.0,4.0,0,716.0,16.5,0.0,0.0
352.5,2.0,218.0,4.0,1,43.0,0.0,0.0,0.0
55.0,1.5,1012.0,2.0,0,34.0,0.0,0.0,0.0
137.0,6.0,889.0,4.0,1,63.0,20.0,1.0,0.0
488.5,9.0,292.0,4.0,1,185.0,0.0,0.0,0.0
561.5,6.0,452.0,4.5,1,611.0,0.0,0.0,0.0
76.0,2.0,396.0,4.0,1,580.0,0.0,0.0,0.0
151.75,4.0,165.0,4.0,1,123.0,0.0,0.0,0.0
38.5,2.5,237.0,4.0,1,231.0,0.0,0.0,0.0
100.0,2.0,385.0,4.0,1,168.0,14.333333333333334,1.0,0.0
3.0,0.0,622.0,0.0,0,939.0,0.0,0.0,0.0
16.75,3.0,762.0,4.0,1,297.0,0.0,0.0,0.0
147.0,2.5,465.0,4.0,1,323.0,0.0,0.0,0.0
45.5,3.0,886.0,4.0,1,95.0,34.0,0.0,0.0
38.0,2.0,448.0,4.0,1,44.0,0.0,0.0,0.0
1046.0,20.0,2229.0,2.5,1,431.0,0.0,0.0,0.0
1296.0,8.5,1106.0,4.0,1,345.0,0.0,0.0,0.0
419.25,4.0,398.0,4.0,1,1239.0,0.0,0.0,0.0
521.0,7.0,347.0,2.0,1,609.0,0.0,0.0,0.0
390.6666666666667,3.0,894.0,4.0,1,165.0,0.0,0.0,0.0
373.0,7.0,449.0,0.0,1,18.0,0.0,0.0,0.0
556.0,10.0,234.0,5.0,1,1168.0,0.0,0.0,0.0
993.3333333333334,13.0,1933.0,5.0,1,26.0,0.0,0.0,0.0
189.0,2.5,583.0,4.0,1,284.0,0.0,0.0,0.0
286.0,4.5,86.0,4.0,1,292.0,0.0,0.0,0.0
235.3333333333333,3.0,547.0,4.0,1,759.0,0.0,0.0,0.0
519.25,8.0,224.0,4.0,1,166.0,0.0,0.0,0.0
76.0,1.5,957.0,4.0,0,309.0,17.5,1.0,0.0
1107.75,14.0,1583.0,4.0,1,1420.0,0.0,0.0,0.0
135.0,5.0,347.0,4.0,1,434.0,0.0,0.0,0.0
712.0,12.5,650.0,4.5,1,2207.0,0.0,0.0,0.0
54.0,1.5,334.0,4.0,1,536.0,11.2,5.0,0.0
75.0,2.0,914.0,4.0,1,100.0,9.4,2.0,0.0
636.5,5.0,461.0,4.0,1,151.0,0.0,0.0,0.0
394.0,4.5,457.0,4.0,1,289.0,0.0,0.0,0.0
60.0,1.0,843.0,4.0,0,628.0,34.0,0.0,0.0
539.5,6.0,505.0,4.0,1,833.0,0.0,0.0,0.0
691.5,9.5,779.0,4.0,1,240.0,0.0,0.0,0.0
362.0,3.0,129.0,4.0,1,204.0,0.0,0.0,0.0
1213.75,9.0,1449.0,4.0,1,414.0,0.0,0.0,0.0
24.0,2.5,792.0,4.0,0,537.0,0.0,0.0,0.0
83.5,2.0,227.0,4.0,1,341.0,9.666666666666666,1.0,0.0
56.0,2.0,1022.0,4.0,0,303.0,19.33333333333333,2.0,0.0
37.5,4.0,434.0,4.0,1,378.0,0.0,0.0,0.0
328.0,5.0,327.0,4.0,1,618.0,0.0,0.0,0.0
92.0,1.0,1104.0,4.0,1,791.0,7.333333333333333,2.0,0.0
203.5,2.0,175.0,3.5,1,183.0,0.0,0.0,0.0
284.5,3.0,358.0,4.0,1,208.0,0.0,0.0,0.0
264.5,6.0,401.0,4.0,1,811.0,0.0,0.0,0.0
459.0,3.0,199.0,4.0,1,978.0,0.0,0.0,0.0
73.0,4.0,594.0,4.0,1,674.0,0.0,0.0,0.0
1197.0,29.0,746.0,4.0,1,232.0,0.0,0.0,0.0
755.0,10.0,1291.0,4.0,1,1283.0,0.0,0.0,0.0
1046.5,11.0,1307.0,2.0,1,1592.0,0.0,0.0,0.0
511.0,4.0,105.0,4.0,0,137.0,0.0,0.0,0.0
27.0,1.0,355.0,4.0,0,449.0,0.0,0.0,0.0
36.0,2.0,528.0,4.0,1,48.0,0.0,0.0,0.0
449.0,3.0,175.0,4.0,1,392.0,0.0,0.0,0.0
86.5,1.0,690.0,4.0,0,166.0,18.666666666666668,2.0,0.0
49.5,7.0,533.0,4.0,1,1117.0,0.0,0.0,0.0
473.0,4.0,362.0,4.0,1,200.0,0.0,0.0,0.0
126.0,2.5,306.0,4.0,0,220.0,15.0,1.0,0.0
790.0,12.0,1452.0,5.0,1,1218.0,0.0,0.0,0.0
722.0,7.0,896.0,5.0,1,1639.0,0.0,0.0,0.0
674.0,6.5,941.0,4.0,1,1654.0,0.0,0.0,0.0
534.5,6.0,553.0,4.0,1,250.0,0.0,0.0,0.0
74.0,1.0,79.0,4.0,1,209.0,0.0,0.0,0.0
37.5,2.0,481.0,2.0,1,43.0,0.0,0.0,0.0
205.2,17.0,539.0,4.0,1,295.0,0.0,0.0,0.0
1140.5,9.0,392.0,4.0,1,2172.0,0.0,0.0,0.0
134.0,3.0,83.0,2.0,1,0.0,0.0,0.0,0.0
462.0,4.0,436.0,4.0,1,1233.0,0.0,0.0,0.0
549.25,14.0,556.0,5.0,1,1369.0,0.0,0.0,0.0
745.0,5.5,1197.0,4.0,1,340.0,0.0,0.0,0.0
307.25,3.0,146.0,4.0,1,102.0,0.0,0.0,0.0
1113.0,12.0,729.0,4.0,1,1389.0,0.0,0.0,0.0
342.0,2.0,300.0,4.0,1,69.0,0.0,0.0,0.0
533.0,7.0,255.0,5.0,1,1791.0,0.0,0.0,0.0
396.0,5.0,408.0,4.0,1,518.0,0.0,0.0,0.0
69.0,3.0,904.0,4.0,1,83.0,0.0,0.0,0.0
138.0,1.5,470.0,4.0,1,156.0,0.0,0.0,0.0
555.0,2.0,574.0,4.0,1,1048.0,0.0,0.0,0.0
285.0,7.0,925.0,4.0,1,802.0,0.0,0.0,0.0
647.5,17.0,1054.0,4.5,1,1658.0,0.0,0.0,0.0
402.5,4.0,336.0,4.0,1,95.0,0.0,0.0,0.0
523.0,4.0,148.0,4.0,1,545.0,0.0,0.0,0.0
173.0,2.0,156.0,4.0,1,109.0,0.0,0.0,0.0
83.0,1.0,414.0,4.0,1,105.0,0.0,0.0,0.0
330.0,4.0,375.0,4.0,1,366.0,0.0,0.0,0.0
370.0,6.0,485.0,4.0,1,552.0,0.0,0.0,0.0
22.5,1.0,506.0,4.0,1,768.0,35.0,0.0,0.0
576.0,9.25,184.0,4.0,1,1076.0,0.0,0.0,0.0
8.0,4.0,119.0,4.0,1,358.0,10.5,1.0,0.0
18.0,1.0,369.0,4.5,1,844.0,0.0,0.0,0.0
502.0,7.0,579.0,2.0,1,48.0,0.0,0.0,0.0
89.0,3.0,374.0,4.0,1,76.0,0.0,0.0,0.0
802.5,11.0,878.0,5.0,1,941.0,0.0,0.0,0.0
460.5,5.0,428.0,4.0,1,247.0,0.0,0.0,0.0
1109.5,15.0,1781.0,0.0,1,623.0,0.0,0.0,0.0
1386.5,14.0,1868.0,4.0,1,562.0,0.0,0.0,0.0
1399.5,21.0,858.0,4.0,1,1401.0,0.0,0.0,0.0
78.25,2.5,1156.0,4.0,1,304.0,0.0,0.0,0.0
34.0,1.5,160.0,4.0,1,457.0,28.0,0.0,0.0
304.0,4.5,123.0,4.0,1,217.0,0.0,0.0,0.0
450.5,4.0,111.0,4.0,1,150.0,0.0,0.0,0.0
156.0,2.0,407.0,4.0,1,244.0,0.0,0.0,0.0
34.25,1.0,590.0,4.0,1,48.0,0.0,0.0,0.0
227.0,3.5,540.0,4.0,1,15.0,30.0,0.0,0.0
311.0,7.0,289.0,4.0,1,2.0,0.0,0.0,0.0
411.0,4.5,748.0,4.0,1,168.0,0.0,0.0,0.0
192.5,4.5,506.0,4.0,1,576.0,0.0,0.0,0.0
375.5,10.0,379.0,4.0,1,651.0,0.0,0.0,0.0
96.5,1.0,975.0,4.0,0,1000.0,0.0,0.0,0.0
1098.0,17.0,106.0,5.0,1,721.0,0.0,0.0,0.0
322.0,8.0,496.0,4.0,1,180.0,0.0,0.0,0.0
348.0,4.5,210.0,4.0,1,441.0,16.0,1.0,0.0
534.0,5.5,739.0,4.0,1,213.0,0.0,0.0,0.0
420.0,7.0,224.0,4.0,1,305.0,0.0,0.0,0.0
276.0,3.0,582.0,4.0,1,126.0,0.0,0.0,0.0
190.0,4.0,253.0,4.0,1,263.0,0.0,0.0,0.0
182.0,3.0,593.0,4.0,1,544.0,0.0,0.0,0.0
258.0,4.0,637.0,4.0,1,55.0,0.0,0.0,0.0
19.5,2.5,974.0,4.5,1,350.0,0.0,0.0,0.0
25.0,1.0,423.0,0.0,1,0.0,6.0,0.0,0.0
4.0,4.0,115.0,2.0,0,1145.0,22.5,0.0,0.0
48.0,2.0,134.0,4.0,1,132.0,10.625,4.0,0.0
575.5,2.0,1187.0,4.0,1,2795.0,0.0,0.0,0.0
28.5,2.5,331.0,4.0,1,106.0,0.0,0.0,0.0
228.0,3.0,294.0,4.0,1,203.0,0.0,0.0,0.0
1504.0,27.0,1715.0,5.0,1,763.0,0.0,0.0,0.0
228.5,2.0,755.0,4.0,1,804.0,0.0,0.0,0.0
67.0,2.0,713.0,4.0,1,120.0,0.0,0.0,0.0
181.5,4.0,1051.0,4.0,1,297.0,0.0,0.0,0.0
554.0,4.0,233.0,4.0,1,409.0,0.0,0.0,0.0
1116.0,6.0,900.0,4.0,1,2630.0,0.0,0.0,0.0
142.0,2.0,82.0,4.0,1,172.0,0.0,0.0,0.0
122.0,3.0,620.0,4.5,1,13.0,0.0,0.0,0.0
325.0,2.0,203.0,4.0,1,44.0,0.0,0.0,0.0
115.0,2.5,700.0,4.0,1,771.0,0.0,0.0,0.0
92.5,6.0,221.0,4.0,1,163.0,0.0,0.0,0.0
152.0,1.0,274.0,4.0,1,39.0,0.0,0.0,0.0
99.0,1.0,372.0,4.0,1,582.0,0.0,0.0,0.0
813.5,9.0,1153.0,5.0,1,1418.0,0.0,0.0,0.0
81.5,2.0,170.0,4.0,1,313.0,11.0,0.0,0.0
306.0,5.0,329.0,4.0,1,354.0,0.0,0.0,0.0
1485.0,13.0,499.0,4.0,1,1299.0,0.0,0.0,0.0
459.5,4.0,332.0,4.0,1,832.0,0.0,0.0,0.0
610.5,6.0,841.0,4.0,1,1807.0,0.0,0.0,0.0
317.0,2.5,100.0,4.0,1,353.0,0.0,0.0,0.0
6.5,1.0,192.0,0.0,1,1.0,0.0,0.0,0.0
14.0,6.5,802.0,2.0,1,1472.0,0.0,0.0,0.0
8.0,15.75,477.0,0.0,1,969.0,37.0,0.0,0.0
709.0,5.0,834.0,4.0,1,1790.0,0.0,0.0,0.0
974.0,7.5,97.0,4.0,1,366.0,0.0,0.0,0.0
714.0,22.0,668.0,5.0,1,1496.0,0.0,0.0,0.0
258.0,6.0,892.0,4.0,1,101.0,0.0,0.0,0.0
295.0,2.5,953.0,4.0,1,534.0,0.0,0.0,0.0
408.0,6.0,300.0,0.0,1,344.0,0.0,0.0,0.0
1270.0,18.5,1406.0,5.0,1,311.0,0.0,0.0,0.0
308.0,3.0,281.0,4.0,1,463.0,0.0,0.0,0.0
446.0,6.0,311.0,4.0,1,286.0,0.0,0.0,0.0
396.0,8.0,203.0,4.0,1,520.0,0.0,0.0,0.0
222.0,2.0,367.0,4.0,1,20.0,0.0,0.0,0.0
23.0,1.5,992.0,4.0,1,166.0,0.0,0.0,0.0
596.0,3.0,260.0,4.0,1,833.0,0.0,0.0,0.0
950.0,10.5,1247.0,4.0,1,2265.0,0.0,0.0,0.0
959.0,16.5,1624.0,5.0,1,740.0,0.0,0.0,0.0
168.0,2.0,177.0,4.0,1,0.0,0.0,0.0,0.0
704.0,7.0,1066.0,4.0,1,1471.0,0.0,0.0,0.0
183.0,3.0,381.0,4.0,1,98.0,0.0,0.0,0.0
401.0,5.5,560.0,0.0,1,49.0,0.0,0.0,0.0
262.0,6.5,713.0,4.0,1,613.0,0.0,0.0,0.0
277.0,2.0,232.0,2.5,1,14.0,0.0,0.0,0.0
1044.5,11.0,486.0,5.0,1,851.0,0.0,0.0,0.0
618.0,5.0,617.0,2.0,1,1326.0,0.0,0.0,0.0
759.25,12.333333333333334,398.0,5.0,1,3008.0,0.0,0.0,0.0
599.5,5.5,973.0,5.0,1,1514.0,0.0,0.0,0.0
468.0,7.5,531.0,4.0,1,219.0,0.0,0.0,0.0
333.0,7.0,357.0,4.0,1,72.0,0.0,0.0,0.0
608.0,6.0,1035.0,4.0,1,1927.0,0.0,0.0,0.0
605.0,3.0,745.0,4.0,1,874.0,0.0,0.0,0.0
1460.0,20.0,2034.0,4.0,1,416.0,0.0,0.0,0.0
843.0,23.0,916.0,5.0,1,1122.0,0.0,0.0,0.0
581.5,9.0,819.0,2.0,1,667.0,0.0,0.0,0.0
133.5,8.5,695.0,4.0,1,299.0,0.0,0.0,0.0
301.25,7.5,178.0,4.0,1,326.0,0.0,0.0,0.0
5.0,3.5,656.0,4.0,1,372.0,0.0,0.0,0.0
36.0,2.0,1004.0,4.0,0,334.0,30.0,0.0,0.0
1137.0,9.0,865.0,4.0,1,2716.0,0.0,0.0,0.0
196.66666666666663,2.0,470.0,4.0,1,203.0,0.0,0.0,0.0
317.0,5.0,345.0,4.0,1,660.0,0.0,0.0,0.0
249.0,4.0,278.0,4.0,1,73.0,0.0,0.0,0.0
386.0,7.0,704.0,4.0,1,969.0,0.0,0.0,0.0
1366.5,17.0,2230.0,4.0,1,919.0,0.0,0.0,0.0
23.5,1.5,344.0,0.0,1,29.0,0.0,0.0,0.0
593.75,5.0,242.0,4.0,1,789.0,0.0,0.0,0.0
10.5,7.5,194.0,2.0,1,1047.0,0.0,0.0,0.0
958.5,21.0,2447.0,2.5,1,501.0,0.0,0.0,0.0
248.0,3.0,516.0,4.0,1,298.0,0.0,0.0,0.0
1367.5,9.0,630.0,4.0,1,582.0,0.0,0.0,0.0
633.0,3.0,471.0,4.0,1,667.0,0.0,0.0,0.0
449.6666666666667,5.5,505.0,4.0,1,268.0,0.0,0.0,0.0
789.5,6.5,1117.0,4.0,1,569.0,0.0,0.0,0.0
307.0,5.0,822.0,4.0,1,316.0,0.0,0.0,0.0
69.5,2.0,864.0,4.0,1,343.0,0.0,0.0,0.0
109.0,3.0,408.0,3.0,1,438.0,15.0,2.0,0.0
832.75,5.5,1983.0,4.5,1,2364.0,0.0,0.0,0.0
1310.0,10.0,1308.0,5.0,1,208.0,0.0,0.0,0.0
54.5,3.0,95.0,4.0,1,431.0,0.0,0.0,0.0
30.0,4.0,542.0,4.0,1,432.0,22.33333333333333,0.0,0.0
439.0,3.0,0.0,4.0,1,202.0,0.0,0.0,0.0
1822.0,26.0,1502.0,0.0,1,227.0,0.0,0.0,0.0
109.0,4.0,630.0,4.0,1,374.0,0.0,0.0,0.0
293.0,2.5,60.0,4.0,1,621.0,0.0,0.0,0.0
568.0,7.333333333333333,118.0,4.0,1,1056.0,0.0,0.0,0.0
517.0,3.5,180.0,4.0,1,449.0,0.0,0.0,0.0
346.25,8.0,317.0,4.0,1,461.0,0.0,0.0,0.0
354.0,4.0,262.0,4.0,1,155.0,0.0,0.0,0.0
101.0,4.5,867.0,4.0,1,697.0,0.0,0.0,0.0
28.0,1.0,234.0,4.0,1,496.0,0.0,0.0,0.0
290.0,5.5,1155.0,4.0,1,778.0,0.0,0.0,0.0
526.0,25.0,449.0,5.0,1,1641.0,0.0,0.0,0.0
599.0,3.5,67.0,4.0,1,269.0,0.0,0.0,0.0
97.66666666666669,2.0,586.0,4.0,1,303.0,6.2,1.0,0.0
707.0,11.0,565.0,5.0,1,1243.0,0.0,0.0,0.0
233.0,3.0,1150.0,4.0,1,316.0,0.0,0.0,0.0
166.0,5.0,1081.0,4.0,1,610.0,0.0,0.0,0.0
185.0,6.0,1143.0,4.0,1,784.0,0.0,0.0,0.0
506.0,5.0,464.0,4.0,1,156.0,0.0,0.0,0.0
964.0,15.0,2012.0,5.0,1,24.0,0.0,0.0,0.0
1112.0,20.0,2049.0,5.0,1,448.0,0.0,0.0,0.0
285.5,3.0,518.0,4.0,1,130.0,0.0,0.0,0.0
60.0,8.0,532.0,4.0,1,257.0,0.0,0.0,0.0
36.0,2.0,1271.0,4.0,1,106.0,16.0,1.0,0.0
558.0,6.0,213.0,5.0,1,1913.0,0.0,0.0,0.0
975.0,9.5,168.0,4.0,1,509.0,0.0,0.0,0.0
23.0,0.5,586.0,4.0,0,673.0,22.5,1.0,0.0
795.0,11.0,786.0,4.0,1,2193.0,0.0,0.0,0.0
356.0,12.333333333333334,542.0,4.0,1,707.0,0.0,0.0,0.0
327.0,7.0,776.0,4.0,1,298.0,0.0,0.0,0.0
287.0,2.0,429.0,4.0,1,303.0,0.0,0.0,0.0
398.25,4.5,725.0,4.0,1,124.0,0.0,0.0,0.0
15.0,5.0,256.0,4.0,1,57.0,0.0,0.0,0.0
185.0,3.75,279.0,4.0,1,135.0,17.0,0.0,0.0
1234.0,11.0,1717.0,4.0,1,930.0,0.0,0.0,0.0
345.0,6.5,354.0,4.0,1,625.0,0.0,0.0,0.0
952.75,25.0,1803.0,4.0,1,1005.0,0.0,0.0,0.0
770.75,9.0,1731.0,4.0,1,2433.0,0.0,0.0,0.0
478.0,7.0,225.0,4.0,1,102.0,0.0,0.0,0.0
79.0,1.0,1177.0,2.0,1,36.0,15.0,1.0,0.0
510.0,5.5,442.0,4.0,1,220.0,0.0,0.0,0.0
89.5,2.0,1213.0,4.0,0,370.0,0.0,0.0,0.0
504.0,4.0,203.0,4.0,1,238.0,0.0,0.0,0.0
358.0,3.5,452.0,4.0,1,268.0,0.0,0.0,0.0
316.5,4.5,1178.0,4.0,1,888.0,0.0,0.0,0.0
619.0,8.5,1009.0,4.0,1,931.0,0.0,0.0,0.0
334.5,3.5,368.0,4.0,1,491.0,0.0,0.0,0.0
137.0,2.5,827.0,4.0,1,149.0,0.0,0.0,0.0
57.0,4.0,163.0,4.0,1,351.0,0.0,0.0,0.0
1075.5,3.5,1801.0,4.0,1,3666.0,0.0,0.0,0.0
282.0,8.0,321.0,4.0,1,354.0,0.0,0.0,0.0
82.0,3.0,1280.0,4.0,0,99.0,0.0,0.0,0.0
298.0,5.5,397.0,4.0,1,163.0,0.0,0.0,0.0
57.0,3.0,214.0,4.0,1,277.0,0.0,0.0,0.0
650.5,9.0,412.0,4.0,1,629.0,0.0,0.0,0.0
68.0,1.5,852.0,4.0,0,631.0,13.5,2.0,0.0
28.0,1.5,465.0,3.5,1,29.0,0.0,0.0,0.0
19.5,0.0,217.0,4.0,0,822.0,0.0,0.0,0.0
1117.0,30.5,203.0,5.0,1,575.0,0.0,0.0,0.0
218.0,3.0,156.0,4.0,1,106.0,0.0,0.0,0.0
185.0,12.5,79.0,4.0,1,697.0,0.0,0.0,0.0
467.75,4.0,182.0,4.0,1,370.0,0.0,0.0,0.0
456.5,4.0,197.0,4.0,1,1550.0,0.0,0.0,0.0
420.5,6.0,341.0,4.0,1,351.0,0.0,0.0,0.0
795.0,14.0,1609.0,4.0,1,1578.0,0.0,0.0,0.0
464.0,5.0,626.0,4.0,1,910.0,0.0,0.0,0.0
274.0,3.5,170.0,4.0,1,288.0,0.0,0.0,0.0
68.0,3.0,707.0,4.0,1,658.0,11.333333333333334,1.0,0.0
685.0,5.0,924.0,4.0,1,1315.0,0.0,0.0,0.0
529.0,5.0,765.0,4.0,1,543.0,0.0,0.0,0.0
40.75,3.0,555.0,3.5,1,273.0,0.0,0.0,0.0
49.0,3.0,435.0,4.0,1,300.0,0.0,0.0,0.0
203.5,3.0,126.0,4.0,1,180.0,0.0,0.0,0.0
450.0,3.0,188.0,4.0,1,395.0,0.0,0.0,0.0
593.0,4.0,350.0,4.0,1,1051.0,0.0,0.0,0.0
48.0,3.0,871.0,4.0,1,98.0,10.857142857142858,7.0,0.0
374.0,9.0,540.0,4.0,1,290.0,0.0,0.0,0.0
276.0,4.0,299.0,4.0,1,1019.0,0.0,0.0,0.0
1156.0,16.0,1869.0,4.0,1,1452.0,0.0,0.0,0.0
332.0,6.0,422.0,4.0,1,252.0,0.0,0.0,0.0
455.5,4.0,136.0,4.0,1,363.0,0.0,0.0,0.0
538.0,4.666666666666667,126.0,4.0,1,179.0,0.0,0.0,0.0
195.5,3.0,328.0,4.0,1,153.0,0.0,0.0,0.0
892.5,14.5,2043.0,4.0,1,3321.0,0.0,0.0,0.0
442.5,3.0,199.0,4.0,1,1463.0,0.0,0.0,0.0
928.5,10.0,2026.0,5.0,1,4323.0,0.0,0.0,0.0
43.0,4.0,371.0,4.0,0,738.0,20.0,1.0,0.0
302.0,8.0,706.0,4.0,1,158.0,0.0,0.0,0.0
582.0,5.0,259.0,4.0,1,1857.0,0.0,0.0,0.0
381.0,4.5,677.0,4.0,1,174.0,0.0,0.0,0.0
1700.0,24.0,583.0,4.0,1,597.0,0.0,0.0,0.0
5.5,2.5,689.0,5.0,1,637.0,0.0,0.0,0.0
649.0,10.0,533.0,4.0,1,1009.0,0.0,0.0,0.0
32.0,3.0,333.0,4.0,0,388.0,0.0,0.0,0.0
795.0,10.0,834.0,4.0,1,933.0,0.0,0.0,0.0
1532.0,10.0,1155.0,5.0,1,20.0,0.0,0.0,0.0
1423.0,17.0,568.0,4.0,1,1121.0,0.0,0.0,0.0
438.0,6.0,554.0,4.0,1,107.0,0.0,0.0,0.0
88.66666666666667,2.0,1097.0,4.0,1,285.0,0.0,0.0,0.0
225.0,5.0,644.0,4.0,1,271.0,0.0,0.0,0.0
795.0,13.0,1914.0,4.0,1,2003.0,0.0,0.0,0.0
104.0,1.0,510.0,4.0,0,375.0,15.0,2.0,0.0
827.0,12.0,1722.0,4.0,1,2043.0,0.0,0.0,0.0
192.5,3.0,295.0,4.0,1,121.0,0.0,0.0,0.0
430.0,4.0,336.0,4.0,1,240.0,0.0,0.0,0.0
512.0,5.0,614.0,2.0,1,374.0,0.0,0.0,0.0
103.5,4.5,638.0,2.0,1,31.0,0.0,0.0,0.0
257.5,8.5,227.0,4.0,1,896.0,0.0,0.0,0.0
1189.5,9.666666666666666,630.0,4.0,1,1235.0,0.0,0.0,0.0
1048.25,13.0,1769.0,4.0,1,1791.0,0.0,0.0,0.0
690.0,7.0,1034.0,4.0,1,1424.0,0.0,0.0,0.0
372.0,13.0,414.0,4.0,1,650.0,0.0,0.0,0.0
449.0,6.0,131.0,4.0,1,502.0,0.0,0.0,0.0
576.5,3.5,377.0,5.0,1,1685.0,0.0,0.0,0.0
67.0,6.5,939.0,4.0,1,436.0,0.0,0.0,0.0
260.75,3.0,489.0,4.0,1,586.0,0.0,0.0,0.0
29.0,2.0,237.0,4.0,0,258.0,10.0,5.0,0.0
303.0,4.0,403.0,4.0,1,647.0,0.0,0.0,0.0
1251.0,9.0,1236.0,4.0,1,2556.0,0.0,0.0,0.0
883.0,7.5,2347.0,4.0,1,3541.0,0.0,0.0,0.0
443.0,5.0,137.0,4.0,1,456.0,0.0,0.0,0.0
487.0,3.0,204.0,4.0,1,484.0,0.0,0.0,0.0
151.5,3.0,543.0,4.0,1,119.0,0.0,0.0,0.0
322.5,3.0,279.0,4.0,1,286.0,0.0,0.0,0.0
65.0,2.0,345.0,4.0,0,464.0,0.0,0.0,0.0
265.0,2.5,972.0,4.0,1,74.0,0.0,0.0,0.0
641.0,5.0,707.0,4.0,1,1463.0,0.0,0.0,0.0
210.0,3.5,572.0,4.0,1,63.0,0.0,0.0,0.0
148.25,2.0,81.0,4.0,1,66.0,0.0,0.0,0.0
630.0,11.0,1014.0,5.0,1,1538.0,0.0,0.0,0.0
10.5,2.0,1207.0,2.0,0,234.0,13.0,1.0,0.0
7.0,2.0,759.0,0.0,0,1201.0,0.0,0.0,0.0
307.0,5.0,793.0,4.0,1,341.0,0.0,0.0,0.0
542.0,2.0,634.0,5.0,1,1269.0,0.0,0.0,0.0
19.25,3.0,86.0,4.0,1,997.0,0.0,0.0,0.0
688.5,8.0,917.0,4.5,1,10.0,0.0,0.0,0.0
958.5,14.0,417.0,5.0,1,876.0,0.0,0.0,0.0
212.0,2.0,511.0,4.0,1,68.0,0.0,0.0,0.0
304.5,5.0,426.0,2.0,1,197.0,0.0,0.0,0.0
623.0,4.5,418.0,4.0,1,604.0,0.0,0.0,0.0
1303.0,12.0,895.0,5.0,1,2232.0,0.0,0.0,0.0
141.0,4.0,886.0,4.0,1,254.0,0.0,0.0,0.0
57.0,3.0,369.0,4.0,1,239.0,0.0,0.0,0.0
285.0,3.0,388.0,4.0,1,613.0,0.0,0.0,0.0
45.0,2.0,282.0,5.0,1,24.0,0.0,0.0,0.0
1400.0,15.5,1827.0,4.0,1,392.0,0.0,0.0,0.0
115.0,1.0,518.0,4.0,1,389.0,25.0,0.0,0.0
104.5,2.0,310.0,4.0,1,204.0,17.0,0.0,0.0
324.0,5.0,543.0,4.0,1,120.0,0.0,0.0,0.0
177.0,3.0,884.0,4.0,1,134.0,0.0,0.0,0.0
251.0,2.0,358.0,4.0,1,992.0,0.0,0.0,0.0
404.5,3.0,256.0,4.0,1,822.0,0.0,0.0,0.0
30.0,2.0,598.0,4.0,1,646.0,0.0,0.0,0.0
579.0,6.0,248.0,4.0,1,275.0,0.0,0.0,0.0
54.5,2.0,246.0,4.0,1,63.0,7.25,3.0,0.0
75.0,1.0,663.0,4.0,1,207.0,0.0,0.0,0.0
1285.5,13.25,1957.0,4.0,1,949.0,0.0,0.0,0.0
24.0,1.5,736.0,4.0,1,627.0,0.0,0.0,0.0
70.0,3.0,439.0,4.0,1,488.0,30.0,0.0,0.0
366.0,2.0,699.0,4.0,1,460.0,0.0,0.0,0.0
125.0,2.0,369.0,4.0,1,270.0,0.0,0.0,0.0
792.75,6.666666666666667,1693.0,4.0,1,2638.0,0.0,0.0,0.0
668.0,6.5,738.0,4.0,1,1607.0,0.0,0.0,0.0
506.0,16.0,634.0,4.0,1,221.0,0.0,0.0,0.0
727.5,5.5,1419.0,4.0,1,2189.0,0.0,0.0,0.0
1138.5,6.5,1206.0,4.0,1,3051.0,0.0,0.0,0.0
439.0,4.5,282.0,4.0,1,861.0,0.0,0.0,0.0
723.0,11.0,1471.0,4.0,1,1643.0,0.0,0.0,0.0
62.5,8.5,302.0,4.0,1,1088.0,0.0,0.0,0.0
550.0,16.0,522.0,5.0,1,1999.0,0.0,0.0,0.0
787.5,21.0,726.0,5.0,1,748.0,0.0,0.0,0.0
22.0,2.0,270.0,4.0,1,28.0,17.0,0.0,0.0
24.0,3.0,771.0,4.0,1,699.0,0.0,0.0,0.0
1078.0,12.5,573.0,4.0,1,2098.0,0.0,0.0,0.0
330.25,2.5,214.0,4.0,1,135.0,31.0,0.0,0.0
49.0,1.0,239.0,2.0,1,6.0,0.0,0.0,0.0
621.0,8.0,829.0,4.0,1,1194.0,0.0,0.0,0.0
43.0,1.0,783.0,4.0,1,474.0,0.0,0.0,0.0
411.5,4.0,131.0,4.0,1,387.0,0.0,0.0,0.0
1296.0,17.5,952.0,4.0,1,483.0,0.0,0.0,0.0
49.0,2.0,867.0,2.0,1,9.0,0.0,0.0,0.0
150.0,2.0,355.0,4.0,1,157.0,0.0,0.0,0.0
98.0,2.0,910.0,4.0,0,871.0,0.0,0.0,0.0
270.0,5.5,268.0,4.0,1,66.0,0.0,0.0,0.0
257.0,3.0,287.0,4.0,1,228.0,0.0,0.0,0.0
803.5,18.0,272.0,5.0,1,2956.0,0.0,0.0,0.0
181.5,14.0,70.0,4.0,1,665.0,0.0,0.0,0.0
350.0,5.0,179.0,4.0,1,326.0,0.0,0.0,0.0
522.0,2.5,618.0,4.0,1,782.0,0.0,0.0,0.0
245.0,5.0,932.0,4.0,1,458.0,0.0,0.0,0.0
79.5,2.0,96.0,2.0,1,32.0,0.0,0.0,0.0
594.0,5.0,26.0,4.0,1,510.0,0.0,0.0,0.0
611.5,5.0,258.0,4.0,1,1236.0,0.0,0.0,0.0
216.5,2.5,129.0,4.0,1,228.0,0.0,0.0,0.0
537.5,4.5,246.0,4.0,1,408.0,0.0,0.0,0.0
323.0,3.0,101.0,4.0,1,377.0,0.0,0.0,0.0
120.0,1.0,461.0,4.0,1,342.0,0.0,0.0,0.0
270.0,2.5,167.0,4.0,1,355.0,0.0,0.0,0.0
55.5,2.0,440.0,4.0,1,262.0,10.25,3.0,0.0
220.0,6.0,1023.0,4.0,1,772.0,0.0,0.0,0.0
894.0,15.0,1948.0,4.0,1,2336.0,0.0,0.0,0.0
299.0,7.0,463.0,4.0,1,654.0,0.0,0.0,0.0
237.0,4.0,653.0,4.0,1,71.0,0.0,0.0,0.0
881.0,9.0,1356.0,5.0,1,1729.0,0.0,0.0,0.0
119.0,1.5,402.0,4.0,1,323.0,0.0,0.0,0.0
1132.0,7.0,292.0,4.0,1,1692.0,0.0,0.0,0.0
246.5,3.0,878.0,4.0,1,225.0,0.0,0.0,0.0
114.0,4.0,194.0,4.0,1,337.0,0.0,0.0,0.0
20.0,3.0,663.0,4.0,1,177.0,32.0,0.0,0.0
419.0,4.0,358.0,4.0,1,309.0,0.0,0.0,0.0
894.0,4.5,789.0,4.0,1,399.0,0.0,0.0,0.0
88.5,4.666666666666667,1045.0,4.0,1,238.0,0.0,0.0,0.0
88.0,3.0,500.0,4.0,1,118.0,0.0,0.0,0.0
35.0,2.0,1068.0,4.5,1,387.0,12.5,2.0,0.0
303.0,8.5,607.0,4.0,1,476.0,0.0,0.0,0.0
491.0,5.0,275.0,4.0,1,132.0,0.0,0.0,0.0
415.0,3.0,703.0,4.0,1,269.0,0.0,0.0,0.0
245.5,4.0,590.0,2.0,1,64.0,0.0,0.0,0.0
274.0,3.0,156.0,4.0,1,408.0,0.0,0.0,0.0
632.0,6.0,620.0,4.0,1,597.0,0.0,0.0,0.0
80.0,3.0,1020.0,4.0,0,553.0,15.0,1.0,0.0
59.5,10.0,420.0,4.0,1,490.0,0.0,0.0,0.0
92.0,2.0,555.0,4.0,1,577.0,0.0,0.0,0.0
32.0,1.0,460.0,4.0,1,239.0,0.0,0.0,0.0
591.0,2.0,825.0,4.0,1,2314.0,0.0,0.0,0.0
109.0,4.0,790.0,4.0,1,350.0,0.0,0.0,0.0
125.0,5.0,493.0,4.0,1,360.0,0.0,0.0,0.0
306.0,4.5,97.0,4.0,1,333.0,0.0,0.0,0.0
1100.0,13.0,876.0,4.0,1,1257.0,0.0,0.0,0.0
59.0,2.0,363.0,4.0,1,303.0,0.0,0.0,0.0
226.5,4.0,660.0,4.0,1,18.0,0.0,0.0,0.0
342.5,2.0,210.0,4.0,1,983.0,0.0,0.0,0.0
89.0,2.0,802.0,4.0,1,449.0,0.0,0.0,0.0
976.0,14.0,1718.0,5.0,1,3780.0,0.0,0.0,0.0
517.0,6.0,210.0,4.0,1,535.0,0.0,0.0,0.0
842.5,7.0,931.0,4.0,1,3529.0,0.0,0.0,0.0
227.0,3.5,301.0,4.0,1,106.0,0.0,0.0,0.0
581.0,3.0,1517.0,4.0,1,2728.0,0.0,0.0,0.0
506.5,7.0,560.0,4.0,1,324.0,0.0,0.0,0.0
112.0,3.0,558.0,1.5,1,27.0,0.0,0.0,0.0
177.0,2.0,281.0,4.0,1,137.0,0.0,0.0,0.0
534.0,20.0,653.0,4.5,1,1755.0,0.0,0.0,0.0
598.0,4.5,268.0,4.0,1,738.0,0.0,0.0,0.0
394.0,6.0,182.0,4.0,1,464.0,0.0,0.0,0.0
147.5,3.0,831.0,4.0,1,492.0,0.0,0.0,0.0
622.5,5.5,1346.0,4.0,1,2347.0,0.0,0.0,0.0
81.0,2.5,337.0,4.0,1,322.0,0.0,0.0,0.0
86.0,5.0,696.0,3.5,1,800.0,0.0,0.0,0.0
1262.5,13.0,2499.0,4.0,1,1417.0,0.0,0.0,0.0
43.0,1.5,417.0,4.0,1,108.0,15.0,2.0,0.0
208.0,6.0,89.0,4.0,1,148.0,0.0,0.0,0.0
410.0,4.0,124.0,4.0,1,590.0,0.0,0.0,0.0
78.5,2.0,500.0,4.0,1,124.0,0.0,0.0,0.0
443.0,3.0,97.0,4.0,1,673.0,0.0,0.0,0.0
104.0,4.0,999.0,4.0,1,124.0,0.0,0.0,0.0
1802.5,26.0,1502.0,0.0,1,219.0,0.0,0.0,0.0
1504.0,27.0,1849.0,4.5,1,897.0,0.0,0.0,0.0
550.0,20.5,737.0,4.0,1,1103.0,0.0,0.0,0.0
652.5,6.5,363.0,4.0,1,903.0,0.0,0.0,0.0
1236.0,7.5,845.0,4.0,1,2521.0,0.0,0.0,0.0
989.0,12.0,1390.0,4.5,1,1005.0,0.0,0.0,0.0
410.5,4.0,145.0,4.0,1,513.0,0.0,0.0,0.0
981.5,13.5,1166.0,4.5,1,1562.0,0.0,0.0,0.0
213.5,5.0,907.0,4.0,1,368.0,0.0,0.0,0.0
155.5,3.0,946.0,4.0,0,451.0,20.0,1.0,0.0
366.5,5.5,61.0,4.0,1,483.0,0.0,0.0,0.0
480.5,7.0,253.0,4.0,1,248.0,0.0,0.0,0.0
1522.0,9.0,855.0,4.0,1,1688.0,0.0,0.0,0.0
433.5,7.0,457.0,4.0,1,525.0,0.0,0.0,0.0
612.0,11.0,452.0,4.0,1,1298.0,0.0,0.0,0.0
32.0,1.5,598.0,4.0,1,523.0,0.0,0.0,0.0
1683.5,27.0,1437.0,5.0,1,263.0,0.0,0.0,0.0
200.0,3.0,773.0,4.0,1,97.0,0.0,0.0,0.0
582.0,6.0,641.0,0.0,1,656.0,0.0,0.0,0.0
225.5,4.0,301.0,4.0,1,271.0,0.0,0.0,0.0
535.5,6.5,347.0,5.0,1,1823.0,0.0,0.0,0.0
475.0,5.0,151.0,4.0,1,583.0,0.0,0.0,0.0
300.0,4.0,788.0,4.0,1,473.0,0.0,0.0,0.0
53.0,4.0,506.0,4.0,1,461.0,0.0,0.0,0.0
540.0,4.0,501.0,2.0,1,702.0,0.0,0.0,0.0
23.0,1.0,890.0,4.0,0,679.0,0.0,0.0,0.0
77.5,2.0,332.0,4.0,1,596.0,0.0,0.0,0.0
324.0,6.5,374.0,4.0,1,657.0,0.0,0.0,0.0
1026.0,19.0,1765.0,5.0,1,227.0,0.0,0.0,0.0
458.0,4.0,240.0,4.0,1,1110.0,0.0,0.0,0.0
878.0,19.0,835.0,5.0,1,1128.0,0.0,0.0,0.0
695.0,6.0,852.0,4.0,1,1429.0,0.0,0.0,0.0
169.0,2.5,367.0,4.0,1,278.0,15.0,2.0,0.0
500.0,4.0,847.0,4.0,1,403.0,0.0,0.0,0.0
436.0,5.0,410.0,2.0,1,60.0,0.0,0.0,0.0
987.0,13.0,2222.0,4.0,1,4368.0,0.0,0.0,0.0
208.0,3.5,116.0,4.0,1,75.0,0.0,0.0,0.0
15.0,12.0,574.0,4.0,1,613.0,0.0,0.0,0.0
347.0,7.0,735.0,4.0,1,615.0,0.0,0.0,0.0
1384.5,19.0,2004.0,4.0,1,1023.0,0.0,0.0,0.0
606.0,3.0,1349.0,4.0,1,2312.0,0.0,0.0,0.0
3.0,8.5,348.0,2.0,0,205.0,14.875,3.0,0.0
506.0,10.0,468.0,4.0,1,309.0,0.0,0.0,0.0
504.0,4.0,227.0,4.0,1,206.0,0.0,0.0,0.0
36.0,5.0,566.0,4.0,1,120.0,0.0,0.0,0.0
801.5,8.5,1130.0,5.0,1,1360.0,0.0,0.0,0.0
291.0,2.0,207.0,4.0,1,577.0,0.0,0.0,0.0
214.0,4.0,344.0,4.0,1,169.0,0.0,0.0,0.0
1275.0,10.5,1454.0,5.0,1,347.0,0.0,0.0,0.0
100.5,1.5,126.0,4.0,1,61.0,14.0,0.0,0.0
996.6666666666666,18.0,616.0,5.0,1,1039.0,0.0,0.0,0.0
131.5,3.5,398.0,4.0,1,270.0,15.0,1.0,0.0
422.0,5.0,602.0,4.0,1,174.0,0.0,0.0,0.0
1259.25,22.0,948.0,5.0,1,1864.0,0.0,0.0,0.0
216.0,4.0,286.0,4.0,1,151.0,0.0,0.0,0.0
505.5,7.5,78.0,4.0,1,171.0,0.0,0.0,0.0
339.5,4.5,391.0,4.0,1,672.0,0.0,0.0,0.0
556.0,8.333333333333334,343.0,4.0,1,815.0,0.0,0.0,0.0
261.0,4.0,978.0,4.0,1,35.0,0.0,0.0,0.0
131.0,2.5,384.0,4.0,1,205.0,0.0,0.0,0.0
338.0,6.0,197.0,4.0,1,83.0,0.0,0.0,0.0
85.5,4.5,880.0,2.0,1,27.0,0.0,0.0,0.0
588.0,5.0,540.0,4.0,1,740.0,0.0,0.0,0.0
1641.5,16.0,677.0,4.0,1,424.0,0.0,0.0,0.0
460.75,4.0,285.0,4.0,1,683.0,0.0,0.0,0.0
275.5,3.0,586.0,4.0,1,863.0,0.0,0.0,0.0
148.0,4.0,811.0,4.0,1,93.0,0.0,0.0,0.0
173.0,6.0,489.0,4.0,1,196.0,0.0,0.0,0.0
171.0,3.5,445.0,4.0,1,232.0,0.0,0.0,0.0
882.75,19.5,1833.0,4.0,1,114.0,0.0,0.0,0.0
75.0,1.0,674.0,4.0,1,775.0,0.0,0.0,0.0
1047.5,11.0,822.0,4.0,1,1815.0,0.0,0.0,0.0
387.5,3.0,186.0,4.0,1,761.0,0.0,0.0,0.0
9.0,1.0,825.0,4.0,1,346.0,10.0,1.0,0.0
276.0,3.0,1211.0,4.0,1,26.0,0.0,0.0,0.0
63.5,1.5,718.0,4.0,1,379.0,24.33333333333333,2.0,0.0
81.5,1.0,491.0,4.0,1,118.0,0.0,0.0,0.0
200.0,2.5,735.0,4.0,1,95.0,0.0,0.0,0.0
469.0,4.5,499.0,4.0,1,108.0,0.0,0.0,0.0
936.0,18.0,1970.0,4.0,1,1517.0,0.0,0.0,0.0
1218.0,29.0,1519.0,5.0,1,125.0,0.0,0.0,0.0
62.0,1.5,989.0,4.0,1,349.0,15.0,1.0,0.0
1222.25,13.0,1144.0,4.0,1,657.0,0.0,0.0,0.0
802.0,8.0,1272.0,4.0,1,409.0,0.0,0.0,0.0
293.0,1.0,0.0,4.0,1,123.0,0.0,0.0,0.0
442.0,5.5,431.0,4.0,1,557.0,0.0,0.0,0.0
138.0,5.0,461.0,4.0,1,242.0,0.0,0.0,0.0
808.0,9.0,1236.0,4.0,1,385.0,0.0,0.0,0.0
262.0,4.0,870.0,2.0,1,18.0,0.0,0.0,0.0
349.0,4.0,308.0,4.0,1,826.0,0.0,0.0,0.0
9.0,2.0,517.0,4.0,1,302.0,16.0,2.0,0.0
103.0,1.0,571.0,4.0,0,1019.0,0.0,0.0,0.0
24.0,1.5,646.0,4.0,1,510.0,0.0,0.0,0.0
1291.0,12.0,2410.0,4.0,1,1338.0,0.0,0.0,0.0
776.0,4.0,867.0,4.0,1,2013.0,0.0,0.0,0.0
211.75,4.0,544.0,4.0,1,83.0,0.0,0.0,0.0
143.0,2.0,702.0,4.0,1,0.0,0.0,0.0,0.0
872.0,6.0,1439.0,4.0,1,3903.0,0.0,0.0,0.0
426.5,3.5,164.0,4.0,1,271.0,0.0,0.0,0.0
1381.0,18.0,2029.0,4.0,1,734.0,0.0,0.0,0.0
163.0,4.0,280.0,4.0,1,190.0,0.0,0.0,0.0
496.0,3.0,289.0,4.0,1,531.0,0.0,0.0,0.0
109.0,3.0,12.0,4.5,1,91.0,0.0,0.0,0.0
513.5,3.5,155.0,4.0,1,33.0,0.0,0.0,0.0
7.0,2.0,860.0,4.0,0,100.0,9.555555555555555,2.0,0.0
723.0,16.0,586.0,5.0,1,535.0,0.0,0.0,0.0
616.25,7.0,427.0,4.0,1,916.0,0.0,0.0,0.0
179.0,2.5,411.0,2.0,1,0.0,0.0,0.0,0.0
84.0,4.0,1.0,4.0,1,811.0,0.0,0.0,0.0
96.5,3.0,336.0,4.0,1,70.0,0.0,0.0,0.0
509.0,6.0,509.0,4.0,1,1492.0,0.0,0.0,0.0
267.5,6.0,308.0,4.0,1,63.0,0.0,0.0,0.0
1395.0,11.5,510.0,4.0,1,643.0,0.0,0.0,0.0
244.0,3.0,885.0,4.0,1,176.0,0.0,0.0,0.0
220.0,2.0,411.0,4.0,1,140.0,0.0,0.0,0.0
50.0,2.0,848.0,4.0,1,76.0,17.5,2.0,0.0
472.0,8.5,512.0,4.0,1,461.0,0.0,0.0,0.0
788.0,12.5,1249.0,4.0,1,951.0,0.0,0.0,0.0
788.5,13.0,1611.0,4.5,1,1201.0,0.0,0.0,0.0
722.0,7.5,1544.0,0.0,1,1554.0,0.0,0.0,0.0
706.5,6.5,316.0,4.0,1,470.0,0.0,0.0,0.0
660.0,8.0,627.0,5.0,1,10.0,0.0,0.0,0.0
271.25,4.0,182.0,4.0,1,867.0,0.0,0.0,0.0
1319.0,13.5,2406.0,4.0,1,1286.0,0.0,0.0,0.0
63.0,2.5,499.0,4.0,1,423.0,0.0,0.0,0.0
792.0,4.0,1729.0,2.5,1,2641.0,0.0,0.0,0.0
725.0,6.0,1100.0,4.0,1,1654.0,0.0,0.0,0.0
51.5,2.0,273.0,4.0,1,445.0,10.11111111111111,4.0,0.0
778.0,6.0,1538.0,4.0,1,1380.0,0.0,0.0,0.0
262.0,2.5,319.0,4.0,1,87.0,0.0,0.0,0.0
156.0,1.0,422.0,4.0,1,258.0,0.0,0.0,0.0
659.0,6.0,1048.0,4.0,1,2070.0,0.0,0.0,0.0
343.0,8.0,564.0,4.0,1,744.0,0.0,0.0,0.0
1334.5,30.0,1585.0,5.0,1,631.0,0.0,0.0,0.0
346.5,4.0,836.0,4.0,1,169.0,0.0,0.0,0.0
114.0,4.5,1074.0,4.0,1,232.0,0.0,0.0,0.0
323.75,4.0,124.0,4.0,1,287.0,0.0,0.0,0.0
98.5,2.0,676.0,4.0,1,91.0,13.166666666666666,4.0,0.0
254.0,5.5,186.0,4.0,1,291.0,0.0,0.0,0.0
168.5,7.0,657.0,4.0,1,434.0,0.0,0.0,0.0
280.0,4.0,195.0,4.0,1,294.0,0.0,0.0,0.0
606.5,8.5,530.0,4.0,1,50.0,0.0,0.0,0.0
1093.0,5.5,1067.0,4.0,1,2863.0,0.0,0.0,0.0
22.0,0.5,570.0,4.0,1,941.0,0.0,0.0,0.0
822.0,8.0,1961.0,2.0,1,2809.0,0.0,0.0,0.0
148.5,2.0,224.0,4.0,1,57.0,0.0,0.0,0.0
1292.0,10.0,1447.0,4.0,1,324.0,0.0,0.0,0.0
518.5,7.0,742.0,4.0,1,437.0,0.0,0.0,0.0
91.0,3.0,343.0,4.0,1,280.0,15.0,1.0,0.0
153.5,15.0,142.0,4.0,1,787.0,0.0,0.0,0.0
511.5,5.5,525.0,4.0,1,109.0,0.0,0.0,0.0
64.66666666666667,2.0,1016.0,4.0,1,103.0,0.0,0.0,0.0
211.0,5.0,579.0,4.0,1,267.0,0.0,0.0,0.0
947.0,13.0,1519.0,4.0,1,2745.0,0.0,0.0,0.0
589.0,4.0,754.0,4.0,1,1738.0,0.0,0.0,0.0
570.5,7.0,580.0,4.0,1,622.0,0.0,0.0,0.0
411.25,9.5,240.0,4.0,1,1022.0,0.0,0.0,0.0
106.0,3.0,793.0,4.0,1,305.0,23.0,0.0,0.0
278.75,4.0,1161.0,4.0,1,712.0,0.0,0.0,0.0
587.0,17.0,495.0,4.0,1,642.0,0.0,0.0,0.0
596.5,2.0,149.0,4.0,1,354.0,0.0,0.0,0.0
124.0,3.0,470.0,4.0,1,121.0,0.0,0.0,0.0
58.5,1.0,375.0,4.0,1,117.0,15.75,4.0,0.0
1259.0,8.0,1898.0,4.0,1,1058.0,0.0,0.0,0.0
225.5,4.5,978.0,4.0,1,773.0,0.0,0.0,0.0
321.0,4.0,236.0,4.0,1,17.0,0.0,0.0,0.0
252.5,2.0,330.0,4.0,1,989.0,0.0,0.0,0.0
536.0,2.5,258.0,4.0,1,325.0,0.0,0.0,0.0
163.5,2.0,363.0,4.0,1,59.0,0.0,0.0,0.0
724.0,6.5,612.0,4.0,1,1593.0,0.0,0.0,0.0
168.5,3.0,812.0,4.0,0,292.0,0.0,0.0,0.0
1088.0,5.0,1088.0,4.0,1,2866.0,0.0,0.0,0.0
767.0,17.0,1044.0,4.0,1,274.0,0.0,0.0,0.0
524.0,4.0,694.0,4.0,1,1898.0,0.0,0.0,0.0
30.0,1.5,472.0,4.0,1,109.0,0.0,0.0,0.0
418.0,5.0,477.0,4.0,1,1334.0,0.0,0.0,0.0
400.0,9.5,179.0,2.0,1,143.0,0.0,0.0,0.0
153.0,8.0,670.0,4.0,1,221.0,0.0,0.0,0.0
175.5,2.0,214.0,4.0,1,59.0,0.0,0.0,0.0
124.5,1.5,312.0,4.0,0,217.0,21.666666666666668,1.0,0.0
758.0,10.5,1450.0,4.0,1,1784.0,0.0,0.0,0.0
244.25,3.0,261.0,4.0,1,430.0,0.0,0.0,0.0
499.5,6.5,643.0,4.0,1,1334.0,0.0,0.0,0.0
511.0,8.0,974.0,4.0,1,728.0,0.0,0.0,0.0
51.5,1.0,727.0,4.0,0,333.0,0.0,0.0,0.0
272.5,3.5,356.0,4.0,1,501.0,0.0,0.0,0.0
72.0,2.0,997.0,4.0,0,373.0,13.11111111111111,2.0,0.0
972.0,3.5,111.0,5.0,1,275.0,0.0,0.0,0.0
105.0,4.0,218.0,4.0,1,95.0,0.0,0.0,0.0
251.0,2.0,437.0,4.0,1,139.0,0.0,0.0,0.0
150.0,3.0,71.0,4.0,1,48.0,0.0,0.0,0.0
11.75,13.0,303.0,4.0,1,1239.0,0.0,0.0,0.0
35.0,2.5,644.0,4.0,1,994.0,0.0,0.0,0.0
152.5,4.0,302.0,4.0,1,218.0,0.0,0.0,0.0
584.0,6.5,360.0,4.0,1,725.0,0.0,0.0,0.0
1229.5,5.0,456.0,4.0,1,2143.0,0.0,0.0,0.0
1194.0,8.0,576.0,4.0,1,1298.0,0.0,0.0,0.0
564.0,3.5,303.0,2.0,1,416.0,0.0,0.0,0.0
630.0,4.0,542.0,4.0,1,703.0,0.0,0.0,0.0
366.0,6.0,210.0,4.0,1,68.0,0.0,0.0,0.0
682.0,7.5,1007.0,4.0,1,1712.0,0.0,0.0,0.0
407.0,6.333333333333333,120.0,4.0,1,262.0,0.0,0.0,0.0
50.0,1.0,442.0,4.0,1,596.0,32.0,0.0,0.0
367.0,4.5,307.0,4.0,1,167.0,0.0,0.0,0.0
511.0,5.0,589.0,4.0,1,194.0,0.0,0.0,0.0
122.0,2.5,374.0,4.0,1,201.0,0.0,0.0,0.0
335.0,3.0,249.0,4.0,1,464.0,0.0,0.0,0.0
70.5,2.0,1125.0,4.0,0,270.0,13.0,1.0,0.0
139.5,2.0,587.0,4.0,1,318.0,0.0,0.0,0.0
185.75,9.0,580.0,4.0,1,421.0,0.0,0.0,0.0
59.0,4.0,205.0,4.0,1,302.0,0.0,0.0,0.0
759.0,8.0,1290.0,4.0,1,247.0,0.0,0.0,0.0
442.0,5.0,218.0,4.0,1,1374.0,0.0,0.0,0.0
287.0,2.0,636.0,4.0,1,239.0,0.0,0.0,0.0
294.0,8.5,1078.0,4.0,1,954.0,0.0,0.0,0.0
1401.5,12.0,677.0,4.0,1,341.0,0.0,0.0,0.0
534.5,5.5,357.0,4.0,1,1796.0,0.0,0.0,0.0
15.5,2.0,1316.0,4.0,1,443.0,7.0,0.0,0.0
90.5,1.5,577.0,4.0,1,542.0,31.0,0.0,0.0
568.0,5.5,420.0,4.5,1,725.0,0.0,0.0,0.0
24.0,1.0,1022.0,4.0,1,584.0,0.0,0.0,0.0
11.0,1.0,313.0,4.0,1,123.0,0.0,0.0,0.0
186.0,3.5,498.0,4.0,1,123.0,0.0,0.0,0.0
447.0,5.0,356.0,2.0,1,79.0,0.0,0.0,0.0
1214.0,9.5,2121.0,4.0,1,1429.0,0.0,0.0,0.0
109.5,2.0,722.0,4.0,1,642.0,0.0,0.0,0.0
896.5,19.666666666666668,1789.0,4.0,1,197.0,0.0,0.0,0.0
533.0,4.0,631.0,4.0,1,548.0,0.0,0.0,0.0
844.5,3.0,795.0,4.0,1,3345.0,0.0,0.0,0.0
732.5,8.0,956.0,4.0,1,886.0,0.0,0.0,0.0
41.0,2.0,309.0,5.0,1,315.0,0.0,0.0,0.0
234.5,6.0,804.0,4.0,1,92.0,0.0,0.0,0.0
855.0,23.0,781.0,5.0,1,804.0,0.0,0.0,0.0
140.0,5.0,388.0,4.0,1,643.0,13.5,2.0,0.0
1490.5,41.0,1519.0,5.0,1,560.0,0.0,0.0,0.0
378.0,5.5,344.0,4.0,1,595.0,0.0,0.0,0.0
605.5,4.0,1157.0,4.0,1,1897.0,0.0,0.0,0.0
33.5,4.0,353.0,4.0,1,78.0,0.0,0.0,0.0
42.0,1.5,162.0,4.0,1,282.0,0.0,0.0,0.0
721.0,10.0,1303.0,0.0,1,1414.0,0.0,0.0,0.0
34.5,1.0,619.0,4.0,1,198.0,0.0,0.0,0.0
345.3333333333333,4.0,1019.0,2.0,1,0.0,0.0,0.0,0.0
342.0,5.0,194.0,4.0,1,1308.0,0.0,0.0,0.0
56.66666666666666,2.0,689.0,4.0,1,339.0,16.0,0.0,0.0
266.0,3.0,684.0,4.0,1,875.0,0.0,0.0,0.0
106.5,1.0,295.0,2.0,1,36.0,5.0,1.0,0.0
560.0,4.5,1397.0,4.0,1,2706.0,0.0,0.0,0.0
554.25,5.0,1011.0,4.0,1,948.0,0.0,0.0,0.0
573.0,4.0,50.0,4.0,1,649.0,0.0,0.0,0.0
413.0,5.5,59.0,4.0,1,342.0,0.0,0.0,0.0
1116.0,7.0,1618.0,4.0,1,3425.0,0.0,0.0,0.0
164.5,5.0,1121.0,4.0,1,630.0,0.0,0.0,0.0
540.0,7.0,402.0,4.0,1,312.0,0.0,0.0,0.0
827.0,5.0,700.0,4.0,1,3004.0,0.0,0.0,0.0
460.0,3.0,173.0,4.5,1,32.0,0.0,0.0,0.0
558.0,7.0,246.0,4.0,1,923.0,0.0,0.0,0.0
142.5,1.5,128.0,4.0,1,403.0,0.0,0.0,0.0
1025.0,24.5,262.0,5.0,1,861.0,0.0,0.0,0.0
127.0,3.5,325.0,4.0,1,144.0,0.0,0.0,0.0
119.5,3.0,612.0,4.0,1,671.0,0.0,0.0,0.0
64.0,2.0,593.0,4.0,0,487.0,13.857142857142858,6.0,0.0
1093.0,5.5,1095.0,4.0,1,2893.0,0.0,0.0,0.0
906.0,11.5,2218.0,4.0,1,374.0,0.0,0.0,0.0
267.0,5.5,923.0,4.0,1,151.0,0.0,0.0,0.0
76.5,3.0,347.0,4.5,1,198.0,32.0,0.0,0.0
293.75,5.0,257.0,4.0,1,413.0,0.0,0.0,0.0
10.0,2.0,361.0,0.0,1,5.0,0.0,0.0,0.0
353.0,5.0,379.0,4.0,1,357.0,0.0,0.0,0.0
40.0,7.0,502.0,4.0,1,140.0,0.0,0.0,0.0
418.0,14.0,591.0,2.0,1,15.0,0.0,0.0,0.0
42.0,3.0,79.0,4.0,1,431.0,0.0,0.0,0.0
553.0,6.5,133.0,2.0,1,627.0,0.0,0.0,0.0
502.0,3.0,91.0,4.0,1,709.0,0.0,0.0,0.0
580.0,6.5,421.0,4.0,1,964.0,0.0,0.0,0.0
64.0,2.0,587.0,4.0,1,530.0,0.0,0.0,0.0
49.0,3.0,118.0,4.0,1,244.0,0.0,0.0,0.0
6.5,1.0,247.0,4.0,1,498.0,0.0,0.0,0.0
39.0,5.5,620.0,4.0,1,115.0,0.0,0.0,0.0
486.0,6.5,465.0,4.0,1,513.0,0.0,0.0,0.0
463.0,4.0,179.0,4.0,1,314.0,0.0,0.0,0.0
82.0,2.0,575.0,0.0,1,14.0,0.0,0.0,0.0
201.0,4.5,293.0,4.0,1,194.0,0.0,0.0,0.0
828.5,7.0,1111.0,4.0,1,3744.0,0.0,0.0,0.0
457.5,4.5,342.0,4.0,1,187.0,0.0,0.0,0.0
589.0,3.0,892.0,4.0,1,2448.0,0.0,0.0,0.0
1375.0,15.0,1882.0,4.0,1,627.0,0.0,0.0,0.0
219.0,6.0,238.0,4.0,1,244.0,0.0,0.0,0.0
87.5,1.0,762.0,4.0,1,256.0,17.666666666666668,1.0,0.0
15.0,4.0,485.0,4.0,1,747.0,0.0,0.0,0.0
37.0,4.333333333333333,538.0,4.0,1,921.0,0.0,0.0,0.0
312.0,11.0,345.0,4.0,1,235.0,0.0,0.0,0.0
248.0,3.0,696.0,4.0,1,636.0,0.0,0.0,0.0
175.0,8.0,686.0,4.0,1,515.0,0.0,0.0,0.0
213.0,17.0,633.0,4.0,1,273.0,0.0,0.0,0.0
950.0,11.0,1340.0,4.0,1,2475.0,0.0,0.0,0.0
519.0,6.0,343.0,4.0,1,1618.0,0.0,0.0,0.0
57.0,2.5,387.0,4.0,1,440.0,0.0,0.0,0.0
910.5,10.0,1542.0,4.0,1,1826.0,0.0,0.0,0.0
403.5,2.0,529.0,4.0,1,464.0,0.0,0.0,0.0
487.5,7.0,662.0,4.0,1,108.0,0.0,0.0,0.0
232.75,4.0,685.0,4.0,1,662.0,0.0,0.0,0.0
1147.0,13.0,1977.0,4.0,1,1598.0,0.0,0.0,0.0
125.0,3.0,382.0,4.0,1,767.0,0.0,0.0,0.0
129.0,1.5,382.0,4.0,1,447.0,0.0,0.0,0.0
102.0,1.0,205.0,4.0,1,520.0,0.0,0.0,0.0
722.0,8.5,1524.0,2.0,1,1524.0,0.0,0.0,0.0
79.5,3.0,557.0,4.0,1,98.0,0.0,0.0,0.0
13.0,5.0,606.0,4.0,1,493.0,12.0,2.0,0.0
1647.0,16.0,452.0,4.0,1,1249.0,0.0,0.0,0.0
853.6666666666666,3.0,1045.0,4.0,1,3423.0,0.0,0.0,0.0
453.0,6.5,230.0,4.0,1,279.0,0.0,0.0,0.0
401.0,4.5,269.0,4.0,1,138.0,0.0,0.0,0.0
391.0,3.0,219.0,4.0,1,443.0,0.0,0.0,0.0
154.75,2.0,579.0,4.0,1,484.0,0.0,0.0,0.0
41.5,2.0,357.0,4.0,0,267.0,15.0,2.0,0.0
772.0,14.0,1380.0,4.0,1,1302.0,0.0,0.0,0.0
31.0,2.0,760.0,5.0,0,734.0,14.0,3.0,0.0
68.0,11.0,67.0,4.0,1,206.0,0.0,0.0,0.0
608.5,5.5,1169.0,4.0,1,1938.0,0.0,0.0,0.0
304.0,7.0,181.0,4.0,1,78.0,0.0,0.0,0.0
836.25,7.0,742.0,4.0,1,3357.0,0.0,0.0,0.0
944.0,13.0,2320.0,4.0,1,497.0,0.0,0.0,0.0
370.0,6.5,488.0,4.0,1,545.0,0.0,0.0,0.0
1266.0,10.0,955.0,4.0,1,2515.0,0.0,0.0,0.0
570.5,3.0,207.0,4.0,0,532.0,0.0,0.0,0.0
247.0,4.0,192.0,4.0,1,86.0,0.0,0.0,0.0
534.0,4.0,248.0,4.0,1,341.0,0.0,0.0,0.0
435.0,3.0,0.0,4.0,1,95.0,0.0,0.0,0.0
608.5,6.5,1170.0,4.0,1,2005.0,0.0,0.0,0.0
150.0,8.0,677.0,4.0,1,147.0,14.0,0.0,0.0
553.0,5.0,159.0,4.0,1,475.0,0.0,0.0,0.0
523.5,4.0,440.0,2.0,1,198.0,0.0,0.0,0.0
395.0,3.5,449.0,4.0,1,114.0,0.0,0.0,0.0
78.0,3.0,94.0,4.0,1,213.0,20.0,1.0,0.0
26.0,0.0,1149.0,4.0,0,989.0,0.0,0.0,0.0
76.0,2.75,588.0,4.0,0,438.0,17.0,1.0,0.0
1301.5,23.25,1550.0,4.0,1,196.0,0.0,0.0,0.0
338.0,3.0,40.0,4.0,1,233.0,0.0,0.0,0.0
976.0,12.0,1949.0,5.0,1,17.0,0.0,0.0,0.0
50.0,1.0,601.0,4.0,1,687.0,0.0,0.0,0.0
98.5,1.0,400.0,4.0,1,157.0,13.666666666666666,4.0,0.0
136.0,5.0,588.0,4.0,1,52.0,0.0,0.0,0.0
766.0,9.5,724.0,4.0,1,841.0,0.0,0.0,0.0
162.0,4.0,362.0,4.0,1,513.0,32.0,0.0,0.0
309.5,3.0,731.0,4.0,1,508.0,0.0,0.0,0.0
1408.0,27.0,1374.0,5.0,1,423.0,0.0,0.0,0.0
471.5,7.0,487.0,4.0,1,151.0,0.0,0.0,0.0
936.0,17.5,1359.0,5.0,1,1525.0,0.0,0.0,0.0
146.0,2.0,541.0,4.0,1,379.0,0.0,0.0,0.0
178.0,3.0,394.0,4.0,1,75.0,0.0,0.0,0.0
437.0,4.0,307.0,4.0,1,897.0,0.0,0.0,0.0
641.0,5.0,526.0,4.0,1,265.0,0.0,0.0,0.0
594.0,3.0,209.0,4.0,1,418.0,0.0,0.0,0.0
534.5,7.0,233.0,4.0,1,612.0,0.0,0.0,0.0
580.0,8.0,357.0,4.0,1,911.0,0.0,0.0,0.0
366.0,8.5,797.0,4.0,1,129.0,0.0,0.0,0.0
15.0,4.0,556.0,4.0,1,587.0,0.0,0.0,0.0
1091.0,5.5,1620.0,4.0,1,3471.0,0.0,0.0,0.0
555.0,4.0,217.0,4.0,1,139.0,0.0,0.0,0.0
48.0,4.0,406.0,4.0,1,872.0,0.0,0.0,0.0
76.0,3.0,999.0,4.0,0,380.0,30.0,1.0,0.0
521.0,21.0,704.0,4.0,1,230.0,0.0,0.0,0.0
66.0,1.5,793.0,4.0,0,355.0,6.5,0.0,0.0
829.0,14.0,1217.0,5.0,1,1427.0,0.0,0.0,0.0
417.0,9.0,276.0,4.0,1,371.0,15.0,1.0,0.0
369.5,5.0,415.0,4.0,1,1087.0,0.0,0.0,0.0
123.0,2.0,432.0,4.0,1,141.0,0.0,0.0,0.0
348.5,2.0,240.0,4.0,1,70.0,0.0,0.0,0.0
345.0,6.0,531.0,4.0,1,286.0,0.0,0.0,0.0
161.5,3.0,782.0,4.0,1,411.0,0.0,0.0,0.0
847.0,9.0,779.0,5.0,1,2736.0,0.0,0.0,0.0
853.0,9.0,1843.0,4.0,1,1882.0,0.0,0.0,0.0
221.5,5.5,1020.0,4.0,1,663.0,0.0,0.0,0.0
1042.5,10.0,871.0,4.0,1,1632.0,0.0,0.0,0.0
801.0,19.0,1680.0,4.0,1,784.0,0.0,0.0,0.0
660.0,3.0,426.0,4.0,1,96.0,0.0,0.0,0.0
62.0,1.5,361.0,4.0,1,641.0,0.0,0.0,0.0
44.0,1.5,1361.0,4.0,0,131.0,30.0,0.0,0.0
75.5,2.0,993.0,4.0,0,186.0,13.0,1.0,0.0
324.0,2.0,264.0,4.0,1,156.0,0.0,0.0,0.0
363.5,8.0,313.0,4.0,1,381.0,0.0,0.0,0.0
307.0,6.0,151.0,2.0,0,28.0,0.0,0.0,0.0
252.0,4.5,727.0,4.0,1,200.0,0.0,0.0,0.0
341.5,6.5,462.0,4.0,1,380.0,0.0,0.0,0.0
1289.0,21.0,2154.0,4.0,1,1089.0,0.0,0.0,0.0
903.0,16.0,2311.0,0.0,1,326.0,0.0,0.0,0.0
286.0,3.5,555.0,4.0,1,109.0,0.0,0.0,0.0
46.5,1.0,350.0,4.0,1,95.0,0.0,0.0,0.0
383.0,2.5,406.0,4.0,1,726.0,0.0,0.0,0.0
203.5,2.0,1193.0,4.0,1,451.0,0.0,0.0,0.0
59.5,10.0,396.0,4.0,1,497.0,0.0,0.0,0.0
559.0,11.0,319.0,4.5,1,850.0,0.0,0.0,0.0
1385.0,24.0,1794.0,5.0,1,833.0,0.0,0.0,0.0
250.5,6.5,152.0,4.0,1,640.0,0.0,0.0,0.0
1054.0,14.5,1948.0,4.0,1,1865.0,0.0,0.0,0.0
24.25,1.5,1056.0,4.5,1,458.0,0.0,0.0,0.0
57.0,2.5,476.0,4.0,1,125.0,0.0,0.0,0.0
1509.5,13.0,490.0,4.0,1,1363.0,0.0,0.0,0.0
727.0,7.0,355.0,4.0,1,450.0,0.0,0.0,0.0
1061.0,12.0,1232.0,4.0,1,2956.0,0.0,0.0,0.0
975.5,8.5,112.0,4.0,1,449.0,0.0,0.0,0.0
432.0,2.0,123.0,4.0,1,324.0,0.0,0.0,0.0
778.5,5.0,1560.0,4.0,1,1774.0,0.0,0.0,0.0
564.0,7.5,756.0,4.0,1,942.0,0.0,0.0,0.0
1010.0,10.0,1364.0,4.0,1,1714.0,0.0,0.0,0.0
329.0,3.5,201.0,4.0,1,837.0,0.0,0.0,0.0
866.0,9.0,2030.0,4.0,1,3103.0,0.0,0.0,0.0
1110.0,32.0,2393.0,4.0,1,849.0,0.0,0.0,0.0
95.0,2.5,63.0,4.0,1,171.0,0.0,0.0,0.0
360.0,6.5,531.0,4.0,1,290.0,0.0,0.0,0.0
563.0,8.0,297.0,4.0,1,408.0,0.0,0.0,0.0
297.0,5.5,335.0,0.0,1,0.0,0.0,0.0,0.0
462.0,9.0,314.0,4.0,1,396.0,0.0,0.0,0.0
708.0,6.0,459.0,4.0,1,1460.0,0.0,0.0,0.0
244.5,4.0,567.0,4.0,1,217.0,0.0,0.0,0.0
226.25,2.0,472.0,4.0,1,114.0,0.0,0.0,0.0
493.0,5.0,286.0,4.0,1,57.0,0.0,0.0,0.0
265.0,9.0,260.0,4.0,1,233.0,0.0,0.0,0.0
250.5,6.5,149.0,4.0,1,814.0,0.0,0.0,0.0
610.0,8.0,510.0,4.0,1,260.0,0.0,0.0,0.0
1393.0,10.0,650.0,4.0,1,433.0,0.0,0.0,0.0
756.0,10.0,1375.0,4.0,1,1672.0,0.0,0.0,0.0
404.0,6.0,502.0,2.0,1,58.0,0.0,0.0,0.0
883.0,8.333333333333334,2288.0,4.0,1,3515.0,0.0,0.0,0.0
706.0,7.0,820.0,4.0,1,723.0,0.0,0.0,0.0
990.5,17.5,665.0,5.0,1,1058.0,0.0,0.0,0.0
245.5,3.5,346.0,4.0,1,377.0,0.0,0.0,0.0
416.0,8.0,274.0,4.0,1,320.0,0.0,0.0,0.0
451.5,18.0,644.0,2.0,1,132.0,0.0,0.0,0.0
928.0,15.0,650.0,5.0,1,1072.0,0.0,0.0,0.0
16.0,1.5,353.0,4.0,1,891.0,0.0,0.0,0.0
78.5,2.5,786.0,4.0,1,969.0,10.333333333333334,1.0,0.0
112.0,4.5,488.0,4.0,1,150.0,0.0,0.0,0.0
587.0,3.0,1545.0,4.0,1,2670.0,0.0,0.0,0.0
591.0,2.0,1546.0,4.0,1,2621.0,0.0,0.0,0.0
762.25,15.5,1303.0,5.0,1,1033.0,0.0,0.0,0.0
73.0,4.0,967.0,4.0,1,183.0,0.0,0.0,0.0
631.5,4.5,410.0,4.0,1,538.0,0.0,0.0,0.0
118.2,3.0,19.0,4.0,1,644.0,0.0,0.0,0.0
782.0,5.0,354.0,5.0,1,2401.0,0.0,0.0,0.0
473.0,3.0,216.0,4.0,1,774.0,0.0,0.0,0.0
254.0,3.5,645.0,4.0,1,120.0,0.0,0.0,0.0
468.0,5.0,228.0,4.0,1,659.0,0.0,0.0,0.0
362.75,4.0,165.0,4.0,1,525.0,0.0,0.0,0.0
481.0,5.0,55.0,4.0,1,1538.0,0.0,0.0,0.0
205.0,3.0,664.0,4.0,1,116.0,0.0,0.0,0.0
814.0,12.0,915.0,5.0,1,929.0,0.0,0.0,0.0
550.0,4.0,37.0,4.0,1,1927.0,0.0,0.0,0.0
6.25,2.0,254.0,4.0,1,304.0,0.0,0.0,0.0
23.0,11.0,426.0,4.0,1,557.0,12.666666666666666,1.0,0.0
264.0,5.0,1110.0,4.0,1,292.0,0.0,0.0,0.0
305.0,3.0,421.0,4.0,1,758.0,0.0,0.0,0.0
103.5,3.0,89.0,4.0,1,383.0,0.0,0.0,0.0
618.0,11.0,680.0,4.0,1,1236.0,0.0,0.0,0.0
146.5,4.0,140.0,4.0,1,173.0,0.0,0.0,0.0
412.5,3.0,108.0,4.0,1,598.0,0.0,0.0,0.0
708.5,8.0,1039.0,4.0,1,1541.0,0.0,0.0,0.0
705.5,6.5,904.0,4.0,1,674.0,0.0,0.0,0.0
39.0,1.0,285.0,4.0,1,345.0,0.0,0.0,0.0
356.5,3.0,449.0,4.0,1,62.0,0.0,0.0,0.0
707.0,22.5,536.0,5.0,1,755.0,0.0,0.0,0.0
189.0,4.0,1282.0,4.0,1,897.0,0.0,0.0,0.0
223.0,3.0,775.0,4.0,1,95.0,0.0,0.0,0.0
332.0,6.0,978.0,4.0,1,229.0,0.0,0.0,0.0
161.5,1.0,632.0,4.0,1,96.0,0.0,0.0,0.0
310.0,4.0,701.0,4.0,1,218.0,0.0,0.0,0.0
493.0,6.0,347.0,4.0,1,183.0,0.0,0.0,0.0
551.0,5.0,64.0,5.0,1,1428.0,0.0,0.0,0.0
217.0,4.5,795.0,4.0,1,1111.0,0.0,0.0,0.0
261.0,4.0,70.0,4.0,1,298.0,0.0,0.0,0.0
46.0,1.0,358.0,4.0,1,271.0,0.0,0.0,0.0
448.0,6.0,225.0,4.0,1,366.0,0.0,0.0,0.0
206.5,5.0,959.0,4.0,1,646.0,0.0,0.0,0.0
457.0,5.0,339.0,4.0,1,776.0,0.0,0.0,0.0
885.5,9.666666666666666,1594.0,4.0,1,401.0,0.0,0.0,0.0
910.0,9.5,724.0,4.0,1,274.0,0.0,0.0,0.0
397.5,4.0,585.0,4.0,1,565.0,0.0,0.0,0.0
308.0,6.0,468.0,2.0,1,220.0,0.0,0.0,0.0
670.0,8.5,0.0,4.0,1,98.0,0.0,0.0,0.0
228.0,3.0,199.0,4.0,1,351.0,0.0,0.0,0.0
1618.5,15.0,377.0,4.0,1,1290.0,0.0,0.0,0.0
903.0,16.0,2316.0,2.5,1,297.0,0.0,0.0,0.0
116.0,5.0,670.0,4.0,1,121.0,0.0,0.0,0.0
761.75,15.5,1418.0,0.0,1,1410.0,0.0,0.0,0.0
578.5,4.5,105.0,4.0,1,23.0,0.0,0.0,0.0
38.0,3.0,1075.0,4.0,0,288.0,0.0,0.0,0.0
426.0,7.0,146.0,2.0,1,374.0,0.0,0.0,0.0
319.0,6.0,523.0,4.0,1,399.0,0.0,0.0,0.0
595.0,5.25,157.0,4.0,1,210.0,0.0,0.0,0.0
65.5,2.0,392.0,4.0,1,815.0,16.0,0.0,0.0
591.0,6.0,647.0,4.0,1,1760.0,0.0,0.0,0.0
726.75,8.5,751.0,4.0,1,581.0,0.0,0.0,0.0
508.5,4.0,294.0,4.0,1,353.0,0.0,0.0,0.0
562.5,8.0,473.0,4.0,1,568.0,0.0,0.0,0.0
247.0,7.0,490.0,4.0,1,177.0,0.0,0.0,0.0
285.5,3.0,656.0,4.0,1,384.0,0.0,0.0,0.0
788.0,11.0,1710.0,5.0,1,1800.0,0.0,0.0,0.0
52.0,2.0,288.0,4.5,1,474.0,9.0,1.0,0.0
329.0,4.5,0.0,2.0,1,42.0,8.4,0.0,0.0
78.5,1.5,945.0,4.0,1,790.0,8.444444444444445,5.0,0.0
76.0,1.5,478.0,5.0,1,569.0,0.0,0.0,0.0
171.66666666666666,7.0,479.0,4.0,1,315.0,0.0,0.0,0.0
234.5,3.5,901.0,4.0,1,883.0,0.0,0.0,0.0
1093.0,12.0,1007.0,4.0,1,1079.0,0.0,0.0,0.0
109.5,1.5,435.0,4.0,1,339.0,0.0,0.0,0.0
113.75,3.0,243.0,4.0,1,257.0,29.5,0.0,0.0
166.0,2.0,342.0,4.0,1,470.0,0.0,0.0,0.0
346.3333333333333,2.0,132.0,4.0,1,1161.0,0.0,0.0,0.0
670.5,4.5,658.0,4.0,1,1648.0,0.0,0.0,0.0
724.0,7.0,1296.0,4.0,1,2076.0,0.0,0.0,0.0
210.5,3.5,780.0,4.0,1,1016.0,0.0,0.0,0.0
207.5,6.0,212.0,4.0,1,63.0,0.0,0.0,0.0
309.0,5.0,547.0,2.0,1,306.0,0.0,0.0,0.0
598.0,5.0,302.0,4.0,1,229.0,0.0,0.0,0.0
6.0,2.0,596.0,0.0,1,35.0,0.0,0.0,0.0
89.0,1.0,860.0,4.0,0,390.0,17.5,0.0,0.0
83.5,3.5,359.0,4.0,1,648.0,0.0,0.0,0.0
949.5,21.5,1634.0,5.0,1,808.0,0.0,0.0,0.0
898.0,7.5,2024.0,4.0,1,3553.0,0.0,0.0,0.0
107.5,4.0,739.0,4.0,1,159.0,0.0,0.0,0.0
1045.0,9.5,1264.0,4.0,1,856.0,0.0,0.0,0.0
293.0,4.0,347.0,4.0,1,287.0,0.0,0.0,0.0
457.0,4.5,101.0,4.0,1,749.0,0.0,0.0,0.0
647.5,7.0,716.0,4.0,1,353.0,0.0,0.0,0.0
637.0,4.0,695.0,0.0,1,18.0,0.0,0.0,0.0
447.0,5.0,131.0,2.0,1,10.0,0.0,0.0,0.0
455.0,3.5,204.0,4.0,1,1108.0,0.0,0.0,0.0
3.5,1.0,793.0,4.0,1,576.0,0.0,0.0,0.0
750.0,12.5,1308.0,4.0,1,134.0,0.0,0.0,0.0
576.0,8.5,835.0,4.0,1,230.0,0.0,0.0,0.0
241.5,7.0,381.0,4.0,1,145.0,0.0,0.0,0.0
622.0,6.0,174.0,4.0,1,419.0,0.0,0.0,0.0
72.0,2.0,298.0,4.0,1,16.0,0.0,0.0,0.0
540.0,5.666666666666667,792.0,5.0,1,1417.0,0.0,0.0,0.0
464.0,1.0,62.0,4.0,1,530.0,0.0,0.0,0.0
344.0,6.0,455.0,4.0,1,68.0,0.0,0.0,0.0
667.0,8.666666666666666,315.0,4.0,1,642.0,0.0,0.0,0.0
574.5,2.0,1203.0,4.0,1,2746.0,0.0,0.0,0.0
453.0,8.0,447.0,4.0,1,185.0,0.0,0.0,0.0
1038.0,14.0,480.0,5.0,1,906.0,0.0,0.0,0.0
735.0,8.0,1225.0,4.0,1,1770.0,0.0,0.0,0.0
940.0,21.0,2190.0,4.0,1,1846.0,0.0,0.0,0.0
480.0,6.5,629.0,4.0,1,124.0,0.0,0.0,0.0
703.0,6.0,1161.0,4.0,1,1400.0,0.0,0.0,0.0
168.0,2.5,462.0,4.0,1,454.0,25.0,1.0,0.0
447.0,9.0,864.0,4.0,1,987.0,0.0,0.0,0.0
792.0,6.5,1649.0,4.0,1,1709.0,0.0,0.0,0.0
924.0,6.0,649.0,4.0,1,82.0,0.0,0.0,0.0
128.0,4.0,558.0,2.0,1,24.0,0.0,0.0,0.0
24.25,1.0,488.0,0.0,1,0.0,6.5,1.0,0.0
830.5,9.0,1524.0,5.0,1,1478.0,0.0,0.0,0.0
57.0,2.0,184.0,4.0,1,108.0,0.0,0.0,0.0
233.5,2.0,145.0,4.0,1,491.0,0.0,0.0,0.0
1545.5,14.5,72.0,4.0,1,846.0,0.0,0.0,0.0
808.5,11.666666666666666,294.0,4.5,1,2393.0,0.0,0.0,0.0
65.0,2.0,556.0,4.0,1,791.0,0.0,0.0,0.0
1136.5,30.0,1870.0,5.0,1,546.0,0.0,0.0,0.0
95.0,2.0,1208.0,4.0,1,181.0,15.333333333333334,1.0,0.0
295.5,5.0,482.0,4.0,1,919.0,0.0,0.0,0.0
68.0,1.0,528.0,4.0,0,612.0,10.0,1.0,0.0
276.5,5.5,830.0,4.0,1,752.0,0.0,0.0,0.0
98.0,3.0,337.0,4.0,1,179.0,6.75,3.0,0.0
1067.5,14.0,2296.0,4.0,1,1012.0,0.0,0.0,0.0
370.3333333333333,10.5,630.0,4.0,1,389.0,0.0,0.0,0.0
545.5,6.0,181.0,4.0,1,510.0,0.0,0.0,0.0
307.0,4.0,251.0,2.0,1,66.0,0.0,0.0,0.0
1525.0,10.0,765.0,4.0,1,1620.0,0.0,0.0,0.0
277.75,7.0,65.0,4.0,1,611.0,0.0,0.0,0.0
802.0,10.75,1323.0,5.0,1,1266.0,0.0,0.0,0.0
657.0,6.666666666666667,155.0,4.0,1,455.0,0.0,0.0,0.0
719.0,7.0,1400.0,4.0,1,2081.0,0.0,0.0,0.0
540.0,8.0,323.0,4.5,1,1044.0,0.0,0.0,0.0
329.5,7.0,448.0,4.0,1,94.0,0.0,0.0,0.0
686.0,5.5,160.0,4.0,1,344.0,0.0,0.0,0.0
835.0,9.5,1298.0,4.0,1,589.0,0.0,0.0,0.0
25.0,1.5,331.0,3.0,1,89.0,0.0,0.0,0.0
1503.0,22.5,2172.0,4.0,1,687.0,0.0,0.0,0.0
1286.5,14.0,1173.0,5.0,1,51.0,0.0,0.0,0.0
827.0,7.0,649.0,4.0,1,2613.0,0.0,0.0,0.0
501.6666666666667,8.0,617.0,4.0,1,637.0,0.0,0.0,0.0
502.0,4.0,258.0,4.0,1,368.0,0.0,0.0,0.0
742.0,25.0,919.0,5.0,1,899.0,0.0,0.0,0.0
52.0,3.0,148.0,4.0,1,202.0,0.0,0.0,0.0
24.0,0.5,918.0,4.0,0,409.0,0.0,0.0,0.0
181.0,11.5,107.0,4.0,1,698.0,0.0,0.0,0.0
810.0,16.0,1504.0,5.0,1,1653.0,0.0,0.0,0.0
228.0,6.5,858.0,4.0,1,1041.0,0.0,0.0,0.0
308.0,2.0,308.0,4.0,1,633.0,0.0,0.0,0.0
462.0,3.5,108.0,4.0,1,375.0,0.0,0.0,0.0
479.0,7.5,124.0,4.0,1,461.0,0.0,0.0,0.0
289.0,2.0,679.0,4.0,1,400.0,0.0,0.0,0.0
336.0,3.0,250.0,4.0,1,516.0,0.0,0.0,0.0
586.0,6.0,315.0,4.0,1,1841.0,0.0,0.0,0.0
12.0,1.0,321.0,4.0,1,134.0,0.0,0.0,0.0
134.0,4.0,719.0,4.0,1,267.0,0.0,0.0,0.0
1651.0,27.5,1252.0,5.0,1,11.0,0.0,0.0,0.0
76.0,3.0,629.0,4.0,1,2.0,0.0,0.0,0.0
608.0,5.0,215.0,4.0,1,1244.0,0.0,0.0,0.0
846.5,5.0,2035.0,4.0,1,2741.0,0.0,0.0,0.0
259.0,3.5,701.0,4.0,1,282.0,0.0,0.0,0.0
275.0,4.5,608.0,4.0,1,173.0,0.0,0.0,0.0
1137.0,8.0,442.0,4.0,1,2232.0,0.0,0.0,0.0
319.0,6.0,396.0,4.0,1,669.0,0.0,0.0,0.0
933.6666666666666,12.0,1942.0,5.0,1,4256.0,0.0,0.0,0.0
971.0,16.0,1274.0,4.0,1,1848.0,0.0,0.0,0.0
271.0,5.0,308.0,2.0,1,10.0,0.0,0.0,0.0
436.0,3.0,176.0,4.0,1,110.0,0.0,0.0,0.0
69.0,3.0,547.0,2.0,1,54.0,0.0,0.0,0.0
461.0,3.0,26.0,4.0,1,577.0,0.0,0.0,0.0
567.0,4.0,57.0,4.0,0,897.0,0.0,0.0,0.0
149.0,3.0,34.0,0.0,1,9.0,17.0,1.0,0.0
275.0,6.0,410.0,4.0,1,410.0,0.0,0.0,0.0
485.25,3.0,286.0,2.0,1,2.0,0.0,0.0,0.0
50.5,2.0,196.0,4.0,1,183.0,0.0,0.0,0.0
215.0,7.5,1066.0,4.0,1,773.0,0.0,0.0,0.0
287.0,6.0,1096.0,4.0,1,845.0,0.0,0.0,0.0
86.0,1.5,300.0,4.0,1,362.0,10.77777777777778,4.0,0.0
1015.0,10.0,1430.0,4.0,1,734.0,0.0,0.0,0.0
552.0,7.5,428.0,4.0,1,886.0,0.0,0.0,0.0
393.0,4.0,803.0,4.0,1,455.0,0.0,0.0,0.0
565.0,7.0,686.0,4.0,1,745.0,0.0,0.0,0.0
62.0,1.0,633.0,4.0,1,122.0,30.0,0.0,0.0
1346.0,24.0,1223.0,5.0,1,250.0,0.0,0.0,0.0
57.0,5.0,490.0,4.0,1,578.0,0.0,0.0,0.0
621.0,8.0,859.0,4.0,1,1216.0,0.0,0.0,0.0
443.0,7.0,320.0,4.0,1,356.0,0.0,0.0,0.0
587.0,7.0,588.0,4.0,1,697.0,0.0,0.0,0.0
105.5,1.0,189.0,4.0,1,500.0,14.0,2.0,0.0
232.0,6.0,314.0,4.0,1,802.0,0.0,0.0,0.0
779.5,12.0,550.0,4.0,1,3294.0,0.0,0.0,0.0
66.5,1.0,774.0,4.0,0,804.0,25.5,1.0,0.0
275.5,5.0,142.0,4.0,1,493.0,0.0,0.0,0.0
740.0,8.5,1428.0,4.0,1,2165.0,0.0,0.0,0.0
345.0,1.5,180.0,4.0,1,990.0,0.0,0.0,0.0
410.5,5.0,527.0,2.0,1,271.0,0.0,0.0,0.0
51.0,3.5,409.0,4.0,1,880.0,0.0,0.0,0.0
167.5,2.0,270.0,4.0,1,130.0,3.0,1.0,0.0
331.0,5.75,576.0,4.0,1,643.0,0.0,0.0,0.0
999.5,27.0,2052.0,4.0,1,1368.0,0.0,0.0,0.0
1039.0,6.0,1828.0,4.0,1,3615.0,0.0,0.0,0.0
972.0,7.0,108.0,4.0,1,474.0,0.0,0.0,0.0
488.0,9.0,203.0,4.0,1,504.0,0.0,0.0,0.0
146.0,1.5,571.0,4.0,1,405.0,0.0,0.0,0.0
64.0,4.0,823.0,4.0,0,548.0,27.0,0.0,0.0
501.0,3.0,118.0,4.0,1,585.0,0.0,0.0,0.0
417.0,6.0,138.0,4.0,1,500.0,0.0,0.0,0.0
193.0,3.0,703.0,4.0,1,133.0,0.0,0.0,0.0
947.0,29.0,685.0,5.0,1,1182.0,0.0,0.0,0.0
714.0,7.0,1017.0,4.0,1,1578.0,0.0,0.0,0.0
593.0,2.5,141.0,4.0,1,941.0,0.0,0.0,0.0
67.0,1.5,506.0,4.0,1,1026.0,19.5,1.0,0.0
355.5,6.5,168.0,4.0,1,108.0,3.0,0.0,0.0
239.0,5.5,782.0,4.0,1,182.0,6.0,1.0,0.0
738.0,8.0,1556.0,4.0,1,2075.0,0.0,0.0,0.0
536.5,7.0,145.0,4.0,1,233.0,0.0,0.0,0.0
70.0,2.0,768.0,4.0,1,721.0,0.0,0.0,0.0
606.0,17.0,458.0,5.0,1,1966.0,0.0,0.0,0.0
100.5,3.0,546.0,4.0,0,455.0,11.166666666666666,2.0,0.0
190.0,4.0,150.0,4.0,1,130.0,20.33333333333333,1.0,0.0
292.0,2.5,245.0,4.0,1,819.0,0.0,0.0,0.0
46.0,3.5,218.0,4.0,1,109.0,0.0,0.0,0.0
1275.0,11.0,1082.0,4.0,1,270.0,0.0,0.0,0.0
251.0,3.5,332.0,4.0,1,459.0,30.0,0.0,0.0
1.0,1.0,0.0,0.0,1,159.0,0.0,0.0,0.0
43.5,2.0,1103.0,4.0,1,48.0,0.0,0.0,0.0
222.25,1.0,573.0,4.0,1,577.0,0.0,0.0,0.0
166.0,2.0,553.0,4.0,1,139.0,0.0,0.0,0.0
352.0,10.0,563.0,4.0,1,510.0,0.0,0.0,0.0
393.0,6.0,158.0,4.0,1,180.0,0.0,0.0,0.0
479.5,7.0,482.0,4.0,1,160.0,0.0,0.0,0.0
23.0,0.0,1112.0,4.0,0,256.0,0.0,0.0,0.0
1119.5,19.0,2040.0,5.0,1,420.0,0.0,0.0,0.0
829.0,9.0,2006.0,4.0,1,2345.0,0.0,0.0,0.0
354.0,6.0,437.0,4.0,1,175.0,0.0,0.0,0.0
28.0,1.5,1150.0,4.0,0,1126.0,0.0,0.0,0.0
1456.0,19.666666666666668,316.0,4.0,1,705.0,0.0,0.0,0.0
97.0,12.0,163.0,4.0,1,636.0,0.0,0.0,0.0
213.0,4.0,558.0,4.0,1,795.0,0.0,0.0,0.0
930.5,12.0,1680.0,4.0,1,2955.0,0.0,0.0,0.0
660.0,2.0,568.0,4.0,1,1580.0,0.0,0.0,0.0
534.0,5.0,379.0,4.0,1,1239.0,0.0,0.0,0.0
538.5,5.0,436.0,4.0,1,870.0,0.0,0.0,0.0
120.0,1.5,429.0,4.0,1,128.0,0.0,0.0,0.0
1016.3333333333334,16.0,2026.0,4.0,1,885.0,0.0,0.0,0.0
169.0,6.0,197.0,4.0,1,631.0,0.0,0.0,0.0
142.0,12.0,189.0,4.0,1,154.0,0.0,0.0,0.0
1258.25,15.5,1504.0,4.0,1,729.0,0.0,0.0,0.0
787.75,6.5,1621.0,4.0,1,1710.0,0.0,0.0,0.0
783.0,5.0,1600.0,4.0,1,2484.0,0.0,0.0,0.0
50.0,2.5,322.0,4.0,1,801.0,0.0,0.0,0.0
251.0,3.0,277.0,4.0,1,867.0,0.0,0.0,0.0
595.0,7.5,222.0,4.0,1,1266.0,0.0,0.0,0.0
372.3333333333333,2.0,578.0,4.0,1,400.0,0.0,0.0,0.0
509.5,6.5,449.0,4.0,1,756.0,0.0,0.0,0.0
321.5,5.5,769.0,4.0,1,600.0,0.0,0.0,0.0
420.0,6.5,112.0,4.0,1,162.0,0.0,0.0,0.0
88.0,4.0,1042.0,4.0,1,544.0,0.0,0.0,0.0
430.5,8.0,660.0,4.0,1,578.0,0.0,0.0,0.0
408.0,12.5,553.0,4.0,1,117.0,0.0,0.0,0.0
67.0,5.0,954.0,4.0,0,676.0,10.5,0.0,0.0
23.25,4.0,347.0,4.0,1,209.0,0.0,0.0,0.0
340.5,4.666666666666667,36.0,4.0,1,378.0,0.0,0.0,0.0
558.0,3.0,161.0,2.0,1,833.0,0.0,0.0,0.0
446.0,3.0,285.0,4.0,1,1118.0,0.0,0.0,0.0
416.5,6.666666666666667,263.0,2.0,1,1076.0,0.0,0.0,0.0
470.0,6.75,177.0,2.0,1,184.0,0.0,0.0,0.0
934.0,6.0,653.0,4.0,1,128.0,0.0,0.0,0.0
462.0,5.0,492.0,4.0,1,52.0,0.0,0.0,0.0
177.0,13.5,252.0,4.0,1,738.0,0.0,0.0,0.0
1081.0,5.5,1393.0,4.0,1,3222.0,0.0,0.0,0.0
859.0,4.5,1180.0,4.0,1,3574.0,0.0,0.0,0.0
76.0,1.5,788.0,4.0,1,681.0,0.0,0.0,0.0
392.0,3.0,383.0,2.0,1,262.0,0.0,0.0,0.0
1116.0,11.0,390.0,4.0,1,1965.0,0.0,0.0,0.0
815.0,8.0,333.0,5.0,1,2516.0,0.0,0.0,0.0
440.0,5.0,166.0,4.0,1,336.0,0.0,0.0,0.0
79.5,1.0,44.0,4.0,0,285.0,13.5,1.0,0.0
224.5,4.0,827.0,4.0,1,348.0,15.0,1.0,0.0
707.0,11.0,1456.0,4.0,1,1558.0,0.0,0.0,0.0
539.0,5.0,94.0,4.0,1,108.0,0.0,0.0,0.0
57.5,1.0,160.0,4.0,0,104.0,0.0,0.0,0.0
362.5,3.5,833.0,4.0,1,28.0,0.0,0.0,0.0
419.0,5.0,254.0,4.0,1,296.0,0.0,0.0,0.0
14.0,2.5,211.0,4.0,1,211.0,25.33333333333333,1.0,0.0
234.0,6.0,268.0,4.0,1,762.0,0.0,0.0,0.0
4.0,2.5,289.0,5.0,1,154.0,6.666666666666667,2.0,0.0
25.0,1.0,517.0,4.0,1,537.0,0.0,0.0,0.0
679.0,5.0,775.0,4.0,1,1234.0,0.0,0.0,0.0
427.0,11.0,428.0,4.0,1,805.0,0.0,0.0,0.0
103.0,4.0,948.0,4.0,0,27.0,16.5,4.0,0.0
957.0,14.0,2201.0,4.5,1,4411.0,0.0,0.0,0.0
327.0,3.0,220.0,4.0,1,146.0,0.0,0.0,0.0
413.5,3.0,720.0,4.0,1,292.0,0.0,0.0,0.0
1033.5,18.0,244.0,5.0,1,489.0,0.0,0.0,0.0
321.0,5.5,351.0,4.0,0,310.0,0.0,0.0,0.0
239.0,4.0,629.0,4.0,1,100.0,0.0,0.0,0.0
364.0,3.0,417.0,4.0,1,1118.0,0.0,0.0,0.0
31.5,11.5,495.0,4.0,1,423.0,6.333333333333333,2.0,0.0
787.25,5.5,1759.0,4.0,1,2742.0,0.0,0.0,0.0
521.0,6.0,536.0,4.0,1,930.0,0.0,0.0,0.0
268.0,5.0,319.0,4.0,1,236.0,0.0,0.0,0.0
888.0,15.5,2069.0,4.0,1,3379.0,0.0,0.0,0.0
486.5,4.0,145.0,4.0,1,199.0,0.0,0.0,0.0
103.0,2.0,340.0,4.0,1,207.0,7.0,2.0,0.0
277.0,4.5,1114.0,4.0,1,127.0,0.0,0.0,0.0
911.0,8.5,606.0,5.0,1,1061.0,0.0,0.0,0.0
753.0,4.0,1712.0,4.0,1,2301.0,0.0,0.0,0.0
465.0,4.0,24.0,4.0,1,591.0,0.0,0.0,0.0
77.0,2.0,1019.0,4.0,0,313.0,20.0,1.0,0.0
1285.0,14.0,1021.0,4.0,1,405.0,0.0,0.0,0.0
833.5,5.0,2126.0,4.0,1,3093.0,0.0,0.0,0.0
55.5,3.5,467.0,4.0,1,501.0,0.0,0.0,0.0
153.0,2.0,862.0,4.0,1,287.0,4.0,0.0,0.0
391.0,9.0,351.0,4.0,1,198.0,0.0,0.0,0.0
258.0,2.5,738.0,4.0,1,67.0,0.0,0.0,0.0
870.0,14.0,1898.0,2.0,1,2258.0,0.0,0.0,0.0
97.5,2.0,482.0,4.0,1,262.0,0.0,0.0,0.0
165.5,5.0,795.0,4.0,1,622.0,0.0,0.0,0.0
99.5,3.0,1146.0,4.0,1,411.0,0.0,0.0,0.0
94.0,1.0,1087.0,3.5,0,462.0,30.0,0.0,0.0
132.0,4.0,867.0,4.0,1,260.0,0.0,0.0,0.0
208.0,3.5,580.0,4.0,1,89.0,0.0,0.0,0.0
232.0,1.5,1055.0,4.0,1,182.0,0.0,0.0,0.0
2.0,2.5,824.0,0.0,1,322.0,0.0,0.0,0.0
51.0,2.0,1187.0,4.0,1,490.0,0.0,0.0,0.0
635.0,6.0,630.0,4.0,1,558.0,0.0,0.0,0.0
44.0,1.0,309.0,4.0,1,159.0,0.0,0.0,0.0
456.5,5.0,475.0,4.0,1,346.0,0.0,0.0,0.0
147.0,5.0,850.0,4.0,1,294.0,0.0,0.0,0.0
647.25,6.0,512.0,4.0,1,915.0,0.0,0.0,0.0
232.5,2.0,997.0,4.0,1,587.0,0.0,0.0,0.0
2.0,1.0,453.0,0.0,1,675.0,0.0,0.0,0.0
347.0,7.0,749.0,4.0,1,657.0,0.0,0.0,0.0
310.0,5.5,521.0,4.0,1,591.0,0.0,0.0,0.0
146.0,1.5,372.0,4.0,1,234.0,0.0,0.0,0.0
1242.5,16.5,2422.0,4.0,1,1299.0,0.0,0.0,0.0
182.0,4.5,591.0,4.0,1,137.0,0.0,0.0,0.0
59.5,2.0,797.0,4.0,1,264.0,15.0,3.0,0.0
1001.5,12.0,1200.0,4.0,1,2543.0,0.0,0.0,0.0
242.0,4.5,589.0,2.0,1,27.0,0.0,0.0,0.0
190.0,4.0,581.0,4.0,1,76.0,0.0,0.0,0.0
251.25,2.0,313.0,4.0,1,929.0,0.0,0.0,0.0
260.0,4.5,134.0,4.0,1,334.0,0.0,0.0,0.0
1542.0,21.0,101.0,4.0,1,1036.0,0.0,0.0,0.0
241.5,4.0,276.0,4.0,1,78.0,0.0,0.0,0.0
973.5,17.0,712.0,5.0,1,1133.0,0.0,0.0,0.0
527.5,6.0,1234.0,4.0,1,2397.0,0.0,0.0,0.0
1286.0,13.5,1098.0,4.0,1,939.0,0.0,0.0,0.0
103.0,3.5,410.0,4.0,1,259.0,0.0,0.0,0.0
328.0,3.0,246.0,4.0,1,8.0,0.0,0.0,0.0
399.0,3.0,446.0,4.0,1,464.0,0.0,0.0,0.0
180.5,4.0,319.0,4.0,1,89.0,0.0,0.0,0.0
432.0,5.5,224.0,4.0,1,316.0,0.0,0.0,0.0
647.0,7.5,617.0,4.0,1,141.0,0.0,0.0,0.0
189.5,3.0,665.0,4.0,1,34.0,0.0,0.0,0.0
236.5,3.0,523.0,4.0,1,104.0,0.0,0.0,0.0
409.0,4.0,142.0,4.0,1,288.0,0.0,0.0,0.0
86.5,2.5,129.0,4.0,0,167.0,3.333333333333333,1.0,0.0
36.0,1.5,124.0,4.5,1,21.0,0.0,0.0,0.0
540.0,8.0,421.0,4.0,1,758.0,0.0,0.0,0.0
211.0,4.0,1102.0,4.0,1,905.0,0.0,0.0,0.0
202.0,3.5,813.0,4.0,1,372.0,0.0,0.0,0.0
381.0,7.5,467.0,4.0,1,455.0,0.0,0.0,0.0
17.0,2.0,496.0,4.0,1,329.0,0.0,0.0,0.0
209.5,4.0,1065.0,4.0,1,14.0,0.0,0.0,0.0
432.0,6.0,463.0,4.0,1,77.0,0.0,0.0,0.0
492.5,7.0,354.0,4.0,1,200.0,0.0,0.0,0.0
367.25,5.0,96.0,4.0,1,95.0,0.0,0.0,0.0
600.5,6.0,481.0,4.0,1,1207.0,0.0,0.0,0.0
1109.0,30.0,141.0,5.0,1,563.0,0.0,0.0,0.0
472.0,5.0,339.0,4.0,1,383.0,0.0,0.0,0.0
203.0,5.0,229.0,2.0,1,46.0,0.0,0.0,0.0
49.0,2.0,458.0,4.0,1,340.0,0.0,0.0,0.0
120.0,3.5,400.0,4.0,1,205.0,0.0,0.0,0.0
749.0,11.0,1616.0,4.0,1,2342.0,0.0,0.0,0.0
476.0,6.0,609.0,4.0,1,111.0,0.0,0.0,0.0
84.0,21.0,296.0,4.0,1,334.0,0.0,0.0,0.0
601.0,2.0,1581.0,4.0,1,2407.0,0.0,0.0,0.0
663.0,5.5,95.0,4.0,1,78.0,0.0,0.0,0.0
243.0,2.5,675.0,0.0,1,28.0,0.0,0.0,0.0
108.0,4.0,702.0,4.0,1,271.0,0.0,0.0,0.0
1579.0,10.5,2096.0,4.0,1,499.0,0.0,0.0,0.0
533.75,7.0,409.0,4.0,1,822.0,0.0,0.0,0.0
470.0,6.0,52.0,4.0,1,834.0,0.0,0.0,0.0
154.0,8.0,259.0,4.0,1,811.0,0.0,0.0,0.0
61.0,2.0,249.0,4.0,1,656.0,0.0,0.0,0.0
802.5,23.0,740.0,5.0,1,717.0,0.0,0.0,0.0
112.0,3.0,820.0,4.0,1,683.0,0.0,0.0,0.0
342.5,7.0,308.0,4.0,1,569.0,0.0,0.0,0.0
500.0,4.0,483.0,4.0,1,964.0,0.0,0.0,0.0
152.0,2.0,546.0,4.0,1,278.0,24.0,1.0,0.0
373.0,2.0,605.0,4.0,1,418.0,0.0,0.0,0.0
450.0,4.0,213.0,4.0,0,172.0,0.0,0.0,0.0
54.0,3.0,339.0,4.0,1,499.0,7.857142857142857,2.0,0.0
614.0,6.0,247.0,4.0,1,1127.0,0.0,0.0,0.0
752.0,6.5,1221.0,4.0,1,305.0,0.0,0.0,0.0
55.0,1.0,622.0,4.0,0,328.0,9.5,0.0,0.0
166.0,1.0,245.0,4.0,1,1.0,0.0,0.0,0.0
110.5,2.0,255.0,4.0,1,73.0,0.0,0.0,0.0
624.0,6.5,639.0,2.0,1,714.0,0.0,0.0,0.0
70.0,3.0,378.0,4.0,1,493.0,0.0,0.0,0.0
1184.0,8.0,533.0,4.0,1,1319.0,0.0,0.0,0.0
335.0,8.0,474.0,4.0,1,308.0,0.0,0.0,0.0
1028.5,10.0,1071.0,4.0,1,1347.0,0.0,0.0,0.0
701.5,11.0,1136.0,4.0,1,1328.0,0.0,0.0,0.0
530.5,6.0,170.0,4.0,1,370.0,0.0,0.0,0.0
547.5,6.0,432.0,4.0,1,767.0,0.0,0.0,0.0
229.0,5.0,326.0,4.0,1,82.0,0.0,0.0,0.0
764.0,15.0,409.0,5.0,1,2893.0,0.0,0.0,0.0
551.0,7.0,1230.0,4.5,1,2609.0,0.0,0.0,0.0
210.0,4.5,631.0,4.0,1,148.0,0.0,0.0,0.0
400.5,4.0,572.0,4.0,1,148.0,0.0,0.0,0.0
118.0,2.0,699.0,4.0,1,729.0,0.0,0.0,0.0
342.0,4.5,189.0,4.0,1,1313.0,0.0,0.0,0.0
187.66666666666663,4.0,585.0,4.0,1,282.0,0.0,0.0,0.0
368.25,5.0,34.0,4.0,1,624.0,0.0,0.0,0.0
80.0,3.0,1093.0,4.0,1,367.0,0.0,0.0,0.0
45.5,2.0,1237.0,4.0,1,532.0,15.272727272727272,4.0,0.0
777.3333333333334,12.333333333333334,1480.0,4.0,1,1893.0,0.0,0.0,0.0
178.0,3.0,878.0,4.0,1,188.0,0.0,0.0,0.0
1174.0,14.0,1074.0,4.0,1,785.0,0.0,0.0,0.0
20.0,2.5,298.0,3.0,0,232.0,0.0,0.0,0.0
454.75,4.75,422.0,4.0,1,488.0,0.0,0.0,0.0
305.5,3.0,308.0,4.0,1,1149.0,0.0,0.0,0.0
423.0,6.5,128.0,4.0,1,406.0,0.0,0.0,0.0
233.0,6.0,1019.0,4.0,1,886.0,0.0,0.0,0.0
145.25,8.0,468.0,4.0,1,364.0,0.0,0.0,0.0
28.0,0.0,711.0,4.0,0,295.0,7.333333333333333,2.0,0.0
294.0,7.0,375.0,4.0,1,302.0,0.0,0.0,0.0
37.5,1.0,311.0,4.0,1,376.0,0.0,0.0,0.0
378.0,4.666666666666667,832.0,4.0,1,21.0,0.0,0.0,0.0
642.5,5.5,601.0,5.0,1,328.0,0.0,0.0,0.0
341.0,2.0,144.0,4.0,1,1003.0,0.0,0.0,0.0
390.75,8.0,171.0,4.0,1,630.0,0.0,0.0,0.0
693.5,16.0,1076.0,4.0,1,804.0,0.0,0.0,0.0
626.5,7.5,616.0,4.0,1,1555.0,0.0,0.0,0.0
231.0,4.0,538.0,4.0,1,303.0,0.0,0.0,0.0
1234.75,8.0,1097.0,4.0,1,981.0,0.0,0.0,0.0
1212.5,8.0,1442.0,4.0,1,326.0,0.0,0.0,0.0
356.5,6.5,504.0,4.0,1,770.0,0.0,0.0,0.0
482.0,5.0,975.0,4.0,1,945.0,0.0,0.0,0.0
58.0,1.0,319.0,4.0,1,633.0,8.5,1.0,0.0
613.5,10.0,515.0,4.0,1,1301.0,0.0,0.0,0.0
194.0,2.333333333333333,507.0,4.0,1,46.0,0.0,0.0,0.0
96.0,1.5,379.0,4.0,1,452.0,7.0,1.0,0.0
744.0,7.0,1660.0,4.0,1,2208.0,0.0,0.0,0.0
392.0,6.0,257.0,4.0,1,194.0,0.0,0.0,0.0
595.5,4.0,1293.0,4.0,1,2345.0,0.0,0.0,0.0
1172.5,26.5,569.0,4.0,1,293.0,0.0,0.0,0.0
709.0,6.0,992.0,4.0,1,1994.0,0.0,0.0,0.0
53.5,1.5,862.0,4.0,1,207.0,16.333333333333332,2.0,0.0
867.0,4.0,1245.0,4.0,1,3634.0,0.0,0.0,0.0
35.0,2.0,397.0,4.0,1,592.0,0.0,0.0,0.0
108.25,2.0,30.0,4.0,1,437.0,2.0,0.0,0.0
129.5,5.0,600.0,4.0,1,341.0,0.0,0.0,0.0
241.0,3.0,171.0,4.0,1,396.0,0.0,0.0,0.0
81.0,2.0,1303.0,4.0,1,102.0,0.0,0.0,0.0
1219.0,9.0,1005.0,4.0,1,1016.0,0.0,0.0,0.0
257.0,3.0,693.0,4.0,1,353.0,0.0,0.0,0.0
300.0,4.0,854.0,4.0,1,221.0,0.0,0.0,0.0
99.0,3.0,874.0,4.0,1,68.0,0.0,0.0,0.0
823.0,10.0,1380.0,4.0,1,126.0,0.0,0.0,0.0
163.0,1.0,565.0,4.0,1,24.0,0.0,0.0,0.0
640.0,4.5,192.0,4.0,1,320.0,0.0,0.0,0.0
129.5,3.5,173.0,4.0,1,233.0,0.0,0.0,0.0
51.0,0.5,254.0,4.0,1,185.0,3.0,0.0,0.0
545.0,6.0,161.0,4.0,1,622.0,0.0,0.0,0.0
121.0,6.0,587.0,4.0,1,202.0,0.0,0.0,0.0
739.0,8.0,1225.0,4.0,1,2206.0,0.0,0.0,0.0
409.0,7.5,503.0,2.0,1,649.0,0.0,0.0,0.0
472.0,8.0,383.0,4.0,1,355.0,0.0,0.0,0.0
1344.0,14.0,2216.0,4.0,1,972.0,0.0,0.0,0.0
735.0,8.0,798.0,4.0,1,647.0,0.0,0.0,0.0
974.0,10.0,2026.0,4.0,1,3660.0,0.0,0.0,0.0
989.5,10.0,144.0,4.0,1,273.0,0.0,0.0,0.0
552.0,5.0,112.0,4.0,1,397.0,0.0,0.0,0.0
123.5,6.0,411.0,4.0,1,154.0,0.0,0.0,0.0
1791.0,12.0,910.0,4.0,1,543.0,0.0,0.0,0.0
50.0,1.0,892.0,4.0,1,165.0,0.0,0.0,0.0
626.5,9.5,395.0,4.5,1,946.0,0.0,0.0,0.0
839.0,11.0,1153.0,4.0,1,3203.0,0.0,0.0,0.0
149.0,5.5,283.0,4.0,1,121.0,0.0,0.0,0.0
424.0,6.5,234.0,5.0,1,153.0,0.0,0.0,0.0
535.0,6.0,156.0,4.0,1,611.0,0.0,0.0,0.0
661.5,11.5,1058.0,4.0,1,1377.0,0.0,0.0,0.0
497.0,4.0,231.0,4.0,1,595.0,0.0,0.0,0.0
459.0,5.0,417.0,4.0,1,203.0,0.0,0.0,0.0
59.0,1.0,379.0,4.0,1,842.0,0.0,0.0,0.0
60.5,2.0,519.0,4.0,0,1064.0,14.11111111111111,3.0,0.0
212.0,3.0,1013.0,4.0,1,302.0,0.0,0.0,0.0
420.0,7.0,566.0,4.0,1,441.0,0.0,0.0,0.0
204.5,4.25,320.0,4.0,1,138.0,0.0,0.0,0.0
569.0,8.5,577.0,4.0,1,86.0,0.0,0.0,0.0
229.0,4.0,373.0,4.0,1,419.0,0.0,0.0,0.0
107.0,1.0,510.0,3.5,0,484.0,14.285714285714286,3.0,0.0
527.0,6.0,781.0,4.0,1,772.0,0.0,0.0,0.0
97.0,2.5,572.0,4.0,1,149.0,0.0,0.0,0.0
59.0,1.5,395.0,4.0,1,775.0,0.0,0.0,0.0
1414.0,11.0,994.0,5.0,1,50.0,0.0,0.0,0.0
641.0,6.0,683.0,4.0,1,311.0,0.0,0.0,0.0
429.0,3.0,335.0,2.0,1,28.0,0.0,0.0,0.0
269.5,4.0,964.0,4.0,1,181.0,0.0,0.0,0.0
627.0,2.0,346.0,4.0,1,668.0,0.0,0.0,0.0
389.0,6.5,131.0,4.0,1,90.0,0.0,0.0,0.0
449.5,5.0,281.0,4.0,1,224.0,0.0,0.0,0.0
620.0,10.75,638.0,4.0,1,889.0,0.0,0.0,0.0
824.0,11.0,1974.0,4.0,1,1940.0,0.0,0.0,0.0
660.0,4.5,303.0,4.0,1,228.0,0.0,0.0,0.0
674.0,11.0,640.0,4.0,1,1637.0,0.0,0.0,0.0
327.0,5.0,1086.0,4.0,1,954.0,0.0,0.0,0.0
1056.0,4.0,1973.0,4.0,1,3824.0,0.0,0.0,0.0
322.75,4.0,895.0,2.0,1,89.0,0.0,0.0,0.0
371.0,5.0,107.0,4.0,1,666.0,0.0,0.0,0.0
1432.0,16.5,446.0,4.0,1,556.0,0.0,0.0,0.0
69.5,1.0,786.0,4.0,0,142.0,17.8,2.0,0.0
792.5,9.5,798.0,4.0,1,2224.0,0.0,0.0,0.0
246.5,2.0,718.0,4.0,1,954.0,0.0,0.0,0.0
292.0,7.0,1246.0,4.0,1,50.0,0.0,0.0,0.0
103.0,2.0,407.0,2.0,1,6.0,0.0,0.0,0.0
678.0,5.0,972.0,4.0,1,2012.0,0.0,0.0,0.0
652.0,9.0,788.0,4.0,1,1555.0,0.0,0.0,0.0
52.5,1.5,447.0,4.0,1,1116.0,0.0,0.0,0.0
1103.0,34.0,1672.0,5.0,1,64.0,0.0,0.0,0.0
66.0,2.0,800.0,4.0,0,337.0,30.5,0.0,0.0
64.5,4.0,322.0,4.0,1,151.0,0.0,0.0,0.0
399.5,14.0,905.0,4.0,1,689.0,0.0,0.0,0.0
35.0,2.0,551.0,4.0,1,147.0,0.0,0.0,0.0
483.0,9.0,155.0,4.0,1,619.0,0.0,0.0,0.0
666.0,12.0,602.0,4.0,1,1075.0,0.0,0.0,0.0
371.5,4.0,25.0,4.0,1,654.0,0.0,0.0,0.0
86.0,4.5,1231.0,4.0,1,521.0,0.0,0.0,0.0
895.5,8.5,693.0,4.0,1,608.0,0.0,0.0,0.0
794.5,12.0,1722.0,4.0,1,2010.0,0.0,0.0,0.0
24.0,0.0,646.0,4.0,1,666.0,0.0,0.0,0.0
253.0,4.5,681.0,4.0,1,258.0,0.0,0.0,0.0
481.0,6.0,142.0,4.0,1,873.0,0.0,0.0,0.0
746.0,11.0,1336.0,4.0,1,1430.0,0.0,0.0,0.0
23.0,0.0,612.0,4.0,1,928.0,0.0,0.0,0.0
823.0,11.0,922.0,4.5,1,869.0,0.0,0.0,0.0
541.0,7.5,249.0,4.0,1,354.0,0.0,0.0,0.0
292.5,5.0,174.0,4.0,1,177.0,0.0,0.0,0.0
380.0,3.0,745.0,4.0,1,181.0,0.0,0.0,0.0
1005.0,11.0,1525.0,5.0,1,556.0,0.0,0.0,0.0
1118.25,7.0,796.0,4.0,1,1234.0,0.0,0.0,0.0
62.5,2.5,560.0,4.0,1,391.0,30.0,0.0,0.0
108.0,4.0,815.0,4.0,1,157.0,0.0,0.0,0.0
508.0,3.5,137.0,4.0,1,366.0,0.0,0.0,0.0
615.0,3.0,608.0,4.0,1,552.0,0.0,0.0,0.0
809.0,5.0,1625.0,4.0,1,2784.0,0.0,0.0,0.0
269.0,3.0,154.0,4.0,1,325.0,15.0,2.0,0.0
68.0,1.0,609.0,2.0,1,0.0,0.0,0.0,0.0
519.0,2.5,655.0,4.0,1,771.0,0.0,0.0,0.0
298.0,5.0,478.0,4.0,1,183.0,0.0,0.0,0.0
14.0,11.5,652.0,2.0,1,527.0,0.0,0.0,0.0
857.0,19.5,820.0,5.0,1,883.0,0.0,0.0,0.0
229.0,10.0,483.0,4.0,1,748.0,0.0,0.0,0.0
66.0,1.5,288.0,4.0,1,258.0,0.0,0.0,0.0
686.5,5.0,583.0,4.0,1,1242.0,0.0,0.0,0.0
44.5,2.5,554.0,4.0,1,985.0,0.0,0.0,0.0
62.0,3.0,670.0,4.0,0,114.0,6.5,0.0,0.0
1337.0,17.0,1637.0,4.0,1,402.0,0.0,0.0,0.0
25.0,0.5,960.0,4.0,0,915.0,0.0,0.0,0.0
1179.0,6.0,1339.0,4.0,1,3040.0,0.0,0.0,0.0
248.0,3.0,774.0,4.0,1,995.0,0.0,0.0,0.0
287.0,3.0,443.0,4.0,1,324.0,0.0,0.0,0.0
49.0,1.5,689.0,4.0,1,105.0,0.0,0.0,0.0
373.0,4.0,251.0,4.0,1,648.0,0.0,0.0,0.0
322.0,3.5,182.0,4.0,1,530.0,0.0,0.0,0.0
118.5,1.0,407.0,4.0,1,42.0,0.0,0.0,0.0
703.0,5.0,957.0,4.0,1,1452.0,0.0,0.0,0.0
17.0,1.5,408.0,4.0,1,812.0,0.0,0.0,0.0
846.0,10.0,1970.0,4.0,1,991.0,0.0,0.0,0.0
281.5,4.0,355.0,4.0,1,115.0,15.5,1.0,0.0
419.5,6.0,13.0,4.0,1,45.0,0.0,0.0,0.0
25.0,10.0,491.0,4.0,1,1026.0,0.0,0.0,0.0
999.0,12.5,800.0,5.0,1,1212.0,0.0,0.0,0.0
630.5,3.0,375.0,4.0,1,650.0,0.0,0.0,0.0
300.0,5.0,336.0,4.0,1,480.0,0.0,0.0,0.0
129.5,4.0,922.0,4.0,1,241.0,0.0,0.0,0.0
21.0,1.5,292.0,4.0,1,340.0,14.0,3.0,0.0
425.0,6.5,176.0,4.0,1,225.0,0.0,0.0,0.0
903.0,16.75,1690.0,4.0,1,1015.0,0.0,0.0,0.0
278.0,4.0,590.0,4.0,1,167.0,0.0,0.0,0.0
150.5,2.5,782.0,4.0,1,574.0,18.75,2.0,0.0
875.0,7.0,1739.0,4.0,1,2101.0,0.0,0.0,0.0
452.0,4.0,178.0,4.0,1,1484.0,0.0,0.0,0.0
1117.0,7.5,1529.0,4.0,1,3349.0,0.0,0.0,0.0
133.5,3.0,231.0,4.0,0,482.0,0.0,0.0,0.0
491.5,3.0,243.0,4.0,1,483.0,0.0,0.0,0.0
551.0,9.5,407.0,4.0,1,478.0,0.0,0.0,0.0
42.0,2.5,504.0,4.5,0,588.0,16.333333333333332,1.0,0.0
620.5,5.0,716.0,4.0,1,1329.0,0.0,0.0,0.0
133.0,4.0,872.0,4.0,1,73.0,0.0,0.0,0.0
591.0,10.5,450.0,4.0,1,192.0,0.0,0.0,0.0
437.0,5.0,257.0,4.0,1,472.0,0.0,0.0,0.0
395.0,3.5,489.0,4.0,1,528.0,0.0,0.0,0.0
323.5,2.0,48.0,4.0,1,392.0,0.0,0.0,0.0
905.3333333333334,7.0,1974.0,4.0,1,3608.0,0.0,0.0,0.0
984.0,10.5,159.0,4.0,1,379.0,0.0,0.0,0.0
199.0,3.0,295.0,4.0,1,518.0,0.0,0.0,0.0
39.0,1.5,416.0,4.0,1,53.0,0.0,0.0,0.0
187.0,3.5,479.0,4.0,1,176.0,0.0,0.0,0.0
474.5,8.0,314.0,4.0,1,490.0,0.0,0.0,0.0
166.0,2.0,468.0,4.0,1,195.0,30.0,1.0,0.0
109.0,2.0,787.0,4.0,1,502.0,6.0,1.0,0.0
965.0,7.0,235.0,4.0,1,55.0,0.0,0.0,0.0
209.5,3.0,621.0,4.0,1,54.0,0.0,0.0,0.0
427.5,4.5,464.0,0.0,1,24.0,0.0,0.0,0.0
220.0,5.5,1065.0,4.0,1,759.0,0.0,0.0,0.0
214.0,3.5,1072.0,4.0,1,930.0,0.0,0.0,0.0
20.0,2.5,591.0,2.0,1,33.0,0.0,0.0,0.0
970.0,11.5,1280.0,4.0,1,2506.0,0.0,0.0,0.0
874.0,21.0,852.0,5.0,1,1133.0,0.0,0.0,0.0
1197.0,9.0,694.0,4.0,1,1179.0,0.0,0.0,0.0
575.0,5.0,32.0,4.0,1,1078.0,0.0,0.0,0.0
547.0,13.0,295.0,5.0,1,1878.0,0.0,0.0,0.0
273.0,3.6666666666666665,1006.0,4.0,1,97.0,0.0,0.0,0.0
530.0,5.0,78.0,4.0,1,108.0,0.0,0.0,0.0
1258.0,9.0,1072.0,4.0,1,1126.0,0.0,0.0,0.0
5.0,2.0,735.0,0.0,0,1282.0,0.0,0.0,0.0
283.6666666666667,4.0,106.0,4.0,0,79.0,0.0,0.0,0.0
65.0,3.0,454.0,4.0,1,489.0,0.0,0.0,0.0
21.0,2.0,491.0,4.5,1,679.0,0.0,0.0,0.0
333.5,4.0,458.0,4.0,1,186.0,0.0,0.0,0.0
265.0,4.5,344.0,4.0,1,167.0,0.0,0.0,0.0
700.0,7.5,1358.0,4.0,1,1381.0,0.0,0.0,0.0
191.0,3.5,318.0,4.0,1,337.0,0.0,0.0,0.0
511.0,5.0,595.0,4.0,1,758.0,0.0,0.0,0.0
9.5,11.0,490.0,2.5,1,1040.0,0.0,0.0,0.0
826.5,2.5,764.0,4.0,1,2973.0,0.0,0.0,0.0
655.0,5.5,185.0,4.0,1,922.0,0.0,0.0,0.0
69.0,1.0,498.0,4.0,1,242.0,0.0,0.0,0.0
23.0,0.5,780.0,4.0,1,526.0,0.0,0.0,0.0
644.0,5.0,728.0,4.0,1,1497.0,0.0,0.0,0.0
395.0,4.0,849.0,2.0,1,151.0,0.0,0.0,0.0
310.0,4.5,1080.0,4.0,1,880.0,0.0,0.0,0.0
648.0,9.0,775.0,2.0,1,1328.0,0.0,0.0,0.0
242.0,7.0,796.0,4.0,1,109.0,0.0,0.0,0.0
101.0,3.0,858.0,4.0,1,430.0,0.0,0.0,0.0
399.0,5.0,747.0,4.0,1,267.0,0.0,0.0,0.0
503.0,9.0,535.0,4.0,1,340.0,0.0,0.0,0.0
151.0,3.0,359.0,4.0,1,179.0,0.0,0.0,0.0
335.25,3.0,319.0,4.0,1,95.0,0.0,0.0,0.0
58.0,2.0,570.0,4.0,1,597.0,0.0,0.0,0.0
471.0,4.0,229.0,2.0,1,68.0,0.0,0.0,0.0
162.25,5.0,398.0,2.0,1,0.0,0.0,0.0,0.0
181.0,4.0,180.0,2.0,1,82.0,0.0,0.0,0.0
80.0,2.0,923.0,4.0,0,889.0,11.142857142857142,4.0,0.0
227.0,4.0,628.0,4.0,1,314.0,0.0,0.0,0.0
998.0,14.0,423.0,4.0,1,751.0,0.0,0.0,0.0
487.0,7.5,176.0,4.0,1,191.0,0.0,0.0,0.0
384.6666666666667,5.5,126.0,4.0,1,705.0,38.0,0.0,0.0
84.0,1.5,1231.0,4.0,0,24.0,11.0,1.0,0.0
331.0,9.0,787.0,4.0,1,682.0,0.0,0.0,0.0
1020.0,8.0,1676.0,4.0,1,3345.0,0.0,0.0,0.0
348.0,6.0,378.0,4.0,1,402.0,0.0,0.0,0.0
349.0,8.75,432.0,4.0,1,418.0,0.0,0.0,0.0
244.0,6.0,1164.0,4.0,1,513.0,0.0,0.0,0.0
676.0,14.0,1077.0,4.0,1,1127.0,0.0,0.0,0.0
617.0,4.5,190.0,4.0,1,525.0,0.0,0.0,0.0
364.0,11.5,331.0,4.0,1,412.0,0.0,0.0,0.0
338.0,8.5,647.0,4.0,1,626.0,0.0,0.0,0.0
61.0,2.0,626.0,4.0,1,520.0,2.0,0.0,0.0
140.0,2.5,139.0,4.0,1,387.0,0.0,0.0,0.0
1109.0,8.5,1455.0,4.0,1,3312.0,0.0,0.0,0.0
585.0,6.0,701.0,4.0,1,744.0,0.0,0.0,0.0
83.0,2.5,1300.0,4.0,1,84.0,30.0,0.0,0.0
124.0,4.0,202.0,4.0,1,38.0,0.0,0.0,0.0
327.0,7.0,299.0,4.0,1,237.0,0.0,0.0,0.0
59.0,1.0,1013.0,4.0,1,165.0,0.0,0.0,0.0
1084.5,19.0,2038.0,5.0,1,834.0,0.0,0.0,0.0
1144.0,16.0,1809.0,4.0,1,1429.0,0.0,0.0,0.0
329.0,6.0,356.0,4.0,1,63.0,0.0,0.0,0.0
279.0,3.5,432.0,4.0,1,0.0,0.0,0.0,0.0
8.5,1.0,635.0,4.0,0,135.0,30.0,0.0,0.0
446.0,7.5,295.0,4.0,1,188.0,0.0,0.0,0.0
806.0,13.0,1746.0,4.0,1,1390.0,0.0,0.0,0.0
238.0,4.0,152.0,4.0,1,304.0,0.0,0.0,0.0
1027.5,12.0,981.0,4.0,1,2348.0,0.0,0.0,0.0
46.0,1.0,404.0,5.0,1,157.0,0.0,0.0,0.0
639.0,14.75,524.0,4.0,1,1224.0,0.0,0.0,0.0
726.0,7.0,938.0,4.0,1,616.0,0.0,0.0,0.0
598.5,17.0,437.0,4.0,1,579.0,0.0,0.0,0.0
604.0,3.5,278.0,4.0,1,761.0,0.0,0.0,0.0
657.5,5.0,193.0,4.0,1,362.0,0.0,0.0,0.0
971.0,26.5,411.0,5.0,1,677.0,0.0,0.0,0.0
752.0,6.0,1579.0,4.0,1,55.0,0.0,0.0,0.0
79.5,2.0,899.0,4.0,0,324.0,12.666666666666666,1.0,0.0
313.0,5.0,443.0,4.0,1,803.0,0.0,0.0,0.0
97.0,2.5,442.0,4.0,1,419.0,0.0,0.0,0.0
78.5,2.0,593.0,4.0,1,98.0,0.0,0.0,0.0
1066.25,21.5,1981.0,5.0,1,74.0,0.0,0.0,0.0
211.0,3.0,600.0,4.0,1,40.0,0.0,0.0,0.0
374.0,2.0,531.0,4.0,0,212.0,0.0,0.0,0.0
814.0,12.0,1500.0,4.0,1,113.0,0.0,0.0,0.0
717.0,7.5,1038.0,2.0,1,1061.0,0.0,0.0,0.0
340.0,3.5,370.0,4.0,1,690.0,0.0,0.0,0.0
224.0,9.5,431.0,4.0,1,342.0,0.0,0.0,0.0
87.0,4.5,693.0,2.0,1,32.0,0.0,0.0,0.0
364.0,2.5,96.0,4.0,1,215.0,0.0,0.0,0.0
40.0,2.0,492.0,4.0,1,109.0,0.0,0.0,0.0
119.0,1.0,297.0,4.0,1,403.0,31.0,0.0,0.0
193.0,3.0,630.0,4.0,1,226.0,0.0,0.0,0.0
168.5,5.5,606.0,4.0,1,312.0,12.0,3.0,0.0
1156.0,5.0,652.0,4.0,1,1213.0,0.0,0.0,0.0
516.0,5.0,622.0,4.0,1,542.0,0.0,0.0,0.0
433.0,5.0,391.0,4.0,1,50.0,0.0,0.0,0.0
245.0,2.0,661.0,4.0,1,948.0,0.0,0.0,0.0
85.5,1.0,1342.0,4.0,1,78.0,0.0,0.0,0.0
676.0,7.0,211.0,4.0,1,601.0,0.0,0.0,0.0
393.0,9.0,362.0,4.0,1,382.0,0.0,0.0,0.0
1349.0,8.0,1021.0,5.0,1,2091.0,0.0,0.0,0.0
425.0,7.0,217.0,4.0,1,258.0,0.0,0.0,0.0
300.6666666666667,6.0,132.0,4.0,1,129.0,0.0,0.0,0.0
578.0,6.0,145.0,4.0,1,503.0,0.0,0.0,0.0
116.0,5.0,673.0,2.0,1,41.0,0.0,0.0,0.0
491.0,6.0,340.0,4.0,1,148.0,0.0,0.0,0.0
175.0,3.5,289.0,2.0,1,44.0,0.0,0.0,0.0
664.0,11.0,492.0,4.0,1,1059.0,0.0,0.0,0.0
603.0,2.0,1515.0,4.0,1,2370.0,0.0,0.0,0.0
708.5,5.5,1024.0,4.0,1,2029.0,0.0,0.0,0.0
799.5,8.0,1812.0,4.5,1,2554.0,0.0,0.0,0.0
169.0,2.0,599.0,4.0,1,218.0,0.0,0.0,0.0
424.0,6.0,366.0,4.0,1,1387.0,0.0,0.0,0.0
365.0,7.25,331.0,0.0,1,14.0,0.0,0.0,0.0
61.0,1.0,974.0,4.0,1,323.0,17.75,2.0,0.0
156.0,4.0,418.0,4.0,1,432.0,0.0,0.0,0.0
465.0,6.333333333333333,439.0,4.0,1,110.0,0.0,0.0,0.0
309.0,4.0,303.0,2.0,1,96.0,0.0,0.0,0.0
199.5,4.5,216.0,4.0,1,103.0,0.0,0.0,0.0
834.0,15.5,974.0,5.0,1,1342.0,0.0,0.0,0.0
124.0,3.0,703.0,2.0,1,102.0,0.0,0.0,0.0
528.0,6.0,207.0,4.0,1,160.0,0.0,0.0,0.0
223.0,4.0,454.0,4.0,1,53.0,0.0,0.0,0.0
31.5,1.5,953.0,5.0,1,830.0,30.0,0.0,0.0
757.0,7.0,1223.0,4.0,1,312.0,0.0,0.0,0.0
42.0,3.0,109.0,4.0,1,423.0,35.0,0.0,0.0
642.0,5.0,295.0,4.0,1,438.0,0.0,0.0,0.0
1389.5,12.0,541.0,4.0,1,600.0,0.0,0.0,0.0
173.5,4.0,467.0,4.0,1,228.0,0.0,0.0,0.0
88.0,1.0,1122.0,4.0,1,306.0,0.0,0.0,0.0
111.5,2.0,608.0,2.0,0,72.0,8.25,0.0,0.0
111.0,2.0,92.0,4.0,1,203.0,0.0,0.0,0.0
574.0,7.5,260.0,4.0,1,829.0,0.0,0.0,0.0
432.5,4.5,154.0,4.0,1,1216.0,0.0,0.0,0.0
1154.0,18.0,1542.0,5.0,1,23.0,0.0,0.0,0.0
307.5,3.5,519.0,4.0,1,27.0,0.0,0.0,0.0
52.0,4.0,356.0,4.0,1,368.0,0.0,0.0,0.0
623.5,12.0,516.0,4.0,1,1341.0,0.0,0.0,0.0
403.0,4.0,167.0,4.0,1,1019.0,0.0,0.0,0.0
23.0,0.5,516.0,4.0,1,733.0,30.0,0.0,0.0
689.0,6.0,1180.0,4.0,1,125.0,0.0,0.0,0.0
118.5,2.0,347.0,4.0,1,28.0,18.0,1.0,0.0
148.33333333333334,3.0,306.0,4.0,1,86.0,0.0,0.0,0.0
322.0,6.0,444.0,4.0,1,758.0,0.0,0.0,0.0
480.0,7.0,624.0,4.0,1,114.0,0.0,0.0,0.0
339.0,4.0,445.0,4.0,1,219.0,0.0,0.0,0.0
1586.0,9.0,457.0,4.0,1,519.0,0.0,0.0,0.0
9.0,3.0,479.0,4.0,1,422.0,0.0,0.0,0.0
301.0,7.0,163.0,4.0,1,454.0,0.0,0.0,0.0
140.0,1.5,623.0,4.0,1,84.0,0.0,0.0,0.0
357.6666666666667,8.0,265.0,4.0,1,123.0,0.0,0.0,0.0
487.5,7.0,809.0,4.0,1,426.0,0.0,0.0,0.0
616.5,4.5,553.0,4.0,1,453.0,0.0,0.0,0.0
635.0,3.0,305.0,4.0,1,708.0,0.0,0.0,0.0
48.5,1.0,463.0,4.0,1,704.0,0.0,0.0,0.0
193.5,5.5,681.0,4.0,1,635.0,0.0,0.0,0.0
159.5,7.0,728.0,4.0,1,371.0,0.0,0.0,0.0
10.5,3.0,491.0,5.0,1,137.0,0.0,0.0,0.0
599.5,6.0,652.0,4.0,1,892.0,0.0,0.0,0.0
54.5,18.0,283.0,4.0,1,892.0,20.0,1.0,0.0
583.5,1.5,773.0,4.0,1,1542.0,0.0,0.0,0.0
247.5,4.0,776.0,4.0,1,255.0,0.0,0.0,0.0
1291.0,13.0,2409.0,4.0,1,1342.0,0.0,0.0,0.0
683.0,9.0,1131.0,4.0,1,80.0,0.0,0.0,0.0
558.5,5.0,542.0,2.0,1,549.0,0.0,0.0,0.0
263.0,6.0,472.0,4.0,1,93.0,0.0,0.0,0.0
1373.0,25.0,1794.0,4.0,1,308.0,0.0,0.0,0.0
161.0,1.0,445.0,4.0,1,18.0,21.0,1.0,0.0
185.0,3.5,432.0,4.0,1,105.0,0.0,0.0,0.0
261.0,4.5,326.0,4.0,1,309.0,0.0,0.0,0.0
340.5,4.0,365.0,4.0,1,94.0,0.0,0.0,0.0
333.0,4.5,168.0,4.0,0,43.0,0.0,0.0,0.0
400.0,3.0,314.0,4.0,1,187.0,0.0,0.0,0.0
24.0,0.5,927.0,4.0,1,332.0,0.0,0.0,0.0
38.333333333333336,1.5,275.0,2.0,1,5.0,12.25,2.0,0.0
249.5,4.0,345.0,4.0,1,539.0,0.0,0.0,0.0
192.0,4.0,800.0,4.0,1,55.0,0.0,0.0,0.0
41.0,1.0,1151.0,4.0,1,102.0,11.0,1.0,0.0
467.0,11.0,416.0,4.0,1,320.0,0.0,0.0,0.0
377.75,6.0,485.0,2.0,1,44.0,0.0,0.0,0.0
324.5,11.5,111.0,4.0,1,521.0,0.0,0.0,0.0
296.0,6.0,199.0,4.0,1,141.0,12.75,2.0,0.0
12.0,2.0,367.0,4.0,1,828.0,0.0,0.0,0.0
789.0,7.0,1671.0,4.5,1,1769.0,0.0,0.0,0.0
527.0,6.0,500.0,4.0,1,1783.0,0.0,0.0,0.0
35.0,2.0,442.0,2.0,1,32.0,0.0,0.0,0.0
48.5,2.0,519.0,4.0,1,688.0,2.5,0.0,0.0
2.5,2.0,356.0,4.5,1,310.0,0.0,0.0,0.0
826.0,11.0,1571.0,4.0,1,1367.0,0.0,0.0,0.0
217.0,3.0,198.0,4.0,1,101.0,0.0,0.0,0.0
1302.0,10.5,2285.0,4.0,1,1240.0,0.0,0.0,0.0
609.5,10.0,609.0,4.0,1,961.0,0.0,0.0,0.0
114.0,1.0,252.0,4.0,1,203.0,0.0,0.0,0.0
120.0,2.5,693.0,4.0,1,199.0,0.0,0.0,0.0
118.0,2.0,659.0,4.0,1,741.0,0.0,0.0,0.0
910.0,13.0,1552.0,4.0,1,2486.0,0.0,0.0,0.0
346.0,3.5,526.0,4.0,1,80.0,0.0,0.0,0.0
45.0,1.0,959.0,4.5,1,591.0,11.0,4.0,0.0
734.0,10.0,1270.0,4.0,1,1630.0,0.0,0.0,0.0
181.0,5.0,443.0,4.0,1,388.0,0.0,0.0,0.0
7.0,3.5,581.0,4.0,1,291.0,16.4,0.0,0.0
328.5,6.0,414.0,4.0,1,313.0,0.0,0.0,0.0
492.0,6.0,241.0,4.0,1,32.0,0.0,0.0,0.0
55.5,2.0,296.0,4.0,1,129.0,0.0,0.0,0.0
144.0,3.0,615.0,4.0,1,73.0,0.0,0.0,0.0
277.0,3.0,553.0,4.0,1,866.0,0.0,0.0,0.0
234.0,4.5,822.0,4.0,1,267.0,35.0,0.0,0.0
399.0,7.0,265.0,4.0,1,1032.0,0.0,0.0,0.0
349.0,8.0,603.0,4.0,1,255.0,0.0,0.0,0.0
6.0,2.0,22.0,4.0,1,59.0,15.285714285714286,6.0,0.0
715.5,6.5,1085.0,4.0,1,1537.0,0.0,0.0,0.0
68.5,2.0,856.0,4.0,1,357.0,9.25,1.0,0.0
163.0,5.5,327.0,4.0,1,79.0,0.0,0.0,0.0
1169.0,16.5,1663.0,4.0,1,1134.0,0.0,0.0,0.0
484.0,3.0,437.0,4.0,1,1001.0,0.0,0.0,0.0
232.5,2.0,329.0,4.0,1,125.0,0.0,0.0,0.0
285.0,3.0,296.0,4.0,1,186.0,0.0,0.0,0.0
211.0,5.0,573.0,4.0,1,439.0,0.0,0.0,0.0
235.0,3.0,220.0,4.0,1,252.0,0.0,0.0,0.0
602.0,9.0,28.0,4.0,1,512.0,0.0,0.0,0.0
141.0,3.5,858.0,4.0,1,228.0,0.0,0.0,0.0
109.0,2.0,645.0,4.0,1,90.0,0.0,0.0,0.0
1041.0,14.0,389.0,5.0,1,741.0,0.0,0.0,0.0
155.5,1.0,751.0,4.0,1,323.0,0.0,0.0,0.0
141.5,2.0,332.0,3.0,1,110.0,0.0,0.0,0.0
193.0,4.5,732.0,4.0,1,17.0,0.0,0.0,0.0
122.5,6.0,511.0,4.0,1,180.0,0.0,0.0,0.0
766.0,9.5,723.0,4.0,1,844.0,0.0,0.0,0.0
52.0,1.0,531.0,4.0,1,680.0,25.666666666666668,2.0,0.0
34.0,1.5,1182.0,4.5,0,444.0,0.0,0.0,0.0
331.0,3.0,377.0,4.0,1,63.0,0.0,0.0,0.0
618.0,4.0,349.0,4.0,1,566.0,0.0,0.0,0.0
686.0,9.0,848.0,4.0,1,1329.0,0.0,0.0,0.0
286.0,5.0,354.0,4.0,1,885.0,0.0,0.0,0.0
482.0,9.0,238.0,4.0,1,330.0,0.0,0.0,0.0
131.5,3.0,294.0,4.0,1,73.0,0.0,0.0,0.0
177.0,3.0,610.0,4.0,1,489.0,0.0,0.0,0.0
413.0,5.5,588.0,4.0,1,157.0,0.0,0.0,0.0
561.0,10.0,734.0,0.0,1,562.0,0.0,0.0,0.0
307.5,5.0,753.0,4.0,1,357.0,0.0,0.0,0.0
1174.5,8.0,572.0,4.0,1,2432.0,0.0,0.0,0.0
37.75,5.0,509.0,4.0,1,713.0,0.0,0.0,0.0
82.0,3.0,137.0,4.0,1,228.0,0.0,0.0,0.0
755.0,5.5,1132.0,4.0,1,1912.0,0.0,0.0,0.0
433.5,6.0,367.0,4.0,1,585.0,0.0,0.0,0.0
400.0,4.5,459.0,2.0,1,241.0,0.0,0.0,0.0
1219.0,7.0,656.0,4.0,1,1342.0,0.0,0.0,0.0
150.0,3.0,434.0,4.0,1,154.0,0.0,0.0,0.0
657.0,12.0,453.0,4.0,1,1475.0,0.0,0.0,0.0
463.5,6.0,144.0,4.0,1,1579.0,0.0,0.0,0.0
1417.0,22.5,877.0,4.0,1,1513.0,0.0,0.0,0.0
601.0,2.5,1523.0,4.0,1,2370.0,0.0,0.0,0.0
40.0,3.0,940.0,4.0,0,494.0,10.75,3.0,0.0
39.0,2.0,477.0,4.0,1,73.0,0.0,0.0,0.0
60.75,1.0,379.0,4.0,1,766.0,24.0,0.0,0.0
522.5,4.0,133.0,4.0,1,539.0,0.0,0.0,0.0
95.0,2.5,530.0,4.0,1,115.0,0.0,0.0,0.0
516.0,6.5,454.0,4.0,1,514.0,0.0,0.0,0.0
73.5,2.0,462.0,4.0,1,79.0,0.0,0.0,0.0
1260.0,9.0,635.0,5.0,1,2167.0,0.0,0.0,0.0
1518.0,19.75,710.0,5.0,1,234.0,0.0,0.0,0.0
69.5,4.0,92.0,4.0,0,124.0,0.0,0.0,0.0
872.0,10.0,1521.0,5.0,1,1812.0,0.0,0.0,0.0
6.0,5.0,430.0,5.0,1,566.0,0.0,0.0,0.0
226.0,1.5,598.0,4.0,1,562.0,0.0,0.0,0.0
179.0,4.0,803.0,2.0,1,58.0,15.0,2.0,0.0
66.5,2.0,575.0,4.0,1,190.0,26.0,0.0,0.0
1250.0,10.0,612.0,4.5,1,2081.0,0.0,0.0,0.0
251.0,8.333333333333334,452.0,4.0,1,216.0,0.0,0.0,0.0
286.0,5.5,233.0,4.0,1,728.0,0.0,0.0,0.0
773.0,16.0,1057.0,4.0,1,380.0,0.0,0.0,0.0
21.0,0.5,354.0,4.0,1,1009.0,0.0,0.0,0.0
582.0,7.666666666666667,720.0,4.0,1,927.0,0.0,0.0,0.0
421.0,3.0,330.0,4.0,1,1175.0,0.0,0.0,0.0
704.75,6.5,376.0,4.0,1,542.0,0.0,0.0,0.0
31.5,2.0,917.0,4.5,1,645.0,0.0,0.0,0.0
409.0,5.0,413.0,4.0,1,220.0,0.0,0.0,0.0
690.5,5.0,315.0,4.0,1,1333.0,0.0,0.0,0.0
411.5,2.0,353.0,4.0,1,94.0,0.0,0.0,0.0
541.0,4.0,555.0,4.0,1,668.0,0.0,0.0,0.0
831.0,7.0,2051.0,4.0,1,2516.0,0.0,0.0,0.0
352.0,6.5,563.0,4.0,1,409.0,0.0,0.0,0.0
44.0,2.5,457.0,4.0,1,125.0,0.0,0.0,0.0
878.0,16.0,949.0,5.0,1,2865.0,0.0,0.0,0.0
704.0,8.5,614.0,4.0,1,467.0,0.0,0.0,0.0
877.0,20.0,831.0,5.0,1,1253.0,0.0,0.0,0.0
1311.0,14.0,1907.0,4.0,1,827.0,0.0,0.0,0.0
174.0,2.5,309.0,4.0,1,73.0,15.5,1.0,0.0
60.0,4.0,372.0,4.0,1,716.0,0.0,0.0,0.0
832.0,5.0,1902.0,4.0,1,3023.0,0.0,0.0,0.0
95.0,1.0,1044.0,3.0,1,491.0,13.5,2.0,0.0
650.0,6.5,829.0,4.5,1,1585.0,0.0,0.0,0.0
405.6666666666667,2.0,443.0,4.0,1,371.0,0.0,0.0,0.0
128.33333333333334,2.0,146.0,4.0,1,66.0,0.0,0.0,0.0
306.0,4.0,496.0,4.0,1,181.0,0.0,0.0,0.0
115.0,2.0,423.0,4.0,1,371.0,0.0,0.0,0.0
967.0,6.5,2042.0,4.0,1,4012.0,0.0,0.0,0.0
237.5,6.5,409.0,4.0,1,240.0,0.0,0.0,0.0
84.5,2.5,325.0,4.0,1,437.0,6.5,0.0,0.0
128.75,4.0,354.0,4.0,1,122.0,0.0,0.0,0.0
583.6666666666666,5.0,489.0,2.0,1,1006.0,0.0,0.0,0.0
358.0,7.5,168.0,4.0,1,28.0,0.0,0.0,0.0
597.5,9.0,877.0,5.0,1,1403.0,0.0,0.0,0.0
569.3333333333334,13.0,662.0,4.0,1,702.0,0.0,0.0,0.0
571.0,4.0,226.0,4.0,1,424.0,0.0,0.0,0.0
1231.0,11.5,2342.0,4.0,1,1518.0,0.0,0.0,0.0
27.5,2.0,955.0,5.0,1,716.0,0.0,0.0,0.0
762.0,19.5,605.0,5.0,1,682.0,0.0,0.0,0.0
37.0,2.0,401.0,4.0,1,753.0,37.0,0.0,0.0
61.0,4.0,931.0,4.0,1,368.0,0.0,0.0,0.0
588.0,8.0,562.0,4.0,1,609.0,0.0,0.0,0.0
384.5,4.0,741.0,4.0,1,125.0,0.0,0.0,0.0
987.5,6.75,147.0,2.0,1,31.0,0.0,0.0,0.0
555.0,26.0,304.0,5.0,1,1736.0,0.0,0.0,0.0
23.0,1.0,466.0,4.0,1,601.0,15.0,1.0,0.0
1274.25,14.0,1509.0,4.0,1,646.0,0.0,0.0,0.0
105.0,2.0,348.0,4.0,1,824.0,0.0,0.0,0.0
30.5,2.5,1079.0,4.5,0,92.0,20.5,3.0,0.0
836.5,12.0,367.0,4.0,1,2750.0,0.0,0.0,0.0
1050.0,22.0,234.0,4.0,1,215.0,0.0,0.0,0.0
119.5,2.5,422.0,4.0,1,243.0,0.0,0.0,0.0
340.0,7.0,817.0,4.0,1,454.0,0.0,0.0,0.0
394.0,4.5,462.0,4.0,1,1271.0,0.0,0.0,0.0
192.0,4.0,545.0,4.0,1,290.0,0.0,0.0,0.0
511.0,8.0,515.0,4.0,1,301.0,0.0,0.0,0.0
72.0,1.5,652.0,4.0,1,231.0,0.0,0.0,0.0
1214.5,15.0,1560.0,0.0,1,531.0,0.0,0.0,0.0
129.75,4.5,678.0,4.0,1,513.0,0.0,0.0,0.0
21.0,1.5,636.0,4.0,1,351.0,0.0,0.0,0.0
964.0,12.0,2187.0,5.0,1,159.0,0.0,0.0,0.0
123.0,2.0,155.0,4.0,1,386.0,0.0,0.0,0.0
523.5,5.75,536.0,4.0,1,1070.0,0.0,0.0,0.0
85.0,3.0,1092.0,4.0,1,515.0,0.0,0.0,0.0
1057.0,14.0,2099.0,4.0,1,1067.0,0.0,0.0,0.0
32.0,12.5,431.0,4.0,1,480.0,11.25,2.0,0.0
485.75,7.0,410.0,4.0,1,190.0,0.0,0.0,0.0
988.0,15.0,2116.0,4.5,1,106.0,0.0,0.0,0.0
83.5,4.0,228.0,4.0,1,432.0,21.0,1.0,0.0
1022.0,23.0,619.0,5.0,1,935.0,0.0,0.0,0.0
121.5,4.0,388.0,2.0,1,33.0,0.0,0.0,0.0
449.5,8.0,330.0,4.0,1,305.0,0.0,0.0,0.0
555.0,4.0,103.0,4.0,1,390.0,0.0,0.0,0.0
155.5,4.0,361.0,3.0,1,220.0,0.0,0.0,0.0
392.0,5.0,409.0,4.0,1,284.0,0.0,0.0,0.0
85.0,2.0,1213.0,4.0,1,125.0,0.0,0.0,0.0
199.0,4.5,328.0,2.0,1,21.0,0.0,0.0,0.0
1180.0,9.0,318.0,4.0,1,2187.0,0.0,0.0,0.0
494.0,4.0,185.0,4.0,1,163.0,0.0,0.0,0.0
153.0,2.5,1062.0,4.0,1,87.0,0.0,0.0,0.0
318.5,1.5,5.0,4.0,1,356.0,0.0,0.0,0.0
36.5,4.0,415.0,4.0,1,373.0,0.0,0.0,0.0
1091.5,11.0,1967.0,4.0,1,1770.0,0.0,0.0,0.0
50.0,1.0,609.0,4.0,1,677.0,0.0,0.0,0.0
507.0,3.5,584.0,4.0,1,921.0,0.0,0.0,0.0
576.5,7.5,607.0,4.5,1,55.0,0.0,0.0,0.0
858.0,12.5,1827.0,4.5,1,1215.0,0.0,0.0,0.0
1033.0,12.0,586.0,5.0,1,878.0,0.0,0.0,0.0
656.0,6.0,701.0,4.0,1,164.0,0.0,0.0,0.0
363.25,5.0,741.0,4.0,1,263.0,0.0,0.0,0.0
416.0,5.333333333333333,384.0,4.0,1,122.0,0.0,0.0,0.0
355.0,3.0,222.0,4.0,1,416.0,0.0,0.0,0.0
623.0,6.5,1353.0,4.0,1,2162.0,0.0,0.0,0.0
23.0,0.5,654.0,4.0,0,914.0,0.0,0.0,0.0
314.0,3.0,350.0,4.0,1,426.0,0.0,0.0,0.0
547.5,8.0,104.0,4.0,1,425.0,0.0,0.0,0.0
802.0,16.0,1741.0,4.0,1,1955.0,0.0,0.0,0.0
306.75,5.0,953.0,4.0,1,193.0,0.0,0.0,0.0
515.0,5.0,1054.0,4.0,1,1687.0,0.0,0.0,0.0
1299.0,12.0,2077.0,4.0,1,1033.0,0.0,0.0,0.0
284.0,3.0,571.0,4.0,1,444.0,0.0,0.0,0.0
976.0,21.5,650.0,5.0,1,1098.0,0.0,0.0,0.0
497.5,2.5,66.0,4.0,1,177.0,0.0,0.0,0.0
400.0,10.0,401.0,4.0,1,486.0,0.0,0.0,0.0
649.0,7.0,1132.0,4.0,1,2151.0,0.0,0.0,0.0
1207.0,9.5,967.0,4.0,1,2732.0,0.0,0.0,0.0
561.5,8.0,527.0,5.0,1,1353.0,0.0,0.0,0.0
502.0,2.0,392.0,4.0,1,349.0,0.0,0.0,0.0
879.0,18.0,805.0,5.0,1,903.0,0.0,0.0,0.0
57.0,1.0,957.0,4.0,0,194.0,7.0,0.0,0.0
15.0,6.0,828.0,2.0,1,1261.0,0.0,0.0,0.0
97.5,5.0,384.0,4.0,1,103.0,15.0,2.0,0.0
154.0,8.0,821.0,4.0,1,390.0,0.0,0.0,0.0
773.5,6.0,1627.0,2.0,1,28.0,0.0,0.0,0.0
104.0,2.5,464.0,4.0,1,176.0,0.0,0.0,0.0
579.0,8.5,160.0,4.0,0,1134.0,0.0,0.0,0.0
1074.5,4.0,1758.0,4.0,1,3622.0,0.0,0.0,0.0
79.66666666666667,1.0,877.0,4.0,0,374.0,34.5,1.0,0.0
301.0,4.5,120.0,4.0,1,236.0,0.0,0.0,0.0
37.5,2.0,879.0,4.5,0,820.0,30.0,0.0,0.0
385.0,7.0,226.0,2.0,1,87.0,0.0,0.0,0.0
162.75,2.0,678.0,4.0,1,240.0,0.0,0.0,0.0
176.0,1.5,576.0,4.0,1,67.0,0.0,0.0,0.0
579.0,9.5,210.0,4.0,1,669.0,0.0,0.0,0.0
763.0,7.0,701.0,4.0,1,2028.0,0.0,0.0,0.0
284.5,10.0,520.0,4.0,1,598.0,0.0,0.0,0.0
48.0,1.5,246.0,4.0,1,297.0,0.0,0.0,0.0
667.5,7.0,290.0,4.0,1,1257.0,0.0,0.0,0.0
838.25,14.0,1433.0,4.0,1,946.0,0.0,0.0,0.0
1710.0,13.0,521.0,4.0,1,952.0,0.0,0.0,0.0
1069.3333333333333,10.0,1254.0,2.0,1,1457.0,0.0,0.0,0.0
561.0,5.0,133.0,4.0,1,128.0,0.0,0.0,0.0
223.0,3.5,407.0,4.0,1,113.0,0.0,0.0,0.0
185.5,10.0,557.0,4.0,1,175.0,0.0,0.0,0.0
186.0,2.5,423.0,4.0,1,57.0,0.0,0.0,0.0
251.0,4.5,705.0,2.0,1,36.0,0.0,0.0,0.0
177.5,6.0,91.0,4.0,1,126.0,0.0,0.0,0.0
451.5,6.0,478.0,4.0,1,87.0,0.0,0.0,0.0
1066.0,29.0,217.0,5.0,1,594.0,0.0,0.0,0.0
546.25,4.0,754.0,4.0,1,293.0,0.0,0.0,0.0
42.0,2.5,350.0,4.0,1,581.0,0.0,0.0,0.0
569.5,6.0,102.0,4.0,1,299.0,0.0,0.0,0.0
54.5,15.0,261.0,4.0,1,890.0,20.0,1.0,0.0
468.0,7.0,336.0,2.0,1,1.0,0.0,0.0,0.0
161.0,5.0,358.0,4.0,1,27.0,0.0,0.0,0.0
23.0,0.5,1003.0,4.0,1,308.0,0.0,0.0,0.0
620.0,4.0,336.0,4.0,1,564.0,0.0,0.0,0.0
761.0,6.0,951.0,4.0,1,1893.0,0.0,0.0,0.0
1151.5,14.666666666666666,1738.0,4.0,1,1324.0,0.0,0.0,0.0
237.0,7.0,398.0,4.0,1,253.0,0.0,0.0,0.0
57.0,1.0,527.0,4.0,0,304.0,33.0,1.0,0.0
1058.75,10.5,808.0,4.5,1,1563.0,0.0,0.0,0.0
796.0,15.0,1371.0,4.0,1,109.0,0.0,0.0,0.0
1742.5,10.0,685.0,4.0,1,587.0,0.0,0.0,0.0
49.5,0.5,723.0,4.0,1,566.0,0.0,0.0,0.0
773.0,13.5,371.0,5.0,1,2997.0,0.0,0.0,0.0
229.5,2.0,691.0,4.0,1,633.0,0.0,0.0,0.0
262.5,6.5,522.0,4.0,1,118.0,0.0,0.0,0.0
49.0,1.0,760.0,4.0,1,163.0,0.0,0.0,0.0
38.0,1.0,1250.0,4.0,0,192.0,0.0,0.0,0.0
215.75,3.0,232.0,4.0,1,185.0,5.0,0.0,0.0
806.5,6.0,1507.0,4.0,1,2802.0,0.0,0.0,0.0
357.0,3.0,53.0,4.0,1,127.0,0.0,0.0,0.0
633.0,3.0,430.0,4.0,1,629.0,0.0,0.0,0.0
63.0,3.0,280.0,4.0,1,295.0,0.0,0.0,0.0
663.5,9.0,601.0,4.0,1,1175.0,0.0,0.0,0.0
95.0,5.5,156.0,4.0,1,198.0,0.0,0.0,0.0
437.0,4.5,249.0,4.0,1,512.0,0.0,0.0,0.0
395.0,4.0,514.0,4.0,1,852.0,0.0,0.0,0.0
135.0,3.0,561.0,2.0,1,15.0,0.0,0.0,0.0
457.0,8.0,493.0,4.0,1,972.0,0.0,0.0,0.0
99.5,1.0,253.0,2.6666666666666665,0,51.0,3.6666666666666665,1.0,0.0
660.0,11.0,1296.0,4.0,1,1351.0,0.0,0.0,0.0
842.0,7.5,1180.0,4.0,1,314.0,0.0,0.0,0.0
2.5,0.0,708.0,0.0,0,1077.0,0.0,0.0,0.0
760.5,9.0,1844.0,4.0,1,1826.0,0.0,0.0,0.0
2.5,1.0,509.0,0.0,1,904.0,14.8,2.0,0.0
1194.0,9.0,1141.0,4.0,1,2898.0,0.0,0.0,0.0
23.0,1.5,772.0,4.0,1,576.0,0.0,0.0,0.0
274.0,4.0,131.0,4.0,1,467.0,0.0,0.0,0.0
744.0,7.0,1630.0,4.0,1,2183.0,0.0,0.0,0.0
529.75,18.0,446.0,4.0,1,401.0,0.0,0.0,0.0
538.3333333333334,8.0,645.0,2.0,1,427.0,0.0,0.0,0.0
367.0,9.0,421.0,4.0,1,570.0,0.0,0.0,0.0
109.0,4.5,734.0,4.0,1,215.0,0.0,0.0,0.0
971.5,11.5,2163.0,4.0,1,610.0,0.0,0.0,0.0
69.5,2.0,507.0,4.0,1,202.0,15.333333333333334,1.0,0.0
174.0,5.5,776.0,2.0,1,94.0,0.0,0.0,0.0
92.5,3.0,537.0,4.0,1,157.0,12.0,0.0,0.0
1065.75,18.0,917.0,4.0,1,2461.0,0.0,0.0,0.0
1142.0,5.0,1047.0,4.0,1,805.0,0.0,0.0,0.0
1125.0,6.0,1322.0,4.0,1,3170.0,0.0,0.0,0.0
75.5,2.0,578.0,4.0,1,162.0,0.0,0.0,0.0
588.5,17.0,853.0,5.0,1,1515.0,0.0,0.0,0.0
288.0,3.0,80.0,4.0,1,289.0,0.0,0.0,0.0
910.0,11.5,2208.0,4.5,1,131.0,0.0,0.0,0.0
6.0,3.0,108.0,5.0,1,396.0,14.875,2.0,0.0
475.0,8.0,353.0,4.0,1,123.0,0.0,0.0,0.0
188.0,8.0,455.0,2.0,1,10.0,0.0,0.0,0.0
975.0,19.0,470.0,5.0,1,1181.0,0.0,0.0,0.0
351.5,3.5,91.0,4.0,1,1332.0,0.0,0.0,0.0
8.5,3.0,500.0,5.0,1,131.0,18.0,0.0,0.0
499.5,6.5,557.0,4.0,1,306.0,0.0,0.0,0.0
75.5,7.0,284.0,4.0,1,579.0,0.0,0.0,0.0
88.0,2.0,1075.0,4.0,0,814.0,10.75,4.0,0.0
499.5,5.5,363.0,4.0,1,112.0,0.0,0.0,0.0
507.5,3.5,163.0,4.0,1,234.0,0.0,0.0,0.0
95.33333333333331,1.0,927.0,4.0,0,1010.0,0.0,0.0,0.0
235.0,4.0,281.0,4.0,1,222.0,0.0,0.0,0.0
660.0,7.0,750.0,4.0,1,149.0,0.0,0.0,0.0
871.0,16.0,1639.0,4.0,1,1120.0,0.0,0.0,0.0
239.0,4.0,639.0,4.0,1,72.0,0.0,0.0,0.0
211.0,4.0,870.0,4.0,1,516.0,0.0,0.0,0.0
201.5,3.5,284.0,4.0,1,19.0,0.0,0.0,0.0
55.0,2.0,271.0,5.0,1,390.0,9.2,1.0,0.0
302.0,6.666666666666667,459.0,4.0,1,255.0,0.0,0.0,0.0
137.0,2.0,225.0,4.0,1,78.0,0.0,0.0,0.0
827.0,7.0,679.0,4.0,1,2613.0,0.0,0.0,0.0
256.0,3.0,807.0,4.0,1,166.0,0.0,0.0,0.0
504.0,6.0,870.0,4.0,1,757.0,0.0,0.0,0.0
123.0,1.5,290.0,4.0,1,194.0,0.0,0.0,0.0
771.5,8.0,783.0,4.0,1,906.0,0.0,0.0,0.0
299.5,4.5,478.0,4.0,1,63.0,0.0,0.0,0.0
109.0,3.0,592.0,4.0,1,94.0,0.0,0.0,0.0
183.0,3.5,518.0,4.0,1,42.0,0.0,0.0,0.0
715.0,12.25,1078.0,4.5,1,71.0,0.0,0.0,0.0
572.0,4.0,571.0,4.0,1,1419.0,0.0,0.0,0.0
1193.0,21.0,1729.0,5.0,1,217.0,0.0,0.0,0.0
955.5,9.5,2091.0,4.0,1,3682.0,0.0,0.0,0.0
86.0,3.0,1062.0,4.0,1,509.0,0.0,0.0,0.0
737.0,6.5,1171.0,4.0,1,1656.0,0.0,0.0,0.0
44.0,2.0,1091.0,4.0,1,64.0,13.7,3.0,0.0
1535.0,9.0,328.0,4.0,1,592.0,0.0,0.0,0.0
564.0,4.5,74.0,4.0,1,951.0,0.0,0.0,0.0
141.0,4.5,146.0,4.0,1,268.0,0.0,0.0,0.0
232.5,3.0,698.0,4.0,1,209.0,0.0,0.0,0.0
698.5,9.0,796.0,4.5,1,1452.0,0.0,0.0,0.0
459.5,2.5,143.0,4.0,1,402.0,0.0,0.0,0.0
17.0,1.0,394.0,4.0,1,150.0,0.0,0.0,0.0
452.0,8.0,780.0,4.0,1,801.0,0.0,0.0,0.0
5.5,1.0,396.0,4.0,1,534.0,13.285714285714286,2.0,0.0
89.5,2.5,326.0,4.0,1,376.0,0.0,0.0,0.0
469.0,6.0,413.0,4.0,1,55.0,0.0,0.0,0.0
34.0,2.0,1185.0,4.5,0,569.0,20.0,1.0,0.0
241.5,4.5,306.0,4.0,1,229.0,0.0,0.0,0.0
90.5,1.0,481.0,4.0,0,427.0,0.0,0.0,0.0
104.0,1.0,174.0,4.0,1,243.0,3.5,0.0,0.0
275.0,4.0,1266.0,4.0,1,566.0,0.0,0.0,0.0
420.0,8.0,253.0,4.0,1,329.0,0.0,0.0,0.0
76.0,1.5,62.0,4.0,1,152.0,0.0,0.0,0.0
644.0,7.5,616.0,5.0,1,1570.0,0.0,0.0,0.0
679.0,6.5,359.0,4.0,1,555.0,0.0,0.0,0.0
173.0,2.0,494.0,4.0,1,98.0,0.0,0.0,0.0
223.5,3.0,380.0,4.0,1,28.0,0.0,0.0,0.0
38.0,1.0,1253.0,4.0,1,172.0,0.0,0.0,0.0
333.0,3.0,297.0,4.0,1,204.0,0.0,0.0,0.0
538.0,5.0,268.0,4.0,1,416.0,0.0,0.0,0.0
1148.0,11.5,1516.0,4.0,1,1091.0,0.0,0.0,0.0
314.0,10.0,571.0,4.0,1,842.0,0.0,0.0,0.0
79.0,2.0,728.0,4.0,1,49.0,6.2,2.0,0.0
282.5,4.0,586.0,4.0,1,35.0,0.0,0.0,0.0
37.0,2.0,824.0,4.0,1,793.0,0.0,0.0,0.0
1610.0,15.0,229.0,4.0,1,1152.0,0.0,0.0,0.0
44.0,2.0,177.0,4.0,1,387.0,15.0,1.0,0.0
288.5,2.0,713.0,4.0,1,359.0,0.0,0.0,0.0
636.5,6.5,659.0,4.0,1,582.0,0.0,0.0,0.0
56.0,2.0,323.0,4.0,1,476.0,0.0,0.0,0.0
162.0,4.0,478.0,4.0,1,300.0,0.0,0.0,0.0
17.0,3.0,504.0,4.5,1,749.0,11.25,2.0,0.0
68.0,3.5,665.0,4.0,1,259.0,0.0,0.0,0.0
570.5,5.75,57.0,4.0,0,935.0,0.0,0.0,0.0
778.0,9.0,1587.0,4.0,1,1290.0,0.0,0.0,0.0
513.0,7.0,415.0,4.0,1,482.0,0.0,0.0,0.0
621.5,8.0,827.0,4.0,1,1077.0,0.0,0.0,0.0
503.0,5.0,763.0,4.0,1,248.0,0.0,0.0,0.0
217.0,6.0,375.0,4.0,1,646.0,0.0,0.0,0.0
8.0,5.0,537.0,4.0,1,917.0,0.0,0.0,0.0
143.0,18.0,402.0,4.0,1,302.0,0.0,0.0,0.0
70.5,2.0,920.0,4.0,1,8.0,17.0,2.0,0.0
375.5,6.0,378.0,4.0,1,189.0,0.0,0.0,0.0
582.0,3.0,1425.0,4.0,1,2628.0,0.0,0.0,0.0
746.0,8.333333333333334,1041.0,4.0,1,1818.0,0.0,0.0,0.0
271.0,4.0,495.0,4.0,1,595.0,0.0,0.0,0.0
254.5,3.5,617.0,2.0,1,11.0,0.0,0.0,0.0
699.0,9.0,1114.0,4.0,1,1928.0,0.0,0.0,0.0
397.0,5.0,738.0,4.0,1,230.0,0.0,0.0,0.0
87.0,1.6666666666666667,1235.0,4.0,1,246.0,10.0,0.0,0.0
1069.5,25.0,2379.0,4.0,1,758.0,0.0,0.0,0.0
214.0,3.0,82.0,4.0,1,342.0,0.0,0.0,0.0
233.5,3.0,820.0,4.0,1,111.0,0.0,0.0,0.0
231.5,3.5,183.0,4.0,1,202.0,0.0,0.0,0.0
82.0,6.5,276.0,4.0,1,97.0,0.0,0.0,0.0
52.5,1.0,228.0,4.0,1,162.0,0.0,0.0,0.0
118.5,5.0,835.0,4.0,1,446.0,0.0,0.0,0.0
126.25,4.0,232.0,4.0,1,68.0,0.0,0.0,0.0
30.0,1.0,972.0,4.0,0,256.0,12.0,0.0,0.0
79.5,2.5,1281.0,4.0,1,123.0,0.0,0.0,0.0
12.0,2.0,214.0,4.0,1,1105.0,0.0,0.0,0.0
908.5,14.0,614.0,4.5,1,901.0,0.0,0.0,0.0
547.0,7.0,342.0,4.0,1,319.0,0.0,0.0,0.0
110.0,4.0,561.0,2.0,1,16.0,0.0,0.0,0.0
48.0,1.0,1332.0,4.0,1,157.0,30.0,0.0,0.0
285.0,3.5,287.0,4.0,1,150.0,0.0,0.0,0.0
609.0,16.0,908.0,5.0,1,2524.0,0.0,0.0,0.0
167.0,6.0,923.0,4.0,1,443.0,6.0,3.0,0.0
137.5,3.5,830.0,4.0,1,202.0,0.0,0.0,0.0
681.0,10.0,819.0,4.0,1,2361.0,0.0,0.0,0.0
5.0,4.0,256.0,2.0,1,1038.0,0.0,0.0,0.0
825.0,8.5,1004.0,4.0,1,719.0,0.0,0.0,0.0
357.0,6.5,619.0,4.0,1,286.0,0.0,0.0,0.0
258.0,4.0,533.0,4.0,1,155.0,0.0,0.0,0.0
871.0,8.0,1543.0,4.0,1,648.0,0.0,0.0,0.0
556.0,6.5,165.0,2.0,1,798.0,0.0,0.0,0.0
760.0,7.0,673.0,4.0,1,3418.0,0.0,0.0,0.0
89.0,1.0,701.0,2.0,1,0.0,0.0,0.0,0.0
146.0,5.0,848.0,4.0,1,242.0,0.0,0.0,0.0
790.0,7.0,260.0,4.0,1,2474.0,0.0,0.0,0.0
861.0,16.0,2098.0,4.0,1,2224.0,0.0,0.0,0.0
63.0,2.0,371.0,4.0,1,456.0,33.0,0.0,0.0
75.0,2.5,467.0,4.0,1,699.0,0.0,0.0,0.0
892.6666666666666,8.0,1756.0,4.0,1,3539.0,0.0,0.0,0.0
1702.5,28.0,1011.0,4.0,1,165.0,0.0,0.0,0.0
262.0,2.0,410.0,2.0,1,6.0,0.0,0.0,0.0
1062.5,7.0,1503.0,4.0,1,3288.0,0.0,0.0,0.0
630.0,18.0,329.0,5.0,1,2053.0,0.0,0.0,0.0
396.25,9.0,134.0,4.0,1,165.0,0.0,0.0,0.0
919.5,11.5,1756.0,4.0,1,846.0,0.0,0.0,0.0
287.0,2.5,601.0,4.0,1,708.0,0.0,0.0,0.0
322.0,4.0,401.0,4.0,1,717.0,0.0,0.0,0.0
57.5,2.0,561.0,4.0,1,1032.0,0.0,0.0,0.0
971.0,5.5,2034.0,4.0,1,4057.0,0.0,0.0,0.0
333.0,3.0,262.0,4.0,1,802.0,0.0,0.0,0.0
85.5,3.0,1211.0,4.0,0,326.0,10.5,1.0,0.0
1185.0,7.666666666666667,1333.0,4.0,1,3000.0,0.0,0.0,0.0
570.0,6.0,344.0,5.0,1,1734.0,0.0,0.0,0.0
120.0,1.5,439.0,4.0,1,432.0,0.0,0.0,0.0
695.0,7.0,896.0,4.0,1,601.0,0.0,0.0,0.0
519.5,6.0,396.0,4.0,1,1581.0,0.0,0.0,0.0
361.5,14.0,194.0,4.0,1,545.0,0.0,0.0,0.0
40.0,2.0,620.0,5.0,1,414.0,30.0,0.0,0.0
70.66666666666667,2.0,602.0,4.5,1,664.0,0.0,0.0,0.0
131.5,2.0,247.0,4.0,1,140.0,0.0,0.0,0.0
356.5,3.0,278.0,2.0,1,376.0,0.0,0.0,0.0
340.0,5.5,336.0,4.0,1,330.0,0.0,0.0,0.0
827.5,7.0,2075.0,4.0,1,2965.0,0.0,0.0,0.0
852.0,6.0,1206.0,4.0,1,229.0,0.0,0.0,0.0
87.0,1.0,956.0,4.0,1,468.0,15.666666666666666,2.0,0.0
1088.0,15.0,667.0,4.0,1,1675.0,0.0,0.0,0.0
121.0,5.0,564.0,4.0,1,210.0,0.0,0.0,0.0
63.0,2.0,739.0,4.0,1,340.0,20.666666666666668,2.0,0.0
1130.0,13.0,1647.0,4.0,1,214.0,0.0,0.0,0.0
297.5,2.333333333333333,337.0,4.0,1,352.0,0.0,0.0,0.0
322.0,2.0,156.0,4.0,1,356.0,0.0,0.0,0.0
304.0,6.0,970.0,4.0,1,621.0,0.0,0.0,0.0
1061.0,19.0,2444.0,4.0,1,871.0,0.0,0.0,0.0
587.0,7.0,167.0,4.0,1,1118.0,0.0,0.0,0.0
292.5,4.0,22.0,4.0,1,212.0,0.0,0.0,0.0
222.5,4.5,622.0,4.0,1,228.0,0.0,0.0,0.0
506.5,5.0,43.0,4.0,1,233.0,0.0,0.0,0.0
446.5,4.5,196.0,4.0,1,846.0,0.0,0.0,0.0
36.75,2.0,532.0,4.0,1,115.0,0.0,0.0,0.0
308.0,5.0,851.0,4.0,1,286.0,0.0,0.0,0.0
141.0,2.0,198.0,4.0,1,380.0,0.0,0.0,0.0
720.5,16.0,972.0,4.0,1,91.0,0.0,0.0,0.0
220.0,4.0,946.0,4.0,1,986.0,0.0,0.0,0.0
94.5,12.0,38.0,4.0,1,786.0,0.0,0.0,0.0
392.0,5.0,296.0,4.0,1,237.0,0.0,0.0,0.0
1257.0,8.5,1241.0,4.0,1,861.0,0.0,0.0,0.0
751.0,4.0,1652.0,4.0,1,2307.0,0.0,0.0,0.0
299.75,4.0,1053.0,4.0,1,774.0,0.0,0.0,0.0
346.0,3.5,298.0,4.0,1,1416.0,0.0,0.0,0.0
141.0,3.0,207.0,4.0,1,13.0,0.0,0.0,0.0
1019.5,16.0,2080.0,4.0,1,1313.0,0.0,0.0,0.0
325.0,4.0,457.0,4.0,1,457.0,0.0,0.0,0.0
993.0,15.0,394.0,5.0,1,1101.0,0.0,0.0,0.0
759.0,12.5,1499.0,2.0,1,633.0,0.0,0.0,0.0
607.0,8.0,737.0,2.0,1,929.0,0.0,0.0,0.0
101.0,1.0,530.0,4.0,1,846.0,0.0,0.0,0.0
73.0,2.0,278.0,4.0,0,132.0,4.0,0.0,0.0
561.0,16.0,290.0,5.0,1,1945.0,0.0,0.0,0.0
514.75,3.5,127.0,4.0,1,102.0,0.0,0.0,0.0
626.0,5.0,677.0,4.0,1,703.0,0.0,0.0,0.0
152.5,1.5,500.0,4.0,1,464.0,0.0,0.0,0.0
346.0,4.5,181.0,4.0,1,361.0,0.0,0.0,0.0
648.0,11.0,1143.0,4.0,1,1059.0,0.0,0.0,0.0
519.0,4.5,426.0,4.0,1,237.0,0.0,0.0,0.0
243.5,2.5,888.0,4.0,1,1000.0,0.0,0.0,0.0
1.0,1.0,618.0,0.0,1,534.0,0.0,0.0,0.0
161.0,1.5,725.0,4.0,1,267.0,0.0,0.0,0.0
820.0,8.333333333333334,1848.0,4.5,1,1711.0,0.0,0.0,0.0
944.0,16.333333333333332,555.0,5.0,1,1067.0,0.0,0.0,0.0
436.0,6.0,338.0,4.0,1,197.0,0.0,0.0,0.0
342.3333333333333,7.0,561.0,4.0,1,306.0,0.0,0.0,0.0
324.5,6.0,451.0,4.0,1,193.0,0.0,0.0,0.0
524.0,5.0,419.0,2.0,1,24.0,0.0,0.0,0.0
488.5,5.0,249.0,4.0,1,854.0,0.0,0.0,0.0
40.5,2.0,8.0,4.0,1,323.0,0.0,0.0,0.0
783.0,15.0,1342.0,5.0,1,1359.0,0.0,0.0,0.0
73.0,4.0,522.0,4.5,1,302.0,0.0,0.0,0.0
110.5,1.0,344.0,3.5,1,108.0,0.0,0.0,0.0
197.0,6.0,1140.0,4.0,1,919.0,0.0,0.0,0.0
563.0,4.5,233.0,2.0,1,839.0,0.0,0.0,0.0
20.5,1.0,1114.0,4.0,1,146.0,0.0,0.0,0.0
78.0,3.0,93.0,4.0,1,183.0,20.0,1.0,0.0
734.5,9.0,950.0,4.0,1,1725.0,0.0,0.0,0.0
526.5,5.0,571.0,4.0,1,1815.0,0.0,0.0,0.0
442.0,5.0,646.0,4.0,1,673.0,0.0,0.0,0.0
619.0,13.5,651.0,5.0,1,2038.0,0.0,0.0,0.0
634.0,7.0,680.0,4.0,1,642.0,0.0,0.0,0.0
172.5,6.0,834.0,4.0,1,282.0,0.0,0.0,0.0
1226.0,7.0,780.0,4.0,1,1282.0,0.0,0.0,0.0
321.5,6.0,617.0,4.0,1,386.0,0.0,0.0,0.0
78.0,1.0,636.0,4.0,1,734.0,0.0,0.0,0.0
442.5,6.0,327.0,2.0,1,186.0,0.0,0.0,0.0
1266.0,11.0,1493.0,5.0,1,338.0,0.0,0.0,0.0
87.5,4.0,881.0,2.0,1,7.0,0.0,0.0,0.0
606.0,16.0,657.0,5.0,1,1064.0,0.0,0.0,0.0
79.0,1.5,341.0,4.0,1,443.0,0.0,0.0,0.0
139.0,1.5,124.0,4.0,1,407.0,0.0,0.0,0.0
453.0,4.0,143.0,4.0,1,562.0,0.0,0.0,0.0
67.0,2.5,526.0,4.0,1,177.0,0.0,0.0,0.0
83.75,1.5,775.0,4.0,0,212.0,0.0,0.0,0.0
265.0,6.25,225.0,4.0,1,156.0,0.0,0.0,0.0
1058.5,10.0,765.0,4.0,1,1767.0,0.0,0.0,0.0
192.5,6.0,321.0,4.0,1,69.0,0.0,0.0,0.0
711.0,6.0,647.0,4.0,1,699.0,0.0,0.0,0.0
231.0,4.0,368.0,4.0,1,238.0,0.0,0.0,0.0
134.0,6.0,720.0,4.0,1,142.0,0.0,0.0,0.0
56.0,1.5,1060.0,4.0,1,21.0,16.0,2.0,0.0
185.0,15.0,471.0,4.0,1,259.0,0.0,0.0,0.0
143.0,3.0,534.0,4.0,1,196.0,11.0,2.0,0.0
19.0,1.0,175.0,4.0,1,935.0,0.0,0.0,0.0
58.5,3.0,265.0,4.0,1,174.0,19.0,1.0,0.0
642.0,8.666666666666666,1030.0,4.0,1,1033.0,0.0,0.0,0.0
451.0,9.0,379.0,4.0,1,265.0,0.0,0.0,0.0
1306.0,15.5,2196.0,4.0,1,1137.0,0.0,0.0,0.0
28.5,1.0,305.0,4.0,1,432.0,22.5,1.0,0.0
189.0,4.0,149.0,4.0,1,224.0,0.0,0.0,0.0
56.0,7.0,387.0,4.0,1,1265.0,0.0,0.0,0.0
43.5,1.5,1392.0,4.0,0,114.0,12.8,2.0,0.0
1127.0,11.0,1341.0,4.0,1,1155.0,0.0,0.0,0.0
43.0,2.0,542.0,4.0,1,123.0,0.0,0.0,0.0
300.0,6.5,971.0,4.0,1,589.0,0.0,0.0,0.0
506.5,6.0,273.0,4.0,1,1478.0,0.0,0.0,0.0
572.5,4.0,248.0,4.0,1,436.0,0.0,0.0,0.0
267.0,3.5,534.0,4.0,1,922.0,0.0,0.0,0.0
184.0,3.0,450.0,4.0,1,35.0,0.0,0.0,0.0
26.83333333333333,1.0,756.0,4.0,0,444.0,7.0,0.0,0.0
168.0,5.0,386.0,2.0,1,3.0,0.0,0.0,0.0
91.0,2.5,204.0,4.0,0,94.0,0.0,0.0,0.0
351.5,9.0,825.0,4.0,1,93.0,0.0,0.0,0.0
48.0,3.0,466.0,4.0,1,793.0,19.2,2.0,0.0
160.0,7.0,647.0,4.0,1,75.0,0.0,0.0,0.0
54.5,3.0,157.0,4.0,1,244.0,0.0,0.0,0.0
80.5,1.0,114.0,4.0,1,333.0,14.25,4.0,0.0
363.5,6.0,434.0,4.0,1,458.0,0.0,0.0,0.0
123.0,3.5,550.0,4.0,1,234.0,23.33333333333333,1.0,0.0
691.0,9.0,757.0,4.0,1,212.0,0.0,0.0,0.0
236.0,2.0,230.0,4.0,1,593.0,0.0,0.0,0.0
140.0,6.0,553.0,4.0,1,349.0,0.0,0.0,0.0
798.0,6.0,1145.0,4.0,1,544.0,0.0,0.0,0.0
464.0,1.0,103.0,4.0,1,528.0,0.0,0.0,0.0
30.5,2.0,378.0,4.0,1,77.0,0.0,0.0,0.0
45.0,1.0,246.0,4.0,1,224.0,0.0,0.0,0.0
1088.0,6.0,1340.0,4.0,1,3162.0,0.0,0.0,0.0
80.0,4.0,856.0,4.0,0,435.0,15.125,4.0,0.0
491.0,4.0,146.0,5.0,1,803.0,0.0,0.0,0.0
640.0,5.0,314.0,4.0,1,789.0,0.0,0.0,0.0
437.0,4.0,312.0,4.0,1,868.0,0.0,0.0,0.0
182.0,4.0,567.0,2.0,1,48.0,0.0,0.0,0.0
476.5,9.0,341.0,4.5,1,1581.0,0.0,0.0,0.0
218.0,6.0,431.0,4.0,1,42.0,0.0,0.0,0.0
104.0,1.5,360.0,4.0,1,297.0,0.0,0.0,0.0
1173.0,13.5,1761.0,4.0,1,1251.0,0.0,0.0,0.0
327.5,3.0,166.0,4.0,1,1615.0,0.0,0.0,0.0
1018.5,15.0,1984.0,4.0,1,1045.0,0.0,0.0,0.0
748.5,10.25,1365.0,4.0,1,1549.0,0.0,0.0,0.0
165.0,4.5,446.0,4.0,1,111.0,0.0,0.0,0.0
574.0,7.0,286.0,2.0,1,832.0,0.0,0.0,0.0
164.5,4.5,725.0,4.0,1,29.0,0.0,0.0,0.0
718.5,5.0,772.0,5.0,1,1374.0,0.0,0.0,0.0
17.0,2.5,1012.0,4.0,1,362.0,0.0,0.0,0.0
918.5,14.75,1830.0,4.0,1,3136.0,0.0,0.0,0.0
585.0,3.0,186.0,4.0,1,1105.0,0.0,0.0,0.0
255.5,2.5,409.0,4.0,1,1139.0,0.0,0.0,0.0
599.0,6.5,393.0,4.0,1,202.0,0.0,0.0,0.0
1278.5,9.0,2259.0,4.0,1,1333.0,0.0,0.0,0.0
579.0,3.5,557.0,4.0,1,1528.0,0.0,0.0,0.0
571.0,4.0,5.0,4.0,1,991.0,0.0,0.0,0.0
754.3333333333334,7.0,811.0,4.0,1,758.0,0.0,0.0,0.0
944.0,17.5,1434.0,5.0,1,1350.0,0.0,0.0,0.0
176.0,5.0,906.0,4.0,1,59.0,0.0,0.0,0.0
527.0,4.0,305.0,4.0,1,376.0,0.0,0.0,0.0
118.0,2.0,325.0,4.0,1,10.0,15.0,1.0,0.0
313.5,4.0,236.0,4.0,1,204.0,0.0,0.0,0.0
43.0,2.5,970.0,4.0,1,179.0,0.0,0.0,0.0
1477.5,12.0,618.0,4.0,1,1388.0,0.0,0.0,0.0
449.5,14.0,192.0,4.0,1,356.0,0.0,0.0,0.0
748.5,10.0,1546.0,4.0,1,1683.0,0.0,0.0,0.0
515.0,5.5,369.0,4.0,1,225.0,0.0,0.0,0.0
778.0,6.0,1543.0,4.0,1,1410.0,0.0,0.0,0.0
8.0,3.0,609.0,4.0,1,318.0,10.0,1.0,0.0
1166.5,28.0,1588.0,5.0,1,493.0,0.0,0.0,0.0
216.5,4.5,610.0,4.0,1,328.0,0.0,0.0,0.0
310.5,5.0,168.0,4.0,1,161.0,0.0,0.0,0.0
912.0,7.5,2168.0,4.0,1,3680.0,0.0,0.0,0.0
621.0,8.5,774.0,4.0,1,1005.0,0.0,0.0,0.0
11.0,2.0,885.0,4.0,0,81.0,18.6,2.0,0.0
135.0,2.0,101.0,0.0,1,34.0,0.0,0.0,0.0
35.5,2.0,641.0,4.0,1,776.0,0.0,0.0,0.0
959.0,16.0,1906.0,5.0,1,108.0,0.0,0.0,0.0
41.5,3.0,447.0,4.0,1,817.0,0.0,0.0,0.0
846.5,11.0,1930.0,4.0,1,1135.0,0.0,0.0,0.0
689.0,21.0,781.0,5.0,1,1374.0,0.0,0.0,0.0
681.5,7.0,943.0,4.0,1,1119.0,0.0,0.0,0.0
636.0,6.0,305.0,4.0,1,316.0,0.0,0.0,0.0
82.5,3.0,494.0,2.0,1,37.0,0.0,0.0,0.0
141.0,6.0,237.0,4.0,1,134.0,0.0,0.0,0.0
823.0,18.0,221.0,4.5,1,2535.0,0.0,0.0,0.0
818.0,7.0,1638.0,4.0,1,347.0,0.0,0.0,0.0
305.0,4.0,709.0,4.0,1,561.0,0.0,0.0,0.0
675.5,18.5,1027.0,5.0,1,1719.0,0.0,0.0,0.0
295.0,2.0,587.0,4.0,1,615.0,0.0,0.0,0.0
308.0,4.5,450.0,4.0,1,89.0,0.0,0.0,0.0
980.5,11.0,1213.0,4.0,1,1816.0,0.0,0.0,0.0
815.5,13.0,1479.0,5.0,1,1548.0,0.0,0.0,0.0
611.0,4.5,357.0,4.0,1,1322.0,0.0,0.0,0.0
252.0,2.5,823.0,4.0,1,130.0,0.0,0.0,0.0
227.0,3.0,343.0,4.0,1,148.0,0.0,0.0,0.0
658.5,11.5,1006.0,5.0,1,1532.0,0.0,0.0,0.0
282.5,6.0,253.0,4.0,1,638.0,0.0,0.0,0.0
554.0,5.0,208.0,4.0,1,538.0,0.0,0.0,0.0
56.0,1.0,208.0,4.0,1,369.0,21.8,1.0,0.0
99.5,3.0,585.0,4.0,1,519.0,0.0,0.0,0.0
71.0,9.0,246.0,4.0,1,642.0,0.0,0.0,0.0
214.0,6.0,425.0,4.0,1,141.0,0.0,0.0,0.0
78.0,2.0,938.0,4.0,0,724.0,0.0,0.0,0.0
39.0,2.0,272.0,4.0,1,67.0,0.0,0.0,0.0
27.0,1.0,1206.0,4.0,0,1074.0,0.0,0.0,0.0
6.0,5.0,502.0,0.0,1,400.0,28.666666666666668,1.0,0.0
282.0,2.5,120.0,4.0,1,260.0,0.0,0.0,0.0
244.0,5.0,566.0,4.0,1,551.0,0.0,0.0,0.0
250.0,6.0,935.0,4.0,1,54.0,0.0,0.0,0.0
59.5,1.0,837.0,2.0,0,618.0,2.0,0.0,0.0
317.0,5.0,379.0,4.0,1,103.0,0.0,0.0,0.0
15.5,1.0,357.0,4.0,1,69.0,0.0,0.0,0.0
330.0,7.0,834.0,4.0,1,366.0,0.0,0.0,0.0
585.0,12.75,724.0,5.0,1,1228.0,0.0,0.0,0.0
484.5,11.0,950.0,4.0,1,576.0,0.0,0.0,0.0
165.0,5.0,821.0,4.0,1,607.0,0.0,0.0,0.0
642.0,10.0,971.0,5.0,1,1475.0,0.0,0.0,0.0
1588.0,30.0,1264.0,5.0,1,118.0,0.0,0.0,0.0
820.0,25.0,761.0,5.0,1,770.0,0.0,0.0,0.0
149.0,2.0,367.0,3.5,1,66.0,0.0,0.0,0.0
367.0,3.0,808.0,4.0,1,56.0,0.0,0.0,0.0
129.0,2.0,403.0,3.5,1,486.0,0.0,0.0,0.0
189.5,4.0,1173.0,4.0,1,183.0,0.0,0.0,0.0
1030.5,12.0,1554.0,4.0,1,3230.0,0.0,0.0,0.0
283.75,5.0,218.0,4.0,1,265.0,0.0,0.0,0.0
55.0,2.5,343.0,4.0,1,818.0,0.0,0.0,0.0
31.0,2.0,513.0,4.5,1,253.0,15.0,2.0,0.0
106.0,3.333333333333333,225.0,4.0,1,205.0,0.0,0.0,0.0
30.25,5.0,886.0,4.0,1,297.0,0.0,0.0,0.0
1102.5,14.0,2264.0,4.0,1,1678.0,0.0,0.0,0.0
139.5,2.0,253.0,3.0,1,182.0,0.0,0.0,0.0
238.5,4.0,538.0,4.0,1,208.0,0.0,0.0,0.0
274.5,3.0,91.0,4.0,1,88.0,0.0,0.0,0.0
480.0,4.0,435.0,4.0,1,1116.0,0.0,0.0,0.0
297.0,13.0,536.0,4.0,1,53.0,0.0,0.0,0.0
900.0,26.0,292.0,5.0,1,3032.0,0.0,0.0,0.0
938.0,15.0,1324.0,4.0,1,2030.0,0.0,0.0,0.0
1185.5,22.5,1764.0,5.0,1,459.0,0.0,0.0,0.0
585.5,6.0,322.0,0.0,1,971.0,0.0,0.0,0.0
956.5,19.0,1829.0,4.0,1,2127.0,0.0,0.0,0.0
53.5,2.0,431.0,4.0,1,232.0,7.8,2.0,0.0
310.0,5.0,130.0,4.0,0,70.0,0.0,0.0,0.0
746.0,13.0,517.0,4.0,1,605.0,0.0,0.0,0.0
322.0,5.0,802.0,4.0,1,331.0,0.0,0.0,0.0
656.0,7.0,457.0,4.0,1,550.0,0.0,0.0,0.0
142.0,3.5,529.0,4.0,1,62.0,0.0,0.0,0.0
849.0,10.0,1848.0,5.0,1,1565.0,0.0,0.0,0.0
734.0,4.0,778.0,4.0,1,1686.0,0.0,0.0,0.0
697.0,7.0,513.0,4.0,1,702.0,0.0,0.0,0.0
333.0,6.0,559.0,4.0,1,733.0,0.0,0.0,0.0
4.5,1.0,1122.0,4.0,1,386.0,13.833333333333334,0.0,0.0
200.0,5.0,192.0,2.0,1,0.0,7.333333333333333,1.0,0.0
363.0,7.0,500.0,4.0,1,170.0,0.0,0.0,0.0
2.5,1.0,552.0,0.0,1,521.0,0.0,0.0,0.0
140.0,7.5,328.0,4.0,1,501.0,0.0,0.0,0.0
37.0,3.0,468.0,4.0,1,778.0,0.0,0.0,0.0
391.5,5.0,813.0,4.0,1,145.0,0.0,0.0,0.0
90.0,3.0,516.0,4.0,1,488.0,0.0,0.0,0.0
812.0,7.0,1295.0,4.0,1,398.0,0.0,0.0,0.0
69.0,3.5,704.0,4.0,1,126.0,0.0,0.0,0.0
590.0,4.0,358.0,4.0,1,562.0,0.0,0.0,0.0
1149.5,13.0,1580.0,4.0,1,1164.0,0.0,0.0,0.0
138.5,2.5,885.0,5.0,1,221.0,0.0,0.0,0.0
1150.5,8.0,295.0,4.5,1,1556.0,0.0,0.0,0.0
485.0,8.0,383.0,4.0,1,968.0,0.0,0.0,0.0
703.0,6.5,590.0,4.0,1,638.0,0.0,0.0,0.0
700.5,6.5,739.0,4.0,1,747.0,0.0,0.0,0.0
573.0,9.0,601.0,4.0,1,905.0,0.0,0.0,0.0
714.0,5.0,1257.0,2.0,1,2094.0,0.0,0.0,0.0
507.0,5.0,703.0,4.0,1,231.0,0.0,0.0,0.0
544.0,3.0,621.0,4.0,1,424.0,0.0,0.0,0.0
698.0,23.0,518.0,4.5,1,778.0,0.0,0.0,0.0
437.5,2.5,137.0,4.0,1,816.0,0.0,0.0,0.0
100.0,4.0,496.0,4.0,1,96.0,0.0,0.0,0.0
1010.8,17.5,411.0,5.0,1,1022.0,0.0,0.0,0.0
31.5,2.0,1045.0,4.0,1,134.0,14.428571428571429,2.0,0.0
8.666666666666666,3.5,171.0,4.5,1,812.0,0.0,0.0,0.0
80.0,4.25,673.0,3.0,1,496.0,0.0,0.0,0.0
255.0,5.0,736.0,4.0,1,917.0,0.0,0.0,0.0
466.0,3.0,248.0,4.0,1,796.0,0.0,0.0,0.0
229.0,5.0,315.0,4.0,1,90.0,0.0,0.0,0.0
1384.5,15.0,2220.0,4.0,1,1075.0,0.0,0.0,0.0
561.5,4.0,1363.0,4.0,1,2716.0,0.0,0.0,0.0
1113.0,11.5,834.0,4.0,1,1241.0,0.0,0.0,0.0
1324.0,27.0,1669.0,2.5,1,711.0,0.0,0.0,0.0
706.5,18.0,997.0,5.0,1,1795.0,0.0,0.0,0.0
307.0,3.5,513.0,4.0,1,169.0,0.0,0.0,0.0
537.0,6.0,178.0,4.0,1,216.0,0.0,0.0,0.0
141.5,1.5,291.0,4.0,1,200.0,0.0,0.0,0.0
251.5,4.5,687.0,4.0,1,185.0,0.0,0.0,0.0
688.5,3.5,1066.0,4.0,1,247.0,0.0,0.0,0.0
49.0,1.0,623.0,2.0,1,36.0,0.0,0.0,0.0
12.0,2.0,114.0,5.0,1,401.0,18.0,0.0,0.0
604.5,8.0,1042.0,4.0,1,1033.0,0.0,0.0,0.0
386.5,5.0,273.0,4.0,1,279.0,0.0,0.0,0.0
1109.0,6.0,1052.0,4.0,1,2893.0,0.0,0.0,0.0
311.0,3.0,324.0,4.0,1,920.0,0.0,0.0,0.0
35.0,2.5,1181.0,4.0,0,61.0,32.0,0.0,0.0
1177.5,15.0,1812.0,5.0,1,320.0,0.0,0.0,0.0
158.0,3.0,745.0,4.0,1,232.0,0.0,0.0,0.0
829.5,13.0,2090.0,4.0,1,2086.0,0.0,0.0,0.0
238.0,3.5,636.0,4.0,1,35.0,0.0,0.0,0.0
172.0,7.0,389.0,4.0,1,460.0,0.0,0.0,0.0
1323.0,14.0,1114.0,5.0,1,19.0,0.0,0.0,0.0
451.0,4.0,240.0,4.0,1,1218.0,0.0,0.0,0.0
276.0,3.5,288.0,4.0,1,225.0,20.33333333333333,1.0,0.0
1007.0,14.75,1097.0,5.0,1,1469.0,0.0,0.0,0.0
1406.0,28.0,893.0,4.0,1,1482.0,0.0,0.0,0.0
71.5,4.0,618.0,4.0,0,641.0,7.285714285714286,2.0,0.0
946.5,17.5,1330.0,5.0,1,1522.0,0.0,0.0,0.0
857.5,10.0,1778.0,5.0,1,1597.0,0.0,0.0,0.0
51.0,5.0,90.0,4.0,0,276.0,0.0,0.0,0.0
295.0,5.0,525.0,4.0,1,209.0,0.0,0.0,0.0
111.5,1.0,389.0,4.0,1,365.0,0.0,0.0,0.0
16.0,2.0,282.0,4.0,1,273.0,18.2,1.0,0.0
437.0,6.0,440.0,4.0,1,360.0,0.0,0.0,0.0
424.0,8.0,237.0,4.0,1,594.0,0.0,0.0,0.0
96.0,5.5,628.0,4.0,1,136.0,0.0,0.0,0.0
401.5,6.5,488.0,4.0,1,149.0,0.0,0.0,0.0
270.5,4.0,542.0,4.0,1,232.0,0.0,0.0,0.0
222.0,9.0,431.0,4.0,1,248.0,0.0,0.0,0.0
36.5,2.0,626.0,4.0,1,169.0,0.0,0.0,0.0
479.0,5.0,382.0,4.0,1,139.0,0.0,0.0,0.0
230.0,6.666666666666667,355.0,2.0,1,14.0,0.0,0.0,0.0
107.5,2.0,584.0,4.0,0,488.0,14.0,2.0,0.0
694.0,7.0,549.0,4.0,1,768.0,0.0,0.0,0.0
19.0,8.0,440.0,4.0,1,636.0,11.0,1.0,0.0
263.5,4.0,602.0,4.0,1,149.0,0.0,0.0,0.0
13.0,4.0,508.0,4.0,1,73.0,20.6,2.0,0.0
1184.0,7.0,373.0,4.0,1,1544.0,0.0,0.0,0.0
651.0,7.0,831.0,4.0,1,780.0,0.0,0.0,0.0
951.0,20.5,580.0,5.0,1,1141.0,0.0,0.0,0.0
911.0,12.0,1648.0,4.5,1,3949.0,0.0,0.0,0.0
413.0,8.0,203.0,4.0,1,1145.0,0.0,0.0,0.0
248.5,2.5,533.0,4.0,1,705.0,0.0,0.0,0.0
528.0,4.0,197.0,4.0,1,478.0,0.0,0.0,0.0
19.0,3.5,425.0,4.0,1,356.0,21.0,1.0,0.0
165.0,6.0,492.0,4.0,1,107.0,0.0,0.0,0.0
595.0,5.5,160.0,4.0,1,13.0,0.0,0.0,0.0
398.0,5.25,489.0,4.0,1,151.0,0.0,0.0,0.0
149.5,7.5,506.0,4.0,1,156.0,0.0,0.0,0.0
117.5,3.0,368.0,2.0,1,22.0,0.0,0.0,0.0
152.0,14.0,431.0,4.0,1,500.0,0.0,0.0,0.0
579.5,4.0,469.0,4.0,1,646.0,0.0,0.0,0.0
1016.0,13.0,1958.0,5.0,1,68.0,0.0,0.0,0.0
418.0,7.5,49.0,4.0,1,1213.0,0.0,0.0,0.0
58.0,1.0,583.0,4.0,0,583.0,12.857142857142858,3.0,0.0
76.5,2.0,311.0,4.0,1,187.0,15.0,1.0,0.0
395.25,4.0,546.0,4.0,1,580.0,0.0,0.0,0.0
841.5,10.0,1965.0,4.0,1,861.0,0.0,0.0,0.0
282.0,3.0,325.0,4.0,1,135.0,0.0,0.0,0.0
417.0,7.0,494.0,4.0,1,388.0,0.0,0.0,0.0
947.0,17.0,569.0,5.0,1,1266.0,0.0,0.0,0.0
516.0,7.5,716.0,4.0,1,712.0,0.0,0.0,0.0
585.0,1.5,581.0,4.0,1,1596.0,0.0,0.0,0.0
374.5,3.0,383.0,2.0,1,71.0,0.0,0.0,0.0
302.0,4.5,510.0,4.0,1,933.0,0.0,0.0,0.0
305.0,3.0,811.0,4.0,1,489.0,0.0,0.0,0.0
406.0,6.0,554.0,4.0,1,137.0,0.0,0.0,0.0
132.0,3.0,483.0,4.0,1,498.0,0.0,0.0,0.0
298.0,8.5,472.0,4.0,1,101.0,0.0,0.0,0.0
447.0,5.0,276.0,4.0,1,630.0,0.0,0.0,0.0
1573.0,16.5,1165.0,5.0,1,31.0,0.0,0.0,0.0
38.5,1.5,791.0,4.5,0,760.0,16.0,2.0,0.0
278.5,5.5,768.0,4.0,1,327.0,0.0,0.0,0.0
380.0,5.0,391.0,4.0,1,180.0,0.0,0.0,0.0
440.5,3.0,108.0,4.0,0,1369.0,0.0,0.0,0.0
1162.0,16.0,2622.0,4.0,1,1333.0,0.0,0.0,0.0
342.0,4.5,161.0,2.0,1,169.0,0.0,0.0,0.0
429.0,4.5,492.0,4.0,1,77.0,0.0,0.0,0.0
446.0,5.0,253.0,4.0,1,151.0,0.0,0.0,0.0
55.0,2.5,351.0,4.0,0,497.0,11.285714285714286,3.0,0.0
1046.5,28.25,258.0,5.0,1,456.0,0.0,0.0,0.0
643.0,3.5,84.0,2.0,1,220.0,0.0,0.0,0.0
931.5,23.0,1919.0,4.0,1,1366.0,0.0,0.0,0.0
146.5,2.0,57.0,4.0,1,384.0,0.0,0.0,0.0
144.0,2.0,305.0,4.0,1,157.0,0.0,0.0,0.0
11.0,2.0,361.0,2.5,1,170.0,10.428571428571429,2.0,0.0
383.0,4.0,631.0,4.0,1,171.0,0.0,0.0,0.0
1204.0,10.5,893.0,4.0,1,2684.0,0.0,0.0,0.0
285.0,8.0,973.0,4.0,1,868.0,0.0,0.0,0.0
318.0,3.5,107.0,4.0,1,180.0,28.0,0.0,0.0
205.0,5.5,434.0,4.0,1,30.0,0.0,0.0,0.0
352.5,6.5,261.0,4.0,1,124.0,0.0,0.0,0.0
415.0,1.5,653.0,4.0,1,172.0,0.0,0.0,0.0
182.5,7.5,619.0,4.0,1,516.0,0.0,0.0,0.0
691.0,6.0,663.0,4.0,1,1358.0,0.0,0.0,0.0
115.0,1.0,549.0,4.0,0,336.0,0.0,0.0,0.0
676.0,10.0,1302.0,4.5,1,1323.0,0.0,0.0,0.0
33.0,2.0,502.0,4.0,1,86.0,0.0,0.0,0.0
312.0,10.5,810.0,4.0,1,651.0,0.0,0.0,0.0
164.0,2.0,186.0,4.0,1,41.0,0.0,0.0,0.0
30.75,2.0,572.0,4.0,1,648.0,0.0,0.0,0.0
122.5,3.0,278.0,4.0,1,136.0,0.0,0.0,0.0
1222.0,10.5,1854.0,4.0,1,1146.0,0.0,0.0,0.0
66.0,10.25,389.0,4.0,1,610.0,0.0,0.0,0.0
70.0,1.5,867.0,4.0,1,586.0,2.0,0.0,0.0
618.0,7.0,518.0,4.0,1,320.0,0.0,0.0,0.0
63.0,2.0,297.0,4.0,1,254.0,30.0,0.0,0.0
70.0,3.0,674.0,4.0,1,123.0,0.0,0.0,0.0
313.0,5.0,51.0,2.0,1,27.0,0.0,0.0,0.0
172.75,3.0,550.0,2.0,1,26.0,2.0,0.0,0.0
147.5,3.0,38.0,4.0,1,59.0,0.0,0.0,0.0
44.0,2.0,1262.0,4.0,0,518.0,3.0,0.0,0.0
752.0,7.0,1262.0,4.0,1,265.0,0.0,0.0,0.0
246.5,6.0,803.0,4.0,1,823.0,0.0,0.0,0.0
106.5,3.0,633.0,2.0,1,59.0,0.0,0.0,0.0
998.0,22.0,1887.0,5.0,1,112.0,0.0,0.0,0.0
193.0,5.0,604.0,4.0,1,342.0,0.0,0.0,0.0
60.5,1.0,768.0,4.0,0,558.0,7.5,0.0,0.0
152.0,1.0,254.0,4.0,1,303.0,7.0,0.0,0.0
518.0,4.5,522.0,4.0,1,400.0,0.0,0.0,0.0
507.0,6.5,137.0,4.0,1,646.0,0.0,0.0,0.0
1032.5,15.333333333333334,2167.0,4.0,1,906.0,0.0,0.0,0.0
933.0,15.0,2236.0,4.0,1,458.0,0.0,0.0,0.0
538.0,3.0,591.0,4.0,1,712.0,0.0,0.0,0.0
224.0,5.5,310.0,4.0,1,510.0,0.0,0.0,0.0
347.0,3.5,210.0,4.0,1,439.0,0.0,0.0,0.0
63.5,2.0,521.0,4.0,1,699.0,30.0,0.0,0.0
534.0,6.0,400.0,4.0,1,950.0,0.0,0.0,0.0
997.0,7.0,1689.0,4.0,1,3202.0,0.0,0.0,0.0
1509.5,17.0,137.0,4.0,1,989.0,0.0,0.0,0.0
267.6666666666667,4.0,258.0,4.0,1,355.0,0.0,0.0,0.0
1174.0,32.5,607.0,4.0,1,492.0,0.0,0.0,0.0
1342.5,11.666666666666666,1032.0,4.0,1,1236.0,0.0,0.0,0.0
135.0,5.5,800.0,4.0,1,315.0,0.0,0.0,0.0
1369.5,12.666666666666666,590.0,4.0,1,937.0,0.0,0.0,0.0
619.5,4.0,536.0,4.0,1,532.0,0.0,0.0,0.0
919.0,9.0,2228.0,4.0,1,3735.0,0.0,0.0,0.0
549.5,5.0,218.0,4.0,1,621.0,0.0,0.0,0.0
921.0,14.0,1543.0,4.5,1,1214.0,0.0,0.0,0.0
45.0,4.0,951.0,4.0,1,533.0,0.0,0.0,0.0
1066.0,15.0,2267.0,4.0,1,1454.0,0.0,0.0,0.0
540.5,6.0,1234.0,4.0,1,2499.0,0.0,0.0,0.0
51.0,1.0,401.0,4.0,1,410.0,0.0,0.0,0.0
354.5,2.0,173.0,4.0,1,81.0,0.0,0.0,0.0
175.0,2.0,741.0,4.0,0,215.0,0.0,0.0,0.0
41.0,4.5,555.0,4.0,1,1127.0,0.0,0.0,0.0
793.0,6.5,1380.0,4.0,1,281.0,0.0,0.0,0.0
626.0,6.0,214.0,4.0,1,629.0,0.0,0.0,0.0
1169.0,4.5,849.0,4.0,1,2706.0,0.0,0.0,0.0
479.0,13.0,195.0,4.0,1,516.0,0.0,0.0,0.0
191.5,2.0,579.0,4.0,1,220.0,0.0,0.0,0.0
188.0,4.0,623.0,4.0,1,48.0,0.0,0.0,0.0
482.0,3.0,407.0,4.0,1,669.0,0.0,0.0,0.0
474.0,4.0,290.0,4.0,1,1193.0,0.0,0.0,0.0
26.0,1.0,249.0,4.0,0,268.0,0.0,0.0,0.0
1564.0,15.0,722.0,4.0,1,255.0,0.0,0.0,0.0
274.5,4.0,328.0,4.0,1,306.0,14.5,0.0,0.0
234.0,3.5,257.0,4.0,1,144.0,0.0,0.0,0.0
39.0,1.5,967.0,4.0,1,472.0,0.0,0.0,0.0
437.25,6.5,77.0,4.0,1,1333.0,0.0,0.0,0.0
226.0,3.0,660.0,4.0,1,738.0,0.0,0.0,0.0
1451.0,19.0,470.0,4.0,1,492.0,0.0,0.0,0.0
970.0,20.0,444.0,5.0,1,1071.0,0.0,0.0,0.0
275.0,4.0,233.0,4.0,1,210.0,0.0,0.0,0.0
87.0,3.0,1150.0,4.0,0,699.0,11.714285714285714,5.0,0.0
19.5,0.5,210.0,4.0,1,941.0,0.0,0.0,0.0
825.0,10.0,1107.0,4.0,1,520.0,0.0,0.0,0.0
20.0,2.0,662.0,4.5,1,581.0,12.25,2.0,0.0
49.5,2.0,330.0,4.5,0,308.0,25.0,0.0,0.0
692.5,5.5,123.0,4.0,1,269.0,0.0,0.0,0.0
41.0,1.5,30.0,4.0,1,171.0,0.0,0.0,0.0
408.0,4.0,215.0,4.0,1,915.0,0.0,0.0,0.0
1038.5,21.0,255.0,5.0,1,905.0,0.0,0.0,0.0
297.0,5.5,207.0,4.0,1,396.0,0.0,0.0,0.0
368.5,13.0,273.0,4.0,1,658.0,0.0,0.0,0.0
122.0,10.5,422.0,4.0,1,232.0,0.0,0.0,0.0
928.0,9.0,1937.0,4.0,1,3765.0,0.0,0.0,0.0
114.0,1.0,511.0,4.0,1,309.0,0.0,0.0,0.0
1189.0,8.5,970.0,4.0,1,926.0,0.0,0.0,0.0
719.0,14.5,914.0,5.0,1,1689.0,0.0,0.0,0.0
160.0,2.0,323.0,4.0,1,36.0,0.0,0.0,0.0
743.25,7.333333333333333,561.0,4.5,1,2092.0,0.0,0.0,0.0
1366.0,16.75,1157.0,5.0,1,149.0,0.0,0.0,0.0
1153.0,25.0,1056.0,4.0,1,47.0,0.0,0.0,0.0
353.0,4.0,409.0,4.0,1,194.0,0.0,0.0,0.0
242.0,2.0,379.0,4.0,1,693.0,0.0,0.0,0.0
67.0,2.0,386.0,4.0,1,842.0,16.0,1.0,0.0
2.0,0.0,622.0,0.0,0,995.0,0.0,0.0,0.0
312.0,4.0,218.0,2.0,1,35.0,0.0,0.0,0.0
619.5,3.0,661.0,4.0,1,850.0,0.0,0.0,0.0
904.0,22.5,742.0,5.0,1,1322.0,0.0,0.0,0.0
1040.0,9.0,1330.0,4.0,1,796.0,0.0,0.0,0.0
393.0,5.0,117.0,4.0,1,823.0,0.0,0.0,0.0
402.0,3.0,366.0,4.0,1,778.0,0.0,0.0,0.0
60.0,2.0,445.0,4.0,1,616.0,0.0,0.0,0.0
10.5,1.5,609.0,4.0,0,356.0,15.25,2.0,0.0
816.5,14.0,1711.0,4.0,1,641.0,0.0,0.0,0.0
469.0,7.75,342.0,4.0,1,22.0,0.0,0.0,0.0
786.5,3.5,1397.0,4.0,1,2356.0,0.0,0.0,0.0
312.5,5.0,184.0,4.0,1,499.0,0.0,0.0,0.0
104.5,3.0,188.0,4.0,1,244.0,4.333333333333333,0.0,0.0
541.0,3.0,318.0,4.0,1,256.0,0.0,0.0,0.0
27.5,3.5,458.0,4.0,1,454.0,0.0,0.0,0.0
73.5,2.0,424.0,3.5,1,1269.0,0.0,0.0,0.0
13.5,3.5,357.0,5.0,0,209.0,30.0,0.0,0.0
60.0,2.0,939.0,4.0,0,59.0,6.5,0.0,0.0
344.5,8.0,909.0,2.0,1,0.0,0.0,0.0,0.0
101.0,3.0,768.0,4.0,1,337.0,0.0,0.0,0.0
338.0,3.6666666666666665,387.0,4.0,1,127.0,0.0,0.0,0.0
671.0,6.0,837.0,4.0,1,1677.0,0.0,0.0,0.0
281.0,6.0,219.0,4.0,1,429.0,0.0,0.0,0.0
547.0,13.0,266.0,5.0,1,1894.0,0.0,0.0,0.0
353.0,3.0,844.0,4.0,1,140.0,0.0,0.0,0.0
85.0,1.5,616.0,4.0,1,136.0,0.0,0.0,0.0
790.0,12.0,1567.0,2.0,1,1496.0,0.0,0.0,0.0
67.0,1.5,596.0,4.5,1,777.0,0.0,0.0,0.0
63.0,3.0,589.0,4.5,1,435.0,0.0,0.0,0.0
899.0,9.0,1570.0,4.0,1,2403.0,0.0,0.0,0.0
157.0,3.5,727.0,4.0,1,262.0,0.0,0.0,0.0
149.0,5.0,488.0,4.0,1,268.0,0.0,0.0,0.0
504.5,9.0,515.0,4.0,1,332.0,0.0,0.0,0.0
50.5,6.0,334.0,4.0,1,49.0,0.0,0.0,0.0
4.0,1.0,752.0,4.0,1,154.0,32.5,0.0,0.0
1421.75,21.0,1928.0,4.0,1,375.0,0.0,0.0,0.0
684.0,6.0,580.0,4.0,1,1435.0,0.0,0.0,0.0
427.5,5.0,141.0,4.0,1,201.0,0.0,0.0,0.0
541.0,5.0,479.0,4.0,1,429.0,0.0,0.0,0.0
52.0,1.0,875.0,4.0,1,183.0,16.142857142857142,2.0,0.0
114.0,4.5,174.0,4.0,1,311.0,0.0,0.0,0.0
140.0,2.0,656.0,4.0,1,72.0,0.0,0.0,0.0
350.5,5.5,483.0,4.0,1,229.0,0.0,0.0,0.0
1324.0,8.0,1261.0,4.0,1,1523.0,0.0,0.0,0.0
67.0,2.0,1060.0,4.0,0,145.0,15.8,2.0,0.0
762.5,6.0,532.0,5.0,1,3240.0,0.0,0.0,0.0
987.5,5.0,2226.0,4.0,1,4208.0,0.0,0.0,0.0
256.0,3.5,34.0,4.0,1,215.0,0.0,0.0,0.0
1208.5,14.0,1451.0,4.0,1,881.0,0.0,0.0,0.0
139.0,5.5,463.0,4.0,1,320.0,0.0,0.0,0.0
123.0,5.0,226.0,4.0,1,204.0,0.0,0.0,0.0
450.0,6.0,246.0,4.0,1,156.0,0.0,0.0,0.0
301.0,3.0,556.0,4.0,1,145.0,0.0,0.0,0.0
482.5,5.0,145.0,4.0,1,117.0,0.0,0.0,0.0
710.0,5.0,935.0,4.0,1,1511.0,0.0,0.0,0.0
956.0,16.0,1746.0,4.0,1,596.0,0.0,0.0,0.0
1031.0,18.0,2120.0,4.0,1,1857.0,0.0,0.0,0.0
350.5,14.0,303.0,4.0,1,80.0,0.0,0.0,0.0
34.0,2.0,551.0,4.0,1,97.0,0.0,0.0,0.0
803.5,11.0,1260.0,5.0,1,1253.0,0.0,0.0,0.0
1747.0,9.0,682.0,4.0,1,814.0,0.0,0.0,0.0
432.0,5.0,254.0,4.0,1,287.0,0.0,0.0,0.0
228.0,7.0,930.0,4.0,1,519.0,0.0,0.0,0.0
422.0,6.5,389.0,4.0,1,191.0,0.0,0.0,0.0
160.0,4.75,1154.0,4.0,1,405.0,0.0,0.0,0.0
58.0,2.0,408.0,4.0,1,810.0,0.0,0.0,0.0
803.0,4.5,1776.0,4.0,1,2708.0,0.0,0.0,0.0
385.0,2.5,241.0,4.0,1,838.0,0.0,0.0,0.0
126.5,21.0,236.0,4.0,1,683.0,0.0,0.0,0.0
342.0,2.0,89.0,4.0,1,1077.0,0.0,0.0,0.0
594.5,10.0,694.0,4.0,1,459.0,0.0,0.0,0.0
180.0,2.0,194.0,4.0,1,129.0,39.0,0.0,0.0
348.5,9.5,947.0,4.0,1,69.0,0.0,0.0,0.0
673.0,12.0,863.0,4.0,1,2437.0,0.0,0.0,0.0
161.0,1.0,688.0,4.0,1,257.0,0.0,0.0,0.0
1432.25,16.5,360.0,4.0,1,757.0,0.0,0.0,0.0
900.0,8.0,673.0,5.0,1,1133.0,0.0,0.0,0.0
426.0,7.0,0.0,4.0,1,492.0,0.0,0.0,0.0
435.5,8.0,144.0,4.0,1,215.0,0.0,0.0,0.0
37.0,2.0,330.0,4.0,1,234.0,16.0,1.0,0.0
559.0,6.0,512.0,4.0,1,418.0,0.0,0.0,0.0
52.0,1.0,695.0,4.0,0,83.0,0.0,0.0,0.0
622.0,5.0,681.0,4.0,1,890.0,0.0,0.0,0.0
683.0,5.5,1052.0,4.0,1,1712.0,0.0,0.0,0.0
429.5,8.0,593.0,2.0,1,661.0,0.0,0.0,0.0
329.0,6.0,351.0,4.0,1,73.0,0.0,0.0,0.0
183.75,3.0,435.0,4.0,1,70.0,32.0,0.0,0.0
1170.0,15.0,2056.0,4.0,1,1585.0,0.0,0.0,0.0
198.0,3.0,1282.0,4.0,1,176.0,0.0,0.0,0.0
160.0,4.0,98.0,4.0,1,35.0,0.0,0.0,0.0
399.0,7.0,281.0,4.0,1,1007.0,0.0,0.0,0.0
1143.75,9.0,220.0,4.0,1,1666.0,0.0,0.0,0.0
38.5,1.0,925.0,4.0,1,494.0,0.0,0.0,0.0
61.0,3.0,354.0,4.0,1,389.0,16.333333333333332,1.0,0.0
699.0,15.0,1071.0,4.0,1,803.0,0.0,0.0,0.0
501.0,6.0,252.0,4.0,1,1416.0,0.0,0.0,0.0
66.0,3.0,412.0,4.0,1,500.0,0.0,0.0,0.0
57.0,2.0,253.0,4.0,1,602.0,16.0,3.0,0.0
516.5,4.0,530.0,4.0,1,307.0,0.0,0.0,0.0
590.6666666666666,6.0,595.0,4.0,1,952.0,0.0,0.0,0.0
41.0,1.5,902.0,4.5,0,733.0,0.0,0.0,0.0
23.0,0.0,1015.0,4.0,1,454.0,0.0,0.0,0.0
390.0,5.0,187.0,4.0,1,1098.0,0.0,0.0,0.0
150.0,4.0,277.0,4.0,1,246.0,0.0,0.0,0.0
477.0,7.0,182.0,4.0,1,1585.0,0.0,0.0,0.0
242.0,3.5,916.0,4.0,1,192.0,0.0,0.0,0.0
62.5,8.5,311.0,4.0,1,1110.0,0.0,0.0,0.0
164.5,10.0,583.0,4.0,1,261.0,0.0,0.0,0.0
157.0,4.0,218.0,4.0,1,165.0,0.0,0.0,0.0
155.5,6.0,534.0,4.0,1,150.0,0.0,0.0,0.0
225.0,3.0,69.0,4.0,1,494.0,0.0,0.0,0.0
1099.0,14.0,2347.0,4.0,1,1526.0,0.0,0.0,0.0
64.0,7.0,339.0,4.0,1,126.0,0.0,0.0,0.0
518.0,3.5,385.0,4.0,1,303.0,0.0,0.0,0.0
31.0,2.5,567.0,4.0,1,368.0,0.0,0.0,0.0
149.0,1.0,636.0,4.0,1,487.0,0.0,0.0,0.0
100.0,2.5,125.0,4.0,1,113.0,0.0,0.0,0.0
1028.5,16.0,989.0,4.5,1,1365.0,0.0,0.0,0.0
828.0,10.0,946.0,4.0,1,803.0,0.0,0.0,0.0
539.5,4.0,130.0,4.0,1,1824.0,0.0,0.0,0.0
1148.5,7.0,784.0,4.0,1,1068.0,0.0,0.0,0.0
1030.0,10.0,1816.0,4.0,1,3575.0,0.0,0.0,0.0
68.0,2.5,718.0,4.0,0,576.0,19.666666666666668,1.0,0.0
508.0,5.0,430.0,4.0,1,157.0,0.0,0.0,0.0
846.0,7.5,959.0,4.0,1,614.0,0.0,0.0,0.0
381.0,3.5,117.0,4.0,1,885.0,0.0,0.0,0.0
103.5,1.0,147.0,4.0,1,213.0,23.0,1.0,0.0
658.5,5.0,836.0,4.0,1,538.0,0.0,0.0,0.0
530.5,4.0,66.0,4.0,1,431.0,0.0,0.0,0.0
938.0,22.0,2145.0,5.0,1,4398.0,0.0,0.0,0.0
806.0,13.0,656.0,4.0,1,3359.0,0.0,0.0,0.0
814.0,7.0,1806.0,4.0,1,2795.0,0.0,0.0,0.0
677.0,6.0,933.0,4.0,1,2137.0,0.0,0.0,0.0
157.0,3.0,287.0,2.0,1,49.0,0.0,0.0,0.0
549.5,26.5,262.0,5.0,1,1764.0,0.0,0.0,0.0
19.5,1.0,404.0,5.0,1,623.0,0.0,0.0,0.0
57.0,2.0,292.0,4.0,1,155.0,0.0,0.0,0.0
757.0,7.5,620.0,5.0,1,3232.0,0.0,0.0,0.0
800.5,6.0,1520.0,4.0,1,223.0,0.0,0.0,0.0
497.0,2.5,543.0,4.0,1,1313.0,0.0,0.0,0.0
322.5,4.0,316.0,4.0,1,1473.0,0.0,0.0,0.0
3.5,1.0,942.0,4.0,1,614.0,30.0,0.0,0.0
196.0,12.5,61.0,4.0,1,569.0,0.0,0.0,0.0
808.0,12.0,1780.0,4.0,1,2189.0,0.0,0.0,0.0
555.0,2.5,332.0,4.0,1,575.0,0.0,0.0,0.0
622.0,10.0,345.0,4.0,1,1240.0,0.0,0.0,0.0
497.5,5.0,301.0,4.0,1,607.0,0.0,0.0,0.0
87.5,3.0,1094.0,4.0,1,481.0,0.0,0.0,0.0
755.5,7.0,1786.0,4.0,1,1765.0,0.0,0.0,0.0
456.0,7.5,486.0,4.0,1,100.0,0.0,0.0,0.0
919.0,13.0,1967.0,5.0,1,4286.0,0.0,0.0,0.0
1156.0,23.0,1804.0,5.0,1,705.0,0.0,0.0,0.0
600.5,5.0,375.0,4.0,1,696.0,0.0,0.0,0.0
658.0,7.0,265.0,4.0,1,481.0,0.0,0.0,0.0
489.5,8.5,456.0,4.0,1,480.0,0.0,0.0,0.0
1271.0,10.0,1143.0,4.0,1,694.0,0.0,0.0,0.0
600.0,12.5,650.0,4.0,1,926.0,0.0,0.0,0.0
309.5,5.0,208.0,4.0,0,105.0,0.0,0.0,0.0
42.0,3.0,362.0,4.0,1,270.0,15.0,1.0,0.0
271.5,4.0,313.0,4.0,1,1075.0,0.0,0.0,0.0
453.5,4.0,55.0,4.0,1,600.0,0.0,0.0,0.0
65.0,2.0,925.0,2.0,1,38.0,0.0,0.0,0.0
516.0,6.5,389.0,4.0,1,1538.0,0.0,0.0,0.0
378.5,5.0,379.0,4.0,1,24.0,0.0,0.0,0.0
286.0,6.0,296.0,4.0,1,201.0,0.0,0.0,0.0
463.0,6.0,374.0,4.0,1,717.0,0.0,0.0,0.0
715.0,5.5,627.0,4.0,1,1444.0,0.0,0.0,0.0
182.0,4.0,329.0,4.0,1,27.0,0.0,0.0,0.0
555.0,8.0,389.0,4.0,1,903.0,0.0,0.0,0.0
42.0,0.0,512.0,4.5,1,529.0,0.0,0.0,0.0
174.0,2.0,509.0,4.0,1,110.0,0.0,0.0,0.0
71.0,1.0,910.0,4.0,0,74.0,0.0,0.0,0.0
519.5,6.5,97.0,4.5,1,1734.0,0.0,0.0,0.0
662.0,6.0,623.0,4.0,1,1639.0,0.0,0.0,0.0
350.75,6.5,178.0,4.0,1,449.0,0.0,0.0,0.0
1095.0,5.5,1099.0,4.0,1,2922.0,0.0,0.0,0.0
163.0,8.5,435.0,4.0,1,347.0,0.0,0.0,0.0
604.0,9.0,725.0,5.0,1,2434.0,0.0,0.0,0.0
95.0,4.0,661.0,4.0,1,111.0,0.0,0.0,0.0
52.0,4.0,1059.0,2.0,1,21.0,0.0,0.0,0.0
777.0,5.0,1322.0,4.0,1,310.0,0.0,0.0,0.0
352.0,3.0,510.0,4.0,1,13.0,0.0,0.0,0.0
762.0,14.0,1424.0,4.0,1,119.0,0.0,0.0,0.0
546.0,6.0,187.0,4.0,1,504.0,0.0,0.0,0.0
106.0,2.0,515.0,4.0,1,376.0,0.0,0.0,0.0
1068.0,19.5,494.0,4.0,1,112.0,0.0,0.0,0.0
539.0,7.0,573.0,4.0,1,447.0,0.0,0.0,0.0
461.0,4.0,433.0,4.0,1,112.0,0.0,0.0,0.0
214.0,8.0,1009.0,4.0,1,820.0,0.0,0.0,0.0
613.0,26.0,946.0,5.0,1,1651.0,0.0,0.0,0.0
244.0,7.0,934.0,4.0,1,294.0,0.0,0.0,0.0
281.0,6.0,691.0,4.0,1,625.0,0.0,0.0,0.0
84.5,3.0,185.0,4.0,1,468.0,0.0,0.0,0.0
279.0,4.0,193.0,4.0,1,160.0,0.0,0.0,0.0
163.0,2.0,834.0,4.0,1,265.0,0.0,0.0,0.0
274.0,4.5,1096.0,4.0,1,149.0,0.0,0.0,0.0
240.0,3.0,240.0,4.0,1,326.0,0.0,0.0,0.0
58.5,2.0,856.0,4.0,0,298.0,9.5,5.0,0.0
320.0,7.0,719.0,4.0,1,462.0,0.0,0.0,0.0
581.0,5.5,321.0,4.0,1,430.0,0.0,0.0,0.0
361.0,11.0,665.0,4.0,1,419.0,0.0,0.0,0.0
7.0,2.0,737.0,4.0,0,223.0,0.0,0.0,0.0
250.0,16.5,473.0,4.0,1,422.0,0.0,0.0,0.0
37.5,2.5,1079.0,4.0,0,305.0,20.0,1.0,0.0
418.0,4.5,271.0,4.0,1,1050.0,0.0,0.0,0.0
35.0,3.5,606.0,4.0,1,513.0,23.0,1.0,0.0
454.5,4.5,206.0,4.0,1,690.0,0.0,0.0,0.0
423.5,2.0,399.0,4.0,1,194.0,15.0,2.0,0.0
64.5,8.0,1135.0,4.0,1,346.0,0.0,0.0,0.0
341.0,4.5,522.0,4.0,1,92.0,0.0,0.0,0.0
61.0,2.0,239.0,3.5,1,645.0,0.0,0.0,0.0
259.25,8.5,197.0,4.0,1,882.0,0.0,0.0,0.0
146.0,5.0,478.0,4.0,1,483.0,0.0,0.0,0.0
24.0,1.0,745.0,4.0,1,169.0,0.0,0.0,0.0
378.0,13.0,859.0,4.0,1,765.0,0.0,0.0,0.0
108.5,2.0,468.0,4.0,1,345.0,0.0,0.0,0.0
523.0,4.5,234.0,2.0,1,0.0,0.0,0.0,0.0
306.0,5.0,328.0,0.0,1,1.0,0.0,0.0,0.0
2.5,2.0,404.0,2.0,0,1012.0,11.8,3.0,0.0
526.5,5.0,269.0,4.0,1,323.0,0.0,0.0,0.0
102.0,4.0,627.0,2.0,1,36.0,0.0,0.0,0.0
1067.0,12.5,733.0,4.0,1,1637.0,0.0,0.0,0.0
766.0,4.0,1084.0,4.0,1,2030.0,0.0,0.0,0.0
59.5,1.0,354.0,4.0,1,640.0,24.0,0.0,0.0
57.0,2.0,618.0,4.0,1,965.0,18.33333333333333,1.0,0.0
120.5,1.0,570.0,4.0,1,280.0,0.0,0.0,0.0
570.5,10.5,254.0,4.0,1,1057.0,0.0,0.0,0.0
437.0,7.5,403.0,3.5,1,303.0,0.0,0.0,0.0
34.0,3.0,236.0,4.0,0,140.0,14.5,3.0,0.0
360.5,10.0,478.0,4.0,1,445.0,0.0,0.0,0.0
418.0,4.5,96.0,4.0,1,150.0,0.0,0.0,0.0
439.0,4.0,197.0,4.0,1,112.0,0.0,0.0,0.0
108.0,2.0,187.0,4.0,1,170.0,39.0,0.0,0.0
829.3333333333334,8.0,816.0,4.0,1,3450.0,0.0,0.0,0.0
628.0,5.0,1015.0,4.0,1,2009.0,0.0,0.0,0.0
530.0,12.0,487.0,5.0,1,1121.0,0.0,0.0,0.0
686.5,8.5,815.0,4.0,1,2220.0,0.0,0.0,0.0
333.75,4.0,331.0,4.0,1,47.0,0.0,0.0,0.0
30.0,1.0,1073.0,4.0,0,1090.0,0.0,0.0,0.0
1045.0,24.5,260.0,4.0,1,124.0,0.0,0.0,0.0
627.0,5.0,519.0,4.0,1,1291.0,0.0,0.0,0.0
168.0,1.5,656.0,4.0,1,158.0,30.0,0.0,0.0
402.0,3.5,196.0,4.0,1,700.0,0.0,0.0,0.0
539.5,4.5,138.0,4.0,1,126.0,0.0,0.0,0.0
64.0,2.0,750.0,4.0,1,22.0,12.5,2.0,0.0
82.0,2.0,456.0,2.0,1,21.0,7.0,0.0,0.0
524.0,4.5,666.0,2.0,1,342.0,0.0,0.0,0.0
300.0,5.0,750.0,4.0,1,514.0,0.0,0.0,0.0
536.0,5.0,277.0,4.0,1,1750.0,0.0,0.0,0.0
1070.0,25.0,1990.0,5.0,1,654.0,0.0,0.0,0.0
216.0,3.0,138.0,4.0,1,257.0,0.0,0.0,0.0
116.0,4.0,713.0,4.0,1,109.0,0.0,0.0,0.0
132.5,1.0,676.0,4.0,1,243.0,0.0,0.0,0.0
562.0,8.0,751.0,4.0,1,884.0,0.0,0.0,0.0
254.0,2.0,690.0,4.0,1,432.0,0.0,0.0,0.0
774.0,11.0,362.0,4.0,1,2290.0,0.0,0.0,0.0
46.0,2.5,183.0,4.0,1,219.0,0.0,0.0,0.0
534.5,5.5,551.0,4.0,1,773.0,0.0,0.0,0.0
266.0,5.5,467.0,4.0,1,128.0,0.0,0.0,0.0
96.0,2.5,539.0,4.5,1,489.0,16.5,2.0,0.0
55.0,2.0,82.0,4.0,1,377.0,0.0,0.0,0.0
160.5,6.0,402.0,2.0,1,1.0,0.0,0.0,0.0
1448.0,22.0,916.0,5.0,1,38.0,0.0,0.0,0.0
525.5,6.5,714.0,4.0,1,523.0,0.0,0.0,0.0
83.0,3.0,293.0,4.0,1,502.0,13.5,0.0,0.0
1189.0,8.0,191.0,4.0,1,1811.0,0.0,0.0,0.0
940.0,13.0,2170.0,4.0,1,463.0,0.0,0.0,0.0
190.0,3.5,184.0,4.0,1,172.0,0.0,0.0,0.0
342.0,5.0,240.0,4.0,1,159.0,0.0,0.0,0.0
90.0,2.0,438.0,4.0,1,403.0,18.5,2.0,0.0
36.0,2.5,1181.0,4.0,0,391.0,30.0,0.0,0.0
63.0,5.0,577.0,4.0,1,182.0,0.0,0.0,0.0
445.5,4.0,214.0,4.0,0,156.0,0.0,0.0,0.0
839.0,19.0,950.0,5.0,1,1333.0,0.0,0.0,0.0
304.0,6.0,322.0,2.0,1,4.0,0.0,0.0,0.0
683.0,6.5,808.0,4.0,1,1274.0,0.0,0.0,0.0
12.0,3.5,659.0,4.5,1,106.0,8.0,2.0,0.0
1708.0,26.0,774.0,4.0,1,403.0,0.0,0.0,0.0
106.75,4.0,165.0,4.0,1,55.0,0.0,0.0,0.0
575.0,19.0,331.0,5.0,1,1957.0,0.0,0.0,0.0
718.0,11.0,999.0,4.0,1,90.0,0.0,0.0,0.0
221.5,4.0,595.0,4.0,1,998.0,0.0,0.0,0.0
518.0,3.5,227.0,4.0,1,578.0,0.0,0.0,0.0
251.0,1.0,790.0,4.0,1,349.0,0.0,0.0,0.0
358.0,4.5,723.0,4.0,1,618.0,0.0,0.0,0.0
326.5,3.0,54.0,4.0,1,332.0,0.0,0.0,0.0
37.5,2.0,292.0,4.0,1,42.0,0.0,0.0,0.0
37.0,2.5,627.0,4.0,1,1073.0,0.0,0.0,0.0
746.5,9.0,1302.0,5.0,1,2287.0,0.0,0.0,0.0
689.5,8.0,1482.0,4.0,1,37.0,0.0,0.0,0.0
232.0,4.0,598.0,4.0,1,102.0,0.0,0.0,0.0
66.0,8.0,474.0,4.0,1,266.0,0.0,0.0,0.0
163.5,4.5,1009.0,4.0,1,284.0,0.0,0.0,0.0
357.0,13.0,112.0,4.0,1,443.0,0.0,0.0,0.0
277.0,3.0,293.0,4.0,1,110.0,0.0,0.0,0.0
731.0,11.0,608.0,5.0,1,1362.0,0.0,0.0,0.0
1398.0,25.0,1469.0,2.5,1,518.0,0.0,0.0,0.0
608.0,6.0,127.0,4.0,1,604.0,0.0,0.0,0.0
5.5,2.5,949.0,4.0,0,40.0,0.0,0.0,0.0
863.5,4.5,988.0,4.0,1,463.0,0.0,0.0,0.0
615.5,7.0,438.0,4.0,1,463.0,0.0,0.0,0.0
661.0,8.0,986.0,4.0,1,1239.0,0.0,0.0,0.0
235.0,2.5,1000.0,4.0,1,968.0,0.0,0.0,0.0
557.5,4.0,0.0,4.0,1,495.0,0.0,0.0,0.0
876.0,18.0,2139.0,4.0,1,1979.0,0.0,0.0,0.0
1441.5,32.5,1383.0,5.0,1,427.0,0.0,0.0,0.0
626.0,4.5,301.0,4.0,1,504.0,0.0,0.0,0.0
370.0,4.5,548.0,4.0,1,647.0,0.0,0.0,0.0
832.0,13.0,1957.0,4.0,1,2125.0,0.0,0.0,0.0
386.5,5.0,16.0,4.0,1,849.0,0.0,0.0,0.0
864.5,8.0,1822.0,4.0,1,2584.0,0.0,0.0,0.0
805.5,6.0,1523.0,4.0,1,158.0,0.0,0.0,0.0
136.5,2.0,530.0,4.0,1,89.0,0.0,0.0,0.0
771.0,14.5,1377.0,4.0,1,1326.0,0.0,0.0,0.0
608.25,9.0,368.0,4.0,1,516.0,0.0,0.0,0.0
27.0,1.5,481.0,4.0,1,249.0,0.0,0.0,0.0
830.5,6.0,2046.0,4.0,1,2978.0,0.0,0.0,0.0
674.0,5.5,945.0,4.0,1,1621.0,0.0,0.0,0.0
45.5,2.0,1403.0,4.0,0,295.0,15.0,1.0,0.0
161.5,11.0,601.0,4.0,1,162.0,0.0,0.0,0.0
242.66666666666663,4.0,486.0,4.0,1,94.0,0.0,0.0,0.0
297.75,5.0,307.0,4.0,1,111.0,0.0,0.0,0.0
583.5,10.0,779.0,4.0,1,342.0,0.0,0.0,0.0
130.75,12.0,403.0,4.0,1,251.0,0.0,0.0,0.0
56.0,1.5,235.0,4.0,1,134.0,0.0,0.0,0.0
591.5,3.0,275.0,4.0,1,481.0,0.0,0.0,0.0
45.75,2.5,482.0,4.0,1,254.0,0.0,0.0,0.0
50.5,3.0,252.0,4.0,1,183.0,0.0,0.0,0.0
413.5,2.0,310.0,4.0,1,629.0,0.0,0.0,0.0
207.0,3.0,616.0,4.0,1,122.0,0.0,0.0,0.0
376.5,4.0,656.0,4.0,1,83.0,0.0,0.0,0.0
239.0,3.0,421.0,4.0,1,214.0,0.0,0.0,0.0
14.0,1.0,181.0,4.5,1,205.0,0.0,0.0,0.0
130.0,2.0,720.0,4.5,1,324.0,11.75,2.0,0.0
819.5,22.0,837.0,5.0,1,1019.0,0.0,0.0,0.0
126.0,2.5,268.0,4.0,1,256.0,0.0,0.0,0.0
20.0,2.0,441.0,2.0,1,29.0,0.0,0.0,0.0
406.0,4.0,702.0,2.0,1,0.0,0.0,0.0,0.0
147.0,3.6666666666666665,695.0,4.0,1,139.0,0.0,0.0,0.0
1669.5,15.5,475.0,4.0,1,1176.0,0.0,0.0,0.0
73.5,2.0,492.0,4.0,0,57.0,0.0,0.0,0.0
375.0,3.5,9.0,4.0,1,667.0,0.0,0.0,0.0
281.5,4.0,982.0,4.0,1,978.0,0.0,0.0,0.0
47.0,4.5,220.0,4.0,1,526.0,0.0,0.0,0.0
1091.5,14.0,582.0,4.0,1,1860.0,0.0,0.0,0.0
1106.0,5.0,748.0,4.0,1,2423.0,0.0,0.0,0.0
909.0,13.5,1781.0,4.0,1,616.0,0.0,0.0,0.0
269.0,2.5,225.0,4.0,1,901.0,0.0,0.0,0.0
259.5,5.333333333333333,715.0,4.0,1,138.0,0.0,0.0,0.0
277.0,3.0,520.0,4.0,1,19.0,0.0,0.0,0.0
551.0,5.0,207.0,4.0,1,219.0,0.0,0.0,0.0
318.0,5.5,380.0,4.0,1,241.0,0.0,0.0,0.0
346.0,4.0,397.0,4.0,1,700.0,0.0,0.0,0.0
799.0,26.25,666.0,5.0,1,695.0,0.0,0.0,0.0
495.0,8.0,902.0,4.0,1,548.0,0.0,0.0,0.0
3.0,9.0,485.0,0.0,0,883.0,0.0,0.0,0.0
45.5,1.0,494.0,4.0,1,466.0,4.0,0.0,0.0
991.0,11.0,1533.0,5.0,1,681.0,0.0,0.0,0.0
908.0,24.0,798.0,5.0,1,1163.0,0.0,0.0,0.0
784.5,5.0,1582.0,4.5,1,2533.0,0.0,0.0,0.0
28.0,1.0,372.0,4.0,0,74.0,30.0,0.0,0.0
822.0,5.0,1505.0,4.0,1,3023.0,0.0,0.0,0.0
124.5,2.0,441.0,4.0,1,82.0,22.0,1.0,0.0
30.0,3.5,890.0,4.0,0,1107.0,0.0,0.0,0.0
516.5,21.0,428.0,4.0,1,260.0,0.0,0.0,0.0
102.5,2.0,281.0,4.0,1,126.0,0.0,0.0,0.0
147.0,1.5,823.0,4.0,1,87.0,7.4,2.0,0.0
65.0,9.0,192.0,4.0,1,893.0,21.0,1.0,0.0
575.0,5.0,193.0,0.0,1,768.0,0.0,0.0,0.0
276.0,3.0,120.0,4.0,1,401.0,0.0,0.0,0.0
309.0,5.0,887.0,4.0,1,255.0,0.0,0.0,0.0
63.0,2.0,277.0,4.0,1,617.0,0.0,0.0,0.0
647.5,9.0,963.0,4.0,1,465.0,0.0,0.0,0.0
238.0,6.0,1127.0,4.0,1,496.0,0.0,0.0,0.0
335.0,4.0,371.0,4.0,1,163.0,0.0,0.0,0.0
58.0,2.0,322.0,4.0,1,186.0,0.0,0.0,0.0
148.0,4.0,128.0,4.0,1,609.0,0.0,0.0,0.0
7.5,2.5,186.0,0.0,1,0.0,0.0,0.0,0.0
54.5,1.5,150.0,4.0,1,321.0,28.33333333333333,0.0,0.0
295.0,5.0,275.0,4.0,1,170.0,0.0,0.0,0.0
495.0,4.5,366.0,4.0,1,102.0,0.0,0.0,0.0
429.5,9.0,334.0,4.0,1,408.0,0.0,0.0,0.0
371.0,3.5,245.0,4.0,1,318.0,0.0,0.0,0.0
215.0,2.0,191.0,2.0,1,42.0,0.0,0.0,0.0
610.0,5.666666666666667,279.0,4.0,1,459.0,0.0,0.0,0.0
2.0,3.0,1031.0,2.0,1,45.0,0.0,0.0,0.0
100.0,3.0,702.0,4.0,1,156.0,0.0,0.0,0.0
46.0,5.0,1174.0,4.0,1,484.0,18.5,1.0,0.0
79.25,1.0,1121.0,2.0,1,12.0,0.0,0.0,0.0
1850.0,13.0,1210.0,4.0,1,346.0,0.0,0.0,0.0
16.0,4.0,269.0,4.0,1,48.0,0.0,0.0,0.0
1131.0,9.5,863.0,4.0,1,1015.0,0.0,0.0,0.0
668.0,6.0,0.0,4.0,1,89.0,0.0,0.0,0.0
517.0,16.0,649.0,4.0,1,326.0,0.0,0.0,0.0
160.5,4.5,710.0,4.0,1,0.0,0.0,0.0,0.0
1140.5,8.5,1259.0,4.5,1,593.0,0.0,0.0,0.0
627.0,4.0,609.0,4.0,1,686.0,0.0,0.0,0.0
353.0,4.5,298.0,4.0,1,98.0,15.0,1.0,0.0
410.0,3.0,364.0,4.0,1,1119.0,0.0,0.0,0.0
86.66666666666667,1.0,1140.0,4.0,0,73.0,20.0,1.0,0.0
381.0,4.0,343.0,4.0,1,694.0,0.0,0.0,0.0
82.5,2.0,1197.0,4.0,1,244.0,0.0,0.0,0.0
215.0,4.0,262.0,4.0,1,143.0,0.0,0.0,0.0
122.0,3.5,411.0,4.0,1,70.0,0.0,0.0,0.0
390.0,2.0,435.0,4.0,1,263.0,0.0,0.0,0.0
1279.5,8.0,1373.0,4.0,1,358.0,0.0,0.0,0.0
639.5,10.0,1000.0,4.5,1,1018.0,0.0,0.0,0.0
7.5,2.0,186.0,1.5,1,1.0,0.0,0.0,0.0
45.0,3.0,564.0,4.0,1,1234.0,0.0,0.0,0.0
971.0,1.5,46.0,4.5,1,372.0,0.0,0.0,0.0
172.5,4.5,617.0,4.0,1,276.0,0.0,0.0,0.0
235.75,5.5,858.0,4.0,1,845.0,0.0,0.0,0.0
520.0,4.5,83.0,4.0,1,752.0,0.0,0.0,0.0
516.0,3.0,140.0,4.0,1,417.0,0.0,0.0,0.0
52.5,2.0,1152.0,4.0,0,355.0,12.2,6.0,0.0
141.0,4.0,87.0,4.0,1,316.0,0.0,0.0,0.0
29.5,1.0,924.0,4.0,1,202.0,3.0,1.0,0.0
433.0,5.0,29.0,4.0,1,134.0,0.0,0.0,0.0
70.0,4.5,456.0,4.0,1,246.0,0.0,0.0,0.0
233.5,5.0,363.0,4.0,1,12.0,0.0,0.0,0.0
326.5,2.5,285.0,4.0,1,588.0,0.0,0.0,0.0
619.0,14.0,404.0,4.0,1,960.0,0.0,0.0,0.0
561.0,10.0,103.0,4.0,1,549.0,0.0,0.0,0.0
459.3333333333333,4.5,331.0,4.0,1,750.0,0.0,0.0,0.0
410.5,5.0,481.0,4.0,1,180.0,0.0,0.0,0.0
435.0,21.0,699.0,0.0,1,61.0,0.0,0.0,0.0
16.0,2.0,256.0,4.0,1,251.0,10.333333333333334,4.0,0.0
563.5,11.0,261.0,2.0,1,32.0,0.0,0.0,0.0
643.0,11.0,429.0,4.0,1,1373.0,0.0,0.0,0.0
295.75,3.0,172.0,4.0,1,144.0,0.0,0.0,0.0
418.0,5.5,191.0,4.0,1,574.0,0.0,0.0,0.0
526.5,11.0,259.0,4.5,1,920.0,0.0,0.0,0.0
559.0,9.0,126.0,5.0,1,1236.0,0.0,0.0,0.0
263.0,6.0,405.0,4.0,1,763.0,0.0,0.0,0.0
152.66666666666666,2.0,768.0,4.0,1,252.0,0.0,0.0,0.0
185.0,8.0,420.0,4.0,1,109.0,0.0,0.0,0.0
125.25,3.5,518.0,4.0,1,276.0,0.0,0.0,0.0
23.0,1.0,797.0,4.0,1,595.0,0.0,0.0,0.0
642.5,7.0,647.0,4.0,1,1398.0,0.0,0.0,0.0
60.0,3.5,197.0,3.5,1,511.0,16.0,2.0,0.0
255.0,3.0,479.0,4.0,1,86.0,0.0,0.0,0.0
292.0,2.0,503.0,4.0,1,194.0,0.0,0.0,0.0
1403.0,16.0,1838.0,4.0,1,373.0,0.0,0.0,0.0
254.0,3.5,178.0,2.0,1,6.0,0.0,0.0,0.0
133.0,3.0,562.0,4.0,1,326.0,0.0,0.0,0.0
210.5,5.5,532.0,4.0,1,237.0,0.0,0.0,0.0
570.75,17.0,544.0,4.0,1,801.0,0.0,0.0,0.0
1173.0,13.0,2520.0,4.0,1,1150.0,0.0,0.0,0.0
88.0,5.0,653.0,4.0,1,44.0,0.0,0.0,0.0
683.0,5.0,287.0,4.0,1,1310.0,0.0,0.0,0.0
532.5,25.0,701.0,4.0,1,315.0,0.0,0.0,0.0
654.0,12.0,529.0,4.0,1,1053.0,0.0,0.0,0.0
749.5,20.0,651.0,5.0,1,602.0,0.0,0.0,0.0
844.0,5.0,2229.0,4.0,1,3153.0,0.0,0.0,0.0
86.5,1.0,613.0,4.0,1,223.0,0.0,0.0,0.0
389.0,7.0,345.0,4.0,1,832.0,0.0,0.0,0.0
502.75,4.5,336.0,4.5,1,937.0,0.0,0.0,0.0
268.0,3.5,233.0,0.0,1,60.0,0.0,0.0,0.0
646.0,8.5,1015.0,4.0,1,585.0,0.0,0.0,0.0
292.0,4.5,222.0,4.0,1,416.0,0.0,0.0,0.0
699.25,9.0,1078.0,4.0,1,1852.0,0.0,0.0,0.0
119.0,4.0,656.0,4.0,1,338.0,0.0,0.0,0.0
284.0,3.0,660.0,4.0,1,55.0,0.0,0.0,0.0
530.5,4.0,97.0,4.0,1,326.0,0.0,0.0,0.0
704.75,10.0,1225.0,4.5,1,1921.0,0.0,0.0,0.0
986.0,11.5,1259.0,5.0,1,1275.0,0.0,0.0,0.0
620.0,4.0,311.0,4.0,1,544.0,0.0,0.0,0.0
475.0,3.0,284.0,4.0,1,584.0,0.0,0.0,0.0
393.5,4.5,533.0,4.0,1,506.0,0.0,0.0,0.0
42.0,2.5,418.0,4.0,1,311.0,0.0,0.0,0.0
26.0,1.5,271.0,4.0,0,294.0,0.0,0.0,0.0
91.0,4.0,387.0,4.0,1,354.0,0.0,0.0,0.0
709.5,21.5,728.0,4.5,1,767.0,0.0,0.0,0.0
27.0,1.5,947.0,4.0,1,962.0,3.0,0.0,0.0
118.0,4.666666666666667,592.0,4.0,1,316.0,2.0,0.0,0.0
741.0,5.0,759.0,4.0,1,1691.0,0.0,0.0,0.0
196.5,10.5,607.0,4.0,1,398.0,0.0,0.0,0.0
417.0,9.0,793.0,4.0,1,537.0,0.0,0.0,0.0
535.0,6.0,357.0,4.0,1,140.0,0.0,0.0,0.0
1082.0,10.0,983.0,4.0,1,1189.0,0.0,0.0,0.0
828.0,8.0,1919.0,4.0,1,993.0,0.0,0.0,0.0
149.0,1.0,843.0,4.0,1,139.0,0.0,0.0,0.0
72.0,2.0,372.0,4.0,1,484.0,0.0,0.0,0.0
509.0,3.0,531.0,4.0,1,877.0,0.0,0.0,0.0
160.0,6.0,540.0,4.0,1,198.0,0.0,0.0,0.0
407.0,5.0,260.0,4.0,1,634.0,0.0,0.0,0.0
885.0,10.5,1649.0,5.0,1,1463.0,0.0,0.0,0.0
248.75,2.5,873.0,4.0,1,165.0,0.0,0.0,0.0
167.5,4.0,521.0,2.0,1,20.0,0.0,0.0,0.0
1202.0,7.5,1276.0,4.0,1,655.0,0.0,0.0,0.0
30.5,0.5,1036.0,4.0,0,1108.0,0.0,0.0,0.0
809.5,5.5,1576.0,4.0,1,252.0,0.0,0.0,0.0
285.0,5.0,220.0,4.0,1,426.0,0.0,0.0,0.0
235.0,3.0,552.0,4.0,1,84.0,0.0,0.0,0.0
541.5,6.0,659.0,4.0,1,723.0,0.0,0.0,0.0
575.5,4.5,320.0,4.0,1,468.0,0.0,0.0,0.0
160.0,3.333333333333333,356.0,4.0,1,78.0,7.666666666666667,1.0,0.0
102.0,1.0,14.0,4.0,1,375.0,0.0,0.0,0.0
829.0,10.0,1878.0,4.0,1,1456.0,0.0,0.0,0.0
158.0,2.5,299.0,2.0,1,0.0,0.0,0.0,0.0
1117.5,13.0,1806.0,4.0,1,1561.0,0.0,0.0,0.0
1173.0,17.0,1686.0,4.0,1,1117.0,0.0,0.0,0.0
62.0,3.0,216.0,4.5,1,165.0,0.0,0.0,0.0
721.5,5.5,1308.0,4.0,1,278.0,0.0,0.0,0.0
939.0,21.0,2127.0,4.0,1,1966.0,0.0,0.0,0.0
81.5,1.5,1236.0,2.0,1,4.0,12.5,1.0,0.0
63.0,0.5,391.0,4.0,0,292.0,12.5,1.0,0.0
468.5,5.0,200.0,4.0,1,630.0,0.0,0.0,0.0
459.0,4.0,193.0,4.0,1,1557.0,0.0,0.0,0.0
892.0,12.0,998.0,4.0,1,120.0,0.0,0.0,0.0
60.5,2.0,682.0,4.0,1,130.0,0.0,0.0,0.0
1185.5,9.0,125.0,4.0,1,1835.0,0.0,0.0,0.0
25.0,1.0,277.0,4.0,1,277.0,4.0,1.0,0.0
17.5,1.0,456.0,4.0,1,688.0,0.0,0.0,0.0
809.25,18.25,503.0,4.5,1,3243.0,0.0,0.0,0.0
1113.0,26.0,448.0,4.0,1,273.0,0.0,0.0,0.0
195.5,6.25,327.0,4.0,1,89.0,0.0,0.0,0.0
607.0,10.0,639.0,4.0,1,1214.0,0.0,0.0,0.0
3.75,3.5,220.0,5.0,1,365.0,3.5,1.0,0.0
1008.5,3.0,2539.0,4.0,1,4396.0,0.0,0.0,0.0
1116.0,8.0,1401.0,4.0,1,463.0,0.0,0.0,0.0
344.0,7.0,653.0,4.0,1,394.0,0.0,0.0,0.0
632.5,6.0,648.0,4.0,1,399.0,0.0,0.0,0.0
1066.0,4.0,1850.0,4.0,1,3706.0,0.0,0.0,0.0
859.5,19.0,1123.0,5.0,1,1533.0,0.0,0.0,0.0
407.0,6.333333333333333,298.0,4.0,1,501.0,0.0,0.0,0.0
387.0,6.0,77.0,4.0,1,97.0,0.0,0.0,0.0
65.0,2.0,74.0,4.0,0,24.0,0.0,0.0,0.0
528.5,4.5,344.0,5.0,1,1745.0,0.0,0.0,0.0
74.0,2.0,415.0,4.0,1,279.0,0.0,0.0,0.0
595.0,2.0,1518.0,4.0,1,2422.0,0.0,0.0,0.0
996.0,22.0,1901.0,4.0,1,949.0,0.0,0.0,0.0
113.5,1.5,201.0,3.0,1,219.0,0.0,0.0,0.0
701.0,6.5,186.0,4.0,1,336.0,0.0,0.0,0.0
45.0,3.5,1003.0,4.0,1,231.0,12.0,5.0,0.0
370.0,6.5,473.0,2.0,1,750.0,0.0,0.0,0.0
320.0,2.5,841.0,4.0,1,362.0,0.0,0.0,0.0
185.0,2.5,626.0,4.0,1,236.0,18.0,0.0,0.0
973.0,11.0,1619.0,5.0,1,588.0,0.0,0.0,0.0
276.0,3.5,340.0,4.0,1,291.0,0.0,0.0,0.0
1122.0,6.5,946.0,4.0,1,944.0,0.0,0.0,0.0
752.0,10.0,1215.0,4.0,1,127.0,0.0,0.0,0.0
205.0,17.5,662.0,4.0,1,309.0,0.0,0.0,0.0
1655.0,13.0,1559.0,5.0,1,415.0,0.0,0.0,0.0
406.0,10.0,878.0,4.0,1,894.0,0.0,0.0,0.0
75.5,1.0,1218.0,4.0,0,36.0,20.0,1.0,0.0
599.5,1.5,1206.0,4.0,1,2117.0,0.0,0.0,0.0
280.5,6.0,674.0,4.0,1,337.0,1.0,1.0,0.0
1581.0,17.0,1154.0,5.0,1,3.0,0.0,0.0,0.0
915.0,17.5,2045.0,4.0,1,2120.0,0.0,0.0,0.0
1137.5,4.0,891.0,4.0,1,972.0,0.0,0.0,0.0
409.0,3.0,21.0,4.0,1,602.0,0.0,0.0,0.0
1090.0,26.0,621.0,4.0,1,104.0,0.0,0.0,0.0
837.0,6.5,2096.0,4.0,1,2901.0,0.0,0.0,0.0
458.0,3.5,95.0,4.0,1,403.0,0.0,0.0,0.0
380.5,6.0,428.0,4.0,1,366.0,0.0,0.0,0.0
325.0,5.0,328.0,4.0,1,376.0,0.0,0.0,0.0
637.0,4.5,581.0,4.0,1,415.0,0.0,0.0,0.0
493.0,8.5,394.0,4.0,1,702.0,0.0,0.0,0.0
1211.5,27.5,623.0,4.0,1,408.0,0.0,0.0,0.0
396.0,6.0,796.0,4.0,1,518.0,0.0,0.0,0.0
123.0,3.0,160.0,4.0,1,142.0,35.0,0.0,0.0
642.5,6.0,290.0,5.0,1,1281.0,0.0,0.0,0.0
232.5,4.0,656.0,4.0,1,86.0,0.0,0.0,0.0
471.0,5.0,381.0,4.0,1,1110.0,0.0,0.0,0.0
134.5,3.0,289.0,4.0,0,130.0,0.0,0.0,0.0
107.5,1.0,74.0,4.0,1,466.0,2.0,0.0,0.0
822.5,12.0,1849.0,4.5,1,1804.0,0.0,0.0,0.0
25.5,1.0,522.0,4.0,1,472.0,9.5,2.0,0.0
59.5,8.5,43.0,4.5,1,474.0,0.0,0.0,0.0
1078.0,11.0,1411.0,4.0,1,519.0,0.0,0.0,0.0
711.0,5.5,857.0,4.0,1,1556.0,0.0,0.0,0.0
1241.0,8.0,540.0,4.0,1,2113.0,0.0,0.0,0.0
583.0,3.0,1155.0,4.0,1,2467.0,0.0,0.0,0.0
587.0,3.0,243.0,2.0,1,26.0,0.0,0.0,0.0
18.5,1.5,569.0,4.0,1,416.0,0.0,0.0,0.0
318.5,5.0,217.0,4.0,1,119.0,0.0,0.0,0.0
480.0,6.0,334.0,4.0,1,52.0,0.0,0.0,0.0
744.0,14.75,993.0,4.0,1,209.0,0.0,0.0,0.0
565.5,3.0,153.0,4.0,1,588.0,0.0,0.0,0.0
152.0,2.0,974.0,4.0,1,438.0,0.0,0.0,0.0
467.0,5.0,462.0,4.0,1,977.0,0.0,0.0,0.0
134.0,1.5,168.0,4.0,1,280.0,0.0,0.0,0.0
132.0,3.5,472.0,4.0,0,575.0,15.0,1.0,0.0
159.0,3.0,488.0,4.0,1,448.0,12.0,1.0,0.0
29.0,2.0,857.0,4.5,1,651.0,0.0,0.0,0.0
801.0,11.0,1370.0,5.0,1,1245.0,0.0,0.0,0.0
78.0,3.0,796.0,4.0,1,0.0,0.0,0.0,0.0
41.0,2.0,474.0,4.0,1,138.0,0.0,0.0,0.0
1066.0,13.0,1132.0,4.0,1,2797.0,0.0,0.0,0.0
54.5,4.0,422.0,4.5,1,41.0,0.0,0.0,0.0
511.0,5.0,617.0,4.0,1,458.0,0.0,0.0,0.0
222.5,4.0,225.0,4.0,1,430.0,0.0,0.0,0.0
394.0,3.0,401.0,4.0,1,591.0,0.0,0.0,0.0
941.5,18.0,1437.0,5.0,1,1257.0,0.0,0.0,0.0
891.25,11.0,1007.0,4.0,1,78.0,0.0,0.0,0.0
469.6666666666667,7.0,661.0,4.0,1,939.0,0.0,0.0,0.0
188.5,3.0,31.0,3.5,1,36.0,0.0,0.0,0.0
201.0,2.0,455.0,4.0,1,77.0,0.0,0.0,0.0
499.5,4.0,318.0,3.0,1,312.0,0.0,0.0,0.0
647.0,11.0,1215.0,4.0,1,1280.0,0.0,0.0,0.0
631.0,9.0,1009.0,4.0,1,953.0,0.0,0.0,0.0
295.0,3.0,163.0,4.0,0,90.0,0.0,0.0,0.0
37.5,5.0,227.0,3.5,1,132.0,0.0,0.0,0.0
239.5,4.5,146.0,4.0,1,229.0,0.0,0.0,0.0
113.0,2.0,281.0,4.0,1,86.0,20.33333333333333,1.0,0.0
472.0,7.5,31.0,4.0,1,693.0,0.0,0.0,0.0
581.0,2.5,1156.0,4.0,1,2519.0,0.0,0.0,0.0
617.5,5.0,495.0,4.0,1,376.0,0.0,0.0,0.0
1058.0,19.0,198.0,5.0,1,901.0,0.0,0.0,0.0
551.0,3.0,183.0,4.0,1,132.0,0.0,0.0,0.0
59.0,1.0,875.0,4.0,1,657.0,15.0,1.0,0.0
919.0,9.0,2202.0,4.0,1,3705.0,0.0,0.0,0.0
442.0,3.0,96.0,4.0,1,1505.0,0.0,0.0,0.0
12.0,2.5,163.0,4.5,1,458.0,16.833333333333332,2.0,0.0
1295.5,14.5,1431.0,4.0,1,190.0,0.0,0.0,0.0
379.0,4.5,315.0,4.0,1,495.0,0.0,0.0,0.0
66.5,2.0,748.0,4.0,0,631.0,8.0,1.0,0.0
692.0,17.0,871.0,5.0,1,1484.0,0.0,0.0,0.0
189.5,4.5,212.0,4.0,1,101.0,0.0,0.0,0.0
101.5,0.5,509.0,4.0,1,855.0,0.0,0.0,0.0
360.0,12.0,527.0,4.0,1,102.0,0.0,0.0,0.0
823.5,8.0,2071.0,4.0,1,2985.0,0.0,0.0,0.0
478.0,15.0,522.0,4.0,1,1301.0,0.0,0.0,0.0
383.0,3.5,409.0,4.0,1,189.0,0.0,0.0,0.0
621.5,8.0,857.0,4.0,1,1101.0,0.0,0.0,0.0
573.0,10.0,266.0,5.0,1,1255.0,0.0,0.0,0.0
1019.0,12.0,1885.0,4.0,1,3587.0,0.0,0.0,0.0
249.0,3.0,611.0,4.0,1,66.0,0.0,0.0,0.0
771.0,3.5,1478.0,4.0,1,2272.0,0.0,0.0,0.0
109.0,2.0,813.0,4.0,1,521.0,0.0,0.0,0.0
317.5,3.0,133.0,4.0,1,398.0,0.0,0.0,0.0
420.5,7.0,101.0,4.0,1,150.0,0.0,0.0,0.0
503.0,15.5,779.0,2.0,1,406.0,0.0,0.0,0.0
75.0,3.0,438.0,4.0,1,389.0,0.0,0.0,0.0
178.0,2.0,374.0,4.0,1,69.0,0.0,0.0,0.0
20.5,1.0,415.0,4.0,1,490.0,13.22222222222222,3.0,0.0
5.0,1.5,160.0,0.0,1,3.0,0.0,0.0,0.0
1353.0,12.0,754.0,4.0,1,1025.0,0.0,0.0,0.0
693.0,16.0,601.0,4.0,1,684.0,0.0,0.0,0.0
235.0,3.0,194.0,4.0,1,310.0,0.0,0.0,0.0
589.0,7.0,212.0,4.0,1,356.0,0.0,0.0,0.0
109.0,2.0,264.0,4.0,1,112.0,0.0,0.0,0.0
196.0,16.0,539.0,4.0,1,212.0,0.0,0.0,0.0
162.25,5.0,393.0,4.0,1,463.0,0.0,0.0,0.0
873.5,12.0,765.0,4.0,1,823.0,0.0,0.0,0.0
290.75,3.0,973.0,4.0,1,266.0,0.0,0.0,0.0
690.0,7.5,1084.0,4.0,1,1771.0,0.0,0.0,0.0
679.25,9.5,1004.0,4.0,1,1751.0,0.0,0.0,0.0
357.0,2.0,651.0,4.0,1,213.0,0.0,0.0,0.0
515.0,5.0,115.0,4.0,1,721.0,0.0,0.0,0.0
331.75,4.0,61.0,2.0,1,24.0,0.0,0.0,0.0
228.0,3.0,683.0,4.0,1,559.0,0.0,0.0,0.0
767.0,26.0,919.0,5.0,1,925.0,0.0,0.0,0.0
1389.5,12.0,544.0,4.0,1,581.0,0.0,0.0,0.0
1118.0,27.5,582.0,4.0,1,163.0,0.0,0.0,0.0
1178.0,7.0,256.0,4.5,1,1659.0,0.0,0.0,0.0
540.5,4.0,539.0,4.0,1,653.0,0.0,0.0,0.0
227.5,3.0,402.0,4.0,1,96.0,0.0,0.0,0.0
275.0,7.5,435.0,4.0,1,416.0,0.0,0.0,0.0
315.25,3.0,413.0,4.0,1,120.0,0.0,0.0,0.0
522.0,4.0,449.0,2.0,1,22.0,0.0,0.0,0.0
406.0,9.0,218.0,4.0,1,424.0,0.0,0.0,0.0
582.0,8.5,602.0,4.0,1,69.0,0.0,0.0,0.0
89.0,3.5,806.0,4.0,1,150.0,0.0,0.0,0.0
687.0,8.0,774.0,4.0,1,1770.0,0.0,0.0,0.0
623.5,9.0,728.0,2.0,1,1044.0,0.0,0.0,0.0
68.0,2.0,1086.0,4.0,0,294.0,0.0,0.0,0.0
5.0,1.0,697.0,4.0,1,190.0,0.0,0.0,0.0
543.5,7.0,372.0,4.0,1,315.0,0.0,0.0,0.0
21.0,1.0,877.0,4.0,1,442.0,0.0,0.0,0.0
467.0,4.0,384.0,4.0,1,1100.0,0.0,0.0,0.0
1293.5,9.5,1053.0,4.0,1,244.0,0.0,0.0,0.0
673.0,14.0,628.0,4.0,1,1326.0,0.0,0.0,0.0
78.0,0.0,574.0,4.0,1,655.0,0.0,0.0,0.0
736.0,9.0,1289.0,4.0,1,1754.0,0.0,0.0,0.0
425.0,6.666666666666667,441.0,4.0,1,116.0,0.0,0.0,0.0
656.0,5.0,136.0,4.0,1,127.0,0.0,0.0,0.0
77.0,1.5,1041.0,4.0,0,218.0,30.0,0.0,0.0
334.0,5.0,374.0,2.0,1,69.0,0.0,0.0,0.0
361.0,10.0,528.0,4.0,1,266.0,0.0,0.0,0.0
690.0,16.0,790.0,4.0,1,57.0,0.0,0.0,0.0
825.5,7.0,1414.0,5.0,1,1451.0,0.0,0.0,0.0
536.0,8.5,326.0,4.0,1,1074.0,0.0,0.0,0.0
847.0,14.0,1640.0,4.0,1,1307.0,0.0,0.0,0.0
46.0,1.0,666.0,4.0,1,492.0,0.0,0.0,0.0
546.0,4.0,76.0,4.0,1,322.0,0.0,0.0,0.0
38.0,1.5,1241.0,2.0,1,24.0,15.75,3.0,0.0
416.0,6.0,162.0,4.0,1,160.0,0.0,0.0,0.0
807.5,10.0,1293.0,4.0,1,946.0,0.0,0.0,0.0
1586.0,15.0,1868.0,4.5,1,577.0,0.0,0.0,0.0
4.0,1.0,699.0,5.0,1,471.0,0.0,0.0,0.0
263.5,4.0,318.0,4.0,1,1109.0,0.0,0.0,0.0
585.0,2.0,716.0,4.0,1,1550.0,0.0,0.0,0.0
1756.5,29.0,1243.0,0.0,1,144.0,0.0,0.0,0.0
651.0,6.0,541.0,4.0,1,949.0,0.0,0.0,0.0
664.0,7.0,91.0,4.0,1,302.0,0.0,0.0,0.0
98.0,5.0,1075.0,4.0,1,86.0,0.0,0.0,0.0
258.0,3.5,228.0,4.0,1,66.0,0.0,0.0,0.0
226.5,3.0,542.0,4.0,1,134.0,0.0,0.0,0.0
870.0,9.0,1700.0,4.0,1,2314.0,0.0,0.0,0.0
166.0,4.0,284.0,4.0,1,135.0,0.0,0.0,0.0
431.0,5.0,204.0,4.0,1,96.0,0.0,0.0,0.0
138.0,6.0,218.0,4.0,1,388.0,0.0,0.0,0.0
327.0,6.0,770.0,4.0,1,369.0,0.0,0.0,0.0
56.5,2.5,393.0,4.0,1,511.0,0.0,0.0,0.0
606.0,7.0,286.0,4.0,1,1111.0,0.0,0.0,0.0
51.0,3.0,861.0,4.0,1,150.0,0.0,0.0,0.0
252.0,4.0,210.0,4.0,1,404.0,0.0,0.0,0.0
252.5,1.0,589.0,4.0,1,436.0,0.0,0.0,0.0
852.75,6.0,1893.0,4.0,1,2574.0,0.0,0.0,0.0
624.0,7.0,295.0,4.0,1,522.0,0.0,0.0,0.0
1381.5,11.5,781.0,4.0,1,302.0,0.0,0.0,0.0
1601.0,16.0,342.0,4.0,1,690.0,0.0,0.0,0.0
54.5,2.0,957.0,4.0,1,62.0,19.83333333333333,2.0,0.0
465.5,5.0,386.0,4.0,1,755.0,0.0,0.0,0.0
625.0,4.5,617.0,4.0,1,649.0,0.0,0.0,0.0
750.0,9.0,1407.0,4.0,1,627.0,0.0,0.0,0.0
404.0,3.0,185.0,4.0,1,1090.0,0.0,0.0,0.0
485.0,3.0,169.0,4.0,1,461.0,0.0,0.0,0.0
1429.0,43.0,2277.0,4.0,1,158.0,0.0,0.0,0.0
144.0,6.0,360.0,4.0,1,443.0,0.0,0.0,0.0
312.0,5.0,179.0,4.0,1,98.0,0.0,0.0,0.0
123.0,3.0,256.0,4.0,1,266.0,0.0,0.0,0.0
517.5,5.5,684.0,4.0,1,478.0,0.0,0.0,0.0
241.0,4.0,589.0,4.0,1,171.0,0.0,0.0,0.0
834.0,6.5,1788.0,4.0,1,3034.0,0.0,0.0,0.0
1173.0,14.0,1014.0,4.0,1,844.0,0.0,0.0,0.0
664.0,13.0,1207.0,4.0,1,1140.0,0.0,0.0,0.0
257.0,2.0,310.0,4.0,1,141.0,0.0,0.0,0.0
531.5,5.0,527.0,4.0,1,743.0,0.0,0.0,0.0
530.0,6.0,379.0,4.0,1,1179.0,0.0,0.0,0.0
489.0,9.0,613.0,4.0,1,1132.0,0.0,0.0,0.0
30.5,2.0,268.0,4.0,1,253.0,9.5,2.0,0.0
113.0,3.0,465.0,4.0,1,50.0,0.0,0.0,0.0
532.5,20.0,705.0,4.5,1,1354.0,0.0,0.0,0.0
871.0,6.0,1387.0,4.0,1,3843.0,0.0,0.0,0.0
29.0,2.5,475.0,4.0,1,172.0,0.0,0.0,0.0
511.5,4.0,258.0,4.0,1,331.0,0.0,0.0,0.0
284.5,2.5,654.0,4.0,1,241.0,0.0,0.0,0.0
370.25,4.0,58.0,4.0,1,87.0,0.0,0.0,0.0
29.0,5.0,667.0,4.0,1,207.0,0.0,0.0,0.0
1085.0,5.0,1259.0,4.0,1,3073.0,0.0,0.0,0.0
562.5,4.0,537.0,4.0,1,670.0,0.0,0.0,0.0
382.0,5.0,931.0,4.0,1,584.0,0.0,0.0,0.0
21.5,0.0,515.0,4.0,1,847.0,0.0,0.0,0.0
1007.0,10.0,1442.0,2.0,1,1769.0,0.0,0.0,0.0
66.0,1.0,788.0,4.0,1,364.0,0.0,0.0,0.0
576.0,2.0,1121.0,5.0,1,2742.0,0.0,0.0,0.0
660.0,5.0,915.0,4.0,1,1035.0,0.0,0.0,0.0
169.5,11.0,551.0,4.0,1,278.0,0.0,0.0,0.0
114.0,1.0,247.0,4.0,1,430.0,0.0,0.0,0.0
138.5,2.0,580.0,2.0,1,31.0,0.0,0.0,0.0
781.0,7.0,367.0,5.0,1,2413.0,0.0,0.0,0.0
468.0,4.0,894.0,4.0,1,938.0,0.0,0.0,0.0
176.0,3.0,364.0,4.0,1,61.0,0.0,0.0,0.0
65.0,1.0,117.0,4.0,1,909.0,0.0,0.0,0.0
329.0,3.0,248.0,4.0,1,202.0,11.0,2.0,0.0
240.5,21.0,455.0,4.0,1,365.0,0.0,0.0,0.0
201.0,3.5,647.0,4.0,1,139.0,0.0,0.0,0.0
35.0,5.0,247.0,3.5,1,124.0,0.0,0.0,0.0
6.0,3.5,111.0,5.0,1,861.0,13.5,2.0,0.0
71.0,4.0,447.0,2.0,1,23.0,0.0,0.0,0.0
109.0,1.0,123.0,4.0,0,317.0,4.0,0.0,0.0
77.5,1.5,85.0,4.0,1,84.0,0.0,0.0,0.0
637.0,7.0,653.0,5.0,1,1492.0,0.0,0.0,0.0
667.0,7.0,804.0,4.5,1,577.0,0.0,0.0,0.0
57.0,1.5,1015.0,4.0,0,274.0,0.0,0.0,0.0
299.0,3.0,460.0,4.0,1,804.0,0.0,0.0,0.0
684.5,11.0,1078.0,4.0,1,1285.0,0.0,0.0,0.0
43.0,4.0,106.0,4.0,1,518.0,0.0,0.0,0.0
157.0,4.0,547.0,4.0,1,59.0,0.0,0.0,0.0
52.5,1.0,647.0,4.0,0,295.0,8.916666666666666,3.0,0.0
85.0,1.0,983.0,4.0,0,512.0,15.0,1.0,0.0
60.0,1.5,586.0,4.0,1,999.0,8.75,1.0,0.0
302.0,4.5,145.0,4.0,1,184.0,0.0,0.0,0.0
145.0,18.0,515.0,4.0,1,421.0,0.0,0.0,0.0
128.0,1.5,845.0,4.0,1,231.0,0.0,0.0,0.0
49.0,0.0,755.0,4.0,1,535.0,0.0,0.0,0.0
842.0,14.0,1764.0,4.0,1,1606.0,0.0,0.0,0.0
54.5,4.0,138.0,4.0,1,360.0,0.0,0.0,0.0
962.0,9.5,2214.0,4.0,1,3834.0,0.0,0.0,0.0
368.75,4.0,158.0,4.0,1,8.0,0.0,0.0,0.0
716.5,9.0,1034.0,4.0,1,1960.0,0.0,0.0,0.0
135.0,3.5,231.0,4.0,1,170.0,15.0,1.0,0.0
92.5,3.0,752.0,4.0,1,168.0,17.0,1.0,0.0
208.0,5.5,966.0,4.0,1,548.0,0.0,0.0,0.0
408.0,5.333333333333333,443.0,4.0,1,230.0,0.0,0.0,0.0
612.0,3.5,1505.0,4.0,1,2500.0,0.0,0.0,0.0
246.0,5.0,454.0,4.0,1,63.0,0.0,0.0,0.0
368.0,2.0,714.0,4.0,1,502.0,0.0,0.0,0.0
114.0,5.0,685.0,4.0,1,142.0,0.0,0.0,0.0
200.0,3.5,811.0,4.0,1,258.0,0.0,0.0,0.0
451.0,3.0,169.0,4.0,1,394.0,0.0,0.0,0.0
81.5,1.0,651.0,4.0,1,558.0,0.0,0.0,0.0
827.0,26.0,742.0,5.0,1,802.0,0.0,0.0,0.0
637.0,10.0,919.0,4.0,1,1260.0,0.0,0.0,0.0
564.0,4.0,300.0,0.0,1,389.0,0.0,0.0,0.0
73.5,3.0,645.0,4.0,1,107.0,13.4,1.0,0.0
247.0,4.0,92.0,4.0,1,152.0,0.0,0.0,0.0
111.0,2.0,596.0,4.0,1,23.0,0.0,0.0,0.0
900.25,12.0,680.0,5.0,1,1124.0,0.0,0.0,0.0
1457.5,23.5,349.0,4.0,1,1024.0,0.0,0.0,0.0
431.5,6.0,268.0,4.0,1,1323.0,0.0,0.0,0.0
792.0,12.0,1248.0,4.0,1,146.0,0.0,0.0,0.0
245.0,5.0,937.0,4.0,0,87.0,0.0,0.0,0.0
724.0,6.0,1324.0,4.0,1,2106.0,0.0,0.0,0.0
284.0,3.5,144.0,4.0,1,120.0,0.0,0.0,0.0
420.0,5.0,572.0,4.0,1,413.0,0.0,0.0,0.0
113.5,2.0,148.0,4.0,1,391.0,0.0,0.0,0.0
37.0,2.0,469.0,4.0,1,50.0,0.0,0.0,0.0
664.0,7.0,105.0,4.0,1,308.0,0.0,0.0,0.0
1125.0,7.5,1536.0,4.0,1,3337.0,0.0,0.0,0.0
569.0,3.5,112.0,4.0,1,329.0,0.0,0.0,0.0
104.5,1.0,389.0,4.0,1,59.0,3.0,1.0,0.0
439.5,5.5,569.0,4.0,1,177.0,0.0,0.0,0.0
465.5,7.0,233.0,4.0,1,1686.0,0.0,0.0,0.0
128.25,2.0,256.0,4.0,1,174.0,0.0,0.0,0.0
757.0,7.5,1337.0,2.0,1,2180.0,0.0,0.0,0.0
583.5,5.5,454.0,4.0,1,700.0,0.0,0.0,0.0
4.5,1.0,1090.0,4.0,1,422.0,7.0,0.0,0.0
723.0,5.5,1384.0,4.0,1,2140.0,0.0,0.0,0.0
285.75,4.0,83.0,4.0,1,876.0,0.0,0.0,0.0
882.75,11.0,1662.0,4.0,1,1854.0,0.0,0.0,0.0
1026.0,24.33333333333333,308.0,5.0,1,523.0,0.0,0.0,0.0
59.0,2.0,669.0,4.0,0,926.0,15.0,1.0,0.0
503.0,6.0,336.0,4.0,1,517.0,0.0,0.0,0.0
400.0,6.0,143.0,4.0,1,93.0,15.0,2.0,0.0
1095.0,18.0,2080.0,5.0,1,874.0,0.0,0.0,0.0
97.0,2.0,722.0,4.0,1,221.0,0.0,0.0,0.0
383.0,6.0,494.0,4.0,1,407.0,0.0,0.0,0.0
544.0,5.0,365.0,4.0,1,690.0,0.0,0.0,0.0
204.0,3.0,495.0,4.0,1,239.0,0.0,0.0,0.0
303.0,2.0,507.0,4.0,1,13.0,0.0,0.0,0.0
107.0,1.0,141.0,4.0,1,518.0,21.33333333333333,0.0,0.0
25.5,2.0,543.0,4.0,1,172.0,0.0,0.0,0.0
304.5,4.0,141.0,4.0,1,170.0,0.0,0.0,0.0
392.0,3.5,285.0,4.0,1,631.0,0.0,0.0,0.0
474.0,3.5,276.0,4.0,1,918.0,0.0,0.0,0.0
593.0,6.0,248.0,4.0,1,1038.0,0.0,0.0,0.0
506.0,3.0,260.0,4.0,1,577.0,0.0,0.0,0.0
475.5,9.0,714.0,4.0,1,671.0,0.0,0.0,0.0
742.0,5.0,1105.0,4.0,1,435.0,0.0,0.0,0.0
119.0,4.0,901.0,4.0,1,104.0,0.0,0.0,0.0
250.0,2.0,588.0,4.0,1,1082.0,0.0,0.0,0.0
707.0,14.0,1094.0,4.0,1,852.0,0.0,0.0,0.0
518.5,3.0,880.0,4.0,1,1974.0,0.0,0.0,0.0
590.0,7.0,237.0,4.0,1,217.0,0.0,0.0,0.0
372.0,8.0,168.0,4.0,1,145.0,0.0,0.0,0.0
58.0,2.0,419.0,4.5,1,375.0,0.0,0.0,0.0
241.0,6.0,257.0,4.0,1,828.0,0.0,0.0,0.0
136.0,6.0,758.0,4.0,1,289.0,0.0,0.0,0.0
791.0,4.5,1722.0,4.0,1,2616.0,0.0,0.0,0.0
78.5,1.0,1117.0,2.0,1,70.0,14.0,1.0,0.0
79.0,5.0,401.0,5.0,1,346.0,17.6,2.0,0.0
14.5,12.0,626.0,2.0,1,555.0,0.0,0.0,0.0
54.0,3.0,345.0,4.0,1,769.0,21.0,1.0,0.0
395.0,4.0,542.0,2.0,1,0.0,0.0,0.0,0.0
417.0,12.0,647.0,4.0,1,697.0,0.0,0.0,0.0
114.75,3.0,359.0,4.0,1,160.0,0.0,0.0,0.0
195.0,3.0,663.0,4.0,1,370.0,0.0,0.0,0.0
421.0,7.0,738.0,4.0,1,3.0,0.0,0.0,0.0
922.0,14.5,589.0,5.0,1,836.0,0.0,0.0,0.0
287.75,7.0,356.0,2.0,1,22.0,0.0,0.0,0.0
1097.0,13.0,918.0,4.0,1,1198.0,0.0,0.0,0.0
711.5,5.0,928.0,4.0,1,1490.0,0.0,0.0,0.0
355.5,3.5,128.0,2.0,1,1.0,0.0,0.0,0.0
71.0,6.0,93.0,4.0,1,435.0,0.0,0.0,0.0
38.0,1.0,183.0,4.0,1,101.0,0.0,0.0,0.0
183.0,8.0,333.0,2.0,1,29.0,0.0,0.0,0.0
471.0,4.5,105.0,4.0,1,317.0,0.0,0.0,0.0
196.0,3.5,236.0,4.0,1,14.0,0.0,0.0,0.0
315.0,6.0,413.0,4.0,1,111.0,0.0,0.0,0.0
81.0,3.0,516.0,4.0,1,1075.0,16.0,2.0,0.0
95.5,1.0,1043.0,4.0,0,836.0,12.2,2.0,0.0
1203.0,7.5,574.0,4.0,1,1385.0,0.0,0.0,0.0
743.0,8.0,1333.0,4.0,1,1676.0,0.0,0.0,0.0
3.0,2.0,624.0,5.0,1,581.0,13.0,1.0,0.0
554.0,0.5,473.0,4.0,1,954.0,0.0,0.0,0.0
114.5,4.0,542.0,4.0,1,159.0,16.333333333333332,1.0,0.0
582.5,2.0,715.0,4.0,1,1502.0,0.0,0.0,0.0
682.0,7.0,646.0,4.0,1,1195.0,0.0,0.0,0.0
115.0,3.0,539.0,2.0,1,0.0,6.0,0.0,0.0
28.0,3.5,565.0,4.5,1,168.0,0.0,0.0,0.0
255.5,21.0,367.0,4.0,1,289.0,0.0,0.0,0.0
497.5,7.0,352.0,4.0,1,639.0,0.0,0.0,0.0
105.0,1.0,665.0,4.0,1,518.0,27.5,1.0,0.0
88.0,2.0,687.0,4.0,0,1184.0,10.88888888888889,4.0,0.0
586.0,2.0,1007.0,4.0,1,2341.0,0.0,0.0,0.0
799.0,9.5,1563.0,4.0,1,101.0,0.0,0.0,0.0
194.0,5.0,236.0,4.0,1,201.0,0.0,0.0,0.0
80.0,2.0,1233.0,4.0,0,69.0,0.0,0.0,0.0
962.6666666666666,14.75,2159.0,4.5,1,4377.0,0.0,0.0,0.0
1136.5,30.0,1858.0,5.0,1,517.0,0.0,0.0,0.0
1051.5,15.0,712.0,4.0,1,2080.0,0.0,0.0,0.0
636.5,6.0,509.0,4.0,1,1516.0,0.0,0.0,0.0
206.25,4.5,1403.0,4.0,1,479.0,0.0,0.0,0.0
316.0,7.0,371.0,4.0,1,158.0,0.0,0.0,0.0
71.66666666666667,2.0,1022.0,4.0,0,38.0,0.0,0.0,0.0
769.0,9.0,1405.0,5.0,1,1112.0,0.0,0.0,0.0
1094.0,13.0,1704.0,4.0,1,1586.0,0.0,0.0,0.0
501.5,5.0,313.0,4.0,1,325.0,0.0,0.0,0.0
671.0,6.5,958.0,4.0,1,1136.0,0.0,0.0,0.0
184.5,2.0,103.0,4.0,1,282.0,0.0,0.0,0.0
268.5,5.0,600.0,4.0,1,656.0,0.0,0.0,0.0
401.0,10.0,319.0,4.0,1,913.0,0.0,0.0,0.0
75.0,1.0,470.0,4.0,1,311.0,31.0,0.0,0.0
1152.0,5.0,569.0,4.0,1,2417.0,0.0,0.0,0.0
385.0,3.5,583.0,4.0,1,676.0,0.0,0.0,0.0
212.0,2.0,283.0,4.0,1,128.0,0.0,0.0,0.0
432.0,6.0,630.0,3.5,1,85.0,0.0,0.0,0.0
657.5,9.0,759.0,4.0,1,118.0,0.0,0.0,0.0
1319.5,25.5,1306.0,5.0,1,264.0,0.0,0.0,0.0
261.0,4.0,793.0,4.0,1,196.0,0.0,0.0,0.0
657.0,2.5,386.0,4.0,1,121.0,0.0,0.0,0.0
555.0,5.0,131.0,4.0,1,236.0,0.0,0.0,0.0
1115.5,12.5,2067.0,4.0,1,1760.0,0.0,0.0,0.0
386.0,3.0,339.0,4.0,1,37.0,0.0,0.0,0.0
651.0,9.0,742.0,4.0,1,228.0,0.0,0.0,0.0
25.0,1.5,418.0,2.333333333333333,1,26.0,13.0,1.0,0.0
242.0,3.0,545.0,4.0,1,27.0,0.0,0.0,0.0
131.0,3.5,206.0,4.0,1,238.0,0.0,0.0,0.0
758.0,10.0,1457.0,2.0,1,607.0,0.0,0.0,0.0
283.0,3.0,157.0,4.0,1,179.0,0.0,0.0,0.0
546.0,7.0,129.0,4.5,1,1492.0,0.0,0.0,0.0
150.5,3.0,653.0,2.0,1,39.0,0.0,0.0,0.0
1070.0,26.5,261.0,5.0,1,875.0,0.0,0.0,0.0
385.0,5.0,528.0,4.0,1,340.0,0.0,0.0,0.0
486.0,8.0,237.0,4.0,1,116.0,0.0,0.0,0.0
1213.0,8.0,1084.0,4.0,1,706.0,0.0,0.0,0.0
420.0,2.0,431.0,4.0,1,226.0,12.285714285714286,2.0,0.0
17.0,1.0,423.0,4.0,1,170.0,0.0,0.0,0.0
1065.5,12.0,1634.0,4.0,1,1626.0,0.0,0.0,0.0
517.5,3.5,635.0,4.0,1,812.0,0.0,0.0,0.0
188.0,4.5,251.0,4.0,1,77.0,0.0,0.0,0.0
261.0,3.5,399.0,2.0,1,15.0,0.0,0.0,0.0
234.0,5.0,431.0,4.0,1,399.0,0.0,0.0,0.0
188.0,2.0,367.0,4.0,1,172.0,0.0,0.0,0.0
1197.0,28.0,2230.0,5.0,1,1142.0,0.0,0.0,0.0
70.0,1.0,891.0,4.0,1,479.0,17.8,0.0,0.0
176.0,3.0,370.0,4.0,1,100.0,0.0,0.0,0.0
3.0,1.0,672.0,0.0,0,794.0,0.0,0.0,0.0
136.0,1.5,66.0,3.0,1,420.0,15.5,1.0,0.0
562.0,13.0,807.0,5.0,1,1453.0,0.0,0.0,0.0
539.0,4.0,75.0,4.0,1,113.0,0.0,0.0,0.0
299.0,3.0,539.0,4.0,1,662.0,0.0,0.0,0.0
411.0,2.0,799.0,4.0,1,351.0,0.0,0.0,0.0
1031.0,15.75,324.0,5.0,1,702.0,0.0,0.0,0.0
155.0,7.0,383.0,4.0,1,291.0,0.0,0.0,0.0
1167.0,9.0,988.0,4.0,1,2817.0,0.0,0.0,0.0
732.0,9.0,1447.0,4.0,1,2161.0,0.0,0.0,0.0
578.0,6.0,1109.0,4.5,1,2667.0,0.0,0.0,0.0
111.0,4.0,772.0,4.0,1,438.0,0.0,0.0,0.0
67.0,1.5,601.0,4.0,1,406.0,0.0,0.0,0.0
345.5,4.0,549.0,4.0,1,315.0,0.0,0.0,0.0
378.0,4.0,816.0,4.0,1,173.0,0.0,0.0,0.0
103.0,3.0,848.0,4.0,0,472.0,20.0,1.0,0.0
387.5,3.0,705.0,4.0,1,228.0,0.0,0.0,0.0
162.0,4.5,524.0,4.0,1,174.0,0.0,0.0,0.0
327.0,3.5,228.0,4.0,1,109.0,0.0,0.0,0.0
819.0,21.0,202.0,4.5,1,2450.0,0.0,0.0,0.0
211.25,4.0,550.0,4.0,1,94.0,0.0,0.0,0.0
311.6666666666667,5.0,481.0,4.0,1,766.0,0.0,0.0,0.0
36.0,1.5,832.0,4.0,1,274.0,0.0,0.0,0.0
832.0,5.0,1930.0,4.0,1,3008.0,0.0,0.0,0.0
131.66666666666666,2.0,41.0,2.0,1,49.0,0.0,0.0,0.0
308.0,4.0,458.0,4.0,0,706.0,0.0,0.0,0.0
981.0,12.0,244.0,5.0,1,704.0,0.0,0.0,0.0
153.75,3.0,339.0,3.0,1,314.0,0.0,0.0,0.0
585.5,6.5,573.0,4.0,1,665.0,0.0,0.0,0.0
1323.0,14.0,2004.0,4.0,1,838.0,0.0,0.0,0.0
92.0,2.0,1092.0,4.0,1,368.0,0.0,0.0,0.0
538.5,5.0,15.0,4.0,1,537.0,0.0,0.0,0.0
1169.0,11.0,652.0,4.0,1,1197.0,0.0,0.0,0.0
730.3333333333334,7.5,1250.0,4.0,1,1636.0,0.0,0.0,0.0
109.0,2.0,547.0,4.0,1,421.0,0.0,0.0,0.0
506.0,4.0,410.0,4.0,1,286.0,0.0,0.0,0.0
487.0,5.0,342.0,4.0,1,75.0,0.0,0.0,0.0
20.0,4.0,683.0,4.0,0,55.0,0.0,0.0,0.0
1094.0,13.0,2338.0,4.0,1,1079.0,0.0,0.0,0.0
702.0,7.5,1015.0,2.0,1,1104.0,0.0,0.0,0.0
386.0,7.0,70.0,2.0,1,0.0,0.0,0.0,0.0
126.0,2.0,192.0,4.0,1,193.0,0.0,0.0,0.0
875.0,14.0,1836.0,4.0,1,2204.0,0.0,0.0,0.0
339.0,5.0,517.0,4.0,1,59.0,0.0,0.0,0.0
40.0,2.0,1488.0,4.0,0,316.0,10.5,1.0,0.0
924.0,11.0,1935.0,4.0,1,225.0,0.0,0.0,0.0
64.25,5.0,300.0,4.0,1,343.0,0.0,0.0,0.0
30.0,3.0,512.0,4.0,1,388.0,0.0,0.0,0.0
76.0,3.0,595.0,4.0,0,707.0,14.75,1.0,0.0
479.0,5.0,241.0,4.0,1,673.0,0.0,0.0,0.0
319.0,1.5,56.0,4.0,1,409.0,0.0,0.0,0.0
285.5,5.0,971.0,2.0,1,9.0,0.0,0.0,0.0
265.0,3.5,660.0,4.0,1,289.0,0.0,0.0,0.0
132.0,6.5,476.0,4.0,1,248.0,0.0,0.0,0.0
38.0,1.0,699.0,4.0,1,129.0,0.0,0.0,0.0
268.5,11.0,399.0,4.0,1,291.0,0.0,0.0,0.0
31.5,1.5,345.0,4.0,0,136.0,0.0,0.0,0.0
78.5,2.0,126.0,4.0,1,322.0,0.0,0.0,0.0
31.0,2.5,446.0,2.0,1,28.0,0.0,0.0,0.0
271.5,10.0,480.0,4.0,1,160.0,0.0,0.0,0.0
714.5,1.0,960.0,4.0,1,1514.0,0.0,0.0,0.0
384.0,4.0,123.0,4.0,1,910.0,0.0,0.0,0.0
76.25,3.0,322.0,4.5,1,421.0,0.0,0.0,0.0
556.5,7.5,660.0,5.0,1,40.0,0.0,0.0,0.0
978.0,13.0,2431.0,4.0,1,611.0,0.0,0.0,0.0
316.75,9.0,937.0,4.0,1,812.0,0.0,0.0,0.0
1048.0,13.0,1086.0,4.0,1,2594.0,0.0,0.0,0.0
406.0,6.5,879.0,4.0,1,462.0,0.0,0.0,0.0
664.0,9.0,873.0,4.0,1,1682.0,0.0,0.0,0.0
832.5,10.5,1891.0,4.0,1,1336.0,0.0,0.0,0.0
230.0,2.0,655.0,4.0,1,145.0,18.666666666666668,3.0,0.0
819.5,8.0,1792.0,4.0,1,1250.0,0.0,0.0,0.0
834.5,2.5,1180.0,4.0,1,3151.0,0.0,0.0,0.0
655.0,12.5,395.0,5.0,1,1333.0,0.0,0.0,0.0
1171.0,8.333333333333334,280.0,4.0,1,1593.0,0.0,0.0,0.0
586.0,4.0,71.0,4.0,1,1053.0,0.0,0.0,0.0
586.5,2.0,946.0,4.0,1,2419.0,0.0,0.0,0.0
847.5,5.0,2237.0,4.0,1,3185.0,0.0,0.0,0.0
101.0,3.0,701.0,4.0,1,108.0,0.0,0.0,0.0
665.0,8.5,941.0,4.0,1,95.0,0.0,0.0,0.0
115.5,2.0,386.0,4.0,1,128.0,0.0,0.0,0.0
175.5,1.5,173.0,4.0,1,99.0,2.0,0.0,0.0
425.0,5.0,397.0,3.0,1,372.0,0.0,0.0,0.0
237.0,3.0,335.0,4.0,1,222.0,0.0,0.0,0.0
572.0,7.0,296.0,4.0,1,806.0,0.0,0.0,0.0
403.0,6.0,409.0,4.0,1,0.0,0.0,0.0,0.0
1585.0,18.0,2060.0,4.0,1,311.0,0.0,0.0,0.0
305.5,4.0,225.0,4.0,1,151.0,0.0,0.0,0.0
474.0,6.0,503.0,4.0,1,326.0,0.0,0.0,0.0
646.5,6.0,242.0,4.0,1,210.0,0.0,0.0,0.0
2.0,1.0,601.0,0.0,0,838.0,0.0,0.0,0.0
238.0,5.5,272.0,4.0,1,566.0,0.0,0.0,0.0
1038.0,9.5,890.0,4.0,1,1686.0,0.0,0.0,0.0
391.5,4.5,495.0,4.0,1,199.0,0.0,0.0,0.0
137.5,3.0,199.0,4.0,1,311.0,0.0,0.0,0.0
411.0,3.0,699.0,4.0,1,480.0,0.0,0.0,0.0
105.0,1.5,176.0,4.0,1,376.0,13.0,2.0,0.0
1023.0,10.0,1046.0,4.5,1,1492.0,0.0,0.0,0.0
218.0,5.0,678.0,4.0,1,1190.0,0.0,0.0,0.0
747.0,4.0,757.0,4.0,1,3499.0,0.0,0.0,0.0
917.0,17.0,1894.0,4.0,1,3197.0,0.0,0.0,0.0
719.0,12.0,1242.0,4.0,1,1419.0,0.0,0.0,0.0
397.0,4.5,397.0,4.0,1,382.0,0.0,0.0,0.0
460.0,5.5,451.0,4.0,1,117.0,0.0,0.0,0.0
571.0,5.0,78.0,4.0,1,894.0,0.0,0.0,0.0
348.0,7.5,342.0,4.0,1,396.0,0.0,0.0,0.0
699.0,9.0,1124.0,4.0,1,1949.0,0.0,0.0,0.0
284.0,4.0,412.0,4.0,1,66.0,0.0,0.0,0.0
216.0,3.0,147.0,4.0,1,420.0,0.0,0.0,0.0
446.0,5.0,342.0,4.0,1,157.0,0.0,0.0,0.0
1368.5,23.0,1093.0,4.0,1,1591.0,0.0,0.0,0.0
1078.0,11.0,1421.0,4.0,1,528.0,0.0,0.0,0.0
216.0,3.0,90.0,4.0,1,72.0,0.0,0.0,0.0
469.0,14.0,133.0,4.0,1,603.0,0.0,0.0,0.0
624.0,5.0,521.0,5.0,1,169.0,0.0,0.0,0.0
1131.0,30.666666666666668,1888.0,5.0,1,776.0,0.0,0.0,0.0
289.5,7.5,832.0,4.0,1,447.0,0.0,0.0,0.0
773.75,10.0,1629.0,4.0,1,1983.0,0.0,0.0,0.0
319.0,9.5,591.0,4.0,1,708.0,0.0,0.0,0.0
91.0,4.0,560.0,4.0,1,266.0,0.0,0.0,0.0
726.0,14.5,1241.0,4.5,1,995.0,0.0,0.0,0.0
494.0,3.5,161.0,5.0,1,793.0,0.0,0.0,0.0
1.0,1.0,471.0,0.0,1,363.0,0.0,0.0,0.0
265.5,4.0,197.0,0.0,1,24.0,0.0,0.0,0.0
219.0,1.5,0.0,4.0,1,358.0,0.0,0.0,0.0
415.0,3.0,327.0,4.0,1,141.0,0.0,0.0,0.0
1807.75,19.0,1294.0,0.0,1,223.0,0.0,0.0,0.0
676.0,8.5,962.0,4.5,1,1815.0,0.0,0.0,0.0
554.75,15.75,538.0,5.0,1,1445.0,0.0,0.0,0.0
237.0,5.333333333333333,538.0,4.0,1,133.0,0.0,0.0,0.0
339.0,5.0,373.0,4.0,1,120.0,0.0,0.0,0.0
317.0,3.0,425.0,4.0,1,147.0,0.0,0.0,0.0
261.0,4.0,484.0,4.0,1,94.0,0.0,0.0,0.0
205.3333333333333,5.0,560.0,4.0,1,250.0,0.0,0.0,0.0
599.5,13.0,935.0,4.5,1,2552.0,0.0,0.0,0.0
843.0,4.5,2186.0,4.0,1,3141.0,0.0,0.0,0.0
28.0,1.0,400.0,4.0,1,102.0,12.9,5.0,0.0
150.0,5.0,643.0,4.0,1,321.0,0.0,0.0,0.0
318.0,3.0,576.0,4.0,1,105.0,0.0,0.0,0.0
1599.5,12.75,1819.0,5.0,1,433.0,0.0,0.0,0.0
110.0,3.0,203.0,4.5,1,185.0,0.0,0.0,0.0
212.5,3.0,130.0,4.0,1,122.0,0.0,0.0,0.0
1216.0,11.0,1389.0,4.0,1,839.0,0.0,0.0,0.0
163.0,5.5,975.0,4.0,1,498.0,0.0,0.0,0.0
107.0,5.5,825.0,4.0,1,488.0,0.0,0.0,0.0
189.5,5.5,550.0,4.0,1,232.0,0.0,0.0,0.0
330.0,4.0,312.0,4.0,1,572.0,0.0,0.0,0.0
30.0,2.5,419.0,4.0,0,428.0,15.0,2.0,0.0
40.0,1.0,395.0,4.0,1,12.0,0.0,0.0,0.0
370.0,6.0,620.0,4.0,1,266.0,0.0,0.0,0.0
972.0,6.0,248.0,4.0,1,114.0,0.0,0.0,0.0
972.0,10.0,1733.0,4.0,1,385.0,0.0,0.0,0.0
714.0,12.0,1114.0,4.0,1,30.0,0.0,0.0,0.0
157.0,4.0,779.0,4.0,1,172.0,14.0,1.0,0.0
99.0,2.0,189.0,4.0,1,361.0,3.5,1.0,0.0
99.0,2.0,589.0,4.0,1,188.0,19.8,1.0,0.0
62.0,0.0,513.0,4.0,0,107.0,12.909090909090908,4.0,0.0
433.0,9.333333333333334,901.0,4.0,1,850.0,0.0,0.0,0.0
129.0,2.0,722.0,4.0,1,216.0,0.0,0.0,0.0
427.0,4.5,557.0,4.0,1,59.0,0.0,0.0,0.0
389.0,2.0,358.0,4.0,1,1339.0,0.0,0.0,0.0
159.0,4.0,894.0,4.0,1,473.0,2.0,0.0,0.0
136.0,2.0,621.0,4.0,1,54.0,0.0,0.0,0.0
1404.0,23.5,791.0,4.0,1,1363.0,0.0,0.0,0.0
1579.5,9.0,483.0,4.0,1,482.0,0.0,0.0,0.0
41.0,2.0,457.0,4.0,1,96.0,0.0,0.0,0.0
807.0,12.5,1977.0,4.5,1,2461.0,0.0,0.0,0.0
194.25,5.0,535.0,4.0,1,583.0,0.0,0.0,0.0
532.0,7.0,611.0,4.0,1,755.0,0.0,0.0,0.0
100.0,3.0,823.0,4.0,1,333.0,0.0,0.0,0.0
708.0,5.0,1083.0,5.0,1,2050.0,0.0,0.0,0.0
123.0,5.0,802.0,4.0,1,229.0,0.0,0.0,0.0
199.0,4.0,219.0,4.0,1,145.0,0.0,0.0,0.0
557.5,5.0,126.0,4.0,1,149.0,0.0,0.0,0.0
646.0,12.0,387.0,5.0,1,2070.0,0.0,0.0,0.0
1079.5,13.0,2257.0,4.0,1,1373.0,0.0,0.0,0.0
221.0,8.0,473.0,4.0,1,253.0,0.0,0.0,0.0
24.0,2.0,354.0,4.5,1,423.0,30.0,0.0,0.0
660.0,11.0,1282.0,4.0,1,1362.0,0.0,0.0,0.0
590.0,3.5,797.0,4.0,1,1723.0,0.0,0.0,0.0
258.0,3.5,595.0,4.0,1,455.0,0.0,0.0,0.0
696.0,12.0,1058.0,4.0,1,1839.0,0.0,0.0,0.0
104.0,2.0,765.0,4.0,1,495.0,0.0,0.0,0.0
355.0,5.0,770.0,4.0,1,200.0,0.0,0.0,0.0
251.3333333333333,1.5,782.0,4.0,1,327.0,0.0,0.0,0.0
21.5,2.5,1061.0,4.5,1,407.0,0.0,0.0,0.0
312.0,5.5,332.0,4.0,1,721.0,0.0,0.0,0.0
1009.0,11.5,1534.0,4.0,1,1779.0,0.0,0.0,0.0
667.0,9.0,818.0,2.0,1,928.0,0.0,0.0,0.0
2.5,0.0,563.0,0.0,0,483.0,0.0,0.0,0.0
188.0,5.0,786.0,2.0,1,36.0,0.0,0.0,0.0
436.5,8.0,190.0,4.0,1,360.0,0.0,0.0,0.0
1100.0,10.5,448.0,4.0,1,1970.0,0.0,0.0,0.0
167.0,1.0,502.0,4.0,1,320.0,0.0,0.0,0.0
796.0,8.0,1187.0,4.0,1,299.0,0.0,0.0,0.0
516.5,7.0,86.0,4.0,1,286.0,0.0,0.0,0.0
43.0,3.0,665.0,4.0,1,1254.0,0.0,0.0,0.0
1159.0,11.0,2278.0,4.0,1,1680.0,0.0,0.0,0.0
23.0,1.0,344.0,4.0,0,442.0,7.5,2.0,0.0
503.0,9.5,923.0,4.0,1,608.0,0.0,0.0,0.0
630.0,7.0,339.0,4.0,1,1293.0,0.0,0.0,0.0
82.0,2.0,506.0,4.0,1,44.0,0.0,0.0,0.0
22.0,1.0,407.0,4.0,0,399.0,30.0,0.0,0.0
23.5,0.0,805.0,4.0,1,416.0,0.0,0.0,0.0
1088.0,5.0,1116.0,4.0,1,2896.0,0.0,0.0,0.0
490.0,3.0,113.0,4.0,1,372.0,0.0,0.0,0.0
290.25,3.0,453.0,4.0,1,131.0,7.142857142857143,5.0,0.0
916.0,11.5,1690.0,5.0,1,3982.0,0.0,0.0,0.0
127.0,5.5,510.0,4.0,1,289.0,0.0,0.0,0.0
345.0,6.0,977.0,4.0,1,157.0,0.0,0.0,0.0
1311.5,9.0,960.0,5.0,1,2273.0,0.0,0.0,0.0
594.5,5.0,872.0,4.5,1,2490.0,0.0,0.0,0.0
373.0,8.0,287.0,4.0,1,1247.0,0.0,0.0,0.0
411.0,3.5,205.0,4.0,1,168.0,0.0,0.0,0.0
295.0,2.0,558.0,4.0,1,635.0,0.0,0.0,0.0
51.5,3.0,790.0,4.0,1,196.0,0.0,0.0,0.0
467.5,4.5,89.0,4.0,1,641.0,0.0,0.0,0.0
835.5,6.0,860.0,4.0,1,3153.0,0.0,0.0,0.0
178.5,5.0,234.0,4.0,1,192.0,0.0,0.0,0.0
187.0,3.5,403.0,4.0,1,183.0,0.0,0.0,0.0
62.75,4.0,166.0,4.0,1,366.0,0.0,0.0,0.0
635.5,6.0,467.0,4.0,1,109.0,0.0,0.0,0.0
454.5,9.0,271.0,4.0,1,140.0,0.0,0.0,0.0
378.0,6.0,609.0,4.0,1,702.0,0.0,0.0,0.0
734.0,4.0,1327.0,4.0,1,2042.0,0.0,0.0,0.0
280.5,4.0,37.0,4.0,1,929.0,0.0,0.0,0.0
989.0,14.0,1751.0,4.0,1,1978.0,0.0,0.0,0.0
449.5,10.0,6.0,4.0,1,528.0,0.0,0.0,0.0
57.5,2.0,1010.0,4.0,1,211.0,0.0,0.0,0.0
46.0,1.5,256.0,4.0,1,168.0,0.0,0.0,0.0
408.5,6.0,485.0,4.0,1,486.0,0.0,0.0,0.0
94.0,6.0,806.0,2.0,1,49.0,0.0,0.0,0.0
199.5,5.5,181.0,4.0,1,287.0,0.0,0.0,0.0
905.0,17.5,2086.0,5.0,1,8.0,0.0,0.0,0.0
130.0,2.0,275.0,4.0,1,158.0,0.0,0.0,0.0
99.5,2.0,717.0,4.0,1,165.0,0.0,0.0,0.0
412.25,1.5,575.0,4.0,1,101.0,0.0,0.0,0.0
312.0,4.75,180.0,4.0,1,55.0,0.0,0.0,0.0
806.0,12.0,1730.0,4.0,1,1476.0,0.0,0.0,0.0
464.0,7.333333333333333,438.0,4.0,1,201.0,0.0,0.0,0.0
1362.0,19.0,1199.0,5.0,1,183.0,0.0,0.0,0.0
8.0,1.5,319.0,4.0,1,1104.0,4.0,2.0,0.0
455.0,9.25,38.0,4.0,1,492.0,0.0,0.0,0.0
69.0,2.0,1147.0,4.0,0,253.0,19.0,1.0,0.0
538.0,4.0,477.0,2.0,1,669.0,0.0,0.0,0.0
725.0,9.0,753.0,4.0,1,378.0,0.0,0.0,0.0
611.0,6.5,503.0,4.5,1,81.0,0.0,0.0,0.0
51.0,3.0,339.0,4.0,1,749.0,30.0,0.0,0.0
538.0,4.0,172.0,4.0,1,1781.0,0.0,0.0,0.0
720.5,9.0,1389.0,4.0,1,2048.0,0.0,0.0,0.0
278.5,4.0,319.0,4.0,1,350.0,0.0,0.0,0.0
1052.0,16.0,2388.0,4.0,1,914.0,0.0,0.0,0.0
565.0,6.0,1180.0,4.5,1,2629.0,0.0,0.0,0.0
155.5,1.0,701.0,4.0,1,276.0,0.0,0.0,0.0
590.0,6.0,340.0,4.0,1,207.0,0.0,0.0,0.0
116.0,2.0,540.0,4.0,1,267.0,0.0,0.0,0.0
380.0,5.25,552.0,4.0,1,388.0,0.0,0.0,0.0
526.0,7.5,311.0,4.0,1,720.0,0.0,0.0,0.0
156.0,4.0,605.0,4.0,1,48.0,0.0,0.0,0.0
777.0,11.0,1426.0,4.0,1,1831.0,0.0,0.0,0.0
482.0,7.333333333333333,562.0,4.0,1,188.0,0.0,0.0,0.0
1155.5,32.5,605.0,4.0,1,520.0,0.0,0.0,0.0
102.0,3.0,519.0,4.0,1,123.0,0.0,0.0,0.0
54.0,2.0,962.0,4.0,1,205.0,5.0,2.0,0.0
281.0,2.0,538.0,4.0,1,88.0,0.0,0.0,0.0
692.0,6.0,1210.0,4.0,1,1779.0,0.0,0.0,0.0
332.0,5.5,771.0,4.0,1,225.0,0.0,0.0,0.0
234.0,3.0,508.0,4.0,1,133.0,0.0,0.0,0.0
294.5,4.0,307.0,4.0,1,220.0,0.0,0.0,0.0
226.0,1.5,771.0,4.0,1,23.0,0.0,0.0,0.0
1605.0,10.333333333333334,2015.0,4.0,1,395.0,0.0,0.0,0.0
75.0,2.5,279.0,4.0,1,476.0,0.0,0.0,0.0
100.75,2.0,281.0,4.0,1,434.0,7.0,2.0,0.0
45.5,4.0,263.0,4.0,1,88.0,0.0,0.0,0.0
242.5,4.0,499.0,4.0,1,44.0,0.0,0.0,0.0
631.0,8.0,690.0,4.0,1,822.0,0.0,0.0,0.0
563.5,4.0,87.0,4.0,0,918.0,0.0,0.0,0.0
1229.25,8.0,1360.0,4.0,1,439.0,0.0,0.0,0.0
852.0,4.25,981.0,4.0,1,3520.0,0.0,0.0,0.0
1472.5,11.0,766.0,4.0,1,1505.0,0.0,0.0,0.0
107.0,1.5,622.0,4.0,1,82.0,0.0,0.0,0.0
286.0,4.0,239.0,4.0,1,1134.0,0.0,0.0,0.0
1039.0,15.0,2051.0,4.0,1,1168.0,0.0,0.0,0.0
605.0,5.0,665.0,4.0,1,880.0,0.0,0.0,0.0
195.5,15.0,61.0,4.0,1,575.0,0.0,0.0,0.0
675.5,22.5,723.0,5.0,1,1577.0,0.0,0.0,0.0
427.0,7.0,724.0,4.0,1,43.0,0.0,0.0,0.0
212.0,3.0,193.0,4.0,1,454.0,0.0,0.0,0.0
119.0,1.5,158.0,3.5,1,348.0,0.0,0.0,0.0
359.0,4.0,290.0,4.0,1,137.0,0.0,0.0,0.0
59.0,3.5,439.0,4.0,1,665.0,0.0,0.0,0.0
292.6666666666667,4.0,320.0,4.0,1,122.0,0.0,0.0,0.0
1424.0,18.0,745.0,5.0,1,197.0,0.0,0.0,0.0
772.0,9.0,1624.0,4.5,1,1923.0,0.0,0.0,0.0
449.5,3.0,181.0,4.0,1,478.0,0.0,0.0,0.0
354.0,5.5,408.0,4.0,1,161.0,0.0,0.0,0.0
1158.0,5.0,624.0,4.0,1,1243.0,0.0,0.0,0.0
68.0,2.0,375.0,4.0,1,625.0,0.0,0.0,0.0
140.25,2.0,310.0,4.0,1,475.0,0.0,0.0,0.0
229.5,3.5,539.0,4.0,0,167.0,0.0,0.0,0.0
79.5,3.0,684.0,4.0,1,618.0,0.0,0.0,0.0
8.0,1.0,857.0,2.5,1,0.0,0.0,0.0,0.0
120.0,1.5,622.0,4.0,1,709.0,0.0,0.0,0.0
686.0,5.0,256.0,4.0,1,1277.0,0.0,0.0,0.0
1226.5,13.0,761.0,4.5,1,1886.0,0.0,0.0,0.0
683.0,8.666666666666666,652.0,4.0,1,921.0,0.0,0.0,0.0
258.0,4.0,742.0,4.0,1,848.0,0.0,0.0,0.0
707.0,9.0,1039.0,4.0,1,525.0,0.0,0.0,0.0
342.0,2.0,91.0,4.0,1,1048.0,0.0,0.0,0.0
124.5,2.0,111.0,4.0,1,300.0,0.0,0.0,0.0
101.0,3.0,282.0,4.0,1,244.0,0.0,0.0,0.0
311.5,3.0,133.0,4.0,1,40.0,0.0,0.0,0.0
447.5,5.0,102.0,4.0,1,1488.0,0.0,0.0,0.0
646.0,9.0,174.0,5.0,1,1071.0,0.0,0.0,0.0
636.0,8.0,561.0,4.0,1,1309.0,0.0,0.0,0.0
181.0,8.0,420.0,4.0,1,494.0,0.0,0.0,0.0
308.25,4.0,248.0,4.0,1,159.0,0.0,0.0,0.0
28.666666666666668,0.5,1061.0,4.0,1,956.0,0.0,0.0,0.0
636.5,9.0,459.0,4.0,1,1036.0,0.0,0.0,0.0
385.0,9.0,581.0,4.0,1,332.0,0.0,0.0,0.0
244.75,2.0,328.0,4.0,1,750.0,0.0,0.0,0.0
271.5,6.5,635.0,4.0,1,290.0,0.0,0.0,0.0
20.0,2.0,721.0,4.0,1,402.0,0.0,0.0,0.0
672.0,11.0,636.0,4.0,1,1617.0,0.0,0.0,0.0
12.5,1.0,908.0,2.0,1,27.0,14.0,0.0,0.0
1160.5,25.0,1838.0,5.0,1,236.0,0.0,0.0,0.0
455.5,6.0,150.0,4.0,1,468.0,0.0,0.0,0.0
918.0,14.0,2303.0,2.0,1,384.0,0.0,0.0,0.0
581.0,5.5,349.0,4.0,1,447.0,0.0,0.0,0.0
41.5,2.0,831.0,4.0,1,66.0,16.5,2.0,0.0
313.0,4.0,207.0,2.0,1,297.0,0.0,0.0,0.0
1.5,0.0,728.0,0.0,1,1102.0,0.0,0.0,0.0
152.0,2.5,152.0,4.0,1,449.0,0.0,0.0,0.0
193.0,4.0,640.0,4.0,1,250.0,0.0,0.0,0.0
563.0,15.0,589.0,4.0,1,598.0,0.0,0.0,0.0
873.0,17.5,2083.0,4.5,1,45.0,0.0,0.0,0.0
24.5,6.5,204.0,4.0,1,1182.0,0.0,0.0,0.0
346.0,6.0,241.0,4.0,1,594.0,0.0,0.0,0.0
1054.0,19.0,2469.0,4.0,1,807.0,0.0,0.0,0.0
99.5,3.0,810.0,2.0,1,68.0,0.0,0.0,0.0
280.0,5.0,274.0,4.0,1,161.0,0.0,0.0,0.0
474.0,5.0,150.0,4.0,1,279.0,0.0,0.0,0.0
844.0,5.0,2174.0,4.0,1,3166.0,0.0,0.0,0.0
977.0,15.0,432.0,5.0,1,1122.0,0.0,0.0,0.0
68.0,1.5,305.0,4.0,1,137.0,0.0,0.0,0.0
471.5,3.0,327.0,4.0,1,42.0,0.0,0.0,0.0
676.0,6.0,308.0,4.0,1,423.0,0.0,0.0,0.0
1232.75,29.0,875.0,4.0,1,635.0,0.0,0.0,0.0
247.0,4.0,544.0,4.0,1,344.0,0.0,0.0,0.0
875.5,11.0,747.0,4.0,1,774.0,0.0,0.0,0.0
114.0,2.5,653.0,4.0,0,218.0,23.33333333333333,1.0,0.0
330.5,11.0,324.0,4.0,1,265.0,0.0,0.0,0.0
402.0,4.0,775.0,4.0,1,167.0,0.0,0.0,0.0
351.0,4.0,183.0,4.0,1,29.0,0.0,0.0,0.0
37.5,3.0,340.0,4.0,1,675.0,0.0,0.0,0.0
134.0,2.0,904.0,4.0,1,500.0,0.0,0.0,0.0
581.0,2.5,580.0,4.0,1,1542.0,0.0,0.0,0.0
208.25,4.0,246.0,4.0,1,48.0,0.0,0.0,0.0
153.0,3.5,445.0,4.0,0,530.0,0.0,0.0,0.0
133.0,3.0,393.0,4.0,1,24.0,0.0,0.0,0.0
862.5,5.0,1372.0,4.0,1,3905.0,0.0,0.0,0.0
544.0,5.5,714.0,4.0,1,54.0,0.0,0.0,0.0
497.0,6.0,426.0,4.0,1,188.0,0.0,0.0,0.0
627.0,22.0,285.0,5.0,1,2132.0,0.0,0.0,0.0
695.0,6.0,391.0,4.0,1,1205.0,0.0,0.0,0.0
1692.0,13.0,498.0,4.0,1,1046.0,0.0,0.0,0.0
228.5,4.0,882.0,4.0,1,156.0,0.0,0.0,0.0
483.0,4.0,173.0,4.0,1,1312.0,0.0,0.0,0.0
1475.0,37.66666666666666,2278.0,4.0,1,200.0,0.0,0.0,0.0
613.0,5.0,1416.0,4.0,1,2252.0,0.0,0.0,0.0
573.0,13.0,483.0,5.0,1,997.0,0.0,0.0,0.0
748.0,15.0,1273.0,4.0,1,2064.0,0.0,0.0,0.0
63.0,1.0,719.0,4.0,1,617.0,9.5,1.0,0.0
85.5,3.5,487.0,4.0,1,138.0,0.0,0.0,0.0
397.0,5.0,483.0,4.0,1,347.0,0.0,0.0,0.0
49.0,1.0,710.0,4.0,1,107.0,0.0,0.0,0.0
511.0,5.5,733.0,4.0,1,500.0,0.0,0.0,0.0
646.0,10.0,576.0,4.0,1,1195.0,0.0,0.0,0.0
1028.0,17.0,1463.0,5.0,1,546.0,0.0,0.0,0.0
25.0,0.0,1050.0,4.0,0,725.0,0.0,0.0,0.0
35.0,2.0,524.0,4.0,1,120.0,0.0,0.0,0.0
602.5,4.0,296.0,4.0,1,434.0,0.0,0.0,0.0
15.0,4.0,282.0,5.0,1,456.0,20.33333333333333,2.0,0.0
323.0,6.0,603.0,4.0,1,101.0,0.0,0.0,0.0
876.0,5.0,2401.0,4.0,1,3515.0,0.0,0.0,0.0
1132.0,12.0,2353.0,4.0,1,1594.0,0.0,0.0,0.0
740.0,4.5,1547.0,4.0,1,2227.0,0.0,0.0,0.0
73.0,1.0,459.0,4.0,1,221.0,7.5,0.0,0.0
197.0,2.5,443.0,4.0,1,60.0,0.0,0.0,0.0
430.5,3.0,343.0,4.0,1,1303.0,0.0,0.0,0.0
530.0,4.0,173.0,4.0,1,420.0,0.0,0.0,0.0
139.0,2.0,282.0,4.0,1,351.0,0.0,0.0,0.0
1134.5,8.5,252.0,4.0,1,1842.0,0.0,0.0,0.0
246.0,3.0,779.0,4.0,1,78.0,0.0,0.0,0.0
508.0,4.0,651.0,0.0,1,0.0,0.0,0.0,0.0
653.0,4.5,151.0,4.0,1,1147.0,0.0,0.0,0.0
651.0,7.0,749.0,4.0,1,395.0,0.0,0.0,0.0
401.0,3.0,665.0,4.0,1,232.0,0.0,0.0,0.0
285.0,8.5,330.0,4.0,1,334.0,0.0,0.0,0.0
31.5,1.0,513.0,4.0,0,536.0,0.0,0.0,0.0
684.0,5.0,1057.0,4.0,1,159.0,0.0,0.0,0.0
809.5,9.0,1792.0,4.0,1,1073.0,0.0,0.0,0.0
753.5,10.5,1312.0,4.0,1,1313.0,0.0,0.0,0.0
576.0,3.0,49.0,4.0,1,587.0,0.0,0.0,0.0
1332.25,6.5,1393.0,4.5,1,2016.0,0.0,0.0,0.0
6.0,4.0,629.0,4.0,1,381.0,15.25,2.0,0.0
510.75,5.0,420.0,4.0,1,454.0,0.0,0.0,0.0
324.5,4.5,503.0,2.0,1,7.0,0.0,0.0,0.0
523.5,5.0,296.0,4.0,1,488.0,0.0,0.0,0.0
782.5,11.333333333333334,1541.0,4.0,1,550.0,0.0,0.0,0.0
156.5,4.0,660.0,4.0,1,194.0,0.0,0.0,0.0
3.0,0.5,1058.0,4.0,0,480.0,28.0,1.0,0.0
272.0,8.0,469.0,4.0,1,475.0,0.0,0.0,0.0
588.5,14.5,601.0,4.0,1,746.0,0.0,0.0,0.0
433.0,6.0,88.0,4.0,1,1389.0,0.0,0.0,0.0
283.0,3.0,412.0,4.0,1,49.0,0.0,0.0,0.0
113.0,4.0,486.0,4.0,1,323.0,33.0,0.0,0.0
152.0,2.0,619.0,4.0,1,571.0,11.5,0.0,0.0
361.0,6.0,422.0,2.0,1,699.0,0.0,0.0,0.0
426.5,7.0,571.0,2.0,1,632.0,0.0,0.0,0.0
75.0,1.5,414.0,2.0,1,62.0,0.0,0.0,0.0
599.0,4.0,1269.0,4.0,1,2304.0,0.0,0.0,0.0
222.5,3.0,1222.0,4.0,1,56.0,0.0,0.0,0.0
308.0,5.5,998.0,4.0,1,674.0,0.0,0.0,0.0
382.0,4.0,484.0,4.0,1,56.0,0.0,0.0,0.0
52.5,3.0,731.0,4.0,1,774.0,12.25,3.0,0.0
43.5,3.0,231.0,4.0,1,40.0,0.0,0.0,0.0
117.0,1.5,459.0,4.0,1,28.0,0.0,0.0,0.0
149.0,1.5,553.0,4.0,1,396.0,0.0,0.0,0.0
411.0,5.0,498.0,4.0,1,449.0,0.0,0.0,0.0
289.0,8.0,1132.0,2.0,1,30.0,0.0,0.0,0.0
665.0,6.5,611.0,4.0,1,528.0,0.0,0.0,0.0
1076.5,12.0,2202.0,4.0,1,1227.0,0.0,0.0,0.0
608.5,4.0,814.0,4.0,1,972.0,0.0,0.0,0.0
98.0,2.0,888.0,3.0,0,617.0,9.285714285714286,3.0,0.0
8.0,1.0,365.0,4.0,1,141.0,13.0,1.0,0.0
721.0,6.0,721.0,4.0,1,823.0,0.0,0.0,0.0
60.0,2.0,1042.0,4.0,1,253.0,0.0,0.0,0.0
346.0,4.0,418.0,4.0,1,160.0,0.0,0.0,0.0
701.0,2.0,782.0,4.0,1,1502.0,0.0,0.0,0.0
873.0,17.0,2074.0,4.5,1,21.0,0.0,0.0,0.0
184.25,7.0,156.0,4.0,1,214.0,0.0,0.0,0.0
42.0,4.0,612.0,4.0,1,223.0,0.0,0.0,0.0
556.0,5.0,752.0,4.0,1,298.0,0.0,0.0,0.0
1421.0,17.0,1099.0,5.0,1,135.0,0.0,0.0,0.0
316.0,4.5,577.0,4.0,1,622.0,0.0,0.0,0.0
849.0,1.0,876.0,4.0,1,3305.0,0.0,0.0,0.0
23.0,1.0,1062.0,4.0,0,496.0,0.0,0.0,0.0
816.5,10.0,1312.0,4.0,1,831.0,0.0,0.0,0.0
29.0,4.5,244.0,4.0,1,140.0,0.0,0.0,0.0
415.0,8.5,238.0,4.0,1,1077.0,0.0,0.0,0.0
270.5,5.0,451.0,2.0,1,42.0,0.0,0.0,0.0
279.0,2.5,581.0,4.0,1,139.0,0.0,0.0,0.0
570.5,4.5,181.0,4.0,1,651.0,0.0,0.0,0.0
398.0,4.0,376.0,4.0,1,322.0,30.0,0.0,0.0
437.5,5.5,191.0,4.0,1,1334.0,0.0,0.0,0.0
410.0,7.0,631.0,4.0,1,65.0,0.0,0.0,0.0
373.5,4.0,887.0,4.0,1,392.0,0.0,0.0,0.0
546.0,5.5,260.0,4.0,1,527.0,0.0,0.0,0.0
529.0,6.0,506.0,4.0,1,185.0,0.0,0.0,0.0
818.6666666666666,11.0,1513.0,4.0,1,1302.0,0.0,0.0,0.0
431.5,3.0,195.0,4.0,1,1027.0,0.0,0.0,0.0
1092.0,12.5,2301.0,4.0,1,1358.0,0.0,0.0,0.0
260.5,3.0,821.0,4.0,1,144.0,0.0,0.0,0.0
1110.0,9.0,433.0,4.0,1,1880.0,0.0,0.0,0.0
288.0,3.0,483.0,4.0,1,235.0,0.0,0.0,0.0
169.5,4.5,652.0,4.0,1,187.0,0.0,0.0,0.0
28.0,2.0,504.0,3.5,1,65.0,0.0,0.0,0.0
616.0,19.0,483.0,4.0,1,1065.0,0.0,0.0,0.0
784.0,6.5,1633.0,4.0,1,2480.0,0.0,0.0,0.0
369.5,5.0,681.0,4.0,1,299.0,0.0,0.0,0.0
259.0,3.0,811.0,4.0,1,100.0,0.0,0.0,0.0
251.0,3.5,207.0,4.0,1,329.0,0.0,0.0,0.0
5.5,3.0,83.0,2.5,0,318.0,11.0,0.0,0.0
512.5,7.0,501.0,4.0,1,43.0,0.0,0.0,0.0
508.0,9.0,479.0,4.0,1,86.0,0.0,0.0,0.0
686.0,3.0,1027.0,4.0,1,298.0,0.0,0.0,0.0
129.5,2.5,283.0,4.0,1,115.0,0.0,0.0,0.0
451.5,6.0,291.0,4.0,1,154.0,0.0,0.0,0.0
481.0,6.0,315.0,1.0,1,56.0,0.0,0.0,0.0
79.25,4.0,1049.0,4.0,0,446.0,15.0,1.0,0.0
238.0,3.0,400.0,4.0,1,228.0,0.0,0.0,0.0
504.0,12.0,636.0,4.0,1,283.0,0.0,0.0,0.0
214.0,6.0,389.0,4.0,1,103.0,0.0,0.0,0.0
93.0,2.0,464.0,4.0,1,308.0,34.0,0.0,0.0
6.0,1.0,635.0,4.0,0,329.0,30.5,1.0,0.0
171.0,3.5,186.0,4.0,1,202.0,0.0,0.0,0.0
864.0,5.0,1330.0,4.0,1,3845.0,0.0,0.0,0.0
1013.5,25.0,1861.0,5.0,1,0.0,0.0,0.0,0.0
187.0,4.0,500.0,4.0,1,499.0,0.0,0.0,0.0
1036.0,16.0,1040.0,5.0,1,1404.0,0.0,0.0,0.0
897.0,17.0,1722.0,4.0,1,256.0,0.0,0.0,0.0
1320.0,13.0,2176.0,4.0,1,1127.0,0.0,0.0,0.0
641.0,7.0,652.0,4.0,1,801.0,0.0,0.0,0.0
824.0,12.0,1835.0,4.0,1,1392.0,0.0,0.0,0.0
572.0,7.0,272.0,4.0,1,958.0,0.0,0.0,0.0
689.75,9.0,326.0,4.0,1,1180.0,0.0,0.0,0.0
84.0,1.5,517.0,4.0,1,34.0,0.0,0.0,0.0
353.0,2.5,235.0,4.0,1,159.0,0.0,0.0,0.0
137.0,5.0,208.0,4.0,1,106.0,0.0,0.0,0.0
465.0,5.0,433.0,4.0,1,850.0,0.0,0.0,0.0
57.5,2.5,228.0,4.0,1,542.0,0.0,0.0,0.0
658.0,9.0,370.0,4.0,1,230.0,0.0,0.0,0.0
66.0,4.0,921.0,4.0,1,140.0,0.0,0.0,0.0
224.0,7.75,711.0,4.0,1,432.0,0.0,0.0,0.0
92.0,2.0,242.0,4.0,1,510.0,0.0,0.0,0.0
286.5,6.0,539.0,4.0,1,60.0,0.0,0.0,0.0
98.0,2.5,754.0,2.0,1,37.0,0.0,0.0,0.0
87.0,2.5,647.0,4.0,1,414.0,0.0,0.0,0.0
506.0,5.0,373.0,4.0,1,315.0,0.0,0.0,0.0
737.0,5.0,1154.0,4.0,1,406.0,0.0,0.0,0.0
26.75,2.0,436.0,4.0,1,25.0,0.0,0.0,0.0
145.0,3.0,214.0,4.0,1,627.0,0.0,0.0,0.0
684.0,11.0,841.0,4.0,1,316.0,0.0,0.0,0.0
600.0,7.5,325.0,4.0,1,1220.0,0.0,0.0,0.0
532.0,4.0,292.0,4.0,1,158.0,0.0,0.0,0.0
741.0,7.0,1587.0,4.5,1,2281.0,0.0,0.0,0.0
712.75,17.0,561.0,5.0,1,1362.0,0.0,0.0,0.0
62.75,2.0,1091.0,4.0,1,215.0,19.0,1.0,0.0
127.0,2.0,218.0,4.0,0,194.0,0.0,0.0,0.0
419.0,4.5,100.0,4.0,1,299.0,0.0,0.0,0.0
1276.5,11.0,1082.0,4.0,1,409.0,0.0,0.0,0.0
154.0,2.5,702.0,4.0,1,248.0,8.5,0.0,0.0
62.0,0.5,541.0,4.0,1,174.0,12.142857142857142,3.0,0.0
860.5,7.0,1758.0,4.0,1,3286.0,0.0,0.0,0.0
510.5,5.0,309.0,4.0,1,183.0,0.0,0.0,0.0
354.0,5.0,586.0,4.0,1,300.0,0.0,0.0,0.0
233.5,2.0,163.0,4.0,1,579.0,0.0,0.0,0.0
790.5,7.0,1663.0,4.0,1,2509.0,0.0,0.0,0.0
626.75,8.25,1361.0,4.5,1,2070.0,0.0,0.0,0.0
368.5,10.0,411.0,4.0,1,537.0,0.0,0.0,0.0
251.0,1.0,529.0,4.0,1,308.0,0.0,0.0,0.0
491.0,5.0,155.0,4.0,1,389.0,0.0,0.0,0.0
795.0,13.75,1438.0,5.0,1,1599.0,0.0,0.0,0.0
185.0,15.0,329.0,4.0,1,659.0,0.0,0.0,0.0
106.0,2.0,123.0,4.0,1,93.0,27.0,1.0,0.0
43.333333333333336,2.0,221.0,4.0,1,207.0,21.0,3.0,0.0
186.5,5.0,136.0,4.0,1,98.0,0.0,0.0,0.0
213.0,5.0,196.0,4.0,1,137.0,0.0,0.0,0.0
369.0,6.0,233.0,4.0,1,183.0,0.0,0.0,0.0
1212.0,4.0,698.0,4.0,1,1232.0,0.0,0.0,0.0
568.0,6.0,77.0,4.0,1,1060.0,0.0,0.0,0.0
421.0,5.5,157.0,4.0,1,191.0,0.0,0.0,0.0
1066.0,8.333333333333334,1192.0,4.0,1,2932.0,0.0,0.0,0.0
1533.0,33.5,1643.0,5.0,1,565.0,0.0,0.0,0.0
33.0,0.0,371.0,4.0,1,302.0,0.0,0.0,0.0
1285.0,14.5,949.0,4.0,1,1479.0,0.0,0.0,0.0
391.0,4.5,680.0,4.0,1,552.0,0.0,0.0,0.0
953.0,5.5,321.0,4.0,1,91.0,0.0,0.0,0.0
584.0,2.0,975.0,4.0,1,2406.0,0.0,0.0,0.0
672.0,10.0,895.0,4.0,1,134.0,0.0,0.0,0.0
1301.0,10.0,1448.0,4.0,1,231.0,0.0,0.0,0.0
544.0,11.0,423.0,5.0,1,1117.0,0.0,0.0,0.0
364.0,1.5,617.0,4.0,1,238.0,0.0,0.0,0.0
53.0,2.0,1051.0,0.0,1,0.0,0.0,0.0,0.0
35.0,2.0,441.0,4.0,1,755.0,0.0,0.0,0.0
264.5,4.0,651.0,4.0,1,706.0,0.0,0.0,0.0
835.0,13.0,1300.0,5.0,1,1435.0,0.0,0.0,0.0
25.83333333333333,1.0,669.0,4.0,1,455.0,24.0,1.0,0.0
345.0,4.0,409.0,4.0,1,249.0,0.0,0.0,0.0
650.0,10.5,261.0,4.0,1,729.0,0.0,0.0,0.0
137.0,8.0,327.0,4.0,1,309.0,0.0,0.0,0.0
335.0,5.0,383.0,4.0,1,662.0,0.0,0.0,0.0
993.5,11.5,1534.0,5.0,1,586.0,0.0,0.0,0.0
33.0,1.0,1268.0,4.5,0,522.0,30.0,0.0,0.0
151.33333333333334,7.0,713.0,4.0,1,247.0,0.0,0.0,0.0
849.0,20.5,99.0,5.0,1,2633.0,0.0,0.0,0.0
387.0,2.5,755.0,4.0,1,792.0,0.0,0.0,0.0
487.0,4.5,15.0,4.0,1,1525.0,0.0,0.0,0.0
1580.5,23.0,1054.0,5.0,1,45.0,0.0,0.0,0.0
1539.5,21.5,631.0,4.5,1,302.0,0.0,0.0,0.0
243.5,9.0,363.0,4.0,1,327.0,0.0,0.0,0.0
134.0,4.0,437.0,4.0,1,416.0,0.0,0.0,0.0
493.0,6.0,727.0,4.0,1,193.0,0.0,0.0,0.0
522.0,8.333333333333334,237.0,4.0,1,897.0,0.0,0.0,0.0
634.0,4.0,529.0,4.0,1,737.0,0.0,0.0,0.0
1352.0,12.0,838.0,4.0,1,1041.0,0.0,0.0,0.0
625.75,6.0,200.0,4.0,1,393.0,0.0,0.0,0.0
490.0,9.0,587.0,2.0,1,38.0,0.0,0.0,0.0
1568.25,24.5,1772.0,5.0,1,604.0,0.0,0.0,0.0
375.0,3.0,413.0,4.0,1,151.0,0.0,0.0,0.0
328.0,5.0,163.0,4.0,1,290.0,0.0,0.0,0.0
27.5,5.0,603.0,4.5,0,170.0,16.75,4.0,0.0
1210.0,6.75,284.0,4.0,1,1973.0,0.0,0.0,0.0
8.5,1.0,642.0,5.0,1,581.0,0.0,0.0,0.0
271.0,3.0,118.0,4.0,1,248.0,0.0,0.0,0.0
227.5,2.0,578.0,4.0,1,109.0,0.0,0.0,0.0
32.0,2.0,716.0,4.5,1,710.0,20.0,1.0,0.0
852.0,13.0,1741.0,4.0,1,2032.0,0.0,0.0,0.0
832.5,12.0,1356.0,4.0,1,376.0,0.0,0.0,0.0
229.0,3.0,174.0,4.0,1,316.0,0.0,0.0,0.0
390.0,4.0,736.0,4.0,1,610.0,0.0,0.0,0.0
289.0,5.0,295.0,4.0,1,47.0,15.0,1.0,0.0
300.0,4.5,326.0,2.0,1,0.0,0.0,0.0,0.0
227.75,7.5,513.0,4.0,1,194.0,0.0,0.0,0.0
603.0,3.5,212.0,4.0,1,809.0,0.0,0.0,0.0
25.5,3.0,775.0,4.0,1,258.0,10.2,0.0,0.0
396.0,5.0,648.0,4.0,1,577.0,0.0,0.0,0.0
861.5,14.0,1878.0,4.0,1,2216.0,0.0,0.0,0.0
388.3333333333333,5.0,585.0,4.0,1,337.0,0.0,0.0,0.0
317.0,5.5,265.0,4.0,1,969.0,0.0,0.0,0.0
30.0,2.0,890.0,5.0,1,677.0,0.0,0.0,0.0
365.5,11.5,476.0,4.0,1,374.0,0.0,0.0,0.0
170.0,1.0,518.0,4.0,1,238.0,0.0,0.0,0.0
971.0,27.0,1934.0,4.0,1,1215.0,0.0,0.0,0.0
36.5,2.5,1027.0,4.0,1,546.0,0.0,0.0,0.0
78.5,1.5,1102.0,4.0,0,218.0,13.4,2.0,0.0
645.0,7.0,663.0,2.0,1,1438.0,0.0,0.0,0.0
659.5,8.0,721.0,4.0,1,1040.0,0.0,0.0,0.0
87.0,2.0,362.0,4.0,1,84.0,10.833333333333334,2.0,0.0
464.0,7.0,340.0,4.0,1,110.0,0.0,0.0,0.0
824.0,8.0,2089.0,4.0,1,3026.0,0.0,0.0,0.0
521.0,3.0,91.0,4.0,1,14.0,0.0,0.0,0.0
143.0,3.0,45.0,4.0,1,681.0,0.0,0.0,0.0
970.0,13.0,1849.0,4.0,1,3285.0,0.0,0.0,0.0
359.0,7.0,181.0,2.0,1,36.0,0.0,0.0,0.0
69.0,1.0,605.0,4.0,1,333.0,0.0,0.0,0.0
953.0,18.0,528.0,5.0,1,1243.0,0.0,0.0,0.0
357.5,6.0,430.0,4.0,1,307.0,0.0,0.0,0.0
5.5,1.0,999.0,4.0,0,517.0,18.2,2.0,0.0
48.0,3.0,210.0,4.5,1,491.0,0.0,0.0,0.0
720.0,7.0,1002.0,4.0,1,1344.0,0.0,0.0,0.0
89.5,3.0,646.0,4.0,1,569.0,0.0,0.0,0.0
277.0,3.5,523.0,4.0,1,184.0,23.0,0.0,0.0
789.5,5.5,1785.0,4.0,1,2645.0,0.0,0.0,0.0
742.5,11.0,1285.0,4.0,1,1289.0,0.0,0.0,0.0
646.5,7.666666666666667,714.0,0.0,1,9.0,0.0,0.0,0.0
279.0,4.0,391.0,2.0,1,6.0,0.0,0.0,0.0
1062.0,13.0,1881.0,4.0,1,1819.0,0.0,0.0,0.0
1227.0,31.0,2184.0,5.0,1,1100.0,0.0,0.0,0.0
1063.0,3.0,1939.0,4.0,1,3804.0,0.0,0.0,0.0
528.0,4.0,150.0,2.0,1,386.0,0.0,0.0,0.0
350.0,6.0,138.0,4.0,1,237.0,0.0,0.0,0.0
232.5,3.5,393.0,4.0,1,243.0,0.0,0.0,0.0
265.0,3.0,286.0,4.0,1,834.0,0.0,0.0,0.0
642.0,10.0,989.0,2.0,1,1194.0,0.0,0.0,0.0
647.5,9.5,683.0,2.0,1,1187.0,0.0,0.0,0.0
8.5,10.0,309.0,4.0,1,1187.0,0.0,0.0,0.0
78.0,1.0,419.0,4.0,1,208.0,9.0,1.0,0.0
481.6666666666667,3.6666666666666665,337.0,4.0,1,617.0,0.0,0.0,0.0
289.0,3.0,420.0,4.0,1,252.0,0.0,0.0,0.0
84.0,1.0,644.0,4.0,1,192.0,0.0,0.0,0.0
109.0,1.5,76.0,4.0,0,270.0,12.5,2.0,0.0
525.0,6.5,305.0,4.0,1,729.0,0.0,0.0,0.0
61.5,6.0,400.0,4.0,1,123.0,0.0,0.0,0.0
519.0,6.5,293.0,4.0,1,267.0,0.0,0.0,0.0
596.5,2.0,1679.0,4.0,1,2575.0,0.0,0.0,0.0
387.0,3.5,823.0,4.0,1,329.0,0.0,0.0,0.0
584.5,7.5,215.0,2.0,0,898.0,0.0,0.0,0.0
425.1666666666667,12.0,698.0,4.0,1,674.0,0.0,0.0,0.0
48.0,3.0,682.0,4.0,0,221.0,0.0,0.0,0.0
377.0,3.5,54.0,2.0,1,14.0,0.0,0.0,0.0
676.0,6.0,189.0,4.0,1,379.0,0.0,0.0,0.0
6.0,3.0,81.0,2.5,1,392.0,7.0,0.0,0.0
45.0,5.0,331.0,4.0,1,646.0,0.0,0.0,0.0
110.0,1.5,172.0,4.0,1,123.0,0.0,0.0,0.0
195.0,3.0,600.0,4.0,1,254.0,0.0,0.0,0.0
391.5,5.0,466.0,4.0,1,227.0,0.0,0.0,0.0
840.75,7.0,841.0,5.0,1,2887.0,0.0,0.0,0.0
489.0,6.0,384.0,4.0,1,256.0,0.0,0.0,0.0
89.0,3.0,326.0,4.0,0,257.0,14.0,1.0,0.0
351.5,3.5,64.0,4.0,1,1303.0,0.0,0.0,0.0
442.0,3.5,224.0,4.0,1,1474.0,0.0,0.0,0.0
172.0,5.0,330.0,4.0,1,124.0,0.0,0.0,0.0
1076.25,23.5,336.0,4.0,1,336.0,0.0,0.0,0.0
69.0,0.5,869.0,4.0,1,690.0,22.4,1.0,0.0
629.5,4.0,146.0,4.0,1,877.0,0.0,0.0,0.0
111.0,3.0,707.0,4.0,1,764.0,0.0,0.0,0.0
539.5,7.0,316.0,4.0,1,163.0,0.0,0.0,0.0
194.0,3.0,189.0,4.0,1,189.0,0.0,0.0,0.0
225.5,3.5,444.0,4.0,1,142.0,0.0,0.0,0.0
935.0,19.0,604.0,5.0,1,1062.0,0.0,0.0,0.0
250.0,2.5,662.0,2.0,1,49.0,0.0,0.0,0.0
164.0,1.0,792.0,4.0,1,305.0,0.0,0.0,0.0
110.0,4.0,506.0,4.0,1,227.0,0.0,0.0,0.0
76.5,5.0,363.0,4.0,1,116.0,0.0,0.0,0.0
183.0,3.0,616.0,4.0,1,484.0,0.0,0.0,0.0
442.0,6.0,156.0,4.0,1,241.0,0.0,0.0,0.0
159.0,3.0,290.0,4.0,1,307.0,22.0,0.0,0.0
112.0,1.5,571.0,4.0,0,208.0,0.0,0.0,0.0
432.0,7.0,467.0,4.0,1,266.0,0.0,0.0,0.0
372.6666666666667,5.0,126.0,4.0,1,99.0,0.0,0.0,0.0
1246.0,8.5,1277.0,4.0,1,634.0,0.0,0.0,0.0
403.0,4.0,202.0,2.0,1,2.0,0.0,0.0,0.0
506.0,4.0,226.0,4.0,1,208.0,0.0,0.0,0.0
473.0,6.5,563.0,4.0,1,148.0,0.0,0.0,0.0
619.0,3.5,536.0,4.0,1,708.0,0.0,0.0,0.0
376.5,11.25,178.0,4.0,1,566.0,0.0,0.0,0.0
959.0,21.0,1628.0,5.0,1,773.0,0.0,0.0,0.0
833.0,8.25,1881.0,4.5,1,1754.0,0.0,0.0,0.0
597.0,13.5,292.0,5.0,1,1629.0,0.0,0.0,0.0
44.0,2.0,31.0,4.0,1,78.0,0.0,0.0,0.0
332.0,2.5,195.0,4.0,1,408.0,0.0,0.0,0.0
106.0,2.0,547.0,4.0,1,120.0,0.0,0.0,0.0
606.5,4.0,536.0,2.0,1,1237.0,0.0,0.0,0.0
320.0,5.5,216.0,4.0,1,1034.0,0.0,0.0,0.0
151.5,3.0,92.0,4.0,1,52.0,0.0,0.0,0.0
600.5,5.0,387.0,4.0,1,685.0,0.0,0.0,0.0
583.0,5.0,197.0,4.0,1,677.0,0.0,0.0,0.0
892.0,12.0,1015.0,4.0,1,133.0,0.0,0.0,0.0
198.5,6.0,826.0,4.0,1,48.0,0.0,0.0,0.0
1746.0,11.0,647.0,4.0,1,730.0,0.0,0.0,0.0
499.0,6.5,488.0,2.0,1,246.0,0.0,0.0,0.0
100.0,2.5,528.0,4.0,1,60.0,15.0,1.0,0.0
674.0,6.0,951.0,4.0,1,1318.0,0.0,0.0,0.0
582.5,10.5,210.0,4.0,1,1085.0,0.0,0.0,0.0
162.0,1.0,596.0,4.0,1,157.0,0.0,0.0,0.0
30.0,1.0,261.0,4.0,1,498.0,0.0,0.0,0.0
416.0,4.0,566.0,4.0,1,501.0,0.0,0.0,0.0
464.0,5.0,146.0,4.0,1,542.0,0.0,0.0,0.0
152.0,4.0,405.0,4.0,1,500.0,0.0,0.0,0.0
680.0,8.0,699.0,4.0,1,1620.0,0.0,0.0,0.0
81.0,1.0,244.0,2.0,0,36.0,19.666666666666668,2.0,0.0
332.0,3.0,205.0,4.0,1,551.0,0.0,0.0,0.0
220.0,5.0,705.0,4.0,1,1195.0,0.0,0.0,0.0
484.5,5.5,274.0,4.0,1,198.0,0.0,0.0,0.0
93.5,3.0,369.0,4.0,1,108.0,11.25,4.0,0.0
393.5,4.5,817.0,4.0,1,877.0,0.0,0.0,0.0
211.25,3.0,407.0,4.0,1,26.0,0.0,0.0,0.0
788.0,4.0,1279.0,4.0,1,2388.0,0.0,0.0,0.0
372.0,5.5,308.0,4.0,1,292.0,0.0,0.0,0.0
729.0,8.0,458.0,4.0,1,598.0,0.0,0.0,0.0
626.0,11.0,128.0,4.0,1,615.0,0.0,0.0,0.0
220.0,6.0,1040.0,4.0,1,785.0,0.0,0.0,0.0
934.0,21.0,1822.0,4.0,1,707.0,0.0,0.0,0.0
269.0,2.0,118.0,4.0,1,356.0,0.0,0.0,0.0
1047.5,13.0,480.0,4.0,1,64.0,0.0,0.0,0.0
48.0,2.0,1263.0,4.0,0,425.0,0.0,0.0,0.0
391.5,2.0,500.0,4.0,1,70.0,0.0,0.0,0.0
329.0,4.5,396.0,4.0,1,12.0,0.0,0.0,0.0
133.0,2.0,916.0,4.0,1,227.0,0.0,0.0,0.0
164.0,6.0,585.0,4.0,1,157.0,0.0,0.0,0.0
522.5,4.0,146.0,4.0,1,504.0,0.0,0.0,0.0
311.0,3.0,234.0,0.0,1,0.0,0.0,0.0,0.0
1377.5,8.0,840.0,4.0,1,1166.0,0.0,0.0,0.0
115.0,3.0,372.0,4.0,1,364.0,0.0,0.0,0.0
115.0,3.0,395.0,4.0,1,169.0,30.0,0.0,0.0
982.0,4.0,2136.0,4.0,1,4180.0,0.0,0.0,0.0
50.0,2.0,159.0,4.0,1,446.0,0.0,0.0,0.0
169.0,3.0,1047.0,4.0,1,330.0,0.0,0.0,0.0
572.0,5.0,73.0,4.0,1,196.0,0.0,0.0,0.0
127.25,5.0,617.0,4.0,1,143.0,0.0,0.0,0.0
23.0,3.0,486.0,4.0,1,235.0,0.0,0.0,0.0
300.0,4.5,479.0,4.0,1,943.0,0.0,0.0,0.0
345.0,3.0,407.0,4.0,1,255.0,0.0,0.0,0.0
438.25,8.0,197.0,3.5,1,383.0,0.0,0.0,0.0
684.75,11.0,1101.0,4.0,1,1276.0,0.0,0.0,0.0
141.0,2.0,85.0,4.0,1,357.0,0.0,0.0,0.0
371.0,6.0,116.0,4.0,1,465.0,0.0,0.0,0.0
349.5,3.0,109.0,4.0,1,40.0,0.0,0.0,0.0
43.5,2.0,213.0,4.0,1,395.0,0.0,0.0,0.0
380.0,4.5,43.0,4.0,1,9.0,24.0,0.0,0.0
1097.0,12.0,897.0,4.0,1,1202.0,0.0,0.0,0.0
323.0,4.0,307.0,4.0,1,158.0,0.0,0.0,0.0
69.33333333333333,2.0,228.0,4.0,1,374.0,0.0,0.0,0.0
590.0,12.0,315.0,4.0,1,711.0,0.0,0.0,0.0
518.5,6.0,445.0,4.0,1,429.0,0.0,0.0,0.0
717.0,5.0,899.0,4.0,1,1857.0,0.0,0.0,0.0
1339.5,14.0,1032.0,5.0,1,2206.0,0.0,0.0,0.0
274.5,4.0,141.0,4.0,1,675.0,0.0,0.0,0.0
528.0,6.0,466.0,4.0,1,941.0,0.0,0.0,0.0
285.0,4.0,542.0,4.0,1,432.0,0.0,0.0,0.0
668.0,6.5,969.0,2.0,1,21.0,0.0,0.0,0.0
272.0,3.5,54.0,4.0,0,106.0,0.0,0.0,0.0
221.5,6.0,999.0,4.0,1,799.0,0.0,0.0,0.0
1114.5,25.75,2474.0,4.0,1,907.0,0.0,0.0,0.0
1193.0,28.5,2103.0,5.0,1,1016.0,0.0,0.0,0.0
73.5,4.0,1246.0,4.0,1,201.0,0.0,0.0,0.0
262.0,4.5,248.0,4.0,1,0.0,0.0,0.0,0.0
205.0,3.0,993.0,4.0,1,1029.0,0.0,0.0,0.0
374.0,4.0,698.0,4.0,1,25.0,0.0,0.0,0.0
82.0,3.0,553.0,4.0,1,304.0,24.0,1.0,0.0
392.0,4.0,555.0,4.0,1,210.0,0.0,0.0,0.0
340.0,8.0,248.0,4.0,1,353.0,0.0,0.0,0.0
1110.5,23.0,833.0,4.0,1,96.0,0.0,0.0,0.0
510.0,6.5,989.0,4.0,1,758.0,0.0,0.0,0.0
352.0,4.0,301.0,4.0,1,181.0,0.0,0.0,0.0
390.3333333333333,5.0,877.0,4.0,1,436.0,0.0,0.0,0.0
57.0,1.0,617.0,4.0,1,380.0,0.0,0.0,0.0
217.0,5.5,771.0,4.0,1,1008.0,0.0,0.0,0.0
1205.25,7.5,301.0,4.0,1,1890.0,0.0,0.0,0.0
158.0,3.5,571.0,4.0,1,84.0,0.0,0.0,0.0
294.0,4.5,830.0,4.0,1,332.0,0.0,0.0,0.0
416.0,3.0,142.0,4.0,1,637.0,0.0,0.0,0.0
23.25,1.0,606.0,4.0,1,318.0,12.6,2.0,0.0
748.5,9.5,897.0,4.0,1,591.0,0.0,0.0,0.0
1202.0,10.0,1001.0,4.0,1,2784.0,0.0,0.0,0.0
91.0,3.0,766.0,4.0,1,1013.0,0.0,0.0,0.0
847.5,14.0,1714.0,4.0,1,1486.0,0.0,0.0,0.0
563.5,2.5,110.0,4.0,1,562.0,0.0,0.0,0.0
124.0,1.0,455.0,4.5,1,162.0,13.0,0.0,0.0
652.5,11.0,544.0,4.0,1,1109.0,0.0,0.0,0.0
629.0,8.5,1039.0,4.5,1,1084.0,0.0,0.0,0.0
317.0,3.0,290.0,4.0,1,123.0,0.0,0.0,0.0
173.5,3.0,37.0,4.0,1,290.0,0.0,0.0,0.0
774.0,5.5,1542.0,0.0,1,2398.0,0.0,0.0,0.0
368.0,5.5,603.0,4.0,1,869.0,0.0,0.0,0.0
65.0,1.0,337.0,4.0,0,1011.0,26.5,1.0,0.0
128.0,2.0,230.0,4.0,1,75.0,0.0,0.0,0.0
27.0,15.0,494.0,5.0,1,263.0,0.0,0.0,0.0
32.0,1.5,217.0,4.0,1,183.0,0.0,0.0,0.0
529.0,5.0,468.0,4.0,1,1203.0,0.0,0.0,0.0
395.0,4.0,337.0,4.0,1,279.0,0.0,0.0,0.0
390.0,3.0,306.0,4.0,1,464.0,0.0,0.0,0.0
903.5,12.5,1557.0,4.5,1,3568.0,0.0,0.0,0.0
113.5,2.0,490.0,4.0,1,351.0,0.0,0.0,0.0
290.5,7.0,344.0,4.0,1,707.0,0.0,0.0,0.0
603.5,3.0,1311.0,4.0,1,2193.0,0.0,0.0,0.0
444.0,8.0,517.0,4.0,1,95.0,0.0,0.0,0.0
610.0,3.0,651.0,4.0,1,789.0,0.0,0.0,0.0
1195.0,9.0,636.0,4.0,1,2452.0,0.0,0.0,0.0
447.0,6.25,228.0,4.0,1,101.0,0.0,0.0,0.0
746.0,9.0,1243.0,4.0,1,2157.0,0.0,0.0,0.0
79.0,2.0,216.0,4.0,1,196.0,16.0,1.0,0.0
830.0,8.0,749.0,4.0,1,3394.0,0.0,0.0,0.0
48.0,2.0,1339.0,4.0,0,189.0,12.0,2.0,0.0
39.0,2.0,496.0,5.0,1,500.0,0.0,0.0,0.0
40.0,1.0,249.0,4.0,1,165.0,15.0,2.0,0.0
615.0,5.0,757.0,4.0,1,805.0,0.0,0.0,0.0
519.0,5.0,472.0,4.0,1,1143.0,0.0,0.0,0.0
271.0,2.0,183.0,4.0,1,941.0,0.0,0.0,0.0
7.0,3.0,184.0,5.0,1,314.0,14.5,1.0,0.0
480.0,8.0,694.0,4.0,1,1004.0,0.0,0.0,0.0
91.0,4.0,1158.0,4.0,1,452.0,0.0,0.0,0.0
284.5,4.0,108.0,4.0,1,10.0,0.0,0.0,0.0
525.5,5.5,577.0,4.0,1,728.0,0.0,0.0,0.0
504.0,7.0,392.0,4.5,1,968.0,0.0,0.0,0.0
212.0,3.333333333333333,161.0,4.0,1,449.0,0.0,0.0,0.0
663.0,6.0,1075.0,4.0,1,2097.0,0.0,0.0,0.0
582.5,4.0,589.0,4.0,1,880.0,0.0,0.0,0.0
1237.5,8.0,1330.0,4.0,1,450.0,0.0,0.0,0.0
73.5,2.0,247.0,4.0,1,1022.0,0.0,0.0,0.0
219.5,3.0,694.0,4.0,1,9.0,0.0,0.0,0.0
469.25,3.0,355.0,4.0,1,62.0,0.0,0.0,0.0
338.0,7.0,332.0,4.0,1,503.0,0.0,0.0,0.0
48.0,4.0,220.0,3.0,1,125.0,0.0,0.0,0.0
69.0,5.5,1079.0,4.0,1,380.0,0.0,0.0,0.0
521.0,4.0,62.0,4.0,1,187.0,0.0,0.0,0.0
457.0,6.5,558.0,4.0,1,910.0,0.0,0.0,0.0
726.0,11.0,552.0,5.0,1,2637.0,0.0,0.0,0.0
30.0,1.5,661.0,4.0,1,107.0,0.0,0.0,0.0
274.0,3.0,116.0,4.0,1,450.0,0.0,0.0,0.0
96.5,0.5,479.0,4.0,1,197.0,0.0,0.0,0.0
338.0,4.0,608.0,4.0,1,709.0,0.0,0.0,0.0
773.0,17.0,1027.0,4.0,1,362.0,0.0,0.0,0.0
1353.0,7.75,1354.0,5.0,1,2086.0,0.0,0.0,0.0
1375.0,14.0,1810.0,4.0,1,523.0,0.0,0.0,0.0
436.0,4.0,89.0,4.0,1,151.0,0.0,0.0,0.0
9.0,3.0,588.0,4.5,1,32.0,0.0,0.0,0.0
109.0,3.0,567.0,0.0,1,3.0,0.0,0.0,0.0
333.0,4.5,133.0,4.0,1,157.0,0.0,0.0,0.0
715.0,10.0,844.0,4.0,1,146.0,0.0,0.0,0.0
75.5,1.0,541.0,4.0,0,374.0,0.0,0.0,0.0
665.0,8.5,186.0,4.0,1,1011.0,0.0,0.0,0.0
51.0,1.0,277.0,4.5,1,176.0,17.75,1.0,0.0
1160.0,28.5,1795.0,5.0,1,173.0,0.0,0.0,0.0
169.0,1.5,986.0,4.0,1,411.0,0.0,0.0,0.0
1656.0,28.0,562.0,4.0,1,580.0,0.0,0.0,0.0
5.0,3.0,1022.0,4.0,1,243.0,8.857142857142858,2.0,0.0
251.0,4.0,533.0,4.0,1,362.0,0.0,0.0,0.0
88.0,3.0,1015.0,4.0,1,404.0,13.0,0.0,0.0
78.0,2.5,215.0,4.0,1,425.0,0.0,0.0,0.0
238.75,4.0,313.0,4.0,1,147.0,0.0,0.0,0.0
641.0,5.0,569.0,4.0,1,277.0,0.0,0.0,0.0
170.0,3.0,112.0,4.0,1,187.0,14.666666666666666,1.0,0.0
356.5,9.0,576.0,4.0,1,471.0,0.0,0.0,0.0
1296.0,10.5,2195.0,4.0,1,1179.0,0.0,0.0,0.0
465.0,6.5,428.0,4.0,1,97.0,0.0,0.0,0.0
117.0,2.0,484.0,4.0,1,223.0,2.0,1.0,0.0
134.0,2.0,890.0,4.0,1,214.0,0.0,0.0,0.0
618.0,5.0,363.0,2.0,1,1153.0,0.0,0.0,0.0
26.0,0.0,829.0,4.5,0,746.0,0.0,0.0,0.0
85.0,2.5,205.0,4.0,1,317.0,11.0,0.0,0.0
215.0,18.0,203.0,4.0,1,614.0,0.0,0.0,0.0
818.5,20.5,1190.0,4.0,1,2579.0,0.0,0.0,0.0
731.0,5.0,1389.0,4.0,1,2149.0,0.0,0.0,0.0
897.0,8.0,1528.0,4.0,1,2284.0,0.0,0.0,0.0
25.5,0.0,713.0,4.0,0,937.0,0.0,0.0,0.0
250.0,4.0,637.0,4.0,1,335.0,0.0,0.0,0.0
330.0,4.0,270.0,0.0,1,6.0,0.0,0.0,0.0
1404.5,20.0,763.0,4.0,1,1281.0,0.0,0.0,0.0
30.0,2.0,596.0,4.0,0,465.0,0.0,0.0,0.0
119.5,1.0,584.0,3.5,1,151.0,0.0,0.0,0.0
112.5,3.0,658.0,4.0,0,202.0,11.0,0.0,0.0
761.0,6.0,1527.0,4.0,1,2517.0,0.0,0.0,0.0
1030.0,17.0,297.0,5.0,1,427.0,0.0,0.0,0.0
53.0,1.0,883.0,4.0,1,288.0,0.0,0.0,0.0
690.0,15.5,831.0,4.0,1,85.0,0.0,0.0,0.0
46.5,2.0,206.0,4.0,1,227.0,0.0,0.0,0.0
1658.0,14.5,397.0,4.0,1,1133.0,0.0,0.0,0.0
430.0,5.0,340.0,4.0,1,321.0,0.0,0.0,0.0
693.5,7.0,884.0,4.0,1,1370.0,0.0,0.0,0.0
614.5,5.5,554.0,4.0,1,543.0,0.0,0.0,0.0
45.0,1.5,131.0,4.0,1,353.0,0.0,0.0,0.0
212.0,6.5,486.0,4.0,1,746.0,0.0,0.0,0.0
549.0,10.0,583.0,4.0,1,81.0,0.0,0.0,0.0
117.25,0.0,338.0,4.0,1,642.0,0.0,0.0,0.0
589.6666666666666,6.0,436.0,2.0,1,1124.0,0.0,0.0,0.0
64.0,4.0,641.0,4.0,1,187.0,0.0,0.0,0.0
892.0,7.5,1413.0,5.0,1,1820.0,0.0,0.0,0.0
829.0,6.0,2111.0,4.0,1,3039.0,0.0,0.0,0.0
359.5,6.0,39.0,4.0,1,8.0,0.0,0.0,0.0
637.0,6.0,719.0,4.0,1,307.0,0.0,0.0,0.0
715.0,4.0,850.0,5.0,1,1437.0,0.0,0.0,0.0
600.0,3.0,327.0,4.0,1,846.0,0.0,0.0,0.0
49.0,1.0,467.0,4.0,0,668.0,0.0,0.0,0.0
313.0,7.5,433.0,4.0,0,244.0,0.0,0.0,0.0
102.0,2.0,452.0,4.0,1,352.0,12.333333333333334,1.0,0.0
295.0,5.0,1097.0,4.0,1,761.0,0.0,0.0,0.0
152.0,4.5,512.0,4.0,1,148.0,0.0,0.0,0.0
1240.0,9.0,732.0,4.0,1,1758.0,0.0,0.0,0.0
635.0,8.0,645.0,4.0,1,534.0,0.0,0.0,0.0
322.0,9.0,285.0,4.0,1,58.0,0.0,0.0,0.0
630.0,5.5,689.0,4.0,1,288.0,0.0,0.0,0.0
251.0,1.0,713.0,4.0,1,594.0,0.0,0.0,0.0
376.0,3.0,939.0,4.0,1,555.0,0.0,0.0,0.0
722.0,5.0,533.0,4.0,1,1452.0,0.0,0.0,0.0
89.5,1.0,1409.0,4.0,1,69.0,35.5,0.0,0.0
121.0,3.5,351.0,4.0,1,540.0,0.0,0.0,0.0
269.0,4.0,223.0,4.0,1,228.0,0.0,0.0,0.0
186.0,3.5,629.0,4.0,1,63.0,0.0,0.0,0.0
102.0,2.0,439.0,4.0,1,270.0,0.0,0.0,0.0
137.0,2.0,332.0,3.0,1,92.0,0.0,0.0,0.0
539.0,3.0,23.0,2.0,1,488.0,0.0,0.0,0.0
70.0,1.5,787.0,4.0,0,427.0,0.0,0.0,0.0
57.0,5.5,460.0,4.0,1,565.0,0.0,0.0,0.0
898.0,8.0,1388.0,5.0,1,1839.0,0.0,0.0,0.0
118.5,1.5,369.0,4.0,1,343.0,0.0,0.0,0.0
1168.0,7.5,622.0,4.0,1,2489.0,0.0,0.0,0.0
477.5,6.5,133.0,4.0,1,902.0,0.0,0.0,0.0
727.0,7.0,874.0,4.0,1,1687.0,0.0,0.0,0.0
632.0,8.0,928.0,4.0,1,525.0,0.0,0.0,0.0
1586.0,22.5,1786.0,4.5,1,311.0,0.0,0.0,0.0
132.0,3.0,696.0,4.0,0,69.0,19.75,2.0,0.0
707.5,5.5,1023.0,4.0,1,1519.0,0.0,0.0,0.0
251.5,2.0,624.0,4.0,1,1054.0,0.0,0.0,0.0
12.0,1.5,395.0,4.0,0,536.0,15.75,2.0,0.0
986.5,13.0,411.0,5.0,1,338.0,0.0,0.0,0.0
185.0,2.5,531.0,4.0,1,187.0,0.0,0.0,0.0
847.0,15.0,1472.0,4.0,1,887.0,0.0,0.0,0.0
161.5,4.0,519.0,4.0,1,301.0,0.0,0.0,0.0
593.0,7.0,300.0,4.0,1,272.0,0.0,0.0,0.0
479.0,7.5,387.0,4.0,1,87.0,0.0,0.0,0.0
358.5,5.0,481.0,4.0,1,451.0,0.0,0.0,0.0
1413.0,21.5,1518.0,5.0,1,565.0,0.0,0.0,0.0
766.0,9.0,1609.0,4.0,1,1702.0,0.0,0.0,0.0
824.25,15.5,992.0,5.0,1,1371.0,0.0,0.0,0.0
28.0,2.0,769.0,4.0,1,76.0,0.0,0.0,0.0
126.0,3.5,582.0,4.0,1,246.0,0.0,0.0,0.0
689.5,9.666666666666666,1046.0,4.0,1,1360.0,0.0,0.0,0.0
616.0,17.0,894.0,5.0,1,2486.0,0.0,0.0,0.0
94.0,1.0,1084.0,3.5,0,508.0,0.0,0.0,0.0
281.0,4.666666666666667,188.0,4.0,1,602.0,0.0,0.0,0.0
54.5,1.0,159.0,4.0,1,367.0,0.0,0.0,0.0
521.0,3.0,124.0,4.0,1,23.0,0.0,0.0,0.0
161.0,4.0,949.0,4.0,1,330.0,0.0,0.0,0.0
636.0,3.5,82.0,2.0,1,336.0,0.0,0.0,0.0
25.0,1.0,436.0,4.0,1,225.0,27.666666666666668,1.0,0.0
634.75,3.5,473.0,4.0,1,678.0,0.0,0.0,0.0
251.0,2.5,52.0,4.0,1,191.0,0.0,0.0,0.0
224.5,4.0,218.0,4.0,1,359.0,0.0,0.0,0.0
261.0,4.5,593.0,4.0,1,77.0,0.0,0.0,0.0
198.0,3.0,463.0,4.0,1,340.0,9.0,3.0,0.0
186.25,5.0,756.0,4.0,1,566.0,0.0,0.0,0.0
1014.0,12.0,1902.0,4.0,1,3621.0,0.0,0.0,0.0
1019.0,8.5,2183.0,4.0,1,3965.0,0.0,0.0,0.0
471.5,5.0,428.0,4.0,1,1325.0,0.0,0.0,0.0
383.0,7.0,226.0,4.0,1,1357.0,0.0,0.0,0.0
32.0,3.0,681.0,4.0,1,1134.0,0.0,0.0,0.0
624.5,4.5,1141.0,5.0,1,1663.0,0.0,0.0,0.0
1071.5,12.5,1208.0,4.5,1,799.0,0.0,0.0,0.0
302.0,4.0,607.0,4.0,1,396.0,0.0,0.0,0.0
737.5,6.0,1369.0,4.0,1,2023.0,0.0,0.0,0.0
807.0,11.0,1674.0,4.0,1,703.0,0.0,0.0,0.0
670.5,18.0,969.0,4.5,1,1591.0,0.0,0.0,0.0
1027.0,10.0,1124.0,4.0,1,1283.0,0.0,0.0,0.0
409.5,3.0,184.0,4.0,1,516.0,0.0,0.0,0.0
887.0,9.0,1568.0,4.0,1,2233.0,0.0,0.0,0.0
987.5,7.0,2323.0,4.0,1,4218.0,0.0,0.0,0.0
100.0,3.0,337.0,4.0,1,477.0,5.2,2.0,0.0
601.0,5.0,294.0,4.0,1,1015.0,0.0,0.0,0.0
382.0,5.0,261.0,4.0,1,295.0,0.0,0.0,0.0
881.5,6.666666666666667,2376.0,4.0,1,3555.0,0.0,0.0,0.0
51.0,1.0,991.0,2.0,1,24.0,0.0,0.0,0.0
224.0,3.0,642.0,4.0,1,33.0,0.0,0.0,0.0
213.0,6.5,91.0,4.0,1,143.0,0.0,0.0,0.0
248.0,3.0,355.0,4.0,1,522.0,0.0,0.0,0.0
584.0,2.0,1005.0,4.0,1,2420.0,0.0,0.0,0.0
22.0,0.5,1085.0,4.0,1,167.0,0.0,0.0,0.0
838.25,5.333333333333333,940.0,4.0,1,3244.0,0.0,0.0,0.0
294.0,5.0,226.0,4.0,1,231.0,0.0,0.0,0.0
220.5,4.5,251.0,4.0,1,305.0,0.0,0.0,0.0
311.0,5.5,534.0,2.0,1,245.0,0.0,0.0,0.0
3.0,1.0,396.0,0.0,1,0.0,11.0,0.0,0.0
1119.0,8.0,625.0,4.0,1,2355.0,0.0,0.0,0.0
802.0,10.0,743.0,4.0,1,3453.0,0.0,0.0,0.0
100.75,4.0,495.0,4.0,1,107.0,0.0,0.0,0.0
381.0,3.0,92.0,4.0,1,792.0,0.0,0.0,0.0
165.0,2.0,109.0,4.0,1,21.0,0.0,0.0,0.0
267.0,5.0,254.0,4.0,1,316.0,0.0,0.0,0.0
1606.0,22.0,1652.0,5.0,1,340.0,0.0,0.0,0.0
810.0,10.0,981.0,4.0,1,807.0,0.0,0.0,0.0
467.0,17.0,252.0,4.0,1,312.0,0.0,0.0,0.0
62.0,1.0,921.0,4.0,1,191.0,22.25,1.0,0.0
635.5,10.5,724.0,4.0,1,711.0,0.0,0.0,0.0
1200.0,12.0,2129.0,4.0,1,1528.0,0.0,0.0,0.0
645.0,5.0,205.0,4.0,1,295.0,0.0,0.0,0.0
1043.5,13.0,1327.0,4.0,1,2998.0,0.0,0.0,0.0
13.0,2.0,300.0,4.5,1,801.0,0.0,0.0,0.0
654.0,10.5,1034.0,4.0,1,1579.0,0.0,0.0,0.0
351.0,3.0,357.0,4.0,1,418.0,0.0,0.0,0.0
619.3333333333334,5.0,512.0,0.0,1,1280.0,0.0,0.0,0.0
98.0,3.0,900.0,4.0,1,420.0,0.0,0.0,0.0
142.0,2.5,137.0,4.0,1,416.0,0.0,0.0,0.0
41.0,1.0,182.0,4.0,1,48.0,0.0,0.0,0.0
551.0,6.0,146.0,4.0,1,847.0,0.0,0.0,0.0
270.0,3.5,68.0,4.0,1,266.0,0.0,0.0,0.0
584.5,7.0,924.0,4.0,1,846.0,0.0,0.0,0.0
1194.0,9.0,1100.0,4.0,1,2862.0,0.0,0.0,0.0
80.0,1.0,485.0,4.0,1,183.0,0.0,0.0,0.0
158.5,4.0,158.0,4.0,1,20.0,0.0,0.0,0.0
993.0,15.5,418.0,5.0,1,1129.0,0.0,0.0,0.0
655.0,5.5,883.0,4.0,1,518.0,0.0,0.0,0.0
84.5,1.0,1108.0,4.0,0,146.0,15.8,2.0,0.0
128.0,2.0,202.0,4.0,1,320.0,0.0,0.0,0.0
975.0,10.5,839.0,5.0,1,1273.0,0.0,0.0,0.0
131.0,5.5,695.0,4.0,1,82.0,0.0,0.0,0.0
27.5,4.0,922.0,4.0,1,486.0,0.0,0.0,0.0
72.5,1.0,907.0,4.5,0,19.0,12.666666666666666,1.0,0.0
528.5,5.0,499.0,4.0,1,217.0,0.0,0.0,0.0
658.0,12.0,1005.0,4.0,1,1242.0,0.0,0.0,0.0
302.0,2.0,496.0,4.0,1,496.0,0.0,0.0,0.0
676.5,12.5,780.0,4.0,1,2669.0,0.0,0.0,0.0
572.0,9.0,556.0,4.0,1,946.0,0.0,0.0,0.0
534.0,3.0,744.0,4.0,1,367.0,0.0,0.0,0.0
51.0,3.6666666666666665,495.0,3.0,1,118.0,0.0,0.0,0.0
174.0,6.0,1069.0,4.0,1,676.0,0.0,0.0,0.0
310.0,9.0,368.0,4.0,1,437.0,0.0,0.0,0.0
297.5,5.0,686.0,4.0,1,418.0,0.0,0.0,0.0
566.0,6.666666666666667,864.0,4.0,1,1004.0,0.0,0.0,0.0
383.5,6.0,125.0,4.0,1,138.0,0.0,0.0,0.0
972.5,3.0,40.0,5.0,1,400.0,0.0,0.0,0.0
1587.0,9.0,2087.0,4.0,1,475.0,0.0,0.0,0.0
624.5,6.0,364.0,4.0,1,1241.0,0.0,0.0,0.0
406.5,2.0,705.0,4.0,1,251.0,0.0,0.0,0.0
676.0,5.0,435.0,5.0,1,2174.0,0.0,0.0,0.0
542.0,8.5,730.0,2.0,1,536.0,0.0,0.0,0.0
661.0,9.0,806.0,4.5,1,1694.0,0.0,0.0,0.0
108.0,2.0,173.0,4.0,1,138.0,21.33333333333333,1.0,0.0
457.0,8.5,221.0,4.0,1,227.0,31.0,0.0,0.0
355.0,6.5,180.0,4.0,1,90.0,17.5,0.0,0.0
327.0,2.0,251.0,4.0,1,123.0,0.0,0.0,0.0
263.3333333333333,5.0,162.0,4.0,1,111.0,0.0,0.0,0.0
394.0,8.0,733.0,4.0,1,981.0,0.0,0.0,0.0
14.0,4.0,575.0,4.0,1,850.0,13.666666666666666,1.0,0.0
59.0,1.0,406.0,4.0,0,106.0,14.25,4.0,0.0
45.0,2.0,421.0,3.5,1,130.0,0.0,0.0,0.0
336.0,6.0,455.0,4.0,1,340.0,0.0,0.0,0.0
251.0,4.5,208.0,4.0,1,256.0,0.0,0.0,0.0
319.0,5.0,611.0,4.0,1,62.0,0.0,0.0,0.0
173.5,3.0,234.0,4.0,1,219.0,0.0,0.0,0.0
381.0,3.0,240.0,4.0,1,1283.0,0.0,0.0,0.0
326.0,4.0,390.0,4.0,1,401.0,0.0,0.0,0.0
179.0,2.0,132.0,4.0,1,172.0,0.0,0.0,0.0
110.0,1.5,544.0,4.0,0,634.0,11.0,1.0,0.0
91.5,3.0,759.0,4.0,1,1040.0,30.0,0.0,0.0
270.0,3.5,314.0,4.0,1,124.0,0.0,0.0,0.0
748.0,14.5,975.0,4.0,1,278.0,0.0,0.0,0.0
97.0,2.0,501.0,4.0,1,225.0,0.0,0.0,0.0
564.0,8.0,317.0,4.0,1,948.0,0.0,0.0,0.0
209.0,5.0,592.0,4.0,1,544.0,0.0,0.0,0.0
485.0,3.0,411.0,4.0,1,1199.0,0.0,0.0,0.0
971.0,11.0,2223.0,4.0,1,627.0,0.0,0.0,0.0
20.5,2.0,1115.0,4.0,1,132.0,0.0,0.0,0.0
848.0,10.0,1807.0,5.0,1,1608.0,0.0,0.0,0.0
138.5,3.0,175.0,4.0,1,102.0,0.0,0.0,0.0
449.0,7.25,256.0,4.0,1,356.0,0.0,0.0,0.0
444.0,4.0,532.0,4.0,1,4.0,0.0,0.0,0.0
49.0,1.0,191.0,4.0,1,202.0,0.0,0.0,0.0
138.0,5.0,239.0,4.0,1,97.0,0.0,0.0,0.0
872.0,4.0,2373.0,4.0,1,3467.0,0.0,0.0,0.0
570.0,5.5,468.0,4.0,1,602.0,0.0,0.0,0.0
565.0,10.0,360.0,4.0,1,945.0,0.0,0.0,0.0
337.0,4.0,449.0,4.0,1,82.0,0.0,0.0,0.0
472.0,5.0,153.0,4.0,1,588.0,0.0,0.0,0.0
451.0,4.0,60.0,4.0,1,1487.0,0.0,0.0,0.0
645.6666666666666,4.0,143.0,4.0,1,869.0,0.0,0.0,0.0
125.5,2.0,497.0,4.0,1,107.0,0.0,0.0,0.0
134.0,2.0,101.0,4.0,1,3.0,14.5,1.0,0.0
40.5,1.0,782.0,4.0,0,659.0,18.666666666666668,2.0,0.0
327.0,3.5,273.0,4.0,1,534.0,0.0,0.0,0.0
300.0,4.0,816.0,4.0,1,357.0,0.0,0.0,0.0
391.0,6.0,825.0,4.0,1,998.0,0.0,0.0,0.0
288.5,1.0,290.0,4.0,1,308.0,0.0,0.0,0.0
1206.5,12.0,2558.0,4.0,1,1417.0,0.0,0.0,0.0
152.0,1.0,496.0,4.0,1,478.0,0.0,0.0,0.0
543.0,3.5,500.0,4.0,1,623.0,0.0,0.0,0.0
226.0,4.0,280.0,4.0,1,119.0,0.0,0.0,0.0
827.0,12.5,1380.0,4.5,1,58.0,0.0,0.0,0.0
749.0,20.0,559.0,5.0,1,614.0,0.0,0.0,0.0
65.5,2.0,838.0,4.0,1,199.0,0.0,0.0,0.0
557.0,3.0,0.0,4.0,1,672.0,0.0,0.0,0.0
755.0,6.0,923.0,4.0,1,631.0,0.0,0.0,0.0
79.0,0.5,346.0,4.0,1,409.0,35.0,0.0,0.0
553.0,3.0,574.0,4.0,1,990.0,0.0,0.0,0.0
644.0,5.0,588.0,4.0,1,266.0,0.0,0.0,0.0
319.5,2.0,503.0,4.0,1,45.0,0.0,0.0,0.0
385.0,4.0,60.0,4.0,1,861.0,0.0,0.0,0.0
1018.0,10.0,2112.0,4.0,1,3867.0,0.0,0.0,0.0
82.5,3.0,617.0,4.0,1,614.0,0.0,0.0,0.0
28.5,2.0,647.0,4.0,1,555.0,0.0,0.0,0.0
1015.0,16.0,602.0,5.0,1,957.0,0.0,0.0,0.0
36.5,3.0,548.0,4.0,0,473.0,0.0,0.0,0.0
118.0,5.0,658.0,4.0,1,122.0,0.0,0.0,0.0
94.0,2.0,1007.0,4.0,1,574.0,0.0,0.0,0.0
375.0,5.0,863.0,4.0,1,288.0,0.0,0.0,0.0
438.0,6.0,289.0,4.0,1,767.0,0.0,0.0,0.0
30.0,2.0,916.0,4.5,1,555.0,23.0,1.0,0.0
154.0,3.5,511.0,4.0,1,104.0,0.0,0.0,0.0
357.5,11.0,869.0,4.0,1,660.0,0.0,0.0,0.0
45.0,3.5,463.0,4.0,1,655.0,30.0,0.0,0.0
291.5,3.0,357.0,4.0,1,426.0,0.0,0.0,0.0
398.5,4.0,472.0,4.0,1,151.0,0.0,0.0,0.0
579.0,4.5,237.0,4.0,1,76.0,0.0,0.0,0.0
117.75,1.0,433.0,4.0,1,41.0,0.0,0.0,0.0
106.0,2.5,396.0,4.0,1,921.0,0.0,0.0,0.0
527.0,16.25,336.0,4.0,1,478.0,0.0,0.0,0.0
1117.0,30.0,1966.0,5.0,1,127.0,0.0,0.0,0.0
186.0,3.5,446.0,4.0,1,163.0,0.0,0.0,0.0
7.5,1.0,252.0,4.0,1,539.0,0.0,0.0,0.0
230.0,4.0,374.0,0.0,1,13.0,0.0,0.0,0.0
489.0,7.666666666666667,735.0,4.0,1,409.0,0.0,0.0,0.0
622.0,4.0,513.0,4.0,1,399.0,0.0,0.0,0.0
11.5,3.0,472.0,5.0,1,310.0,7.0,2.0,0.0
1482.5,23.0,383.0,4.0,1,562.0,0.0,0.0,0.0
378.5,3.0,361.0,4.0,1,291.0,0.0,0.0,0.0
6.25,2.0,533.0,4.0,1,178.0,0.0,0.0,0.0
1254.0,27.0,1624.0,2.5,1,598.0,0.0,0.0,0.0
1414.0,11.0,610.0,4.0,1,394.0,0.0,0.0,0.0
535.0,14.0,398.0,4.0,1,383.0,0.0,0.0,0.0
553.5,10.0,362.0,4.0,1,489.0,0.0,0.0,0.0
132.0,4.0,752.0,4.0,1,98.0,0.0,0.0,0.0
117.0,2.5,35.0,4.0,1,613.0,0.0,0.0,0.0
995.5,16.5,2021.0,5.0,1,8.0,0.0,0.0,0.0
352.0,10.25,387.0,4.0,1,411.0,0.0,0.0,0.0
82.0,4.0,577.0,4.0,0,1177.0,30.0,0.0,0.0
60.0,2.0,212.0,4.0,1,180.0,0.0,0.0,0.0
227.0,4.0,440.0,0.0,1,50.0,0.0,0.0,0.0
240.5,4.0,740.0,4.0,1,279.0,0.0,0.0,0.0
754.0,7.0,1156.0,4.0,1,378.0,0.0,0.0,0.0
332.0,2.0,156.0,4.0,1,58.0,15.2,2.0,0.0
1197.0,8.0,161.0,4.0,1,1927.0,0.0,0.0,0.0
436.0,6.0,323.0,4.0,1,484.0,0.0,0.0,0.0
807.5,11.25,2053.0,4.0,1,2072.0,0.0,0.0,0.0
340.0,6.0,1040.0,4.0,1,148.0,0.0,0.0,0.0
859.0,9.0,1880.0,4.0,1,708.0,0.0,0.0,0.0
169.5,3.5,662.0,4.0,1,217.0,0.0,0.0,0.0
371.25,6.0,766.0,4.0,1,185.0,0.0,0.0,0.0
851.5,6.0,1882.0,4.0,1,2545.0,0.0,0.0,0.0
681.0,6.0,1045.0,4.0,1,1735.0,0.0,0.0,0.0
233.5,2.0,145.0,4.0,1,521.0,0.0,0.0,0.0
340.0,7.5,158.0,4.0,1,122.0,0.0,0.0,0.0
628.0,9.5,715.0,2.0,1,1213.0,0.0,0.0,0.0
281.5,10.0,423.0,4.0,1,226.0,0.0,0.0,0.0
138.5,5.0,567.0,4.0,1,404.0,0.0,0.0,0.0
49.0,2.5,1117.0,2.0,1,29.0,0.0,0.0,0.0
324.0,5.5,900.0,4.0,1,631.0,0.0,0.0,0.0
741.0,6.5,743.0,4.0,1,794.0,0.0,0.0,0.0
123.0,2.0,575.0,4.0,1,305.0,0.0,0.0,0.0
365.0,5.0,695.0,4.0,1,275.0,0.0,0.0,0.0
97.66666666666669,3.0,600.0,4.0,1,589.0,0.0,0.0,0.0
228.0,2.0,667.0,4.0,1,643.0,0.0,0.0,0.0
118.0,4.0,653.0,2.5,1,6.0,0.0,0.0,0.0
1071.5,5.5,1399.0,4.0,1,3195.0,0.0,0.0,0.0
133.0,1.5,699.0,4.0,0,389.0,0.0,0.0,0.0
669.0,7.0,305.0,4.0,1,1283.0,0.0,0.0,0.0
620.0,4.0,444.0,4.0,1,665.0,0.0,0.0,0.0
171.0,1.5,583.0,4.0,1,236.0,0.0,0.0,0.0
173.5,3.0,151.0,4.0,1,156.0,0.0,0.0,0.0
895.0,12.0,380.0,5.0,1,3053.0,0.0,0.0,0.0
51.0,0.0,1081.0,2.0,1,23.0,16.0,1.0,0.0
141.5,3.0,416.0,4.0,1,60.0,0.0,0.0,0.0
880.5,15.0,1906.0,5.0,1,812.0,0.0,0.0,0.0
545.75,15.5,947.0,5.0,1,2156.0,0.0,0.0,0.0
460.0,2.0,181.0,4.0,1,235.0,0.0,0.0,0.0
651.0,12.0,431.0,4.0,1,1452.0,0.0,0.0,0.0
247.5,2.0,665.0,4.0,1,1005.0,0.0,0.0,0.0
728.0,8.5,1577.0,4.5,1,1555.0,0.0,0.0,0.0
3.0,0.0,566.0,0.0,0,929.0,0.0,0.0,0.0
78.5,2.0,881.0,4.0,0,609.0,0.0,0.0,0.0
11.5,3.0,420.0,2.0,1,136.0,15.2,3.0,0.0
703.0,17.0,1132.0,5.0,1,841.0,0.0,0.0,0.0
556.0,5.0,265.0,4.0,1,526.0,0.0,0.0,0.0
768.0,7.0,1440.0,3.0,1,509.0,0.0,0.0,0.0
88.0,1.0,720.0,4.0,0,226.0,11.25,0.0,0.0
358.0,3.0,405.0,4.0,1,467.0,0.0,0.0,0.0
201.0,5.0,1042.0,4.0,1,1038.0,0.0,0.0,0.0
102.0,1.0,679.0,4.0,1,1095.0,0.0,0.0,0.0
668.0,8.0,668.0,4.0,1,1670.0,0.0,0.0,0.0
1066.5,20.0,187.0,5.0,1,913.0,0.0,0.0,0.0
27.0,1.5,609.0,4.0,1,669.0,0.0,0.0,0.0
506.6666666666667,4.0,454.0,4.0,1,274.0,0.0,0.0,0.0
46.5,2.0,665.0,4.0,1,318.0,8.0,0.0,0.0
977.5,12.0,1579.0,5.0,1,596.0,0.0,0.0,0.0
1021.0,13.5,397.0,4.0,1,553.0,0.0,0.0,0.0
153.0,3.0,384.0,3.5,1,180.0,0.0,0.0,0.0
207.5,5.0,444.0,4.0,1,209.0,0.0,0.0,0.0
255.0,5.0,493.0,4.0,1,910.0,0.0,0.0,0.0
150.0,1.0,741.0,4.0,1,410.0,0.0,0.0,0.0
824.0,5.0,1926.0,4.0,1,2926.0,0.0,0.0,0.0
59.5,2.5,315.0,4.0,1,435.0,0.0,0.0,0.0
218.5,3.0,434.0,4.0,1,135.0,0.0,0.0,0.0
172.0,12.0,514.0,4.0,1,476.0,0.0,0.0,0.0
6.5,2.0,747.0,0.0,1,1210.0,0.0,0.0,0.0
517.0,3.5,159.0,4.0,1,420.0,0.0,0.0,0.0
214.5,2.5,385.0,4.0,1,162.0,0.0,0.0,0.0
521.0,3.0,621.0,4.0,1,715.0,0.0,0.0,0.0
74.0,5.0,563.0,4.0,0,590.0,10.583333333333334,6.0,0.0
1046.0,23.0,204.0,5.0,1,838.0,0.0,0.0,0.0
153.0,2.0,659.0,4.0,0,578.0,8.4,1.0,0.0
522.5,5.5,591.0,4.0,1,688.0,0.0,0.0,0.0
220.0,2.5,177.0,2.0,1,0.0,0.0,0.0,0.0
65.0,3.0,259.0,4.0,1,322.0,16.8,2.0,0.0
293.0,5.5,111.0,4.0,1,495.0,0.0,0.0,0.0
223.0,1.5,579.0,4.0,1,604.0,0.0,0.0,0.0
153.5,5.0,221.0,4.0,1,559.0,0.0,0.0,0.0
228.0,2.0,10.0,4.0,1,541.0,0.0,0.0,0.0
464.0,5.0,690.0,4.0,1,873.0,0.0,0.0,0.0
69.5,2.0,219.0,4.0,1,0.0,13.0,0.0,0.0
883.0,18.666666666666668,790.0,5.0,1,1275.0,0.0,0.0,0.0
84.0,1.5,1326.0,4.0,1,36.0,0.0,0.0,0.0
70.0,1.0,859.0,4.0,0,690.0,15.555555555555555,3.0,0.0
183.0,5.0,554.0,4.0,1,321.0,0.0,0.0,0.0
26.5,1.0,383.0,4.0,1,360.0,0.0,0.0,0.0
790.5,9.0,801.0,4.0,1,2163.0,0.0,0.0,0.0
424.5,3.0,86.0,4.0,1,218.0,0.0,0.0,0.0
28.0,2.0,877.0,4.5,1,866.0,0.0,0.0,0.0
513.5,12.0,306.0,4.5,1,952.0,0.0,0.0,0.0
513.75,7.0,656.0,4.0,1,813.0,0.0,0.0,0.0
113.0,3.0,781.0,4.0,1,671.0,0.0,0.0,0.0
282.0,8.0,691.0,4.0,1,224.0,0.0,0.0,0.0
1106.0,13.0,556.0,4.0,1,1805.0,0.0,0.0,0.0
304.0,5.0,148.0,4.0,1,73.0,0.0,0.0,0.0
1240.5,8.0,789.0,4.0,1,1767.0,0.0,0.0,0.0
338.0,8.0,788.0,4.0,1,260.0,0.0,0.0,0.0
108.0,1.0,538.0,4.0,1,231.0,0.0,0.0,0.0
97.0,2.5,900.0,4.0,1,239.0,0.0,0.0,0.0
69.0,1.0,45.0,4.0,1,109.0,0.0,0.0,0.0
283.0,3.5,432.0,4.0,1,558.0,0.0,0.0,0.0
722.0,15.0,1186.0,4.0,1,1975.0,0.0,0.0,0.0
34.5,1.0,612.0,2.0,1,18.0,0.0,0.0,0.0
43.5,1.5,391.0,4.0,1,137.0,0.0,0.0,0.0
144.0,3.5,622.0,4.0,1,478.0,0.0,0.0,0.0
112.0,4.0,522.0,4.0,1,312.0,0.0,0.0,0.0
475.0,7.5,600.0,4.0,1,996.0,0.0,0.0,0.0
341.0,8.5,275.0,4.0,1,418.0,0.0,0.0,0.0
20.25,3.0,541.0,4.0,1,191.0,0.0,0.0,0.0
1254.5,10.0,936.0,4.0,1,1270.0,0.0,0.0,0.0
423.0,8.0,608.0,4.0,1,86.0,0.0,0.0,0.0
517.0,11.75,628.0,4.0,1,511.0,0.0,0.0,0.0
1064.0,10.0,1034.0,4.0,1,1200.0,0.0,0.0,0.0
285.0,4.0,416.0,4.0,1,951.0,0.0,0.0,0.0
601.0,4.5,627.0,4.0,1,1076.0,0.0,0.0,0.0
198.0,2.0,279.0,4.0,1,33.0,0.0,0.0,0.0
195.0,3.0,763.0,4.0,1,338.0,0.0,0.0,0.0
322.5,3.6666666666666665,221.0,4.0,1,333.0,0.0,0.0,0.0
166.25,3.5,361.0,4.0,1,444.0,0.0,0.0,0.0
219.25,4.0,642.0,4.0,1,650.0,0.0,0.0,0.0
277.0,3.0,557.0,4.0,1,351.0,0.0,0.0,0.0
1146.0,7.5,417.0,4.0,1,1455.0,0.0,0.0,0.0
267.5,15.0,289.0,4.0,1,412.0,0.0,0.0,0.0
59.0,4.0,913.0,4.0,1,282.0,0.0,0.0,0.0
780.0,26.5,642.0,5.0,1,673.0,0.0,0.0,0.0
1023.0,13.5,1624.0,4.0,1,388.0,0.0,0.0,0.0
296.0,4.5,242.0,4.0,1,255.0,0.0,0.0,0.0
827.6666666666666,7.0,1341.0,4.0,1,168.0,0.0,0.0,0.0
523.0,4.0,86.0,4.0,1,141.0,0.0,0.0,0.0
133.0,5.0,843.0,4.0,1,289.0,0.0,0.0,0.0
151.5,3.5,405.0,3.0,1,86.0,0.0,0.0,0.0
559.0,4.0,18.0,4.0,1,498.0,0.0,0.0,0.0
37.5,1.0,659.0,5.0,1,675.0,0.0,0.0,0.0
1353.0,35.0,1273.0,5.0,1,322.0,0.0,0.0,0.0
34.25,1.0,1005.0,4.0,1,586.0,0.0,0.0,0.0
652.0,4.5,782.0,4.0,1,540.0,0.0,0.0,0.0
294.5,3.0,199.0,4.0,1,306.0,0.0,0.0,0.0
69.0,3.0,484.0,4.0,1,723.0,0.0,0.0,0.0
294.0,2.0,303.0,4.0,1,767.0,0.0,0.0,0.0
615.5,13.0,678.0,5.0,1,1212.0,0.0,0.0,0.0
452.0,4.5,291.0,4.0,1,407.0,0.0,0.0,0.0
531.5,4.0,428.0,4.0,1,301.0,0.0,0.0,0.0
236.0,5.5,470.0,4.0,1,1035.0,0.0,0.0,0.0
82.0,3.5,584.0,4.0,1,974.0,15.0,2.0,0.0
158.0,1.0,498.0,4.0,1,264.0,0.0,0.0,0.0
81.0,5.0,657.0,4.0,1,173.0,9.8,1.0,0.0
304.6666666666667,3.5,409.0,4.0,1,1040.0,0.0,0.0,0.0
90.5,1.0,947.0,4.0,1,319.0,0.0,0.0,0.0
99.0,3.0,46.0,3.5,1,240.0,0.0,0.0,0.0
969.8,18.0,488.0,4.5,1,867.0,0.0,0.0,0.0
414.0,6.0,739.0,4.0,1,77.0,0.0,0.0,0.0
403.0,3.0,656.0,4.0,1,107.0,0.0,0.0,0.0
513.75,23.0,464.0,4.0,1,306.0,0.0,0.0,0.0
83.0,2.0,726.0,4.0,1,104.0,0.0,0.0,0.0
612.0,4.0,1220.0,4.5,1,1796.0,0.0,0.0,0.0
228.5,2.5,248.0,4.0,1,78.0,0.0,0.0,0.0
621.0,7.75,414.0,4.0,1,1228.0,0.0,0.0,0.0
605.5,4.5,1474.0,4.0,1,2277.0,0.0,0.0,0.0
24.0,9.0,576.0,4.0,1,211.0,0.0,0.0,0.0
1200.5,11.0,2394.0,4.0,1,1597.0,0.0,0.0,0.0
228.0,14.5,143.0,4.0,1,511.0,0.0,0.0,0.0
261.0,8.666666666666666,167.0,4.0,1,869.0,0.0,0.0,0.0
947.5,15.75,1332.0,4.0,1,1793.0,0.0,0.0,0.0
469.0,7.0,294.0,4.0,1,1621.0,0.0,0.0,0.0
1507.0,37.0,2096.0,4.0,1,199.0,0.0,0.0,0.0
269.0,3.0,124.0,4.0,1,295.0,15.0,1.0,0.0
29.0,2.0,856.0,4.0,1,621.0,16.666666666666668,2.0,0.0
85.66666666666667,1.0,425.0,4.0,1,74.0,30.0,0.0,0.0
119.66666666666669,2.0,350.0,4.0,1,405.0,0.0,0.0,0.0
113.0,3.0,436.0,4.0,1,182.0,0.0,0.0,0.0
291.0,4.0,0.0,4.0,1,153.0,0.0,0.0,0.0
640.3333333333334,5.0,301.0,4.5,1,1301.0,0.0,0.0,0.0
275.0,3.0,263.0,4.0,1,175.0,0.0,0.0,0.0
439.0,6.0,99.0,4.0,1,68.0,0.0,0.0,0.0
994.25,14.5,1131.0,5.0,1,1515.0,0.0,0.0,0.0
138.0,2.5,844.0,4.5,1,189.0,0.0,0.0,0.0
67.0,2.5,261.0,3.0,1,654.0,0.0,0.0,0.0
167.5,6.0,309.0,4.5,1,96.0,0.0,0.0,0.0
213.0,4.0,177.0,4.0,1,108.0,0.0,0.0,0.0
320.25,6.0,93.0,4.0,1,110.0,0.0,0.0,0.0
178.0,2.5,676.0,4.0,1,254.0,0.0,0.0,0.0
218.0,2.5,106.0,4.0,1,56.0,0.0,0.0,0.0
349.5,3.5,404.0,4.0,1,1410.0,0.0,0.0,0.0
880.0,13.0,1710.0,4.0,1,2129.0,0.0,0.0,0.0
405.5,6.0,316.0,4.0,1,78.0,0.0,0.0,0.0
229.0,2.0,616.0,4.0,1,77.0,0.0,0.0,0.0
524.0,6.0,1214.0,4.0,1,2367.0,0.0,0.0,0.0
168.0,3.0,653.0,4.0,1,182.0,0.0,0.0,0.0
755.0,7.25,591.0,4.0,1,3316.0,0.0,0.0,0.0
53.0,1.0,362.0,4.0,1,281.0,0.0,0.0,0.0
64.5,9.0,410.0,4.0,1,272.0,0.0,0.0,0.0
516.0,7.0,677.0,4.0,1,505.0,0.0,0.0,0.0
985.6666666666666,21.0,1964.0,4.0,1,2074.0,0.0,0.0,0.0
667.0,14.0,559.0,5.0,1,2158.0,0.0,0.0,0.0
165.5,2.5,445.0,4.0,1,233.0,0.0,0.0,0.0
210.0,3.5,199.0,4.0,1,143.0,0.0,0.0,0.0
832.0,8.0,1132.0,4.0,1,425.0,0.0,0.0,0.0
272.75,5.0,1034.0,4.0,1,836.0,0.0,0.0,0.0
1139.0,19.0,224.0,5.0,1,695.0,0.0,0.0,0.0
25.5,4.0,581.0,4.5,1,177.0,0.0,0.0,0.0
173.5,6.5,881.0,4.0,1,336.0,0.0,0.0,0.0
542.0,5.5,818.0,4.0,1,877.0,0.0,0.0,0.0
71.5,1.5,830.0,4.0,1,521.0,16.8,2.0,0.0
527.5,7.0,764.0,4.0,1,426.0,0.0,0.0,0.0
374.0,4.5,841.0,4.0,1,138.0,0.0,0.0,0.0
946.0,22.5,679.0,5.0,1,1040.0,0.0,0.0,0.0
50.0,1.5,1255.0,4.0,0,76.0,20.0,1.0,0.0
73.5,2.0,438.0,3.0,1,1255.0,0.0,0.0,0.0
1171.3333333333333,7.0,827.0,4.0,1,2679.0,0.0,0.0,0.0
146.5,2.0,942.0,4.0,1,545.0,8.5,1.0,0.0
686.0,21.0,498.0,4.0,1,682.0,0.0,0.0,0.0
636.0,8.0,970.0,4.0,1,517.0,0.0,0.0,0.0
251.0,1.0,712.0,4.0,1,534.0,0.0,0.0,0.0
785.0,7.0,1120.0,4.0,1,558.0,0.0,0.0,0.0
892.0,9.0,991.0,4.0,1,161.0,0.0,0.0,0.0
482.5,7.5,602.0,0.0,1,21.0,0.0,0.0,0.0
646.0,6.0,723.0,4.5,1,1450.0,0.0,0.0,0.0
167.0,1.5,706.0,4.0,1,109.0,0.0,1.0,0.0
701.0,9.0,1159.0,4.5,1,1861.0,0.0,0.0,0.0
32.5,2.0,362.0,0.0,1,41.0,0.0,0.0,0.0
85.0,3.0,875.0,4.0,0,970.0,20.0,1.0,0.0
328.0,3.0,107.0,4.0,1,4.0,0.0,0.0,0.0
63.5,2.0,970.0,4.0,0,418.0,16.333333333333332,1.0,0.0
531.0,5.5,504.0,4.0,1,881.0,0.0,0.0,0.0
390.0,3.5,644.0,4.0,1,18.0,0.0,0.0,0.0
444.0,3.0,130.0,4.0,1,1579.0,0.0,0.0,0.0
511.0,2.0,81.0,4.0,1,327.0,0.0,0.0,0.0
263.25,5.0,289.0,4.0,1,203.0,0.0,0.0,0.0
170.0,2.5,447.0,4.0,1,161.0,0.0,0.0,0.0
481.0,6.0,381.0,3.5,1,540.0,0.0,0.0,0.0
536.0,7.0,505.0,5.0,1,1905.0,0.0,0.0,0.0
318.0,5.5,392.0,4.0,1,223.0,0.0,0.0,0.0
1002.25,16.0,379.0,5.0,1,800.0,0.0,0.0,0.0
247.5,3.5,237.0,4.0,1,358.0,0.0,0.0,0.0
45.5,3.5,273.0,4.0,1,48.0,0.0,0.0,0.0
441.0,6.0,301.0,4.0,1,652.0,0.0,0.0,0.0
353.0,4.0,369.0,4.0,1,438.0,0.0,0.0,0.0
418.0,6.0,476.0,4.0,1,769.0,0.0,0.0,0.0
28.0,2.0,712.0,4.5,0,800.0,23.25,1.0,0.0
283.5,4.5,359.0,4.0,1,598.0,0.0,0.0,0.0
76.0,5.5,602.0,4.0,1,266.0,0.0,0.0,0.0
1077.0,27.0,175.0,5.0,1,609.0,0.0,0.0,0.0
672.0,8.0,946.0,4.0,1,1694.0,0.0,0.0,0.0
22.0,0.5,611.0,4.0,1,540.0,0.0,0.0,0.0
40.0,2.0,469.0,4.0,1,20.0,3.0,2.0,0.0
223.5,6.0,996.0,4.0,1,290.0,0.0,0.0,0.0
484.0,9.0,202.0,3.5,1,490.0,31.0,0.0,0.0
1109.0,4.0,547.0,5.0,1,1619.0,0.0,0.0,0.0
511.0,10.0,414.0,4.0,1,248.0,0.0,0.0,0.0
584.0,5.0,1009.0,5.0,1,2622.0,0.0,0.0,0.0
477.5,10.0,186.0,4.0,1,221.0,0.0,0.0,0.0
235.0,3.5,262.0,4.0,1,253.0,0.0,0.0,0.0
588.0,4.5,60.0,4.0,1,917.0,0.0,0.0,0.0
411.0,8.0,741.0,4.0,1,670.0,0.0,0.0,0.0
345.5,4.0,409.0,4.0,1,307.0,0.0,0.0,0.0
856.5,10.0,1852.0,4.5,1,1322.0,0.0,0.0,0.0
227.5,2.0,729.0,4.0,1,85.0,0.0,0.0,0.0
909.0,14.0,616.0,4.5,1,871.0,0.0,0.0,0.0
109.0,4.0,998.0,4.0,1,435.0,0.0,0.0,0.0
34.0,1.0,1256.0,4.5,0,583.0,0.0,0.0,0.0
222.0,5.5,566.0,4.0,1,547.0,0.0,0.0,0.0
523.0,4.333333333333333,541.0,4.0,1,457.0,0.0,0.0,0.0
869.0,11.5,2086.0,2.0,1,251.0,0.0,0.0,0.0
515.0,7.0,745.0,4.0,1,705.0,0.0,0.0,0.0
224.0,4.0,574.0,4.0,1,23.0,0.0,0.0,0.0
991.0,13.5,1058.0,5.0,1,1459.0,0.0,0.0,0.0
203.0,5.5,239.0,4.0,1,104.0,0.0,0.0,0.0
167.25,2.0,774.0,2.0,1,56.0,17.25,2.0,0.0
1167.0,7.0,601.0,4.0,1,1251.0,0.0,0.0,0.0
517.0,6.0,181.0,4.0,1,375.0,0.0,0.0,0.0
522.0,4.25,215.0,4.0,1,640.0,0.0,0.0,0.0
575.0,4.5,0.0,4.0,1,680.0,0.0,0.0,0.0
583.75,5.5,160.0,4.0,1,124.0,0.0,0.0,0.0
296.5,1.5,306.0,4.0,1,525.0,0.0,0.0,0.0
116.0,1.0,164.0,4.0,1,107.0,0.0,0.0,0.0
516.0,2.0,467.0,4.0,1,582.0,0.0,0.0,0.0
738.5,6.0,1054.0,4.0,1,493.0,0.0,0.0,0.0
755.5,6.0,1433.0,4.0,1,2205.0,0.0,0.0,0.0
529.0,6.0,321.0,4.0,1,1804.0,0.0,0.0,0.0
329.0,4.0,80.0,4.0,1,1013.0,0.0,0.0,0.0
114.5,2.0,344.0,4.0,1,169.0,0.0,0.0,0.0
511.0,8.0,230.0,4.0,1,384.0,0.0,0.0,0.0
551.0,4.0,61.0,4.0,1,492.0,0.0,0.0,0.0
68.0,1.5,571.0,4.0,0,475.0,0.0,0.0,0.0
25.0,0.0,663.0,4.0,1,958.0,0.0,0.0,0.0
1018.0,14.0,2289.0,4.0,1,802.0,0.0,0.0,0.0
93.0,3.5,843.0,2.0,1,49.0,0.0,0.0,0.0
140.0,1.0,351.0,4.0,1,228.0,0.0,0.0,0.0
153.0,3.5,271.0,4.0,1,481.0,0.0,0.0,0.0
901.0,7.5,1701.0,5.0,1,4090.0,0.0,0.0,0.0
43.0,2.0,119.0,4.0,1,153.0,0.0,0.0,0.0
925.5,19.0,659.0,5.0,1,1078.0,0.0,0.0,0.0
290.0,6.0,847.0,4.0,1,293.0,0.0,0.0,0.0
96.25,2.0,863.0,4.0,1,1098.0,30.0,0.0,0.0
353.0,4.0,562.0,0.0,1,34.0,0.0,0.0,0.0
296.0,3.5,242.0,4.0,1,246.0,0.0,0.0,0.0
18.0,3.0,128.0,4.0,1,1023.0,0.0,0.0,0.0
101.0,3.0,100.0,4.0,1,296.0,0.0,0.0,0.0
117.0,1.5,323.0,3.5,1,341.0,0.0,0.0,0.0
511.0,7.0,451.0,4.0,1,199.0,0.0,0.0,0.0
594.0,7.0,630.0,4.0,1,1052.0,0.0,0.0,0.0
302.5,4.0,382.0,4.0,1,1021.0,0.0,0.0,0.0
34.5,2.0,670.0,3.5,1,110.0,0.0,0.0,0.0
1559.0,14.0,721.0,4.0,1,235.0,0.0,0.0,0.0
189.5,3.0,523.0,2.0,1,10.0,0.0,0.0,0.0
264.5,2.0,772.0,4.0,1,54.0,0.0,0.0,0.0
558.0,4.0,250.0,4.0,1,806.0,0.0,0.0,0.0
749.0,9.0,498.0,5.0,1,2169.0,0.0,0.0,0.0
258.5,4.0,404.0,4.0,1,290.0,0.0,0.0,0.0
227.0,4.5,644.0,4.0,1,600.0,0.0,0.0,0.0
318.0,2.0,35.0,4.0,1,346.0,0.0,0.0,0.0
291.0,5.5,353.0,4.0,1,527.0,0.0,0.0,0.0
87.0,1.0,775.0,4.0,1,236.0,12.833333333333334,6.0,0.0
308.0,9.0,30.0,4.0,1,102.0,0.0,0.0,0.0
67.66666666666667,2.0,437.0,4.0,1,749.0,0.0,0.0,0.0
69.0,2.0,230.0,4.0,0,325.0,5.5,2.0,0.0
278.0,9.0,349.0,4.0,1,324.0,0.0,0.0,0.0
200.0,4.0,580.0,4.0,1,459.0,0.0,0.0,0.0
152.0,4.0,352.0,4.0,1,86.0,0.0,0.0,0.0
538.0,6.0,148.0,4.0,1,219.0,0.0,0.0,0.0
1089.0,12.5,923.0,4.0,1,1222.0,0.0,0.0,0.0
665.5,12.5,496.0,4.5,1,1515.0,0.0,0.0,0.0
62.0,2.0,277.0,4.0,1,436.0,0.0,0.0,0.0
418.0,4.0,84.0,4.0,1,367.0,0.0,0.0,0.0
1193.0,8.0,1248.0,4.0,1,2926.0,0.0,0.0,0.0
93.0,3.0,1134.0,4.0,1,223.0,0.0,0.0,0.0
261.0,4.333333333333333,877.0,4.0,1,167.0,0.0,0.0,0.0
17.0,2.5,207.0,3.0,0,203.0,18.25,1.0,0.0
28.5,4.0,941.0,4.0,1,456.0,0.0,0.0,0.0
427.0,3.0,301.0,4.0,1,1151.0,0.0,0.0,0.0
557.0,3.0,17.0,4.0,1,645.0,0.0,0.0,0.0
245.0,3.0,493.0,4.0,1,57.0,0.0,0.0,0.0
663.0,3.5,664.0,4.5,1,1681.0,0.0,0.0,0.0
229.0,2.0,707.0,4.0,1,88.0,0.0,0.0,0.0
1396.0,16.5,828.0,5.0,1,134.0,0.0,0.0,0.0
955.0,24.0,2192.0,4.0,1,1875.0,0.0,0.0,0.0
171.25,2.0,459.0,4.0,1,234.0,0.0,0.0,0.0
1035.0,12.0,1089.0,4.0,1,2526.0,0.0,0.0,0.0
618.0,25.0,900.0,5.0,1,1557.0,0.0,0.0,0.0
63.0,3.0,534.0,5.0,1,391.0,0.0,0.0,0.0
292.0,10.0,658.0,4.0,1,166.0,0.0,0.0,0.0
1282.0,36.0,1847.0,4.0,1,142.0,0.0,0.0,0.0
828.0,8.0,1922.0,4.0,1,964.0,0.0,0.0,0.0
30.5,2.0,278.0,4.0,1,396.0,0.0,0.0,0.0
287.0,10.0,184.0,4.0,1,501.0,0.0,0.0,0.0
82.0,6.0,994.0,4.0,1,430.0,0.0,0.0,0.0
95.0,2.5,628.0,4.0,1,277.0,22.0,1.0,0.0
21.0,1.5,597.0,4.0,1,416.0,0.0,0.0,0.0
110.0,4.0,764.0,4.0,1,585.0,0.0,0.0,0.0
269.0,3.0,105.0,0.0,1,255.0,0.0,0.0,0.0
509.0,7.0,433.0,4.0,1,376.0,0.0,0.0,0.0
473.0,4.5,278.0,4.0,1,1216.0,0.0,0.0,0.0
830.0,9.0,2040.0,4.0,1,2639.0,0.0,0.0,0.0
151.5,1.0,672.0,4.0,0,431.0,0.0,0.0,0.0
193.75,3.0,1344.0,4.0,1,573.0,0.0,0.0,0.0
334.0,4.0,587.0,4.0,1,582.0,0.0,0.0,0.0
1.5,0.0,596.0,0.0,0,940.0,0.0,0.0,0.0
309.0,5.0,261.0,2.0,1,47.0,4.0,0.0,0.0
446.5,5.5,334.0,4.0,1,570.0,0.0,0.0,0.0
360.0,6.0,893.0,4.0,1,959.0,0.0,0.0,0.0
1178.5,9.0,348.0,4.0,1,2217.0,0.0,0.0,0.0
250.5,6.0,285.0,4.0,1,952.0,0.0,0.0,0.0
721.0,10.0,1327.0,2.0,1,1444.0,0.0,0.0,0.0
512.0,5.0,640.0,4.0,1,398.0,0.0,0.0,0.0
355.5,4.0,847.0,4.0,1,129.0,0.0,0.0,0.0
330.0,5.5,456.0,4.0,1,290.0,0.0,0.0,0.0
822.0,9.0,1072.0,5.0,1,1448.0,0.0,0.0,0.0
189.0,8.0,1013.0,4.0,1,855.0,0.0,0.0,0.0
40.5,3.0,783.0,4.0,1,29.0,0.0,0.0,0.0
149.5,1.0,950.0,4.0,0,423.0,4.0,0.0,0.0
324.0,7.0,679.0,4.0,1,614.0,0.0,0.0,0.0
562.5,7.0,298.0,4.0,1,886.0,0.0,0.0,0.0
642.5,7.0,256.0,4.0,1,211.0,0.0,0.0,0.0
734.0,4.0,1321.0,4.0,1,2021.0,0.0,0.0,0.0
1206.5,5.0,659.0,4.0,1,1254.0,0.0,0.0,0.0
706.5,15.0,504.0,5.0,1,1309.0,0.0,0.0,0.0
33.0,1.0,381.0,4.0,1,413.0,30.0,0.0,0.0
69.5,2.0,493.0,4.0,1,314.0,24.666666666666668,2.0,0.0
734.5,5.0,1507.0,4.0,1,2200.0,0.0,0.0,0.0
170.5,1.0,625.0,4.0,1,192.0,20.0,1.0,0.0
604.5,7.5,463.0,4.0,1,1021.0,0.0,0.0,0.0
7.0,1.5,536.0,5.0,1,714.0,0.0,0.0,0.0
132.5,10.0,155.0,4.0,1,111.0,0.0,0.0,0.0
70.5,1.5,934.0,4.0,0,439.0,11.285714285714286,2.0,0.0
56.0,2.0,886.0,2.0,0,16.0,11.090909090909092,4.0,0.0
970.0,19.0,1992.0,5.0,1,10.0,0.0,0.0,0.0
300.0,4.0,835.0,4.0,1,156.0,0.0,0.0,0.0
136.75,5.0,816.0,4.0,1,319.0,0.0,0.0,0.0
800.0,10.0,1672.0,4.0,1,1472.0,0.0,0.0,0.0
835.5,11.666666666666666,1796.0,4.0,1,671.0,0.0,0.0,0.0
556.0,8.5,315.0,4.0,1,534.0,0.0,0.0,0.0
239.0,4.0,547.0,2.0,1,130.0,0.0,0.0,0.0
110.0,2.0,269.0,4.0,1,884.0,0.0,0.0,0.0
196.0,15.0,516.0,4.0,1,228.0,0.0,0.0,0.0
55.5,1.0,954.0,4.0,1,41.0,22.0,0.0,0.0
89.0,2.0,709.0,4.0,1,1215.0,13.4,2.0,0.0
285.5,5.0,292.0,4.0,1,662.0,0.0,0.0,0.0
267.0,4.0,278.0,4.0,1,210.0,15.75,2.0,0.0
91.0,4.0,368.0,4.0,1,75.0,0.0,0.0,0.0
12.0,2.0,514.0,4.0,1,460.0,0.0,0.0,0.0
18.0,2.5,256.0,4.0,1,429.0,1.0,0.0,0.0
159.0,2.0,579.0,4.0,1,156.0,30.0,0.0,0.0
58.0,2.0,360.0,4.0,1,482.0,0.0,0.0,0.0
106.5,2.0,296.0,4.0,1,824.0,0.0,0.0,0.0
264.0,4.0,434.0,4.0,1,604.0,0.0,0.0,0.0
45.5,0.5,619.0,4.0,0,468.0,14.0,1.0,0.0
675.5,5.5,888.0,4.0,1,299.0,0.0,0.0,0.0
426.0,5.0,152.0,4.0,1,100.0,0.0,0.0,0.0
156.5,3.0,393.0,4.0,1,105.0,0.0,0.0,0.0
1113.0,16.0,2485.0,4.0,1,1137.0,0.0,0.0,0.0
375.0,4.5,490.0,4.0,1,353.0,0.0,0.0,0.0
129.5,1.5,640.0,2.0,1,0.0,0.0,0.0,0.0
354.0,6.5,480.0,4.0,1,743.0,0.0,0.0,0.0
436.0,4.0,332.0,2.0,1,329.0,0.0,0.0,0.0
9.0,1.5,613.0,4.0,1,346.0,0.0,0.0,0.0
1014.0,10.5,1358.0,4.0,1,977.0,0.0,0.0,0.0
1427.0,14.0,682.0,4.5,1,289.0,0.0,0.0,0.0
367.25,6.0,399.0,4.0,1,1205.0,0.0,0.0,0.0
3.0,1.5,741.0,0.0,1,654.0,24.2,1.0,0.0
143.5,2.0,276.0,4.0,1,138.0,0.0,0.0,0.0
231.0,2.5,587.0,4.0,1,132.0,11.0,1.0,0.0
110.0,3.5,565.0,4.0,1,162.0,16.0,3.0,0.0
599.0,3.0,83.0,4.0,1,290.0,0.0,0.0,0.0
603.0,3.5,1002.0,4.5,1,2076.0,0.0,0.0,0.0
504.0,7.0,381.0,4.0,1,575.0,0.0,0.0,0.0
322.5,5.0,962.0,4.0,1,107.0,0.0,0.0,0.0
109.66666666666669,3.0,562.0,4.0,1,273.0,13.166666666666666,3.0,0.0
122.0,3.5,353.0,4.0,1,34.0,0.0,0.0,0.0
600.5,2.5,847.0,4.0,1,1963.0,0.0,0.0,0.0
317.0,5.0,780.0,4.0,1,350.0,0.0,0.0,0.0
788.0,4.0,1670.0,5.0,1,2584.0,0.0,0.0,0.0
74.5,1.0,840.0,5.0,1,1.0,27.0,1.0,0.0
860.0,23.0,1604.0,4.0,1,161.0,0.0,0.0,0.0
628.0,6.0,83.0,4.0,1,373.0,0.0,0.0,0.0
516.5,2.5,110.0,4.0,1,478.0,0.0,0.0,0.0
1448.0,22.0,443.0,4.0,1,1109.0,0.0,0.0,0.0
340.0,5.5,137.0,4.0,1,79.0,0.0,0.0,0.0
855.5,4.5,1500.0,4.0,1,4056.0,0.0,0.0,0.0
512.0,4.0,126.0,4.0,1,280.0,0.0,0.0,0.0
255.5,3.0,311.0,4.0,1,178.0,0.0,0.0,0.0
111.0,4.0,806.0,4.0,1,402.0,0.0,0.0,0.0
565.0,5.0,22.0,4.0,1,730.0,0.0,0.0,0.0
868.0,15.0,2007.0,4.0,1,2246.0,0.0,0.0,0.0
970.5,13.5,1934.0,4.0,1,3469.0,0.0,0.0,0.0
266.0,2.0,170.0,0.0,1,20.0,0.0,0.0,0.0
457.0,4.0,340.0,4.0,1,1338.0,0.0,0.0,0.0
617.0,6.5,328.0,4.0,1,575.0,0.0,0.0,0.0
560.0,4.0,333.0,4.5,1,1553.0,0.0,0.0,0.0
570.75,4.333333333333333,391.0,5.0,1,1676.0,0.0,0.0,0.0
619.0,4.0,448.0,4.0,1,1386.0,0.0,0.0,0.0
292.0,1.5,324.0,4.0,1,379.0,0.0,0.0,0.0
549.0,6.0,403.0,4.0,1,457.0,0.0,0.0,0.0
244.0,3.0,578.0,4.0,1,79.0,0.0,0.0,0.0
944.0,17.0,590.0,5.0,1,1209.0,0.0,0.0,0.0
453.5,4.0,610.0,4.0,1,787.0,0.0,0.0,0.0
407.0,10.0,340.0,4.0,1,501.0,0.0,0.0,0.0
418.0,5.0,480.0,4.0,1,420.0,0.0,0.0,0.0
461.0,5.5,132.0,4.0,1,364.0,0.0,0.0,0.0
717.5,7.5,971.0,4.0,1,1534.0,0.0,0.0,0.0
1305.0,13.333333333333334,1314.0,5.0,1,219.0,0.0,0.0,0.0
34.0,1.5,457.0,4.0,1,509.0,0.0,0.0,0.0
868.0,10.0,1596.0,4.0,1,3393.0,0.0,0.0,0.0
95.0,2.0,804.0,4.0,1,79.0,0.0,0.0,0.0
16.0,3.0,198.0,4.0,1,311.0,12.5,2.0,0.0
13.0,1.0,360.0,4.0,1,174.0,15.0,1.0,0.0
1555.0,12.0,491.0,4.0,1,1437.0,0.0,0.0,0.0
406.0,6.0,90.0,4.0,1,1040.0,0.0,0.0,0.0
1029.5,13.0,1698.0,4.0,1,1804.0,0.0,0.0,0.0
25.0,3.0,384.0,4.0,1,119.0,0.0,0.0,0.0
25.0,0.0,808.0,4.0,1,945.0,0.0,0.0,0.0
375.0,5.0,348.0,4.0,1,579.0,0.0,0.0,0.0
304.0,7.5,273.0,4.0,1,34.0,0.0,0.0,0.0
77.0,3.25,689.0,4.0,0,65.0,10.833333333333334,3.0,0.0
324.0,2.0,120.0,4.0,1,205.0,0.0,0.0,0.0
1068.0,5.0,1740.0,4.0,1,3582.0,0.0,0.0,0.0
101.5,0.0,86.0,4.0,1,360.0,0.0,0.0,0.0
114.5,3.0,742.0,4.0,1,414.0,12.0,2.0,0.0
473.5,5.0,359.0,4.0,1,371.0,0.0,0.0,0.0
150.0,2.0,1012.0,4.5,1,485.0,0.0,0.0,0.0
368.0,6.0,344.0,4.0,1,1239.0,0.0,0.0,0.0
389.0,4.0,751.0,4.0,1,821.0,0.0,0.0,0.0
392.0,5.5,380.0,4.0,1,13.0,0.0,0.0,0.0
1321.0,12.75,1028.0,4.0,1,1117.0,0.0,0.0,0.0
593.0,13.333333333333334,576.0,4.0,1,1019.0,0.0,0.0,0.0
692.0,7.0,472.0,4.0,1,615.0,0.0,0.0,0.0
257.0,5.0,434.0,4.0,1,262.0,0.0,0.0,0.0
804.0,6.0,1779.0,0.0,1,2645.0,0.0,0.0,0.0
370.0,9.0,94.0,4.0,1,584.0,0.0,0.0,0.0
707.0,9.5,677.0,5.0,1,1343.0,0.0,0.0,0.0
505.0,8.0,304.0,4.0,1,125.0,0.0,0.0,0.0
1001.0,16.75,348.0,5.0,1,370.0,0.0,0.0,0.0
338.0,8.0,753.0,4.0,1,540.0,0.0,0.0,0.0
562.0,7.0,786.0,0.0,1,692.0,0.0,0.0,0.0
288.25,5.0,172.0,4.0,1,182.0,0.0,0.0,0.0
72.0,2.25,581.0,4.5,1,697.0,0.0,0.0,0.0
466.5,4.0,174.0,4.0,1,635.0,0.0,0.0,0.0
116.5,1.0,368.0,4.0,1,627.0,0.0,0.0,0.0
462.0,3.0,194.0,4.0,1,88.0,0.0,0.0,0.0
183.0,12.0,634.0,4.0,1,142.0,0.0,0.0,0.0
870.0,8.5,1731.0,4.0,1,2485.0,0.0,0.0,0.0
520.75,4.0,91.0,4.0,1,563.0,0.0,0.0,0.0
183.5,2.0,270.0,4.0,1,134.0,0.0,0.0,0.0
673.0,11.0,1295.0,2.0,1,37.0,0.0,0.0,0.0
960.75,12.0,477.0,4.5,1,230.0,0.0,0.0,0.0
158.0,4.0,74.0,4.0,1,99.0,0.0,0.0,0.0
234.0,4.0,216.0,4.0,1,25.0,0.0,0.0,0.0
50.5,4.0,540.0,4.0,1,698.0,35.0,1.0,0.0
41.5,4.5,661.0,4.0,1,682.0,0.0,0.0,0.0
249.0,3.5,629.0,4.0,1,49.0,0.0,0.0,0.0
463.0,6.5,242.0,4.0,1,48.0,0.0,0.0,0.0
464.0,6.0,720.0,4.0,1,885.0,0.0,0.0,0.0
406.5,7.0,504.0,2.0,1,75.0,0.0,0.0,0.0
136.0,6.5,749.0,4.0,1,318.0,0.0,0.0,0.0
498.0,4.5,261.0,2.0,1,235.0,0.0,0.0,0.0
216.0,3.0,276.0,4.0,1,150.0,0.0,0.0,0.0
716.0,5.0,730.0,4.0,1,1508.0,0.0,0.0,0.0
49.0,1.0,650.0,4.0,1,61.0,0.0,0.0,0.0
35.0,1.0,272.0,4.0,1,311.0,0.0,0.0,0.0
116.5,4.5,507.0,4.0,0,414.0,0.0,0.0,0.0
1097.5,21.0,517.0,4.0,1,528.0,0.0,0.0,0.0
701.0,11.5,1133.0,4.0,1,1300.0,0.0,0.0,0.0
763.0,6.0,1247.0,4.0,1,1902.0,0.0,0.0,0.0
449.0,6.0,517.0,4.0,1,401.0,0.0,0.0,0.0
271.0,4.5,214.0,4.0,1,361.0,18.8,2.0,0.0
427.5,5.0,300.0,4.0,1,70.0,0.0,0.0,0.0
803.0,8.0,1798.0,4.0,1,2603.0,0.0,0.0,0.0
1254.0,14.0,1534.0,4.0,1,796.0,0.0,0.0,0.0
916.0,18.0,671.0,5.0,1,1002.0,0.0,0.0,0.0
1349.0,42.0,2210.0,4.0,1,133.0,0.0,0.0,0.0
46.25,0.5,545.0,2.0,0,45.0,36.0,0.0,0.0
231.0,3.5,1128.0,4.0,1,603.0,0.0,0.0,0.0
36.0,2.0,104.0,4.0,1,496.0,0.0,0.0,0.0
430.5,4.0,339.0,4.0,1,504.0,0.0,0.0,0.0
197.5,5.5,737.0,4.0,0,136.0,0.0,0.0,0.0
554.0,4.0,559.0,4.0,1,414.0,0.0,0.0,0.0
417.5,5.5,604.0,4.0,1,0.0,0.0,0.0,0.0
383.5,4.0,340.0,4.0,1,274.0,0.0,0.0,0.0
942.0,11.0,1423.0,4.0,1,2535.0,0.0,0.0,0.0
116.0,1.5,156.0,4.0,1,147.0,0.0,0.0,0.0
1448.0,18.0,552.0,4.0,1,398.0,0.0,0.0,0.0
57.0,1.5,300.0,4.0,1,427.0,0.0,0.0,0.0
570.5,9.5,334.0,4.0,1,915.0,0.0,0.0,0.0
990.5,20.0,1937.0,4.0,1,2067.0,0.0,0.0,0.0
150.0,2.5,109.0,2.0,1,17.0,0.0,0.0,0.0
352.0,13.0,770.0,4.0,1,779.0,0.0,0.0,0.0
616.25,4.0,523.0,4.0,1,717.0,0.0,0.0,0.0
23.0,0.0,746.0,4.0,0,762.0,0.0,0.0,0.0
69.5,2.0,977.0,4.0,1,412.0,0.0,0.0,0.0
395.6666666666667,6.0,784.0,4.0,1,529.0,0.0,0.0,0.0
109.5,1.5,318.0,4.0,1,114.0,0.0,0.0,0.0
54.0,1.0,305.0,4.0,1,533.0,0.0,0.0,0.0
668.0,13.0,997.0,4.0,1,1210.0,0.0,0.0,0.0
165.0,4.75,297.0,2.0,1,54.0,0.0,0.0,0.0
100.0,1.0,279.0,4.0,1,543.0,7.5,1.0,0.0
783.3333333333334,7.0,305.0,4.5,1,2407.0,0.0,0.0,0.0
329.5,3.0,212.0,4.0,1,315.0,0.0,0.0,0.0
8.5,5.5,682.0,0.0,1,227.0,20.0,3.0,0.0
112.5,4.0,529.0,4.0,1,61.0,0.0,0.0,0.0
572.5,1.5,104.0,4.0,1,536.0,0.0,0.0,0.0
256.0,3.5,767.0,4.0,1,158.0,0.0,0.0,0.0
1156.0,11.0,2307.0,4.0,1,1652.0,0.0,0.0,0.0
1055.0,15.0,1667.0,4.0,1,302.0,0.0,0.0,0.0
520.0,4.0,318.0,2.0,1,415.0,0.0,0.0,0.0
1024.5,11.0,1864.0,4.0,1,3595.0,0.0,0.0,0.0
885.0,6.0,1385.0,4.0,1,3564.0,0.0,0.0,0.0
777.0,14.0,1621.0,4.0,1,1678.0,0.0,0.0,0.0
19.0,3.0,1065.0,4.0,1,404.0,0.0,0.0,0.0
474.5,8.0,449.0,4.0,1,116.0,0.0,0.0,0.0
744.0,18.0,1056.0,4.0,1,175.0,0.0,0.0,0.0
491.0,5.0,77.0,4.0,1,1409.0,12.666666666666666,1.0,0.0
457.0,5.0,163.0,4.0,1,485.0,0.0,0.0,0.0
1178.0,17.0,878.0,4.0,1,751.0,0.0,0.0,0.0
367.0,3.5,858.0,4.0,1,82.0,0.0,0.0,0.0
142.0,3.5,292.0,4.0,1,478.0,0.0,0.0,0.0
202.0,3.0,751.0,4.0,1,125.0,0.0,0.0,0.0
33.0,2.0,1059.0,4.0,0,398.0,0.0,0.0,0.0
435.5,2.0,69.0,4.0,1,264.0,0.0,0.0,0.0
594.0,4.0,585.0,4.0,1,919.0,0.0,0.0,0.0
219.0,13.25,663.0,4.0,1,400.0,0.0,0.0,0.0
487.0,10.0,102.0,4.0,1,169.0,0.0,0.0,0.0
371.5,5.5,707.0,4.0,1,932.0,0.0,0.0,0.0
877.0,19.0,1212.0,5.0,1,1604.0,0.0,0.0,0.0
224.5,3.5,1079.0,4.0,1,547.0,0.0,0.0,0.0
824.6666666666666,18.0,861.0,5.0,1,937.0,0.0,0.0,0.0
13.0,4.5,851.0,4.0,0,196.0,16.0,1.0,0.0
102.5,5.0,216.0,4.0,1,148.0,32.0,0.0,0.0
140.75,4.0,654.0,2.6666666666666665,1,0.0,0.0,0.0,0.0
771.5,10.5,378.0,4.0,1,2268.0,0.0,0.0,0.0
294.0,2.0,646.0,4.0,1,461.0,0.0,0.0,0.0
510.5,3.0,572.0,4.0,1,879.0,0.0,0.0,0.0
1778.0,26.0,1461.0,0.0,1,177.0,0.0,0.0,0.0
23.0,0.5,837.0,4.0,1,623.0,0.0,0.0,0.0
220.0,5.0,645.0,4.0,1,158.0,22.0,1.0,0.0
108.0,1.0,155.0,4.0,1,559.0,16.4,3.0,0.0
758.0,6.5,848.0,4.0,1,716.0,0.0,0.0,0.0
220.0,4.0,373.0,4.0,1,276.0,0.0,0.0,0.0
594.0,8.0,373.0,4.0,1,909.0,0.0,0.0,0.0
997.0,27.0,2066.0,4.0,1,1398.0,0.0,0.0,0.0
67.5,2.0,807.0,4.0,1,465.0,0.0,0.0,0.0
314.0,3.5,861.0,4.0,1,641.0,0.0,0.0,0.0
430.0,5.0,113.0,4.0,1,180.0,0.0,0.0,0.0
374.0,8.0,164.0,4.0,1,433.0,0.0,0.0,0.0
353.0,3.0,356.0,4.0,1,199.0,0.0,0.0,0.0
189.0,4.0,371.0,4.0,1,112.0,0.0,0.0,0.0
484.0,4.0,296.0,4.0,1,579.0,0.0,0.0,0.0
1004.0,16.0,365.0,5.0,1,416.0,0.0,0.0,0.0
18.0,2.0,694.0,4.0,0,464.0,9.5,1.0,0.0
264.0,2.5,89.0,4.0,1,101.0,0.0,0.0,0.0
104.5,2.0,734.0,3.5,1,741.0,15.0,1.0,0.0
83.0,2.5,800.0,4.0,1,598.0,0.0,0.0,0.0
470.0,2.5,246.0,4.0,1,701.0,0.0,0.0,0.0
162.0,2.0,566.0,4.0,1,188.0,20.0,1.0,0.0
4.333333333333333,6.0,532.0,0.0,1,371.0,18.166666666666668,2.0,0.0
1066.0,13.0,1107.0,4.0,1,2767.0,0.0,0.0,0.0
392.0,8.0,567.0,4.0,1,31.0,0.0,0.0,0.0
92.0,2.0,213.0,4.0,1,480.0,0.0,0.0,0.0
174.0,15.0,445.0,4.0,1,245.0,0.0,0.0,0.0
143.0,5.5,255.0,4.0,1,270.0,0.0,0.0,0.0
308.5,6.0,132.0,2.0,0,26.0,0.0,0.0,0.0
799.0,6.0,1803.0,4.0,1,2770.0,0.0,0.0,0.0
532.5,5.0,767.0,4.0,1,950.0,0.0,0.0,0.0
373.5,8.0,383.0,4.0,1,553.0,0.0,0.0,0.0
640.0,9.0,220.0,4.0,1,535.0,0.0,0.0,0.0
758.5,10.0,1386.0,4.0,1,105.0,0.0,0.0,0.0
109.0,1.0,516.0,4.0,0,794.0,10.0,1.0,0.0
208.5,3.0,162.0,4.0,1,311.0,0.0,0.0,0.0
36.0,2.0,365.0,4.0,1,347.0,11.0,4.0,0.0
352.0,4.5,411.0,4.0,1,421.0,0.0,0.0,0.0
346.5,4.0,205.0,4.0,1,92.0,0.0,0.0,0.0
1135.0,7.0,986.0,4.0,1,1119.0,0.0,0.0,0.0
772.5,21.33333333333333,630.0,5.0,1,700.0,0.0,0.0,0.0
3.0,2.0,812.0,2.5,1,562.0,0.0,0.0,0.0
570.0,9.0,738.0,2.0,1,602.0,0.0,0.0,0.0
176.0,4.0,440.0,4.0,1,199.0,0.0,0.0,0.0
1169.0,14.5,2553.0,4.0,1,1455.0,0.0,0.0,0.0
68.0,1.5,904.0,4.0,1,529.0,0.0,0.0,0.0
1221.5,8.0,1088.0,4.0,1,931.0,0.0,0.0,0.0
592.0,2.0,211.0,4.0,1,866.0,0.0,0.0,0.0
458.0,8.5,473.0,4.0,1,453.0,0.0,0.0,0.0
60.0,2.0,294.0,4.0,1,683.0,24.5,1.0,0.0
300.5,7.0,630.0,4.0,1,642.0,0.0,0.0,0.0
28.0,2.5,476.0,4.0,1,122.0,0.0,0.0,0.0
212.0,5.0,700.0,4.0,1,572.0,0.0,0.0,0.0
498.75,5.0,591.0,4.0,1,132.0,0.0,0.0,0.0
207.0,4.0,1053.0,4.0,1,320.0,0.0,0.0,0.0
759.0,10.25,1490.0,4.0,1,1171.0,0.0,0.0,0.0
1448.0,28.5,1827.0,4.0,1,877.0,0.0,0.0,0.0
917.5,20.0,1811.0,4.0,1,1250.0,0.0,0.0,0.0
538.0,4.0,180.0,4.0,1,1777.0,0.0,0.0,0.0
444.0,9.0,171.0,4.0,1,498.0,0.0,0.0,0.0
135.0,2.0,455.0,4.0,1,217.0,0.0,0.0,0.0
62.5,7.5,392.0,4.0,1,385.0,0.0,0.0,0.0
409.0,4.0,107.0,4.0,1,527.0,0.0,0.0,0.0
493.0,4.5,130.0,4.0,1,270.0,0.0,0.0,0.0
1106.0,28.0,2473.0,4.0,1,847.0,0.0,0.0,0.0
200.0,3.0,543.0,4.0,1,243.0,0.0,0.0,0.0
121.5,2.5,658.0,4.0,0,494.0,0.0,0.0,0.0
1257.75,27.5,794.0,4.0,1,530.0,0.0,0.0,0.0
33.0,2.5,450.0,4.0,1,320.0,0.0,0.0,0.0
311.0,6.0,281.0,4.0,1,33.0,0.0,0.0,0.0
1115.0,4.0,800.0,4.0,1,2510.0,0.0,0.0,0.0
647.5,5.0,1202.0,4.0,1,2278.0,0.0,0.0,0.0
455.0,4.0,161.0,4.0,1,486.0,0.0,0.0,0.0
28.0,1.0,405.0,2.0,1,43.0,13.285714285714286,3.0,0.0
96.0,2.5,659.0,4.0,0,605.0,0.0,0.0,0.0
1282.5,22.5,1389.0,5.0,1,296.0,0.0,0.0,0.0
282.0,2.0,194.0,4.5,1,154.0,0.0,0.0,0.0
219.5,4.0,132.0,4.0,1,627.0,0.0,0.0,0.0
939.0,14.0,1394.0,4.0,1,1860.0,0.0,0.0,0.0
249.5,4.0,677.0,4.0,1,93.0,0.0,0.0,0.0
1578.5,13.5,698.0,4.0,1,311.0,0.0,0.0,0.0
1036.0,23.0,388.0,5.0,1,450.0,0.0,0.0,0.0
488.0,3.0,426.0,4.0,1,1241.0,0.0,0.0,0.0
586.0,4.0,214.0,4.0,1,993.0,0.0,0.0,0.0
76.0,1.0,239.0,4.0,0,127.0,30.0,0.0,0.0
12.0,2.5,225.0,4.0,1,1133.0,0.0,0.0,0.0
72.0,2.0,916.0,4.0,0,430.0,6.666666666666667,0.0,0.0
405.0,2.0,819.0,4.0,1,591.0,0.0,0.0,0.0
449.0,6.0,107.0,4.0,1,503.0,0.0,0.0,0.0
463.0,5.0,536.0,4.0,1,889.0,0.0,0.0,0.0
928.0,9.0,1952.0,4.0,1,3794.0,0.0,0.0,0.0
131.25,2.0,324.0,4.0,1,86.0,0.0,0.0,0.0
752.5,6.5,484.0,4.0,1,2160.0,0.0,0.0,0.0
704.0,6.0,845.0,4.0,1,943.0,0.0,0.0,0.0
782.75,19.5,1644.0,4.0,1,811.0,0.0,0.0,0.0
611.0,3.0,1417.0,4.0,1,2402.0,0.0,0.0,0.0
364.25,8.0,259.0,4.0,1,92.0,0.0,0.0,0.0
54.5,3.0,380.0,4.0,0,538.0,12.8,6.0,0.0
33.5,1.5,893.0,5.0,0,880.0,14.4,1.0,0.0
1065.0,4.0,1851.0,4.0,1,3705.0,0.0,0.0,0.0
246.0,2.5,816.0,4.0,1,551.0,0.0,0.0,0.0
622.0,5.0,570.0,2.5,1,1339.0,0.0,0.0,0.0
719.0,5.0,1323.0,2.0,1,2153.0,0.0,0.0,0.0
377.5,6.0,314.0,4.0,1,353.0,0.0,0.0,0.0
124.5,4.0,287.0,4.0,1,235.0,0.0,0.0,0.0
501.5,9.0,906.0,4.0,1,830.0,0.0,0.0,0.0
207.0,2.0,469.0,4.0,1,32.0,0.0,0.0,0.0
150.5,2.0,970.0,4.0,1,457.0,15.142857142857142,2.0,0.0
592.5,5.5,285.0,4.0,1,185.0,0.0,0.0,0.0
748.0,6.0,1258.0,4.0,1,457.0,0.0,0.0,0.0
516.0,7.0,409.0,4.0,1,176.0,0.0,0.0,0.0
107.0,5.0,1117.0,4.0,1,171.0,0.0,0.0,0.0
267.0,4.5,355.0,4.0,1,106.0,0.0,0.0,0.0
363.0,3.0,297.0,4.0,1,376.0,0.0,0.0,0.0
717.0,5.0,724.0,4.0,1,791.0,0.0,0.0,0.0
72.0,5.0,194.0,4.0,1,603.0,0.0,0.0,0.0
276.0,4.0,464.0,4.0,1,928.0,0.0,0.0,0.0
381.0,3.5,291.0,4.0,1,1163.0,0.0,0.0,0.0
226.5,3.0,439.0,4.0,1,37.0,0.0,0.0,0.0
920.5,13.5,1836.0,4.0,1,561.0,0.0,0.0,0.0
462.75,4.0,190.0,4.0,1,62.0,0.0,0.0,0.0
284.0,3.5,136.0,4.0,1,9.0,0.0,0.0,0.0
396.0,4.0,395.0,4.0,1,108.0,0.0,0.0,0.0
260.0,4.0,718.0,4.0,1,767.0,0.0,0.0,0.0
288.0,6.0,282.0,4.0,1,384.0,0.0,0.0,0.0
1418.0,14.0,1912.0,4.0,1,462.0,0.0,0.0,0.0
163.0,3.0,314.0,4.0,1,77.0,0.0,0.0,0.0
568.0,4.0,84.0,4.0,1,127.0,0.0,0.0,0.0
942.5,18.0,1365.0,4.0,1,1707.0,0.0,0.0,0.0
317.5,3.0,383.0,4.0,1,1472.0,0.0,0.0,0.0
1076.0,12.5,1641.0,4.5,1,294.0,0.0,0.0,0.0
847.0,5.0,1074.0,4.0,1,421.0,0.0,0.0,0.0
750.0,7.0,1730.0,4.5,1,1704.0,0.0,0.0,0.0
58.0,2.5,379.0,3.0,1,284.0,0.0,0.0,0.0
782.0,6.0,1064.0,4.0,1,603.0,0.0,0.0,0.0
928.0,21.0,2009.0,5.0,1,0.0,0.0,0.0,0.0
50.5,2.0,1062.0,0.0,1,0.0,0.0,0.0,0.0
920.0,13.0,645.0,5.0,1,1036.0,0.0,0.0,0.0
150.5,2.0,282.0,4.0,1,239.0,0.0,0.0,0.0
75.5,1.0,389.0,4.0,1,468.0,0.0,0.0,0.0
359.0,7.0,276.0,4.0,1,291.0,0.0,0.0,0.0
740.0,20.0,532.0,5.0,1,572.0,0.0,0.0,0.0
45.0,2.0,1378.0,4.0,0,362.0,30.0,0.0,0.0
309.5,3.0,395.0,0.0,1,19.0,0.0,0.0,0.0
31.0,3.0,855.0,4.0,1,965.0,0.0,0.0,0.0
612.5,5.5,828.0,4.0,1,1746.0,0.0,0.0,0.0
980.0,9.0,1214.0,4.0,1,1726.0,0.0,0.0,0.0
246.0,2.0,830.0,4.0,1,981.0,0.0,0.0,0.0
46.5,2.0,547.0,4.0,1,321.0,0.0,0.0,0.0
790.0,7.0,1668.0,4.0,1,2498.0,0.0,0.0,0.0
99.0,1.0,228.0,4.0,1,393.0,18.75,0.0,0.0
839.0,12.333333333333334,1981.0,4.0,1,2205.0,0.0,0.0,0.0
866.5,23.5,792.0,5.0,1,822.0,0.0,0.0,0.0
613.0,5.75,30.0,4.0,1,568.0,0.0,0.0,0.0
559.0,8.0,395.0,4.0,1,893.0,0.0,0.0,0.0
606.0,3.0,1310.0,4.0,1,2271.0,0.0,0.0,0.0
357.0,8.5,172.0,4.0,1,713.0,0.0,0.0,0.0
328.0,7.0,993.0,4.0,1,725.0,0.0,0.0,0.0
133.0,1.5,399.0,2.0,1,49.0,0.0,0.0,0.0
21.5,2.0,597.0,4.5,1,781.0,9.0,1.0,0.0
456.0,5.0,249.0,4.0,1,136.0,9.5,1.0,0.0
64.25,1.0,633.0,3.0,1,98.0,0.0,0.0,0.0
316.5,6.5,564.0,4.0,1,238.0,0.0,0.0,0.0
761.0,6.0,506.0,5.0,1,3159.0,0.0,0.0,0.0
184.5,4.0,557.0,2.0,1,39.0,0.0,0.0,0.0
139.0,3.0,1000.0,4.5,1,338.0,0.0,0.0,0.0
257.0,2.5,540.0,4.0,1,91.0,0.0,0.0,0.0
454.0,3.0,216.0,4.0,1,434.0,0.0,0.0,0.0
320.0,7.5,602.0,4.0,1,817.0,0.0,0.0,0.0
126.0,2.0,520.0,4.0,1,134.0,0.0,0.0,0.0
673.0,6.5,1135.0,0.0,1,1690.0,0.0,0.0,0.0
465.0,5.0,552.0,2.0,1,34.0,0.0,0.0,0.0
1109.0,25.5,480.0,4.0,1,219.0,0.0,0.0,0.0
503.5,4.0,426.0,4.0,1,274.0,0.0,0.0,0.0
260.0,3.5,517.0,4.0,1,336.0,0.0,0.0,0.0
515.5,3.0,517.0,4.0,1,609.0,0.0,0.0,0.0
47.0,2.0,1249.0,4.0,0,509.0,14.6,5.0,0.0
48.0,2.5,31.0,4.0,1,98.0,0.0,0.0,0.0
285.5,4.0,262.0,4.0,1,97.0,0.0,0.0,0.0
265.5,2.5,85.0,4.0,1,414.0,15.0,1.0,0.0
183.0,2.0,529.0,4.0,1,392.0,10.666666666666666,1.0,0.0
25.5,4.0,696.0,4.0,1,560.0,0.0,0.0,0.0
37.0,2.0,38.0,4.5,1,493.0,0.0,0.0,0.0
1.0,1.0,630.0,0.0,1,600.0,0.0,0.0,0.0
5.0,1.0,537.0,4.0,0,319.0,6.5,0.0,0.0
153.5,3.0,691.0,4.0,1,291.0,0.0,0.0,0.0
152.0,5.0,539.0,4.0,1,564.0,0.0,0.0,0.0
420.0,5.5,590.0,4.0,1,411.0,0.0,0.0,0.0
257.0,2.0,109.0,4.0,1,703.0,0.0,0.0,0.0
108.5,1.0,479.0,4.0,1,49.0,0.0,0.0,0.0
331.0,3.5,56.0,4.0,1,1089.0,0.0,0.0,0.0
130.5,2.0,339.0,4.0,1,450.0,0.0,0.0,0.0
665.0,3.0,31.0,4.0,1,114.0,0.0,0.0,0.0
571.0,6.0,624.0,4.0,1,737.0,0.0,0.0,0.0
498.0,5.0,598.0,4.0,1,1047.0,0.0,0.0,0.0
342.0,3.5,214.0,4.0,1,224.0,15.0,1.0,0.0
508.0,4.5,784.0,4.0,1,431.0,0.0,0.0,0.0
347.5,5.5,506.0,4.0,1,648.0,0.0,0.0,0.0
856.0,4.5,1538.0,4.0,1,4085.0,0.0,0.0,0.0
476.0,3.0,430.0,4.0,1,925.0,0.0,0.0,0.0
107.0,1.0,197.0,4.0,1,537.0,0.0,0.0,0.0
480.0,5.0,628.0,4.0,1,1107.0,0.0,0.0,0.0
608.5,10.5,39.0,4.0,1,613.0,0.0,0.0,0.0
42.5,4.0,215.0,4.0,1,200.0,0.0,0.0,0.0
218.5,5.0,502.0,2.0,1,32.0,0.0,0.0,0.0
810.0,13.0,1655.0,4.0,1,1991.0,0.0,0.0,0.0
501.0,10.666666666666666,481.0,4.0,1,315.0,0.0,0.0,0.0
903.0,15.0,1617.0,4.0,1,873.0,0.0,0.0,0.0
457.0,3.5,145.0,4.0,1,1037.0,0.0,0.0,0.0
322.0,7.0,41.0,4.0,1,574.0,0.0,0.0,0.0
705.0,8.5,1397.0,4.0,1,109.0,0.0,0.0,0.0
83.0,1.0,480.0,4.0,1,138.0,0.0,0.0,0.0
643.0,17.0,570.0,4.0,1,1559.0,0.0,0.0,0.0
7.0,4.0,86.0,2.0,1,1102.0,0.0,0.0,0.0
825.5,9.0,1275.0,4.0,1,652.0,0.0,0.0,0.0
32.0,1.5,741.0,4.0,1,52.0,0.0,0.0,0.0
761.25,5.5,930.0,4.0,1,1894.0,0.0,0.0,0.0
543.0,5.0,870.0,4.0,1,792.0,0.0,0.0,0.0
586.0,14.0,715.0,4.0,1,786.0,0.0,0.0,0.0
980.0,6.0,208.0,4.0,1,153.0,0.0,0.0,0.0
337.0,4.5,615.0,4.0,1,603.0,0.0,0.0,0.0
1091.0,13.0,899.0,4.0,1,1254.0,0.0,0.0,0.0
666.0,5.5,882.0,4.0,1,505.0,0.0,0.0,0.0
244.0,5.0,212.0,4.0,1,633.0,0.0,0.0,0.0
146.0,2.5,94.0,2.0,1,68.0,0.0,0.0,0.0
1042.0,11.0,980.0,4.0,1,1445.0,0.0,0.0,0.0
576.5,5.0,133.0,4.0,1,608.0,0.0,0.0,0.0
441.0,5.5,611.0,4.0,1,544.0,0.0,0.0,0.0
958.0,8.0,2268.0,4.0,1,3950.0,0.0,0.0,0.0
955.5,27.0,1855.0,4.0,1,1155.0,0.0,0.0,0.0
467.0,7.25,854.0,4.0,1,904.0,0.0,0.0,0.0
355.0,3.0,461.0,4.0,1,506.0,0.0,0.0,0.0
775.0,5.5,1519.0,4.5,1,2488.0,0.0,0.0,0.0
448.0,4.0,88.0,4.0,1,1718.0,0.0,0.0,0.0
352.0,4.0,311.0,4.0,1,1268.0,0.0,0.0,0.0
39.0,2.0,377.0,4.0,1,114.0,0.0,0.0,0.0
37.5,2.0,484.0,5.0,0,470.0,15.0,2.0,0.0
29.5,0.0,1010.0,4.0,0,1068.0,0.0,0.0,0.0
614.0,3.5,729.0,4.0,1,896.0,0.0,0.0,0.0
320.0,2.5,243.0,4.0,1,176.0,0.0,0.0,0.0
339.0,4.0,339.0,4.0,1,310.0,0.0,0.0,0.0
600.0,6.0,170.0,4.0,1,1137.0,0.0,0.0,0.0
352.0,4.0,877.0,4.0,1,909.0,0.0,0.0,0.0
1342.5,14.0,923.0,4.0,1,1062.0,0.0,0.0,0.0
66.0,3.0,676.0,4.0,1,486.0,17.5,0.0,0.0
173.0,3.5,311.0,4.0,1,18.0,0.0,0.0,0.0
403.0,14.0,781.0,4.0,1,476.0,0.0,0.0,0.0
1077.0,4.0,1733.0,4.0,1,3600.0,0.0,0.0,0.0
1661.5,20.75,1414.0,5.0,1,263.0,0.0,0.0,0.0
1233.0,9.0,1947.0,4.0,1,1220.0,0.0,0.0,0.0
20.5,1.0,417.0,4.0,1,836.0,0.0,0.0,0.0
493.0,20.0,645.0,4.5,1,1243.0,0.0,0.0,0.0
676.0,6.0,362.0,4.0,1,1375.0,0.0,0.0,0.0
166.0,3.0,334.0,4.0,1,104.0,0.0,0.0,0.0
67.0,4.0,306.0,4.5,1,369.0,0.0,0.0,0.0
359.0,6.0,460.0,2.0,1,731.0,0.0,0.0,0.0
315.5,2.5,188.0,4.0,1,321.0,0.0,0.0,0.0
98.5,3.0,428.0,4.0,1,291.0,15.0,2.0,0.0
384.5,5.0,123.0,4.0,1,185.0,15.0,1.0,0.0
14.5,4.0,1027.0,4.0,1,38.0,0.0,0.0,0.0
175.0,9.0,373.0,2.0,1,6.0,0.0,0.0,0.0
1366.0,6.0,1173.0,5.0,1,2049.0,0.0,0.0,0.0
855.0,5.0,2046.0,4.0,1,2949.0,0.0,0.0,0.0
153.0,1.0,441.0,4.0,1,411.0,0.0,0.0,0.0
94.5,3.0,440.0,4.0,1,498.0,0.0,0.0,0.0
732.5,7.0,1400.0,4.0,1,2266.0,0.0,0.0,0.0
388.0,3.5,675.0,4.0,1,203.0,0.0,0.0,0.0
540.0,8.5,748.0,4.0,1,533.0,0.0,0.0,0.0
571.75,2.0,197.0,4.0,1,501.0,0.0,0.0,0.0
61.0,1.5,870.0,4.0,0,140.0,0.0,0.0,0.0
51.5,3.5,391.0,4.0,0,555.0,5.5,0.0,0.0
747.5,6.5,1584.0,2.0,1,2094.0,0.0,0.0,0.0
823.0,5.0,1723.0,4.0,1,2956.0,0.0,0.0,0.0
296.0,4.0,335.0,4.0,1,170.0,0.0,0.0,0.0
573.0,5.0,777.0,4.0,1,794.0,0.0,0.0,0.0
403.0,3.0,602.0,4.0,1,475.0,0.0,0.0,0.0
484.0,8.0,455.0,4.0,1,66.0,0.0,0.0,0.0
153.0,4.0,226.0,4.0,1,196.0,0.0,0.0,0.0
430.0,6.0,190.0,4.0,1,345.0,0.0,0.0,0.0
463.5,5.5,402.0,4.0,1,142.0,0.0,0.0,0.0
15.5,2.0,420.0,4.0,1,556.0,0.0,0.0,0.0
282.5,6.0,117.0,4.0,1,90.0,0.0,0.0,0.0
644.0,4.0,97.0,4.0,1,247.0,0.0,0.0,0.0
132.5,2.0,902.0,4.0,1,488.0,0.0,0.0,0.0
300.0,4.5,853.0,4.0,1,119.0,0.0,0.0,0.0
958.5,14.0,406.0,5.0,1,865.0,0.0,0.0,0.0
682.0,6.0,426.0,4.0,1,403.0,0.0,0.0,0.0
58.0,1.0,745.0,4.0,0,607.0,10.333333333333334,1.0,0.0
149.0,3.0,252.0,4.0,1,596.0,0.0,0.0,0.0
337.0,6.5,1024.0,2.0,1,6.0,0.0,0.0,0.0
35.5,2.5,573.0,4.0,1,1154.0,0.0,0.0,0.0
511.0,6.5,496.0,4.0,1,272.0,0.0,0.0,0.0
143.0,2.0,75.0,4.0,1,310.0,0.0,0.0,0.0
359.25,3.0,404.0,4.0,1,50.0,0.0,0.0,0.0
113.0,3.0,599.0,4.0,1,645.0,0.0,0.0,0.0
169.0,2.5,353.0,0.0,1,33.0,0.0,0.0,0.0
676.0,25.0,675.0,5.0,1,1184.0,0.0,0.0,0.0
552.5,9.0,635.0,5.0,1,1297.0,0.0,0.0,0.0
244.5,6.5,632.0,4.0,1,1035.0,0.0,0.0,0.0
1239.0,16.75,721.0,4.5,1,1999.0,0.0,0.0,0.0
133.0,2.0,422.0,4.0,1,208.0,0.0,0.0,0.0
321.5,5.5,418.0,4.0,1,363.0,0.0,0.0,0.0
434.0,3.5,312.0,4.0,1,1330.0,0.0,0.0,0.0
323.5,5.0,313.0,4.0,1,380.0,0.0,0.0,0.0
74.0,4.0,228.0,4.0,1,327.0,0.0,0.0,0.0
625.0,2.0,442.0,4.0,1,580.0,0.0,0.0,0.0
214.0,3.5,157.0,4.0,1,518.0,0.0,0.0,0.0
242.0,3.0,387.0,4.0,1,504.0,0.0,0.0,0.0
1117.0,13.0,1712.0,4.0,1,1506.0,0.0,0.0,0.0
528.0,6.5,480.0,4.0,1,274.0,0.0,0.0,0.0
391.0,3.0,515.0,4.0,1,162.0,0.0,0.0,0.0
149.0,5.0,270.0,4.0,1,166.0,0.0,0.0,0.0
716.0,3.0,1023.0,4.0,1,1597.0,0.0,0.0,0.0
116.0,1.0,484.0,4.0,0,108.0,0.0,0.0,0.0
88.0,2.0,1146.0,4.0,1,279.0,0.0,0.0,0.0
827.0,5.0,1361.0,4.0,1,4019.0,0.0,0.0,0.0
484.5,7.0,192.0,4.0,1,923.0,0.0,0.0,0.0
428.5,4.0,544.0,4.0,1,225.0,0.0,0.0,0.0
1032.5,11.0,807.0,4.0,1,2091.0,0.0,0.0,0.0
100.0,2.5,673.0,4.0,1,181.0,0.0,0.0,0.0
610.0,6.5,193.0,4.0,1,1179.0,0.0,0.0,0.0
913.25,11.0,1549.0,5.0,1,1373.0,0.0,0.0,0.0
702.0,10.5,1143.0,4.0,1,1385.0,0.0,0.0,0.0
785.0,6.0,1588.0,5.0,1,2518.0,0.0,0.0,0.0
117.0,1.5,96.0,4.0,1,763.0,0.0,0.0,0.0
616.5,8.0,149.0,4.0,1,469.0,0.0,0.0,0.0
494.5,8.0,553.0,2.0,1,0.0,0.0,0.0,0.0
574.75,6.0,365.0,4.0,1,751.0,0.0,0.0,0.0
63.0,3.0,681.0,4.0,1,965.0,0.0,0.0,0.0
915.5,13.0,1430.0,4.0,1,2128.0,0.0,0.0,0.0
651.0,6.0,288.0,4.0,1,849.0,0.0,0.0,0.0
187.0,7.0,480.0,4.0,1,102.0,0.0,0.0,0.0
253.0,9.0,489.0,4.0,1,910.0,0.0,0.0,0.0
208.0,5.0,247.0,4.0,1,613.0,0.0,0.0,0.0
703.0,6.0,1201.0,4.0,1,438.0,0.0,0.0,0.0
170.0,1.0,1010.0,4.0,1,440.0,0.0,0.0,0.0
367.0,4.0,291.0,4.0,1,208.0,0.0,0.0,0.0
48.5,3.5,382.0,4.0,1,1287.0,0.0,0.0,0.0
906.0,17.0,2031.0,4.0,1,3377.0,0.0,0.0,0.0
265.0,8.0,12.0,4.0,1,735.0,0.0,0.0,0.0
166.66666666666666,5.5,1135.0,4.0,1,622.0,0.0,0.0,0.0
102.75,3.0,60.0,4.0,1,377.0,0.0,0.0,0.0
368.0,6.0,703.0,4.0,1,658.0,0.0,0.0,0.0
1175.0,16.0,1795.0,5.0,1,264.0,0.0,0.0,0.0
263.0,3.0,849.0,4.0,1,146.0,0.0,0.0,0.0
545.0,5.0,254.0,4.0,1,675.0,0.0,0.0,0.0
459.0,5.5,479.0,4.0,1,103.0,0.0,0.0,0.0
960.6666666666666,9.0,1798.0,4.0,1,376.0,0.0,0.0,0.0
588.0,13.0,244.0,4.5,1,1928.0,0.0,0.0,0.0
801.5,24.75,694.0,5.0,1,706.0,0.0,0.0,0.0
233.5,5.0,489.0,4.0,1,253.0,0.0,0.0,0.0
282.5,3.5,387.0,4.0,1,149.0,0.0,0.0,0.0
109.0,2.5,431.0,4.0,1,92.0,25.0,0.0,0.0
66.0,2.0,769.0,4.0,1,874.0,30.0,0.0,0.0
379.0,4.5,232.0,4.0,1,242.0,0.0,0.0,0.0
1386.0,7.5,802.0,4.0,1,1199.0,0.0,0.0,0.0
823.0,5.0,2058.0,4.0,1,2958.0,0.0,0.0,0.0
834.0,13.0,1818.0,4.0,1,291.0,0.0,0.0,0.0
57.0,1.0,937.0,4.0,0,165.0,16.5,2.0,0.0
768.0,5.0,1227.0,4.0,1,2091.0,0.0,0.0,0.0
122.0,2.0,415.0,4.0,1,158.0,0.0,0.0,0.0
790.5,16.0,1089.0,4.0,1,571.0,0.0,0.0,0.0
149.0,0.5,286.0,4.0,1,330.0,0.0,0.0,0.0
156.0,12.0,489.0,4.0,1,439.0,0.0,0.0,0.0
95.75,3.0,530.0,4.0,1,387.0,0.0,0.0,0.0
139.5,2.0,221.0,4.0,1,67.0,0.0,0.0,0.0
120.0,1.0,359.0,4.0,1,236.0,0.0,0.0,0.0
151.0,7.0,611.0,4.0,1,289.0,0.0,0.0,0.0
247.0,2.0,610.0,4.0,1,1001.0,0.0,0.0,0.0
1516.5,12.5,90.0,4.0,1,887.0,0.0,0.0,0.0
86.0,2.5,905.0,4.0,0,312.0,13.75,2.0,0.0
37.0,2.0,364.0,2.0,1,76.0,0.0,0.0,0.0
4.0,1.0,228.0,4.0,1,318.0,9.5,0.0,0.0
415.5,3.0,276.0,2.0,1,430.0,0.0,0.0,0.0
76.5,3.0,429.0,4.0,1,845.0,0.0,0.0,0.0
1548.25,12.0,245.0,4.0,1,690.0,0.0,0.0,0.0
890.0,12.0,1561.0,4.0,1,1991.0,0.0,0.0,0.0
440.0,5.5,187.0,4.0,1,192.0,0.0,0.0,0.0
1.0,1.0,300.0,5.0,1,633.0,1.0,0.0,0.0
396.5,8.0,698.0,4.0,1,442.0,0.0,0.0,0.0
50.0,3.0,380.0,2.0,1,39.0,0.0,0.0,0.0
107.0,2.0,331.0,4.0,1,113.0,0.0,0.0,0.0
550.0,4.5,25.0,4.0,1,1931.0,0.0,0.0,0.0
153.0,1.0,361.0,4.0,1,318.0,0.0,0.0,0.0
253.0,9.0,442.0,4.0,1,960.0,0.0,0.0,0.0
15.0,1.5,455.0,4.0,1,131.0,0.0,0.0,0.0
86.0,6.0,992.0,4.0,1,370.0,0.0,0.0,0.0
498.5,3.0,534.0,4.0,1,1355.0,0.0,0.0,0.0
64.5,2.0,228.0,3.5,1,685.0,0.0,0.0,0.0
241.0,3.5,466.0,4.0,1,417.0,0.0,0.0,0.0
56.5,2.0,610.0,4.0,0,924.0,0.0,0.0,0.0
10.5,2.0,124.0,2.0,1,3.0,0.0,0.0,0.0
297.5,3.5,502.0,4.0,1,240.0,0.0,0.0,0.0
1049.0,13.5,2165.0,5.0,1,796.0,0.0,0.0,0.0
310.0,6.0,110.0,4.0,1,58.0,0.0,0.0,0.0
185.0,1.0,273.0,4.0,1,128.0,0.0,0.0,0.0
31.0,1.5,1006.0,4.0,0,167.0,23.33333333333333,3.0,0.0
477.0,21.0,321.0,4.0,1,360.0,0.0,0.0,0.0
73.0,1.0,873.0,4.5,0,44.0,15.5,1.0,0.0
1345.0,11.0,2272.0,4.0,1,1038.0,0.0,0.0,0.0
264.0,4.0,536.0,4.0,1,452.0,0.0,0.0,0.0
447.0,4.5,308.0,2.0,1,374.0,0.0,0.0,0.0
267.0,3.0,91.0,4.0,1,406.0,0.0,0.0,0.0
528.5,21.0,486.0,5.0,1,1553.0,0.0,0.0,0.0
719.5,9.25,405.0,4.0,1,454.0,0.0,0.0,0.0
408.0,6.0,634.0,4.0,1,317.0,0.0,0.0,0.0
556.0,10.0,570.0,4.0,1,453.0,0.0,0.0,0.0
181.5,4.0,1176.0,4.0,1,523.0,0.0,0.0,0.0
59.0,1.0,378.0,4.0,1,670.0,0.0,0.0,0.0
12.0,2.5,88.0,3.5,1,151.0,0.0,0.0,0.0
694.0,7.0,743.0,4.0,1,1767.0,0.0,0.0,0.0
396.0,4.5,103.0,4.0,1,1059.0,0.0,0.0,0.0
520.5,6.0,372.0,4.0,1,154.0,0.0,0.0,0.0
662.0,13.0,825.0,4.0,1,121.0,0.0,0.0,0.0
108.5,2.0,190.0,4.0,1,108.0,0.0,0.0,0.0
51.5,1.0,821.0,4.0,1,240.0,0.0,0.0,0.0
50.0,1.0,489.0,4.0,1,441.0,0.0,0.0,0.0
728.0,7.0,1222.0,4.0,1,1739.0,0.0,0.0,0.0
1049.0,15.0,2205.0,5.0,1,818.0,0.0,0.0,0.0
289.0,4.0,101.0,4.0,0,140.0,0.0,0.0,0.0
325.0,4.5,313.0,4.0,1,226.0,0.0,0.0,0.0
509.0,18.0,416.0,5.0,1,1554.0,0.0,0.0,0.0
235.0,4.0,610.0,4.0,1,130.0,0.0,0.0,0.0
181.0,3.0,663.0,4.0,1,267.0,0.0,0.0,0.0
448.0,3.0,543.0,0.0,1,1.0,0.0,0.0,0.0
1115.0,8.5,963.0,4.0,1,2803.0,0.0,0.0,0.0
176.0,3.5,781.0,4.0,1,359.0,0.0,0.0,0.0
430.0,4.5,479.0,4.0,1,131.0,0.0,0.0,0.0
595.75,11.0,449.0,4.5,1,6.0,0.0,0.0,0.0
191.25,2.0,116.0,2.333333333333333,1,9.0,0.0,0.0,0.0
313.5,4.5,323.0,4.0,1,999.0,0.0,0.0,0.0
778.5,7.0,782.0,4.0,1,2074.0,0.0,0.0,0.0
35.75,2.0,47.0,4.0,1,272.0,0.0,0.0,0.0
520.0,7.5,288.0,2.0,1,175.0,0.0,0.0,0.0
691.0,9.0,783.0,4.0,1,2287.0,0.0,0.0,0.0
268.0,5.0,301.0,4.0,1,344.0,0.0,0.0,0.0
790.5,10.5,860.0,4.0,1,3582.0,0.0,0.0,0.0
78.0,1.5,912.0,4.0,1,732.0,12.666666666666666,4.0,0.0
576.0,9.0,338.0,4.0,1,926.0,0.0,0.0,0.0
150.0,4.0,134.0,4.0,1,109.0,0.0,0.0,0.0
59.0,1.0,990.0,4.0,1,192.0,0.0,0.0,0.0
371.0,4.0,556.0,4.0,1,304.0,0.0,0.0,0.0
524.0,5.0,298.0,4.0,1,351.0,0.0,0.0,0.0
1004.0,9.0,1064.0,4.0,1,1727.0,0.0,0.0,0.0
167.0,4.0,378.0,4.0,1,460.0,0.0,0.0,0.0
288.25,2.0,581.0,4.0,1,333.0,0.0,0.0,0.0
653.5,5.333333333333333,355.0,4.0,1,1375.0,0.0,0.0,0.0
526.5,5.0,290.0,4.0,1,293.0,0.0,0.0,0.0
362.0,4.0,143.0,4.0,1,542.0,0.0,0.0,0.0
71.5,2.0,289.0,4.0,1,461.0,0.0,0.0,0.0
793.0,7.5,1521.0,4.0,1,458.0,0.0,0.0,0.0
82.5,3.0,1076.0,4.0,0,529.0,15.0,1.0,0.0
172.0,4.0,465.0,4.0,1,336.0,8.0,0.0,0.0
621.0,3.5,506.0,4.0,1,682.0,0.0,0.0,0.0
636.5,13.5,478.0,4.0,1,1046.0,0.0,0.0,0.0
292.0,3.0,508.0,4.0,1,230.0,0.0,0.0,0.0
766.0,12.0,1872.0,4.0,1,1858.0,0.0,0.0,0.0
986.75,11.5,1569.0,5.0,1,563.0,0.0,0.0,0.0
1207.5,8.5,1145.0,4.0,1,745.0,0.0,0.0,0.0
74.0,2.0,256.0,4.0,1,32.0,0.0,0.0,0.0
310.5,6.0,112.0,4.0,1,100.0,0.0,0.0,0.0
449.0,4.0,221.0,4.0,1,286.0,0.0,0.0,0.0
1066.0,16.0,2227.0,4.0,1,1419.0,0.0,0.0,0.0
393.0,8.0,154.0,4.0,1,324.0,0.0,0.0,0.0
126.0,10.0,526.0,4.0,1,326.0,6.0,0.0,0.0
263.0,5.5,161.0,4.0,1,75.0,0.0,0.0,0.0
506.0,3.0,271.0,4.0,1,586.0,0.0,0.0,0.0
53.0,1.0,64.0,4.0,1,301.0,0.0,0.0,0.0
627.0,5.5,579.0,4.0,1,188.0,0.0,0.0,0.0
385.5,5.0,461.0,4.0,1,194.0,0.0,0.0,0.0
93.0,2.0,663.0,4.0,1,67.0,0.0,0.0,0.0
1164.0,10.0,1152.0,4.0,1,978.0,0.0,0.0,0.0
79.0,0.5,338.0,4.0,1,375.0,0.0,0.0,0.0
195.0,5.0,364.0,4.0,1,122.0,0.0,0.0,0.0
31.5,2.0,626.0,4.0,1,403.0,0.0,0.0,0.0
515.0,5.5,129.0,4.0,1,170.0,0.0,0.0,0.0
436.5,3.0,242.0,4.0,1,1026.0,0.0,0.0,0.0
262.0,4.0,105.0,4.0,1,272.0,0.0,0.0,0.0
767.5,7.5,754.0,4.0,1,3497.0,0.0,0.0,0.0
64.5,1.0,423.0,3.5,1,293.0,0.0,0.0,0.0
53.5,2.0,646.0,4.0,0,831.0,11.142857142857142,2.0,0.0
1516.5,9.333333333333334,882.0,4.0,1,1692.0,0.0,0.0,0.0
1069.0,15.0,628.0,4.0,1,2098.0,0.0,0.0,0.0
624.0,6.5,422.0,2.0,1,1211.0,0.0,0.0,0.0
489.0,6.0,295.0,2.0,1,18.0,0.0,0.0,0.0
579.0,4.5,267.0,4.0,1,50.0,0.0,0.0,0.0
200.0,4.0,628.0,4.0,1,171.0,0.0,0.0,0.0
416.0,7.0,596.0,4.0,1,739.0,0.0,0.0,0.0
8.0,2.5,40.0,5.0,1,298.0,0.0,0.0,0.0
114.5,3.0,522.0,4.0,0,117.0,0.0,0.0,0.0
1534.0,9.0,744.0,4.0,1,1639.0,0.0,0.0,0.0
188.0,3.5,979.0,4.0,1,127.0,0.0,0.0,0.0
56.0,6.0,134.0,4.0,1,271.0,0.0,0.0,0.0
507.0,5.0,303.0,4.0,1,234.0,0.0,0.0,0.0
1521.5,37.0,1931.0,5.0,1,179.0,0.0,0.0,0.0
114.0,2.5,562.0,2.0,1,1.0,17.0,1.0,0.0
846.5,3.0,852.0,4.0,1,3370.0,0.0,0.0,0.0
40.5,1.0,826.0,4.0,1,570.0,18.4,2.0,0.0
522.5,21.0,731.0,2.0,1,396.0,0.0,0.0,0.0
1051.0,14.5,1892.0,4.0,1,1848.0,0.0,0.0,0.0
343.0,4.0,786.0,4.0,1,229.0,0.0,0.0,0.0
654.5,7.0,779.0,4.0,1,413.0,0.0,0.0,0.0
553.5,5.0,477.0,4.0,1,501.0,0.0,0.0,0.0
204.0,6.0,338.0,4.0,1,564.0,0.0,0.0,0.0
829.0,11.0,1857.0,0.0,1,2071.0,0.0,0.0,0.0
164.0,3.5,705.0,4.0,1,366.0,0.0,0.0,0.0
101.5,1.0,697.0,4.0,1,1124.0,0.0,0.0,0.0
159.0,2.5,737.0,4.0,1,36.0,0.0,0.0,0.0
145.0,6.0,441.0,4.0,1,533.0,0.0,0.0,0.0
381.25,3.0,287.0,4.0,1,14.0,0.0,0.0,0.0
251.0,6.0,336.0,4.0,1,250.0,0.0,0.0,0.0
901.3333333333334,6.0,1891.0,4.0,1,3580.0,0.0,0.0,0.0
58.0,1.0,546.0,4.0,1,329.0,6.0,0.0,0.0
407.0,6.0,272.0,4.0,1,349.0,0.0,0.0,0.0
287.0,10.0,154.0,4.0,1,516.0,0.0,0.0,0.0
268.0,4.0,330.0,4.0,1,132.0,0.0,0.0,0.0
178.0,5.0,452.0,2.0,1,13.0,0.0,0.0,0.0
373.0,4.0,332.0,4.0,1,203.0,24.0,0.0,0.0
116.0,4.0,640.0,4.0,1,318.0,0.0,0.0,0.0
169.5,1.5,874.0,4.0,0,167.0,15.0,2.0,0.0
1181.75,11.5,975.0,4.0,1,813.0,0.0,0.0,0.0
419.0,4.0,366.0,4.0,1,293.0,0.0,0.0,0.0
159.0,5.0,693.0,4.0,1,458.0,0.0,0.0,0.0
336.0,5.0,732.0,2.0,1,267.0,0.0,0.0,0.0
505.0,13.0,447.0,5.0,1,1102.0,0.0,0.0,0.0
241.5,3.5,649.0,4.0,1,230.0,0.0,0.0,0.0
1094.0,6.0,1403.0,4.0,1,3255.0,0.0,0.0,0.0
30.0,2.0,593.0,4.0,1,199.0,0.0,0.0,0.0
303.0,4.0,75.0,4.0,1,235.0,0.0,0.0,0.0
571.0,7.0,383.0,4.0,1,765.0,0.0,0.0,0.0
110.0,4.5,426.0,4.0,1,136.0,0.0,0.0,0.0
81.0,0.5,385.0,4.0,1,344.0,0.0,0.0,0.0
817.0,10.0,1300.0,5.0,1,1331.0,0.0,0.0,0.0
417.5,5.0,631.0,4.0,1,200.0,0.0,0.0,0.0
92.0,1.5,943.0,4.0,1,38.0,0.0,0.0,0.0
120.5,1.0,418.0,4.0,1,112.0,9.333333333333334,1.0,0.0
168.0,4.0,464.0,4.0,1,96.0,0.0,0.0,0.0
636.0,8.0,949.0,4.0,1,500.0,0.0,0.0,0.0
575.5,9.0,471.0,4.5,1,965.0,0.0,0.0,0.0
215.5,2.0,241.0,4.0,1,319.0,23.0,0.0,0.0
358.0,3.0,419.0,4.0,1,471.0,0.0,0.0,0.0
358.0,4.5,700.0,4.0,1,753.0,0.0,0.0,0.0
848.75,10.666666666666666,1126.0,4.5,1,3002.0,0.0,0.0,0.0
136.0,9.0,150.0,4.0,1,116.0,0.0,0.0,0.0
350.0,13.0,314.0,4.0,1,427.0,0.0,0.0,0.0
611.0,13.5,877.0,5.0,1,1538.0,0.0,0.0,0.0
71.5,3.5,645.0,4.0,0,626.0,15.0,2.0,0.0
401.25,3.0,85.0,4.0,1,923.0,0.0,0.0,0.0
13.4,3.0,204.0,4.5,1,496.0,12.666666666666666,3.0,0.0
94.0,1.5,315.0,4.0,1,480.0,0.0,0.0,0.0
527.0,4.0,116.0,4.0,1,572.0,0.0,0.0,0.0
913.0,11.0,1623.0,4.0,1,2046.0,0.0,0.0,0.0
1093.0,5.0,1077.0,4.0,1,2864.0,0.0,0.0,0.0
748.5,7.0,1445.0,5.0,1,1943.0,0.0,0.0,0.0
305.0,2.0,388.0,4.0,1,519.0,0.0,0.0,0.0
288.0,7.5,351.0,4.0,1,426.0,0.0,0.0,0.0
584.0,7.0,737.0,4.0,1,656.0,0.0,0.0,0.0
1157.5,7.0,561.0,4.0,1,2421.0,0.0,0.0,0.0
662.5,7.0,252.0,4.0,1,461.0,0.0,0.0,0.0
234.5,5.0,432.0,4.0,1,542.0,0.0,0.0,0.0
29.0,2.0,742.0,4.0,1,1044.0,0.0,0.0,0.0
516.0,7.0,884.0,4.0,1,1909.0,0.0,0.0,0.0
562.0,4.0,36.0,4.0,1,522.0,0.0,0.0,0.0
232.0,2.0,747.0,4.0,1,643.0,0.0,0.0,0.0
342.0,11.0,405.0,4.0,1,201.0,0.0,0.0,0.0
245.0,2.0,660.0,4.0,1,922.0,0.0,0.0,0.0
372.0,7.0,342.0,4.0,1,1210.0,0.0,0.0,0.0
502.0,2.5,149.0,4.0,1,204.0,0.0,0.0,0.0
1058.0,4.0,2029.0,4.0,1,3896.0,0.0,0.0,0.0
21.5,0.0,785.0,4.0,1,581.0,0.0,0.0,0.0
125.0,3.0,520.0,4.0,1,56.0,0.0,0.0,0.0
382.0,6.5,62.0,4.0,1,311.0,0.0,0.0,0.0
198.0,2.0,512.0,4.0,1,244.0,0.0,0.0,0.0
145.0,2.0,374.0,4.0,1,203.0,0.0,0.0,0.0
121.0,3.0,508.0,4.0,1,288.0,0.0,0.0,0.0
570.0,4.0,377.0,4.0,1,32.0,0.0,0.0,0.0
141.0,2.5,130.0,4.0,1,15.0,0.0,0.0,0.0
305.0,4.5,467.0,4.0,1,188.0,0.0,0.0,0.0
424.0,6.5,461.0,4.0,1,322.0,0.0,0.0,0.0
802.0,6.0,1560.0,4.0,1,170.0,0.0,0.0,0.0
962.0,7.5,266.0,5.0,1,700.0,0.0,0.0,0.0
1004.0,9.0,24.0,4.0,1,177.0,0.0,0.0,0.0
635.0,7.0,385.0,4.0,1,1387.0,0.0,0.0,0.0
167.0,6.5,499.0,4.0,1,365.0,0.0,0.0,0.0
538.5,6.5,305.0,4.0,1,130.0,0.0,0.0,0.0
790.0,10.0,239.0,4.0,1,2453.0,0.0,0.0,0.0
1059.75,9.5,783.0,4.0,1,1651.0,0.0,0.0,0.0
33.0,1.0,739.0,4.0,1,78.0,0.0,0.0,0.0
56.0,1.0,718.0,4.0,0,436.0,0.0,0.0,0.0
246.5,2.0,702.0,4.0,1,308.0,0.0,0.0,0.0
811.0,10.0,1652.0,4.0,1,1569.0,0.0,0.0,0.0
77.0,2.5,188.0,4.0,0,137.0,0.0,0.0,0.0
1259.0,9.0,1139.0,4.0,1,2556.0,0.0,0.0,0.0
1568.0,7.0,580.0,4.0,1,368.0,0.0,0.0,0.0
716.0,5.0,519.0,4.0,1,1419.0,0.0,0.0,0.0
171.0,13.0,454.0,4.0,1,206.0,0.0,0.0,0.0
364.5,2.5,754.0,4.0,1,507.0,0.0,0.0,0.0
871.5,9.5,1528.0,4.0,1,3403.0,0.0,0.0,0.0
1567.0,26.0,1713.0,5.0,1,269.0,0.0,0.0,0.0
645.0,11.5,1097.0,2.0,1,1071.0,0.0,0.0,0.0
196.0,6.0,1342.0,4.0,1,520.0,0.0,0.0,0.0
519.5,14.5,577.0,4.0,1,291.0,0.0,0.0,0.0
406.0,4.0,465.0,4.0,1,855.0,0.0,0.0,0.0
109.5,2.5,117.0,4.0,1,229.0,0.0,0.0,0.0
432.0,4.75,500.0,4.0,1,15.0,0.0,0.0,0.0
549.5,4.0,572.0,5.0,1,1232.0,0.0,0.0,0.0
506.0,3.0,55.0,4.0,1,247.0,0.0,0.0,0.0
482.5,9.0,176.0,4.0,1,603.0,0.0,0.0,0.0
37.0,2.0,644.0,4.5,1,624.0,0.0,0.0,0.0
80.0,2.0,453.0,4.0,1,1005.0,16.4,2.0,0.0
34.0,2.0,843.0,4.0,0,341.0,11.833333333333334,3.0,0.0
49.0,1.5,820.0,4.0,0,210.0,20.0,1.0,0.0
68.0,1.5,498.0,4.0,1,278.0,0.0,0.0,0.0
479.5,4.0,371.0,4.0,1,887.0,0.0,0.0,0.0
137.0,1.5,123.0,3.5,1,280.0,23.75,0.0,0.0
327.0,6.0,509.0,2.0,1,14.0,0.0,0.0,0.0
312.0,5.0,981.0,4.0,1,106.0,0.0,0.0,0.0
775.0,9.5,686.0,4.0,1,3425.0,0.0,0.0,0.0
611.75,4.5,705.0,4.0,1,752.0,0.0,0.0,0.0
450.0,15.5,236.0,4.0,1,414.0,0.0,0.0,0.0
523.0,7.5,410.0,4.0,1,478.0,0.0,0.0,0.0
196.0,4.5,244.0,2.0,1,18.0,0.0,0.0,0.0
70.0,4.0,646.0,4.0,0,613.0,10.5,0.0,0.0
1453.0,24.0,1222.0,5.0,1,266.0,0.0,0.0,0.0
319.0,2.0,76.0,4.0,1,436.0,0.0,0.0,0.0
177.5,3.0,1347.0,4.0,1,750.0,11.0,1.0,0.0
664.5,10.0,618.0,4.0,1,976.0,0.0,0.0,0.0
365.0,15.0,313.0,4.0,1,627.0,0.0,0.0,0.0
176.0,4.0,756.0,4.0,1,389.0,0.0,0.0,0.0
1168.0,7.5,626.0,4.0,1,2490.0,0.0,0.0,0.0
375.0,5.0,284.0,4.0,1,190.0,0.0,0.0,0.0
258.5,4.0,210.0,4.0,1,207.0,0.0,0.0,0.0
1193.0,10.0,1474.0,4.0,1,437.0,0.0,0.0,0.0
848.0,2.0,868.0,4.0,1,3368.0,0.0,0.0,0.0
155.0,1.5,747.0,4.0,1,384.0,0.0,0.0,0.0
109.0,1.0,165.0,4.0,1,290.0,0.0,0.0,0.0
597.0,3.0,1059.0,4.0,1,2105.0,0.0,0.0,0.0
208.5,3.0,639.0,4.0,1,790.0,0.0,0.0,0.0
1101.0,11.0,2307.0,4.0,1,1310.0,0.0,0.0,0.0
701.0,6.5,1270.0,4.0,1,1365.0,0.0,0.0,0.0
40.5,2.0,268.0,4.0,1,97.0,0.0,0.0,0.0
53.5,1.5,1178.0,4.0,0,115.0,0.0,0.0,0.0
21.5,1.5,207.0,4.0,1,155.0,20.0,1.0,0.0
576.6666666666666,8.5,152.0,4.0,1,997.0,0.0,0.0,0.0
64.0,2.0,937.0,2.0,0,38.0,0.0,0.0,0.0
1217.5,24.5,651.0,4.0,1,328.0,0.0,0.0,0.0
277.5,5.0,202.0,4.0,1,740.0,0.0,0.0,0.0
341.5,3.0,1027.0,4.0,1,943.0,0.0,0.0,0.0
1066.0,10.0,1071.0,4.0,1,1142.0,0.0,0.0,0.0
243.0,3.0,568.0,4.0,1,6.0,0.0,0.0,0.0
261.0,3.5,700.0,4.0,1,134.0,0.0,0.0,0.0
25.0,2.0,396.0,4.0,0,170.0,0.0,0.0,0.0
1241.0,8.5,2032.0,4.0,1,1250.0,0.0,0.0,0.0
29.0,1.5,685.0,4.0,1,730.0,30.0,0.0,0.0
400.0,11.5,286.0,4.0,1,589.0,0.0,0.0,0.0
395.0,5.5,297.0,0.0,1,270.0,0.0,0.0,0.0
1093.0,20.0,1874.0,0.0,1,677.0,0.0,0.0,0.0
31.0,7.0,655.0,4.0,1,149.0,0.0,0.0,0.0
875.0,6.0,841.0,4.0,1,562.0,0.0,0.0,0.0
52.75,2.0,867.0,4.0,1,145.0,0.0,0.0,0.0
335.0,5.0,296.0,4.0,1,577.0,0.0,0.0,0.0
223.5,3.5,977.0,4.0,1,493.0,0.0,0.0,0.0
334.0,5.0,294.0,4.0,1,70.0,0.0,0.0,0.0
496.0,4.0,120.0,4.0,1,204.0,0.0,0.0,0.0
89.5,1.0,768.0,4.0,1,254.0,2.5,1.0,0.0
111.0,2.0,139.0,4.0,0,419.0,13.8,2.0,0.0
3.0,1.0,574.0,0.0,1,771.0,6.2,2.0,0.0
171.0,6.0,1150.0,4.0,1,617.0,0.0,0.0,0.0
274.0,6.5,791.0,4.0,1,518.0,0.0,0.0,0.0
44.0,3.0,333.0,3.0,1,0.0,0.0,0.0,0.0
238.0,4.5,1198.0,4.0,1,616.0,0.0,0.0,0.0
269.0,3.5,687.0,4.0,1,25.0,0.0,0.0,0.0
200.5,3.0,537.0,4.0,1,176.0,0.0,0.0,0.0
204.0,4.0,1002.0,4.0,1,699.0,0.0,0.0,0.0
72.0,2.5,309.0,4.0,1,285.0,15.0,1.0,0.0
552.0,0.5,406.0,4.0,1,1043.0,0.0,0.0,0.0
1346.0,9.0,780.0,4.0,1,502.0,0.0,0.0,0.0
279.0,3.5,947.0,4.0,1,976.0,0.0,0.0,0.0
251.0,4.666666666666667,701.0,2.0,1,39.0,0.0,0.0,0.0
546.5,3.5,627.0,4.0,1,532.0,0.0,0.0,0.0
591.0,17.0,447.0,4.5,1,1928.0,0.0,0.0,0.0
45.0,11.5,308.0,4.0,0,830.0,20.0,2.0,0.0
64.0,3.0,403.0,4.0,1,334.0,0.0,0.0,0.0
67.5,1.0,102.0,4.0,1,757.0,0.0,0.0,0.0
81.0,1.5,451.0,4.0,1,52.0,0.0,0.0,0.0
148.0,3.0,987.0,4.0,1,566.0,9.0,1.0,0.0
121.5,2.0,232.0,4.0,1,42.0,0.0,0.0,0.0
268.5,3.0,714.0,4.0,1,24.0,0.0,0.0,0.0
417.0,6.0,466.0,4.0,1,560.0,0.0,0.0,0.0
1230.0,12.0,2371.0,4.0,1,1540.0,0.0,0.0,0.0
841.0,4.0,1264.0,4.0,1,3050.0,0.0,0.0,0.0
981.0,21.5,408.0,5.0,1,570.0,0.0,0.0,0.0
584.0,7.0,197.0,4.0,1,931.0,0.0,0.0,0.0
95.0,5.0,981.0,4.0,1,659.0,0.0,0.0,0.0
191.0,4.0,532.0,4.0,1,480.0,0.0,0.0,0.0
1007.5,15.5,169.0,5.0,1,406.0,0.0,0.0,0.0
114.0,1.0,222.0,4.0,1,443.0,0.0,0.0,0.0
224.0,3.0,1270.0,4.0,1,160.0,0.0,0.0,0.0
178.5,5.0,249.0,4.0,1,220.0,0.0,0.0,0.0
238.25,4.0,620.0,4.0,1,62.0,0.0,0.0,0.0
876.0,9.0,1464.0,5.0,1,1717.0,0.0,0.0,0.0
27.5,2.0,672.0,4.0,1,274.0,30.0,0.0,0.0
216.25,3.0,424.0,4.0,1,359.0,0.0,0.0,0.0
883.5,9.0,2043.0,4.0,1,3463.0,0.0,0.0,0.0
1645.5,15.0,905.0,4.5,1,198.0,0.0,0.0,0.0
665.0,7.0,356.0,4.0,1,789.0,0.0,0.0,0.0
561.0,7.0,77.0,4.0,1,653.0,0.0,0.0,0.0
88.0,3.0,594.0,4.0,1,504.0,0.0,0.0,0.0
1245.0,10.0,1716.0,4.0,1,904.0,0.0,0.0,0.0
302.0,6.5,647.0,4.0,1,737.0,0.0,0.0,0.0
690.5,6.0,710.0,4.0,1,3054.0,0.0,0.0,0.0
556.0,4.0,164.0,4.0,1,286.0,0.0,0.0,0.0
328.0,3.5,322.0,4.0,1,1322.0,0.0,0.0,0.0
605.5,4.333333333333333,20.0,4.0,1,227.0,0.0,0.0,0.0
413.0,1.5,553.0,4.0,1,77.0,0.0,0.0,0.0
185.0,4.0,487.0,4.0,1,189.0,0.0,0.0,0.0
1024.0,13.0,477.0,4.0,1,632.0,0.0,0.0,0.0
351.0,4.0,245.0,4.0,0,137.0,0.0,0.0,0.0
391.0,5.5,422.0,4.0,1,66.0,0.0,0.0,0.0
135.0,4.5,174.0,4.0,1,96.0,0.0,0.0,0.0
726.0,8.0,908.0,4.0,1,1692.0,0.0,0.0,0.0
394.6666666666667,14.0,756.0,4.0,1,446.0,0.0,0.0,0.0
94.5,2.5,519.0,4.0,1,616.0,0.0,0.0,0.0
156.5,2.0,330.0,4.0,0,325.0,0.0,0.0,0.0
1256.0,9.0,848.0,4.0,1,1684.0,0.0,0.0,0.0
85.0,2.0,930.0,4.0,1,24.0,0.0,0.0,0.0
171.5,2.0,543.0,4.0,1,521.0,0.0,0.0,0.0
1377.0,13.0,1031.0,4.0,1,1483.0,0.0,0.0,0.0
30.666666666666668,1.0,632.0,4.0,1,105.0,0.0,0.0,0.0
403.0,5.0,569.0,4.0,1,87.0,0.0,0.0,0.0
189.0,3.5,745.0,2.0,1,39.0,0.0,0.0,0.0
57.5,2.0,828.0,4.0,1,466.0,13.333333333333334,1.0,0.0
798.0,13.666666666666666,1143.0,4.0,1,511.0,0.0,0.0,0.0
103.0,3.0,876.0,2.0,0,53.0,12.2,1.0,0.0
58.5,25.0,157.0,4.5,1,374.0,0.0,0.0,0.0
732.5,9.0,648.0,4.0,1,806.0,0.0,0.0,0.0
928.0,19.0,2021.0,5.0,1,0.0,0.0,0.0,0.0
921.0,20.5,670.0,5.0,1,971.0,0.0,0.0,0.0
972.0,9.0,2173.0,4.0,1,4099.0,0.0,0.0,0.0
96.0,4.0,381.0,4.0,1,165.0,0.0,0.0,0.0
200.5,5.0,1446.0,4.0,1,708.0,0.0,0.0,0.0
757.0,11.0,1221.0,5.0,1,1278.0,0.0,0.0,0.0
210.0,2.0,254.0,4.0,1,136.0,0.0,0.0,0.0
827.5,15.5,227.0,5.0,1,2713.0,0.0,0.0,0.0
324.5,4.25,481.0,4.0,1,82.0,0.0,0.0,0.0
1095.0,13.0,999.0,4.0,1,2692.0,0.0,0.0,0.0
68.0,2.0,473.0,4.0,1,308.0,0.0,0.0,0.0
68.5,2.5,638.0,4.0,1,581.0,0.0,0.0,0.0
151.0,1.0,169.0,4.0,1,88.0,0.0,0.0,0.0
202.0,5.0,277.0,4.0,1,201.0,0.0,0.0,0.0
1340.5,10.0,1120.0,4.0,1,1306.0,0.0,0.0,0.0
232.0,6.0,842.0,4.0,1,919.0,0.0,0.0,0.0
152.0,1.0,105.0,4.0,1,169.0,1.0,1.0,0.0
267.5,7.0,832.0,4.0,1,176.0,0.0,0.0,0.0
241.0,6.0,81.0,4.0,1,127.0,0.0,0.0,0.0
788.0,11.5,1511.0,4.0,1,1817.0,0.0,0.0,0.0
10.0,3.5,105.0,4.0,1,98.0,15.0,2.0,0.0
54.0,1.5,368.0,4.0,1,144.0,27.4,0.0,0.0
751.0,11.0,1471.0,4.0,1,1550.0,0.0,0.0,0.0
130.0,3.0,821.0,4.0,1,272.0,0.0,0.0,0.0
188.0,5.5,222.0,4.0,1,259.0,0.0,0.0,0.0
75.0,3.0,1026.0,4.0,1,111.0,0.0,0.0,0.0
325.25,7.0,448.0,4.0,1,66.0,0.0,0.0,0.0
284.0,4.5,638.0,4.0,1,169.0,0.0,0.0,0.0
74.33333333333333,1.0,1189.0,4.0,1,20.0,7.0,1.0,0.0
8.0,1.0,432.0,4.0,1,426.0,0.0,0.0,0.0
479.75,3.5,446.0,4.0,1,161.0,0.0,0.0,0.0
144.0,2.0,169.0,3.0,1,259.0,0.0,0.0,0.0
404.0,5.5,498.0,4.0,1,86.0,0.0,0.0,0.0
1096.25,11.5,1996.0,4.0,1,1780.0,0.0,0.0,0.0
809.0,9.0,1246.0,4.0,1,806.0,0.0,0.0,0.0
173.0,5.5,566.0,4.0,1,285.0,0.0,0.0,0.0
103.0,1.5,1120.0,4.0,1,44.0,0.0,0.0,0.0
96.5,1.0,902.0,3.0,0,317.0,12.5,2.0,0.0
603.0,8.0,364.0,4.0,1,329.0,0.0,0.0,0.0
452.0,7.0,166.0,4.0,1,1768.0,0.0,0.0,0.0
409.0,1.0,410.0,4.0,1,1.0,0.0,0.0,0.0
535.0,5.0,416.0,4.0,1,609.0,15.5,2.0,0.0
1124.0,6.25,354.0,4.0,1,1754.0,0.0,0.0,0.0
26.0,0.0,710.0,4.0,0,664.0,0.0,0.0,0.0
866.0,10.0,1814.0,4.0,1,1336.0,0.0,0.0,0.0
56.5,1.0,321.0,4.0,1,48.0,0.0,0.0,0.0
326.5,5.0,546.0,4.0,1,145.0,0.0,0.0,0.0
16.0,2.0,341.0,5.0,1,769.0,0.0,0.0,0.0
1535.5,18.0,1088.0,5.0,1,41.0,0.0,0.0,0.0
797.0,9.0,1834.0,4.0,1,2399.0,0.0,0.0,0.0
118.0,2.5,413.0,4.0,1,430.0,0.0,0.0,0.0
1013.0,10.0,1438.0,4.5,1,696.0,0.0,0.0,0.0
577.5,5.0,536.0,4.0,1,691.0,0.0,0.0,0.0
1188.0,12.0,1232.0,4.0,1,658.0,0.0,0.0,0.0
472.75,6.0,438.0,4.0,1,183.0,0.0,0.0,0.0
47.0,1.0,551.0,4.0,1,329.0,0.0,0.0,0.0
50.5,6.0,347.0,4.0,1,34.0,0.0,0.0,0.0
65.0,3.0,178.0,3.0,1,730.0,0.0,0.0,0.0
272.75,3.0,1106.0,4.0,1,128.0,0.0,0.0,0.0
485.0,11.0,332.0,4.0,1,937.0,0.0,0.0,0.0
720.0,7.0,842.0,4.0,1,723.0,0.0,0.0,0.0
1052.0,14.5,618.0,4.0,1,790.0,0.0,0.0,0.0
147.5,2.0,434.0,4.0,1,22.0,0.0,0.0,0.0
45.0,1.5,277.0,4.0,1,722.0,24.25,0.0,0.0
409.0,2.5,191.0,4.0,1,579.0,0.0,0.0,0.0
12.75,5.0,548.0,4.0,1,946.0,34.0,0.0,0.0
286.0,5.0,502.0,4.0,1,85.0,32.0,0.0,0.0
597.0,10.0,674.0,5.0,1,1103.0,0.0,0.0,0.0
333.5,3.0,315.0,4.0,1,636.0,0.0,0.0,0.0
185.5,3.0,526.0,4.0,1,109.0,0.0,0.0,0.0
868.5,23.0,798.0,5.0,1,824.0,0.0,0.0,0.0
592.0,7.0,546.0,4.0,1,1080.0,0.0,0.0,0.0
369.5,6.0,101.0,4.0,1,494.0,0.0,0.0,0.0
504.5,3.0,149.0,4.0,1,282.0,0.0,0.0,0.0
534.0,2.5,323.0,4.0,1,475.0,0.0,0.0,0.0
863.0,5.0,874.0,4.0,1,615.0,0.0,0.0,0.0
964.0,15.0,2040.0,4.5,1,54.0,0.0,0.0,0.0
135.0,2.5,451.0,4.0,1,128.0,20.0,1.0,0.0
899.0,12.0,1502.0,5.0,1,1938.0,0.0,0.0,0.0
361.0,5.5,609.0,4.0,1,679.0,0.0,0.0,0.0
178.25,2.0,184.0,4.0,1,116.0,0.0,0.0,0.0
4.5,3.333333333333333,921.0,0.0,0,1535.0,0.0,0.0,0.0
403.0,4.0,468.0,4.0,1,37.0,0.0,0.0,0.0
741.0,7.0,1579.0,4.5,1,2281.0,0.0,0.0,0.0
171.5,6.0,495.0,4.0,1,375.0,0.0,0.0,0.0
68.0,1.5,811.0,4.0,0,840.0,20.0,1.0,0.0
171.0,9.0,514.0,4.0,1,231.0,0.0,0.0,0.0
638.0,6.0,827.0,4.0,1,1034.0,0.0,0.0,0.0
57.5,3.0,148.0,4.0,1,534.0,0.0,0.0,0.0
379.0,5.0,158.0,4.0,1,122.0,0.0,0.0,0.0
898.0,11.0,2142.0,4.5,1,165.0,0.0,0.0,0.0
608.0,7.0,500.0,4.0,1,1081.0,0.0,0.0,0.0
1057.0,10.0,1199.0,4.0,1,917.0,0.0,0.0,0.0
355.0,8.0,357.0,4.0,1,499.0,0.0,0.0,0.0
526.0,8.5,85.0,5.0,1,1776.0,0.0,0.0,0.0
299.0,3.0,471.0,4.0,1,762.0,0.0,0.0,0.0
55.0,1.0,771.0,4.0,1,459.0,3.0,0.0,0.0
303.0,3.0,196.0,4.0,1,1153.0,0.0,0.0,0.0
489.0,5.0,295.0,4.0,1,61.0,0.0,0.0,0.0
204.0,3.0,488.0,4.0,1,689.0,0.0,0.0,0.0
472.5,3.0,543.0,4.0,1,970.0,0.0,0.0,0.0
426.0,6.5,75.0,4.0,1,187.0,0.0,0.0,0.0
1386.0,13.0,1188.0,5.0,1,229.0,0.0,0.0,0.0
746.5,12.5,483.0,5.0,1,2528.0,0.0,0.0,0.0
1003.0,16.0,349.0,5.0,1,775.0,0.0,0.0,0.0
330.0,5.0,357.0,4.0,1,395.0,0.0,0.0,0.0
48.0,2.0,292.0,4.0,1,136.0,0.0,0.0,0.0
542.0,3.5,404.0,4.0,1,818.0,0.0,0.0,0.0
63.0,8.0,403.0,4.0,1,432.0,0.0,0.0,0.0
563.0,4.0,222.0,4.0,1,398.0,0.0,0.0,0.0
278.0,4.0,956.0,4.0,1,990.0,0.0,0.0,0.0
56.5,1.5,853.0,4.0,0,89.0,15.666666666666666,1.0,0.0
655.5,8.0,828.0,4.0,1,993.0,0.0,0.0,0.0
65.0,2.0,410.0,4.0,1,485.0,0.0,0.0,0.0
1086.0,26.0,365.0,4.0,1,357.0,0.0,0.0,0.0
181.0,3.0,393.0,4.0,1,181.0,0.0,0.0,0.0
872.0,9.0,2063.0,4.0,1,3214.0,0.0,0.0,0.0
1373.5,32.0,1218.0,5.0,1,271.0,0.0,0.0,0.0
576.5,9.0,194.0,4.0,1,627.0,0.0,0.0,0.0
348.0,7.0,557.0,4.0,1,321.0,0.0,0.0,0.0
35.5,3.0,1195.0,4.0,1,141.0,7.0,1.0,0.0
261.25,8.0,95.0,4.0,1,651.0,0.0,0.0,0.0
44.0,1.0,910.0,4.0,1,149.0,0.0,0.0,0.0
239.5,5.0,1031.0,4.0,1,117.0,0.0,0.0,0.0
477.5,5.0,279.0,4.0,1,813.0,0.0,0.0,0.0
48.0,2.0,65.0,4.0,1,178.0,22.5,1.0,0.0
321.0,4.0,204.0,4.0,1,235.0,0.0,0.0,0.0
80.0,3.0,1169.0,4.0,1,225.0,0.0,0.0,0.0
544.0,18.0,505.0,4.0,1,439.0,0.0,0.0,0.0
686.0,6.0,513.0,4.0,1,338.0,0.0,0.0,0.0
36.5,2.0,1038.0,4.0,1,513.0,0.0,0.0,0.0
33.0,1.0,953.0,4.0,1,861.0,0.0,0.0,0.0
418.0,5.0,137.0,4.0,1,37.0,0.0,0.0,0.0
192.5,4.0,356.0,4.0,1,30.0,0.0,0.0,0.0
707.0,8.0,410.0,4.0,1,388.0,0.0,0.0,0.0
126.5,2.0,231.0,4.0,1,139.0,15.0,1.0,0.0
229.0,4.0,140.0,4.0,1,274.0,0.0,0.0,0.0
232.0,4.0,569.0,4.0,1,680.0,0.0,0.0,0.0
440.5,6.5,395.0,4.0,1,625.0,0.0,0.0,0.0
465.0,6.5,332.0,4.0,1,71.0,0.0,0.0,0.0
1424.5,14.5,1959.0,4.0,1,528.0,0.0,0.0,0.0
9.0,6.0,717.0,4.0,0,1321.0,0.0,0.0,0.0
101.5,3.0,889.0,4.0,1,465.0,0.0,0.0,0.0
878.0,17.5,805.0,5.0,1,1158.0,0.0,0.0,0.0
855.0,8.0,1109.0,4.0,1,3368.0,0.0,0.0,0.0
848.0,14.0,1679.0,4.0,1,1426.0,0.0,0.0,0.0
101.0,2.0,822.0,4.0,1,815.0,0.0,0.0,0.0
618.5,4.5,526.0,4.0,1,557.0,0.0,0.0,0.0
695.5,19.5,965.0,5.0,1,1779.0,0.0,0.0,0.0
257.0,3.0,426.0,4.0,1,888.0,0.0,0.0,0.0
364.0,5.5,359.0,4.0,1,1271.0,0.0,0.0,0.0
545.0,2.0,295.0,4.0,1,1019.0,0.0,0.0,0.0
89.5,1.0,809.0,4.0,1,1084.0,0.0,0.0,0.0
299.0,6.25,919.0,4.0,1,684.0,0.0,0.0,0.0
340.0,3.5,526.0,4.0,1,242.0,0.0,0.0,0.0
546.0,5.0,113.0,4.0,1,185.0,0.0,0.0,0.0
524.0,4.0,715.0,4.0,1,615.0,0.0,0.0,0.0
301.0,5.0,443.0,4.0,1,457.0,0.0,0.0,0.0
17.5,2.0,263.0,4.0,1,107.0,0.0,0.0,0.0
586.0,2.5,1037.0,4.0,1,2355.0,0.0,0.0,0.0
91.0,2.5,467.0,4.0,1,101.0,15.5,2.0,0.0
598.0,0.0,848.0,4.0,1,1896.0,0.0,0.0,0.0
780.5,14.0,1384.0,4.0,1,1278.0,0.0,0.0,0.0
603.5,11.0,290.0,4.0,1,163.0,0.0,0.0,0.0
545.0,4.0,155.0,4.0,1,483.0,0.0,0.0,0.0
207.0,8.0,519.0,4.0,1,113.0,0.0,0.0,0.0
1125.5,8.0,872.0,4.0,1,1071.0,0.0,0.0,0.0
230.0,6.0,1018.0,4.0,1,392.0,0.0,0.0,0.0
69.0,1.5,520.0,4.0,1,218.0,0.0,0.0,0.0
297.0,2.5,364.0,4.0,1,340.0,0.0,0.0,0.0
963.3333333333334,12.0,1416.0,4.0,1,2655.0,0.0,0.0,0.0
117.0,1.0,237.0,4.0,1,184.0,0.0,0.0,0.0
322.0,7.0,708.0,4.0,1,518.0,0.0,0.0,0.0
63.0,3.0,354.0,4.0,1,393.0,0.0,0.0,0.0
294.0,4.0,160.0,4.0,1,313.0,0.0,0.0,0.0
679.5,9.0,627.0,4.0,1,773.0,0.0,0.0,0.0
104.5,5.0,355.0,4.0,1,307.0,0.0,0.0,0.0
434.5,7.0,306.0,4.0,1,738.0,0.0,0.0,0.0
23.0,0.0,739.0,4.0,1,646.0,0.0,0.0,0.0
874.75,9.5,1160.0,5.0,1,2833.0,0.0,0.0,0.0
1021.0,7.0,1415.0,4.0,1,3010.0,0.0,0.0,0.0
52.0,1.0,1009.0,4.0,1,52.0,0.0,0.0,0.0
766.5,13.0,1077.0,5.0,1,1234.0,0.0,0.0,0.0
847.0,6.0,2077.0,4.0,1,2880.0,0.0,0.0,0.0
768.0,11.0,1542.0,4.0,1,1789.0,0.0,0.0,0.0
614.0,4.0,469.0,4.0,1,623.0,0.0,0.0,0.0
662.5,10.0,400.0,4.0,1,343.0,0.0,0.0,0.0
408.0,5.5,807.0,4.0,1,0.0,0.0,0.0,0.0
314.5,7.0,712.0,4.0,1,462.0,0.0,0.0,0.0
622.5,5.25,429.0,2.0,1,0.0,0.0,0.0,0.0
376.0,6.5,73.0,4.0,1,349.0,0.0,0.0,0.0
665.5,10.0,362.0,4.0,1,433.0,0.0,0.0,0.0
138.25,4.0,413.0,4.0,1,82.0,0.0,0.0,0.0
563.0,11.0,589.0,4.0,1,504.0,0.0,0.0,0.0
221.0,2.5,676.0,4.0,1,0.0,0.0,0.0,0.0
597.5,7.5,408.0,4.0,1,203.0,0.0,0.0,0.0
248.5,2.0,614.0,4.0,1,1056.0,0.0,0.0,0.0
87.5,3.0,215.0,4.0,1,68.0,0.0,0.0,0.0
235.25,3.0,510.0,4.0,1,243.0,0.0,0.0,0.0
711.0,9.0,1133.0,4.0,1,592.0,0.0,0.0,0.0
280.0,5.0,676.0,4.0,1,250.0,0.0,0.0,0.0
1140.5,30.0,613.0,4.0,1,207.0,0.0,0.0,0.0
36.5,4.0,247.0,4.0,1,153.0,0.0,0.0,0.0
402.5,3.0,408.0,4.0,1,211.0,0.0,0.0,0.0
294.5,8.5,1029.0,4.0,1,887.0,0.0,0.0,0.0
1012.0,10.0,2271.0,4.0,1,4054.0,0.0,0.0,0.0
839.5,6.5,1012.0,4.5,1,2988.0,0.0,0.0,0.0
102.25,3.0,546.0,4.0,1,214.0,0.0,0.0,0.0
1003.5,18.0,374.0,5.0,1,474.0,0.0,0.0,0.0
1292.5,10.0,1021.0,4.0,1,1633.0,0.0,0.0,0.0
485.5,7.5,518.0,4.0,1,258.0,0.0,0.0,0.0
792.75,12.0,1339.0,5.0,1,1254.0,0.0,0.0,0.0
394.0,2.5,438.0,4.0,1,118.0,0.0,0.0,0.0
567.75,2.0,309.0,4.0,1,866.0,0.0,0.0,0.0
145.5,1.5,694.0,4.0,1,473.0,0.0,0.0,0.0
165.0,1.5,389.0,4.0,1,450.0,0.0,0.0,0.0
152.5,2.5,612.0,4.0,1,58.0,7.0,1.0,0.0
461.5,5.0,469.0,4.0,1,241.0,0.0,0.0,0.0
553.0,5.0,76.0,4.0,1,106.0,0.0,0.0,0.0
684.75,5.5,694.0,4.0,1,1710.0,0.0,0.0,0.0
32.0,1.5,928.0,4.0,1,358.0,17.5,1.0,0.0
550.0,5.0,13.0,4.0,1,1955.0,0.0,0.0,0.0
317.0,3.0,332.0,4.0,1,465.0,0.0,0.0,0.0
27.83333333333333,1.0,844.0,4.0,0,422.0,6.333333333333333,1.0,0.0
970.0,11.0,1273.0,4.0,1,2445.0,0.0,0.0,0.0
735.5,9.5,581.0,4.0,1,721.0,0.0,0.0,0.0
224.0,4.5,632.0,4.0,1,152.0,0.0,0.0,0.0
94.0,2.5,587.0,4.0,1,573.0,0.0,0.0,0.0
584.5,9.5,356.0,5.0,1,1386.0,0.0,0.0,0.0
44.5,2.0,551.0,4.0,1,323.0,0.0,0.0,0.0
395.0,3.0,568.0,4.0,1,548.0,0.0,0.0,0.0
131.0,2.0,297.0,4.0,1,435.0,0.0,0.0,0.0
492.0,7.5,492.0,4.0,1,269.0,0.0,0.0,0.0
696.0,7.0,770.0,4.0,1,1794.0,0.0,0.0,0.0
292.5,5.0,658.0,4.0,1,495.0,0.0,0.0,0.0
389.0,2.5,296.0,4.0,1,386.0,0.0,0.0,0.0
104.0,1.0,389.0,4.0,0,410.0,13.6,3.0,0.0
704.0,6.0,1044.0,4.0,1,1510.0,0.0,0.0,0.0
369.0,3.5,508.0,4.0,1,346.0,0.0,0.0,0.0
145.0,4.0,372.0,4.0,1,273.0,0.0,0.0,0.0
328.0,1.0,200.0,4.0,1,403.0,0.0,0.0,0.0
124.5,3.0,589.0,4.0,1,488.0,0.0,0.0,0.0
684.0,10.0,1279.0,3.0,1,1256.0,0.0,0.0,0.0
1008.0,13.5,110.0,5.0,1,409.0,0.0,0.0,0.0
83.0,2.0,983.0,4.0,0,880.0,30.0,0.0,0.0
696.5,7.0,548.0,4.0,1,734.0,0.0,0.0,0.0
577.0,13.0,719.0,4.0,1,757.0,0.0,0.0,0.0
100.0,3.0,769.0,4.0,1,311.0,0.0,0.0,0.0
220.5,5.0,765.0,4.0,1,276.0,0.0,0.0,0.0
427.0,3.5,21.0,4.0,1,833.0,0.0,0.0,0.0
625.0,5.333333333333333,408.0,4.0,1,356.0,0.0,0.0,0.0
58.0,1.0,892.0,4.0,0,353.0,14.666666666666666,3.0,0.0
577.25,18.75,389.0,5.0,1,1996.0,0.0,0.0,0.0
521.0,5.0,354.0,4.0,1,365.0,0.0,0.0,0.0
861.0,11.5,1968.0,2.0,1,135.0,0.0,0.0,0.0
633.5,8.5,1294.0,5.0,1,2082.0,0.0,0.0,0.0
190.0,3.5,1295.0,4.0,1,554.0,0.0,0.0,0.0
198.0,6.0,483.0,4.0,1,54.0,0.0,0.0,0.0
439.0,5.0,233.0,4.0,1,1407.0,0.0,0.0,0.0
1121.0,10.0,2392.0,4.0,1,1340.0,0.0,0.0,0.0
545.5,4.0,460.0,4.0,1,298.0,0.0,0.0,0.0
336.0,7.0,801.0,4.0,1,815.0,0.0,0.0,0.0
706.5,7.0,251.0,4.0,1,403.0,0.0,0.0,0.0
27.75,2.0,1120.0,4.0,0,1128.0,0.0,0.0,0.0
214.0,4.0,525.0,4.0,1,85.0,0.0,0.0,0.0
553.0,10.0,597.0,4.0,1,887.0,0.0,0.0,0.0
60.0,1.0,538.0,4.0,0,125.0,32.0,1.0,0.0
16.0,2.0,264.0,4.0,1,254.0,20.0,1.0,0.0
688.0,6.0,281.0,4.0,1,1278.0,0.0,0.0,0.0
188.0,5.0,325.0,4.0,1,50.0,0.0,0.0,0.0
146.5,3.0,221.0,4.0,1,99.0,0.0,0.0,0.0
231.0,2.0,243.0,4.0,1,131.0,0.0,0.0,0.0
1092.0,21.0,2092.0,5.0,1,274.0,0.0,0.0,0.0
1411.0,23.0,709.0,4.0,1,1287.0,0.0,0.0,0.0
318.0,3.0,183.0,4.0,1,167.0,0.0,0.0,0.0
319.0,5.0,312.0,4.0,1,720.0,0.0,0.0,0.0
773.5,26.5,626.0,5.0,1,681.0,0.0,0.0,0.0
631.0,6.0,508.0,4.0,1,1478.0,0.0,0.0,0.0
131.0,1.0,522.0,4.0,1,143.0,0.0,0.0,0.0
789.5,6.0,1583.0,4.0,1,1590.0,0.0,0.0,0.0
96.0,4.5,586.0,4.0,0,836.0,0.0,0.0,0.0
49.5,1.0,232.0,4.0,1,316.0,0.0,0.0,0.0
397.25,5.0,417.0,2.0,1,5.0,0.0,0.0,0.0
66.0,2.5,650.0,4.0,0,333.0,10.5,1.0,0.0
145.5,4.0,238.0,3.0,1,269.0,0.0,0.0,0.0
351.5,12.0,455.0,4.0,1,692.0,0.0,0.0,0.0
178.33333333333334,2.0,356.0,4.0,1,40.0,18.0,1.0,0.0
93.0,3.0,87.0,4.0,1,187.0,0.0,0.0,0.0
37.0,4.0,562.0,4.0,1,261.0,0.0,0.0,0.0
88.0,2.0,420.0,4.0,1,24.0,14.0,1.0,0.0
768.0,5.0,1009.0,4.0,1,2021.0,0.0,0.0,0.0
1041.0,7.5,1750.0,4.0,1,3521.0,0.0,0.0,0.0
718.0,8.0,510.0,4.0,1,675.0,0.0,0.0,0.0
615.5,4.5,455.0,4.0,1,368.0,0.0,0.0,0.0
568.0,5.0,178.0,4.0,1,458.0,0.0,0.0,0.0
242.5,2.0,430.0,4.0,1,304.0,31.0,0.0,0.0
1299.0,10.5,2225.0,4.0,1,1199.0,0.0,0.0,0.0
508.5,1.5,79.0,4.0,1,613.0,0.0,0.0,0.0
6.0,2.5,911.0,3.0,1,285.0,0.0,0.0,0.0
157.5,2.5,716.0,4.0,1,399.0,0.0,0.0,0.0
294.0,3.5,512.0,4.0,1,291.0,0.0,0.0,0.0
24.5,1.0,675.0,4.0,1,628.0,0.0,0.0,0.0
425.0,2.0,429.0,4.0,1,240.0,16.0,2.0,0.0
149.0,4.0,646.0,4.0,1,15.0,0.0,0.0,0.0
3.75,3.0,968.0,2.0,1,0.0,0.0,0.0,0.0
401.5,6.0,185.0,4.0,1,340.0,0.0,0.0,0.0
527.0,20.0,426.0,4.0,1,380.0,0.0,0.0,0.0
633.5,3.0,404.0,4.0,1,600.0,0.0,0.0,0.0
530.0,3.0,176.0,4.0,1,651.0,0.0,0.0,0.0
546.0,2.0,416.0,4.0,1,923.0,0.0,0.0,0.0
1052.5,20.5,1827.0,5.0,1,15.0,0.0,0.0,0.0
843.0,10.0,1408.0,4.0,1,736.0,0.0,0.0,0.0
1145.0,8.0,427.0,4.0,1,2233.0,0.0,0.0,0.0
936.0,18.0,1954.0,4.0,1,1488.0,0.0,0.0,0.0
644.5,5.0,566.0,4.0,1,199.0,0.0,0.0,0.0
1163.0,10.5,1222.0,4.0,1,629.0,0.0,0.0,0.0
803.0,13.0,1566.0,4.0,1,93.0,0.0,0.0,0.0
9.0,2.0,687.0,2.5,1,727.0,11.833333333333334,3.0,0.0
438.0,5.5,220.0,4.0,1,359.0,0.0,0.0,0.0
466.5,5.0,271.0,0.0,1,27.0,20.0,1.0,0.0
468.0,5.5,716.0,4.0,1,375.0,0.0,0.0,0.0
188.5,3.0,154.0,4.0,1,186.0,0.0,0.0,0.0
1364.0,21.0,1235.0,4.0,1,1807.0,0.0,0.0,0.0
432.0,5.0,589.0,4.0,1,160.0,0.0,0.0,0.0
151.0,3.5,590.0,4.0,1,444.0,0.0,0.0,0.0
674.0,14.0,418.0,4.0,1,437.0,0.0,0.0,0.0
181.0,3.5,487.0,4.0,1,45.0,1.0,0.0,0.0
791.0,11.0,831.0,4.0,1,3558.0,0.0,0.0,0.0
335.5,6.0,514.0,4.0,1,112.0,0.0,0.0,0.0
453.5,5.0,251.0,4.0,1,757.0,0.0,0.0,0.0
636.0,5.5,504.0,5.0,1,258.0,0.0,0.0,0.0
1669.0,25.5,1379.0,5.0,1,264.0,0.0,0.0,0.0
1124.5,12.0,2060.0,4.0,1,1732.0,0.0,0.0,0.0
678.5,7.0,933.0,4.0,1,1805.0,0.0,0.0,0.0
235.5,6.0,1073.0,4.0,1,831.0,0.0,0.0,0.0
3.0,0.0,734.0,0.0,0,1001.0,0.0,0.0,0.0
67.0,4.5,134.0,4.0,1,427.0,0.0,0.0,0.0
39.0,2.0,113.0,4.0,1,411.0,0.0,0.0,0.0
406.5,6.0,193.0,4.0,1,1119.0,0.0,0.0,0.0
691.0,11.0,1143.0,4.0,1,1297.0,0.0,0.0,0.0
1521.0,14.0,371.0,4.0,1,1284.0,0.0,0.0,0.0
126.0,1.0,236.0,4.0,1,370.0,0.0,0.0,0.0
51.25,2.0,631.0,4.0,1,577.0,8.0,1.0,0.0
330.0,2.0,68.0,4.0,1,426.0,0.0,0.0,0.0
211.0,13.0,125.0,4.0,1,486.0,0.0,0.0,0.0
216.0,5.5,534.0,4.0,1,491.0,0.0,0.0,0.0
161.0,4.5,379.0,4.0,1,63.0,0.0,0.0,0.0
25.0,1.0,690.0,4.0,0,211.0,0.0,0.0,0.0
360.0,5.0,493.0,4.0,1,700.0,0.0,0.0,0.0
5.0,1.0,662.0,5.0,1,679.0,0.0,0.0,0.0
614.0,5.0,483.0,0.0,1,1251.0,0.0,0.0,0.0
58.5,1.0,590.0,4.0,1,37.0,0.0,0.0,0.0
643.75,6.5,686.0,4.5,1,336.0,0.0,0.0,0.0
1215.5,7.5,630.0,4.0,1,1371.0,0.0,0.0,0.0
266.5,3.0,250.0,4.0,1,906.0,0.0,0.0,0.0
115.0,7.0,885.0,4.0,1,392.0,0.0,0.0,0.0
1182.0,11.0,1133.0,4.0,1,888.0,0.0,0.0,0.0
537.0,5.0,424.0,4.0,1,639.0,0.0,0.0,0.0
339.5,4.0,619.0,4.0,1,751.0,0.0,0.0,0.0
282.0,4.0,195.0,4.0,1,187.0,0.0,0.0,0.0
1413.0,24.75,1497.0,2.5,1,546.0,0.0,0.0,0.0
291.0,4.0,342.0,4.0,1,141.0,0.0,0.0,0.0
22.0,0.5,624.0,4.0,1,582.0,0.0,0.0,0.0
31.0,2.0,311.0,2.0,1,0.0,30.0,0.0,0.0
524.0,5.5,378.0,4.0,1,1622.0,0.0,0.0,0.0
325.0,2.0,90.0,4.0,1,601.0,0.0,0.0,0.0
107.75,2.0,808.0,4.0,1,9.0,22.5,1.0,0.0
661.0,8.0,1083.0,4.0,1,2200.0,0.0,0.0,0.0
370.0,6.666666666666667,413.0,4.0,1,257.0,0.0,0.0,0.0
1736.0,10.5,653.0,4.0,1,816.0,0.0,0.0,0.0
65.5,1.0,735.0,4.0,1,89.0,0.0,0.0,0.0
20.0,0.0,238.0,4.0,0,851.0,0.0,0.0,0.0
86.0,2.0,690.0,4.0,1,202.0,0.0,0.0,0.0
185.0,3.0,518.0,4.0,1,135.0,7.666666666666667,1.0,0.0
259.0,4.0,154.0,4.0,1,236.0,0.0,0.0,0.0
321.0,2.0,381.0,4.0,1,32.0,0.0,0.0,0.0
704.0,17.0,1079.0,4.5,1,1026.0,0.0,0.0,0.0
80.0,3.5,684.0,3.0,1,517.0,0.0,0.0,0.0
471.0,5.5,512.0,4.0,1,972.0,0.0,0.0,0.0
401.5,5.0,834.0,4.0,1,877.0,0.0,0.0,0.0
145.0,4.0,443.0,4.0,1,366.0,0.0,0.0,0.0
736.0,7.0,699.0,4.0,1,830.0,0.0,0.0,0.0
117.0,4.0,384.0,4.0,1,683.0,0.0,0.0,0.0
866.0,7.0,2111.0,4.0,1,3316.0,0.0,0.0,0.0
289.5,4.5,642.0,4.0,1,437.0,0.0,0.0,0.0
269.0,5.0,204.0,4.0,1,85.0,0.0,0.0,0.0
908.0,24.0,768.0,5.0,1,1135.0,0.0,0.0,0.0
514.0,4.666666666666667,449.0,4.0,1,198.0,0.0,0.0,0.0
114.0,4.0,685.0,4.0,1,686.0,0.0,0.0,0.0
484.5,8.0,701.0,4.0,1,626.0,0.0,0.0,0.0
647.5,5.0,658.0,4.0,1,351.0,0.0,0.0,0.0
568.5,5.0,95.0,4.0,1,522.0,0.0,0.0,0.0
328.5,3.0,351.0,2.0,1,33.0,0.0,0.0,0.0
591.0,5.0,83.0,4.0,1,931.0,0.0,0.0,0.0
104.0,2.0,163.0,4.0,1,243.0,19.25,2.0,0.0
278.5,3.0,120.0,4.0,1,113.0,0.0,0.0,0.0
590.0,6.0,217.0,4.0,1,188.0,0.0,0.0,0.0
2.0,3.0,845.0,2.0,1,116.0,0.0,0.0,0.0
531.0,4.5,76.0,4.0,1,433.0,0.0,0.0,0.0
24.0,2.0,811.0,4.0,0,479.0,0.0,0.0,0.0
258.0,10.0,432.0,4.0,1,872.0,0.0,0.0,0.0
33.0,1.5,785.0,4.0,1,225.0,0.0,0.0,0.0
1359.5,14.333333333333334,1084.0,4.0,1,1479.0,0.0,0.0,0.0
40.0,1.0,810.0,4.0,1,600.0,29.33333333333333,0.0,0.0
618.0,3.5,757.0,4.0,1,891.0,0.0,0.0,0.0
97.0,4.0,443.0,4.0,1,415.0,16.0,0.0,0.0
93.0,2.0,1331.0,4.0,1,279.0,0.0,0.0,0.0
138.5,5.0,729.0,4.0,1,80.0,0.0,0.0,0.0
52.0,1.0,710.0,4.0,1,462.0,8.0,0.0,0.0
252.0,6.0,1079.0,4.0,1,807.0,0.0,0.0,0.0
92.0,2.0,793.0,4.0,1,154.0,0.0,0.0,0.0
56.5,1.5,185.0,4.0,1,484.0,0.0,0.0,0.0
49.0,6.0,395.0,2.5,1,0.0,0.0,0.0,0.0
664.0,7.0,612.0,4.0,1,1514.0,0.0,0.0,0.0
73.5,2.0,926.0,4.0,1,317.0,0.0,0.0,0.0
783.0,25.0,670.0,5.0,1,738.0,0.0,0.0,0.0
1089.0,5.5,1134.0,4.0,1,2924.0,0.0,0.0,0.0
429.0,5.5,725.0,2.0,1,16.0,0.0,0.0,0.0
503.5,3.0,380.0,4.0,1,355.0,0.0,0.0,0.0
338.0,5.0,1075.0,4.0,1,850.0,0.0,0.0,0.0
452.5,8.0,89.0,3.5,1,433.0,0.0,0.0,0.0
723.0,7.0,1444.0,4.0,1,1891.0,0.0,0.0,0.0
80.5,4.0,1064.0,4.0,1,236.0,33.0,0.0,0.0
267.0,4.0,122.0,4.0,1,858.0,0.0,0.0,0.0
49.0,3.0,398.0,4.0,1,457.0,0.0,0.0,0.0
221.0,4.0,795.0,4.0,1,311.0,0.0,0.0,0.0
443.0,4.0,73.0,4.0,1,1423.0,0.0,0.0,0.0
160.5,4.0,47.0,4.0,1,21.0,3.0,0.0,0.0
96.0,1.0,452.0,4.0,1,233.0,0.0,0.0,0.0
336.5,3.0,357.0,4.0,1,706.0,0.0,0.0,0.0
414.0,5.0,340.0,4.0,1,87.0,0.0,0.0,0.0
726.5,5.0,720.0,4.0,1,1594.0,0.0,0.0,0.0
209.0,4.5,202.0,4.0,1,108.0,0.0,0.0,0.0
460.0,4.0,360.0,4.0,1,204.0,0.0,0.0,0.0
172.33333333333334,2.0,890.0,4.0,1,78.0,0.0,0.0,0.0
710.5,9.0,1152.0,4.0,1,1970.0,0.0,0.0,0.0
94.0,6.0,974.0,4.0,1,569.0,0.0,0.0,0.0
523.0,5.5,563.0,4.0,1,537.0,0.0,0.0,0.0
830.0,4.5,866.0,4.0,1,3124.0,0.0,0.0,0.0
715.0,6.0,1368.0,4.0,1,895.0,0.0,0.0,0.0
758.5,22.75,717.0,5.0,1,907.0,0.0,0.0,0.0
73.5,1.0,318.0,3.5,1,1323.0,15.0,1.0,0.0
46.0,2.5,291.0,4.0,1,168.0,0.0,0.0,0.0
729.0,14.0,1102.0,5.0,1,1093.0,0.0,0.0,0.0
391.0,5.0,75.0,4.0,1,974.0,0.0,0.0,0.0
396.0,9.0,463.0,4.0,1,958.0,0.0,0.0,0.0
852.0,14.0,1472.0,4.0,1,976.0,0.0,0.0,0.0
459.0,6.0,130.0,3.0,1,460.0,0.0,0.0,0.0
824.5,6.0,1400.0,4.0,1,3051.0,0.0,0.0,0.0
496.0,5.0,622.0,4.0,1,533.0,0.0,0.0,0.0
550.75,4.0,91.0,4.0,1,30.0,0.0,0.0,0.0
568.5,3.0,178.0,4.0,1,430.0,0.0,0.0,0.0
281.0,3.0,254.0,4.0,1,196.0,0.0,0.0,0.0
173.5,2.5,180.0,4.0,1,166.0,0.0,0.0,0.0
912.0,18.0,1939.0,4.0,1,3257.0,0.0,0.0,0.0
218.0,5.0,665.0,4.0,1,88.0,0.0,0.0,0.0
399.0,11.0,363.0,4.0,1,952.0,0.0,0.0,0.0
205.5,3.0,96.0,4.0,1,196.0,0.0,0.0,0.0
154.0,3.5,377.0,4.0,1,496.0,0.0,0.0,0.0
607.0,4.0,1318.0,4.0,1,2245.0,0.0,0.0,0.0
76.5,5.0,448.0,4.5,1,438.0,10.75,2.0,0.0
436.0,5.5,254.0,4.0,1,134.0,0.0,0.0,0.0
77.0,1.0,465.0,4.0,0,402.0,15.857142857142858,2.0,0.0
69.0,2.5,557.0,4.0,0,81.0,0.0,0.0,0.0
807.0,9.5,1958.0,4.0,1,1955.0,0.0,0.0,0.0
786.0,15.0,1512.0,5.0,1,34.0,0.0,0.0,0.0
391.0,8.0,365.0,4.0,1,204.0,0.0,0.0,0.0
395.0,3.5,471.0,4.0,1,544.0,0.0,0.0,0.0
0.0,1.0,166.0,0.0,1,993.0,0.0,0.0,0.0
148.0,3.0,109.0,4.0,1,420.0,0.0,0.0,0.0
460.0,4.5,105.0,4.0,1,579.0,0.0,0.0,0.0
1506.0,22.0,768.0,5.0,1,182.0,0.0,0.0,0.0
286.0,7.5,816.0,4.0,1,388.0,0.0,0.0,0.0
54.0,4.0,1021.0,4.0,1,276.0,12.8,3.0,0.0
327.0,3.0,157.0,4.0,1,279.0,0.0,0.0,0.0
109.0,2.0,807.0,4.0,1,584.0,0.0,0.0,0.0
37.0,2.5,602.0,4.0,1,1102.0,0.0,0.0,0.0
60.0,1.5,248.0,4.5,1,214.0,8.25,4.0,0.0
627.0,3.5,521.0,4.0,1,702.0,0.0,0.0,0.0
706.0,15.0,588.0,4.0,1,2839.0,0.0,0.0,0.0
151.0,3.5,475.0,4.0,1,119.0,0.0,0.0,0.0
484.0,3.0,115.0,4.0,1,1391.0,0.0,0.0,0.0
202.0,3.5,899.0,4.0,1,626.0,0.0,0.0,0.0
71.0,1.5,593.0,4.0,1,297.0,0.0,0.0,0.0
88.0,3.0,823.0,4.0,1,215.0,0.0,0.0,0.0
518.0,7.666666666666667,520.0,4.0,1,159.0,0.0,0.0,0.0
351.5,8.0,179.0,4.0,1,290.0,0.0,0.0,0.0
327.0,4.0,153.0,4.0,1,60.0,0.0,0.0,0.0
441.3333333333333,3.5,131.0,4.0,1,1267.0,0.0,0.0,0.0
52.0,4.0,342.0,4.0,1,345.0,0.0,0.0,0.0
231.0,3.5,252.0,4.0,1,302.0,0.0,0.0,0.0
139.0,4.5,727.0,4.0,1,145.0,0.0,0.0,0.0
601.5,2.5,761.0,4.0,1,917.0,0.0,0.0,0.0
868.5,4.5,2348.0,4.0,1,3422.0,0.0,0.0,0.0
795.0,5.0,1368.0,4.0,1,2500.0,0.0,0.0,0.0
35.0,2.0,620.0,4.0,1,1096.0,0.0,0.0,0.0
112.0,3.0,446.0,4.0,1,235.0,0.0,0.0,0.0
459.0,5.5,759.0,4.0,1,525.0,0.0,0.0,0.0
254.0,2.0,109.0,4.0,1,86.0,0.0,0.0,0.0
634.75,12.75,424.0,5.0,1,2051.0,0.0,0.0,0.0
612.5,3.5,590.0,4.0,1,804.0,0.0,0.0,0.0
181.5,5.0,787.0,4.0,1,155.0,0.0,0.0,0.0
24.5,1.0,622.0,4.0,1,550.0,0.0,0.0,0.0
262.0,3.5,857.0,4.0,1,43.0,0.0,0.0,0.0
1800.5,13.0,937.0,4.0,1,543.0,0.0,0.0,0.0
266.0,3.0,506.0,2.0,1,29.0,0.0,0.0,0.0
625.0,2.0,453.0,4.0,1,560.0,0.0,0.0,0.0
99.0,1.0,360.0,4.0,1,553.0,0.0,0.0,0.0
184.0,2.0,377.0,4.0,1,222.0,0.0,0.0,0.0
35.5,1.0,119.0,4.5,1,29.0,0.0,0.0,0.0
795.5,5.5,1728.0,4.0,1,2691.0,0.0,0.0,0.0
1209.5,8.0,302.0,4.0,1,1919.0,0.0,0.0,0.0
132.0,2.5,883.0,4.0,1,271.0,0.0,0.0,0.0
301.75,3.0,263.0,4.0,1,1040.0,0.0,0.0,0.0
177.5,15.0,421.0,4.0,1,164.0,0.0,0.0,0.0
190.25,3.0,656.0,4.0,1,195.0,0.0,0.0,0.0
881.0,10.0,1603.0,4.0,1,291.0,0.0,0.0,0.0
1271.5,30.75,1348.0,5.0,1,343.0,0.0,0.0,0.0
58.0,3.0,492.0,4.0,1,1163.0,0.0,0.0,0.0
115.5,4.0,312.0,4.0,1,256.0,0.0,0.0,0.0
75.0,2.0,1012.0,4.0,0,228.0,0.0,0.0,0.0
543.0,2.5,297.0,4.0,1,488.0,0.0,0.0,0.0
914.6666666666666,9.5,1908.0,5.0,1,4251.0,0.0,0.0,0.0
1382.5,10.0,678.0,4.0,1,406.0,0.0,0.0,0.0
35.0,1.0,1081.0,5.0,1,695.0,15.0,2.0,0.0
297.0,4.0,114.0,4.0,1,979.0,0.0,0.0,0.0
384.0,5.0,368.0,4.0,1,107.0,0.0,0.0,0.0
27.0,1.0,317.0,4.0,1,513.0,15.25,2.0,0.0
329.5,3.0,318.0,4.0,1,199.0,0.0,0.0,0.0
81.0,3.0,1290.0,4.0,1,143.0,0.0,0.0,0.0
247.0,7.0,676.0,4.0,1,84.0,0.0,0.0,0.0
597.5,4.0,904.0,4.0,1,1136.0,0.0,0.0,0.0
550.0,4.5,101.0,4.0,1,668.0,0.0,0.0,0.0
575.5,5.5,167.0,4.0,1,228.0,0.0,0.0,0.0
49.0,2.0,1305.0,4.0,1,384.0,0.0,0.0,0.0
288.0,3.0,118.0,4.0,1,564.0,0.0,0.0,0.0
56.0,1.0,481.0,4.0,1,688.0,16.2,2.0,0.0
67.0,2.0,802.0,4.0,1,439.0,0.0,0.0,0.0
344.5,2.5,318.0,4.0,1,147.0,0.0,0.0,0.0
40.75,1.0,363.0,4.0,1,99.0,0.0,0.0,0.0
25.5,2.0,773.0,4.0,0,778.0,0.0,0.0,0.0
456.0,4.0,54.0,4.0,1,517.0,0.0,0.0,0.0
494.5,3.0,47.0,4.0,1,343.0,0.0,0.0,0.0
343.0,5.0,183.0,2.0,1,198.0,0.0,0.0,0.0
1205.0,24.0,1655.0,5.0,1,464.0,0.0,0.0,0.0
1000.0,20.0,1946.0,4.0,1,1012.0,0.0,0.0,0.0
846.5,3.0,877.0,4.0,1,3400.0,0.0,0.0,0.0
124.5,2.5,552.0,4.0,1,343.0,21.0,0.0,0.0
358.0,7.0,110.0,2.0,1,19.0,0.0,0.0,0.0
311.5,10.0,137.0,4.0,1,286.0,0.0,0.0,0.0
61.0,2.5,501.0,4.0,0,413.0,0.0,0.0,0.0
261.5,4.0,160.0,4.0,1,120.0,0.0,0.0,0.0
102.5,1.0,162.0,4.0,1,217.0,4.5,0.0,0.0
1581.0,14.5,1927.0,4.0,1,624.0,0.0,0.0,0.0
633.0,6.0,774.0,4.0,1,928.0,0.0,0.0,0.0
24.0,0.0,599.0,4.0,1,51.0,12.0,2.0,0.0
32.0,2.0,947.0,4.0,1,921.0,0.0,0.0,0.0
581.0,2.5,210.0,4.0,1,895.0,0.0,0.0,0.0
31.0,1.0,626.0,4.0,1,326.0,0.0,0.0,0.0
145.0,3.5,234.0,3.0,1,332.0,12.875,4.0,0.0
12.0,1.0,743.0,5.0,1,158.0,0.0,0.0,0.0
681.0,4.5,728.0,4.0,1,1737.0,0.0,0.0,0.0
674.0,6.0,373.0,4.0,1,572.0,0.0,0.0,0.0
138.0,1.5,531.0,4.0,1,132.0,0.0,0.0,0.0
329.25,5.0,379.0,4.0,1,69.0,0.0,0.0,0.0
152.0,7.0,735.0,4.0,1,264.0,0.0,0.0,0.0
36.0,2.0,229.0,4.0,1,71.0,0.0,0.0,0.0
272.0,4.75,323.0,4.0,1,127.0,0.0,0.0,0.0
423.0,10.0,530.0,2.0,1,18.0,0.0,0.0,0.0
89.0,2.0,612.0,4.0,1,10.0,16.0,0.0,0.0
414.0,4.0,526.0,4.0,1,527.0,0.0,0.0,0.0
738.0,9.0,1007.0,4.0,1,889.0,0.0,0.0,0.0
146.0,3.0,429.0,4.0,1,113.0,0.0,0.0,0.0
499.0,6.0,81.0,4.0,1,1482.0,0.0,0.0,0.0
613.0,6.5,354.0,2.0,1,1109.0,0.0,0.0,0.0
31.0,1.5,677.0,4.0,1,137.0,0.0,0.0,0.0
833.75,8.5,975.0,4.0,1,687.0,0.0,0.0,0.0
191.0,5.0,389.0,4.0,1,436.0,0.0,0.0,0.0
494.0,6.0,305.0,4.0,1,108.0,0.0,0.0,0.0
645.0,4.5,247.0,4.0,1,828.0,0.0,0.0,0.0
495.0,7.5,506.0,4.0,1,748.0,0.0,0.0,0.0
189.5,4.0,479.0,4.0,1,218.0,0.0,0.0,0.0
795.0,6.5,1731.0,4.0,1,2552.0,0.0,0.0,0.0
17.5,2.0,1013.0,2.0,1,41.0,18.8,2.0,0.0
824.0,21.0,1627.0,4.0,1,87.0,0.0,0.0,0.0
310.0,5.0,536.0,4.0,1,156.0,0.0,0.0,0.0
744.0,7.0,1189.0,4.0,1,2152.0,0.0,0.0,0.0
571.0,11.0,305.0,4.0,1,1001.0,0.0,0.0,0.0
114.5,3.0,451.0,4.0,1,171.0,0.0,0.0,0.0
851.0,5.0,2010.0,4.0,1,2838.0,0.0,0.0,0.0
108.0,4.0,741.0,4.0,1,251.0,0.0,0.0,0.0
702.0,7.0,1044.0,2.0,1,1880.0,0.0,0.0,0.0
629.0,10.0,885.0,5.0,1,1397.0,0.0,0.0,0.0
130.5,3.0,99.0,0.0,1,24.0,0.0,0.0,0.0
529.0,3.5,227.0,0.0,1,22.0,0.0,0.0,0.0
68.0,5.0,1169.0,4.0,1,294.0,0.0,0.0,0.0
598.5,5.0,536.0,4.0,1,717.0,0.0,0.0,0.0
74.0,1.0,328.0,4.0,1,123.0,0.0,0.0,0.0
794.0,16.0,1642.0,4.0,1,721.0,0.0,0.0,0.0
559.0,8.0,461.0,4.0,1,488.0,0.0,0.0,0.0
56.0,4.0,407.0,4.0,1,723.0,0.0,0.0,0.0
105.0,1.0,258.0,4.0,1,178.0,0.0,0.0,0.0
16.0,1.0,175.0,4.0,1,312.0,23.0,0.0,0.0
55.5,1.0,183.0,4.0,1,361.0,12.25,2.0,0.0
90.0,2.0,919.0,4.0,1,494.0,0.0,0.0,0.0
41.0,6.0,551.0,4.0,1,184.0,0.0,0.0,0.0
1143.0,18.0,96.0,5.0,1,616.0,0.0,0.0,0.0
302.0,6.0,366.0,2.0,1,30.0,0.0,0.0,0.0
30.0,2.0,951.0,4.5,1,768.0,0.0,0.0,0.0
591.5,7.0,230.0,4.0,1,412.0,0.0,0.0,0.0
102.0,1.0,419.0,4.0,1,777.0,0.0,0.0,0.0
66.5,2.0,504.0,4.0,1,523.0,0.0,0.0,0.0
936.5,15.0,1724.0,4.0,1,2103.0,0.0,0.0,0.0
726.0,8.0,926.0,4.0,1,1696.0,0.0,0.0,0.0
343.0,7.0,375.0,4.0,1,557.0,0.0,0.0,0.0
654.0,12.0,568.0,4.0,1,956.0,0.0,0.0,0.0
721.5,8.5,1032.0,4.0,1,445.0,0.0,0.0,0.0
105.0,4.0,248.0,4.0,1,93.0,0.0,0.0,0.0
115.0,2.5,646.0,4.0,1,278.0,15.0,4.0,0.0
834.0,10.0,1293.0,4.0,1,499.0,0.0,0.0,0.0
239.0,4.0,427.0,2.0,1,30.0,0.0,0.0,0.0
56.0,1.0,533.0,4.0,0,303.0,0.0,0.0,0.0
166.0,5.0,1038.0,4.0,1,262.0,0.0,0.0,0.0
379.0,5.0,240.0,4.0,1,425.0,0.0,0.0,0.0
243.0,2.0,379.0,4.0,1,596.0,0.0,0.0,0.0
29.0,15.0,232.0,2.5,1,657.0,0.0,0.0,0.0
345.5,2.5,199.0,4.0,1,25.0,0.0,0.0,0.0
886.5,5.0,816.0,4.0,1,444.0,0.0,0.0,0.0
33.0,2.0,391.0,4.0,1,132.0,0.0,0.0,0.0
630.0,13.0,696.0,5.0,1,1597.0,0.0,0.0,0.0
128.0,3.0,65.0,4.0,1,77.0,7.5,1.0,0.0
1066.0,13.0,2156.0,4.0,1,1243.0,0.0,0.0,0.0
1413.0,18.0,2144.0,4.0,1,738.0,0.0,0.0,0.0
216.0,6.0,695.0,4.0,1,942.0,0.0,0.0,0.0
516.0,9.0,367.0,4.0,1,841.0,0.0,0.0,0.0
645.0,5.0,177.0,4.0,1,205.0,0.0,0.0,0.0
79.0,5.0,985.0,4.0,1,297.0,0.0,0.0,0.0
308.0,8.0,232.0,4.0,1,10.0,0.0,0.0,0.0
339.5,4.0,218.0,4.0,1,139.0,0.0,0.0,0.0
532.5,9.5,53.0,5.0,1,1666.0,0.0,0.0,0.0
24.5,1.0,438.0,4.0,1,352.0,33.5,0.0,0.0
317.5,5.5,472.0,4.0,1,170.0,0.0,0.0,0.0
1409.0,11.5,1128.0,5.0,1,177.0,0.0,0.0,0.0
575.0,4.0,586.0,4.0,1,795.0,0.0,0.0,0.0
1169.0,13.0,2628.0,4.0,1,1207.0,0.0,0.0,0.0
1189.0,9.0,1332.0,4.0,1,2956.0,0.0,0.0,0.0
165.5,5.0,165.0,4.0,1,259.0,15.285714285714286,3.0,0.0
431.5,3.0,4.0,4.0,1,760.0,0.0,0.0,0.0
258.5,4.5,758.0,4.0,1,205.0,0.0,0.0,0.0
285.5,5.5,582.0,4.0,1,98.0,0.0,0.0,0.0
293.5,3.0,178.0,4.0,1,911.0,0.0,0.0,0.0
420.5,9.0,144.0,4.0,1,480.0,0.0,0.0,0.0
423.5,4.5,100.0,4.0,1,1105.0,0.0,0.0,0.0
664.0,7.0,1027.0,4.0,1,1087.0,0.0,0.0,0.0
524.5,5.0,65.0,4.0,0,327.0,0.0,0.0,0.0
57.0,2.5,697.0,4.0,0,847.0,7.0,0.0,0.0
210.0,6.0,597.0,4.0,1,170.0,5.666666666666667,1.0,0.0
57.0,3.5,319.0,4.0,1,733.0,0.0,0.0,0.0
135.0,2.0,85.0,4.0,1,53.0,3.0,0.0,0.0
190.0,4.0,158.0,4.0,1,122.0,0.0,0.0,0.0
1056.0,13.5,2071.0,2.5,1,777.0,0.0,0.0,0.0
305.0,3.5,313.0,4.0,1,1099.0,0.0,0.0,0.0
254.25,5.0,514.0,4.0,1,53.0,0.0,0.0,0.0
436.0,2.5,96.0,4.0,1,846.0,0.0,0.0,0.0
852.0,17.0,994.0,5.0,1,1399.0,0.0,0.0,0.0
541.0,3.0,640.0,4.0,1,418.0,0.0,0.0,0.0
287.0,2.5,110.0,4.0,1,66.0,0.0,0.0,0.0
410.0,2.5,615.0,4.0,1,231.0,0.0,0.0,0.0
728.0,9.0,593.0,4.0,1,752.0,0.0,0.0,0.0
274.0,5.5,224.0,4.0,1,132.0,0.0,0.0,0.0
216.5,5.0,413.0,4.0,1,622.0,0.0,0.0,0.0
194.0,3.0,322.0,4.0,1,413.0,0.0,0.0,0.0
168.5,13.5,322.0,4.0,1,189.0,0.0,0.0,0.0
1270.0,10.0,2294.0,4.0,1,1395.0,0.0,0.0,0.0
344.0,6.0,470.0,2.0,1,39.0,0.0,0.0,0.0
144.5,1.0,469.0,4.0,1,253.0,0.0,0.0,0.0
244.0,6.0,705.0,4.0,1,58.0,0.0,0.0,0.0
236.0,5.0,870.0,4.0,1,692.0,0.0,0.0,0.0
450.5,7.0,316.0,4.0,1,77.0,0.0,0.0,0.0
793.0,7.5,1501.0,4.0,1,430.0,0.0,0.0,0.0
900.5,9.0,751.0,4.0,1,315.0,0.0,0.0,0.0
193.0,4.0,579.0,4.0,1,270.0,0.0,0.0,0.0
614.0,4.5,480.0,4.0,1,1265.0,0.0,0.0,0.0
507.0,3.0,110.0,4.0,1,271.0,0.0,0.0,0.0
100.0,2.5,440.0,4.0,1,257.0,0.0,0.0,0.0
322.5,5.0,117.0,2.0,1,56.0,0.0,0.0,0.0
247.0,2.0,598.0,4.0,1,1041.0,0.0,0.0,0.0
130.0,2.0,277.0,4.0,1,129.0,0.0,0.0,0.0
224.5,1.0,383.0,4.0,1,413.0,0.0,0.0,0.0
22.0,1.0,414.0,4.0,1,162.0,19.25,1.0,0.0
558.5,1.5,180.0,4.0,1,1495.0,0.0,0.0,0.0
187.5,4.0,843.0,4.0,1,44.0,16.0,1.0,0.0
432.0,2.0,62.0,4.0,1,126.0,0.0,0.0,0.0
1015.0,20.0,379.0,5.0,1,366.0,0.0,0.0,0.0
459.0,4.0,329.0,4.0,1,652.0,0.0,0.0,0.0
86.0,3.0,616.0,4.0,0,596.0,13.75,2.0,0.0
549.5,5.0,376.0,4.0,1,394.0,0.0,0.0,0.0
34.0,1.0,505.0,2.0,1,6.0,0.0,0.0,0.0
768.5,2.5,825.0,4.0,1,1957.0,0.0,0.0,0.0
266.0,4.5,206.0,4.0,1,346.0,30.0,0.0,0.0
1587.0,12.666666666666666,2126.0,4.0,1,391.0,0.0,0.0,0.0
1145.0,8.5,442.0,4.0,1,2264.0,0.0,0.0,0.0
1040.0,13.0,1460.0,4.0,1,3146.0,0.0,0.0,0.0
903.25,13.5,2140.0,4.5,1,20.0,0.0,0.0,0.0
75.0,8.0,36.0,4.0,1,814.0,0.0,0.0,0.0
206.5,2.5,589.0,4.0,1,18.0,0.0,0.0,0.0
66.75,2.0,650.0,4.0,0,358.0,24.0,1.0,0.0
1006.0,17.0,2116.0,4.0,1,757.0,0.0,0.0,0.0
840.5,12.0,1791.0,5.0,1,490.0,0.0,0.0,0.0
647.5,10.0,799.0,4.0,1,1092.0,0.0,0.0,0.0
755.5,6.0,1089.0,4.0,1,445.0,0.0,0.0,0.0
350.0,2.0,296.0,4.0,1,115.0,0.0,0.0,0.0
258.0,5.0,784.0,4.0,1,157.0,0.0,0.0,0.0
205.0,7.0,576.0,4.0,1,105.0,9.5,0.0,0.0
75.0,2.0,490.0,0.0,1,0.0,25.0,0.0,0.0
841.0,4.0,1235.0,4.5,1,3045.0,0.0,0.0,0.0
340.0,4.0,516.0,4.0,1,226.0,0.0,0.0,0.0
537.5,5.0,220.0,4.0,1,394.0,0.0,0.0,0.0
370.5,6.0,229.0,0.0,1,74.0,0.0,0.0,0.0
741.0,8.333333333333334,993.0,4.0,1,860.0,0.0,0.0,0.0
553.5,7.5,67.0,4.0,1,467.0,0.0,0.0,0.0
141.0,3.0,614.0,4.0,1,367.0,0.0,0.0,0.0
800.5,10.5,1863.0,4.0,1,2581.0,0.0,0.0,0.0
574.0,4.0,21.0,4.0,1,664.0,0.0,0.0,0.0
41.0,1.0,682.0,4.0,0,896.0,0.0,0.0,0.0
276.5,3.0,442.0,4.0,1,20.0,0.0,0.0,0.0
570.0,6.5,137.0,4.5,1,1924.0,0.0,0.0,0.0
47.5,2.0,423.0,4.0,1,208.0,0.0,0.0,0.0
279.0,3.0,196.0,4.0,1,413.0,0.0,0.0,0.0
724.5,10.0,1250.0,4.0,1,1179.0,0.0,0.0,0.0
1304.0,13.0,1380.0,2.5,1,430.0,0.0,0.0,0.0
219.5,2.5,276.0,4.0,1,376.0,23.5,0.0,0.0
68.0,1.5,991.0,4.0,1,16.0,4.0,0.0,0.0
548.5,4.5,58.0,4.0,1,309.0,0.0,0.0,0.0
1226.0,17.0,2427.0,4.0,1,1264.0,0.0,0.0,0.0
113.0,3.0,678.0,4.0,1,301.0,24.5,1.0,0.0
471.0,4.0,499.0,4.0,1,1173.0,0.0,0.0,0.0
566.0,8.0,368.0,2.0,1,932.0,0.0,0.0,0.0
841.0,24.0,901.0,5.0,1,1248.0,0.0,0.0,0.0
18.0,1.0,506.0,4.0,1,719.0,0.0,0.0,0.0
1717.5,13.0,593.0,4.0,1,639.0,0.0,0.0,0.0
447.0,6.5,271.0,4.0,1,661.0,0.0,0.0,0.0
30.0,2.0,703.0,2.0,0,25.0,0.0,0.0,0.0
113.5,2.0,236.0,4.0,1,352.0,0.0,0.0,0.0
1320.0,13.0,2346.0,4.0,1,1241.0,0.0,0.0,0.0
474.0,13.0,185.0,4.0,1,699.0,0.0,0.0,0.0
184.5,4.0,547.0,4.0,1,309.0,0.0,0.0,0.0
62.0,2.0,778.0,4.0,0,228.0,0.0,0.0,0.0
312.5,5.5,961.0,4.0,1,430.0,0.0,0.0,0.0
57.0,2.5,196.0,4.0,0,32.0,0.0,0.0,0.0
589.5,6.0,437.0,4.0,1,710.0,0.0,0.0,0.0
172.0,1.5,245.0,4.0,1,98.0,0.0,0.0,0.0
24.0,3.0,332.0,4.0,1,103.0,0.0,0.0,0.0
551.0,10.0,565.0,4.0,1,431.0,0.0,0.0,0.0
31.0,2.5,395.0,4.0,1,333.0,6.5,0.0,0.0
5.5,1.0,374.0,4.0,1,593.0,0.0,0.0,0.0
24.5,1.0,525.0,4.0,1,519.0,15.5,1.0,0.0
319.0,1.0,249.0,4.0,1,115.0,0.0,0.0,0.0
322.0,9.0,845.0,4.0,1,749.0,0.0,0.0,0.0
707.0,8.0,1157.0,4.5,1,1851.0,0.0,0.0,0.0
970.0,4.5,72.0,4.0,1,337.0,0.0,0.0,0.0
1418.0,16.0,2276.0,4.0,1,883.0,0.0,0.0,0.0
717.5,6.0,864.0,4.0,1,1844.0,0.0,0.0,0.0
102.0,1.0,80.0,4.0,1,438.0,0.0,0.0,0.0
514.0,6.0,348.0,4.0,1,234.0,0.0,0.0,0.0
1074.0,12.0,1155.0,4.0,1,859.0,0.0,0.0,0.0
597.0,1.0,1685.0,4.0,1,2615.0,0.0,0.0,0.0
189.0,3.0,999.0,4.0,1,164.0,0.0,0.0,0.0
63.0,3.5,463.0,4.0,1,594.0,0.0,0.0,0.0
1333.5,19.5,1485.0,5.0,1,534.0,0.0,0.0,0.0
68.0,8.0,488.0,4.0,1,208.0,0.0,0.0,0.0
699.0,11.0,1431.0,4.0,1,1500.0,0.0,0.0,0.0
629.5,2.0,261.0,4.0,1,752.0,0.0,0.0,0.0
542.25,8.0,779.0,2.0,1,500.0,0.0,0.0,0.0
1351.0,15.0,1138.0,4.0,1,1532.0,0.0,0.0,0.0
603.0,3.5,517.0,2.0,1,1189.0,0.0,0.0,0.0
184.0,4.0,1266.0,4.0,1,503.0,0.0,0.0,0.0
181.0,3.0,576.0,4.0,1,516.0,0.0,0.0,0.0
499.0,5.0,465.0,2.0,1,10.0,0.0,0.0,0.0
418.0,4.0,455.0,4.0,1,62.0,0.0,0.0,0.0
344.0,4.5,332.0,4.0,1,80.0,0.0,0.0,0.0
601.0,11.0,555.0,5.0,1,1902.0,0.0,0.0,0.0
32.0,2.5,425.0,4.0,1,726.0,20.25,1.0,0.0
1120.0,7.5,1219.0,4.5,1,642.0,0.0,0.0,0.0
143.0,1.0,74.0,4.0,1,470.0,0.0,0.0,0.0
40.5,2.0,468.0,3.5,1,216.0,0.0,0.0,0.0
312.0,5.5,701.0,4.0,1,390.0,0.0,0.0,0.0
129.5,3.5,581.0,4.0,1,455.0,0.0,0.0,0.0
448.0,6.25,400.0,4.0,1,120.0,0.0,0.0,0.0
344.0,7.0,813.0,4.0,1,879.0,0.0,0.0,0.0
894.0,11.0,703.0,4.0,1,725.0,0.0,0.0,0.0
1033.0,12.5,1027.0,4.0,1,2471.0,0.0,0.0,0.0
413.0,4.0,362.0,4.0,1,299.0,0.0,0.0,0.0
582.0,6.0,718.0,4.0,1,923.0,0.0,0.0,0.0
691.0,6.0,703.0,4.0,1,1523.0,0.0,0.0,0.0
138.5,2.0,365.0,4.0,1,468.0,0.0,0.0,0.0
1248.5,8.5,827.0,4.0,1,1743.0,0.0,0.0,0.0
867.5,5.5,1331.0,4.0,1,3813.0,0.0,0.0,0.0
309.0,4.5,360.0,4.0,1,160.0,0.0,0.0,0.0
652.0,5.0,796.0,4.0,1,525.0,0.0,0.0,0.0
62.0,2.0,536.0,4.0,0,1043.0,5.333333333333333,0.0,0.0
377.0,4.0,83.0,4.0,1,681.0,0.0,0.0,0.0
279.0,5.5,778.0,4.0,1,274.0,0.0,0.0,0.0
624.0,10.0,722.0,4.0,1,1258.0,0.0,0.0,0.0
140.0,4.0,687.0,4.0,1,36.0,6.0,1.0,0.0
692.0,6.0,1200.0,4.0,1,249.0,0.0,0.0,0.0
1235.5,12.0,1210.0,4.0,1,578.0,0.0,0.0,0.0
138.0,3.0,283.0,4.0,1,172.0,0.0,0.0,0.0
537.0,5.0,364.0,4.0,1,796.0,0.0,0.0,0.0
185.25,7.5,366.0,4.0,1,417.0,0.0,0.0,0.0
30.0,1.0,267.0,4.0,1,469.0,0.0,0.0,0.0
202.0,3.0,471.0,2.0,1,20.0,0.0,0.0,0.0
103.0,3.5,891.0,2.0,1,23.0,30.0,0.0,0.0
178.0,3.0,597.0,4.0,1,461.0,0.0,0.0,0.0
167.0,1.0,715.0,4.0,1,275.0,0.0,0.0,0.0
793.0,7.0,1479.0,4.0,1,2621.0,0.0,0.0,0.0
188.0,11.0,411.0,4.0,1,182.0,0.0,0.0,0.0
995.0,14.0,1679.0,5.0,1,376.0,0.0,0.0,0.0
189.0,9.0,69.0,4.0,1,363.0,0.0,0.0,0.0
875.0,6.0,854.0,4.0,1,532.0,0.0,0.0,0.0
82.5,2.0,363.0,4.0,1,165.0,17.428571428571427,1.0,0.0
88.5,2.0,730.0,4.0,1,172.0,0.0,0.0,0.0
101.5,1.0,469.0,4.0,1,340.0,15.5,1.0,0.0
65.5,2.0,290.0,4.0,1,561.0,0.0,0.0,0.0
494.0,6.5,603.0,2.0,1,949.0,0.0,0.0,0.0
451.0,6.0,103.0,4.0,1,440.0,0.0,0.0,0.0
318.0,1.0,402.0,4.0,1,16.0,0.0,0.0,0.0
503.0,5.5,136.0,4.0,1,1661.0,0.0,0.0,0.0
599.0,5.0,456.0,4.5,1,961.0,0.0,0.0,0.0
31.5,2.0,590.0,4.0,1,555.0,0.0,0.0,0.0
59.5,2.0,943.0,4.0,1,274.0,30.0,0.0,0.0
517.5,5.5,464.0,0.0,1,21.0,0.0,0.0,0.0
166.0,2.0,369.0,4.0,1,479.0,0.0,0.0,0.0
493.0,7.5,767.0,4.0,1,677.0,0.0,0.0,0.0
24.0,2.0,754.0,4.0,1,597.0,0.0,0.0,0.0
1117.5,11.0,1637.0,4.5,1,223.0,0.0,0.0,0.0
507.0,7.5,404.0,4.0,1,635.0,0.0,0.0,0.0
891.0,13.0,1135.0,5.0,1,2857.0,0.0,0.0,0.0
545.0,3.5,408.0,4.0,1,370.0,0.0,0.0,0.0
704.5,5.5,1011.0,4.0,1,604.0,0.0,0.0,0.0
656.0,6.0,1006.0,4.0,1,2028.0,0.0,0.0,0.0
55.5,1.0,966.0,4.0,0,518.0,0.0,0.0,0.0
376.0,11.5,441.0,4.0,1,450.0,0.0,0.0,0.0
99.5,3.0,498.0,4.0,1,430.0,0.0,0.0,0.0
385.0,4.0,494.0,4.0,1,727.0,0.0,0.0,0.0
915.0,13.5,1868.0,4.0,1,2252.0,0.0,0.0,0.0
546.0,5.0,189.0,5.0,1,1142.0,0.0,0.0,0.0
403.0,4.5,566.0,4.0,1,497.0,0.0,0.0,0.0
48.0,1.0,878.0,4.0,0,238.0,0.0,0.0,0.0
616.75,17.25,515.0,5.0,1,2158.0,0.0,0.0,0.0
886.5,9.5,303.0,5.0,1,2924.0,0.0,0.0,0.0
400.0,6.0,434.0,4.0,1,3.0,0.0,0.0,0.0
349.5,8.0,367.0,4.0,1,779.0,0.0,0.0,0.0
392.0,4.0,297.0,4.0,1,660.0,0.0,0.0,0.0
569.0,10.0,595.0,4.0,1,512.0,0.0,0.0,0.0
645.0,11.0,956.0,2.0,1,1576.0,0.0,0.0,0.0
253.0,4.0,154.0,4.0,1,381.0,0.0,0.0,0.0
662.5,7.5,145.0,4.0,1,562.0,0.0,0.0,0.0
135.5,3.0,330.0,4.0,1,360.0,0.0,0.0,0.0
129.5,2.5,871.0,4.0,1,283.0,0.0,0.0,0.0
30.0,3.0,604.0,4.0,1,928.0,16.0,1.0,0.0
485.0,6.0,468.0,0.0,1,239.0,0.0,0.0,0.0
875.5,6.0,801.0,4.0,1,596.0,0.0,0.0,0.0
434.0,6.0,358.0,4.0,1,598.0,0.0,0.0,0.0
133.0,3.0,263.0,4.0,1,287.0,0.0,0.0,0.0
1180.5,12.0,1285.0,4.0,1,943.0,0.0,0.0,0.0
521.0,12.0,674.0,4.0,1,1841.0,0.0,0.0,0.0
1006.0,11.5,1002.0,4.0,1,2281.0,0.0,0.0,0.0
399.0,5.0,772.0,2.0,1,294.0,0.0,0.0,0.0
1213.0,31.0,1454.0,2.5,1,425.0,0.0,0.0,0.0
1188.0,14.0,1780.0,4.0,1,1182.0,0.0,0.0,0.0
79.0,2.0,299.0,4.0,0,470.0,2.0,0.0,0.0
647.5,5.0,1180.0,4.0,1,2300.0,0.0,0.0,0.0
222.0,3.5,703.0,4.0,1,54.0,0.0,0.0,0.0
151.0,2.0,275.0,2.0,1,16.0,0.0,0.0,0.0
369.0,2.5,696.0,4.0,1,650.0,0.0,0.0,0.0
65.5,4.5,926.0,4.0,0,655.0,10.4,5.0,0.0
1184.0,22.0,1731.0,5.0,1,637.0,0.0,0.0,0.0
112.0,2.0,355.0,4.0,1,299.0,0.0,0.0,0.0
340.6666666666667,7.0,430.0,4.0,1,262.0,0.0,0.0,0.0
105.0,2.0,696.0,4.0,0,483.0,0.0,0.0,0.0
830.0,13.0,1935.0,4.0,1,1927.0,0.0,0.0,0.0
541.0,5.5,367.0,4.0,1,419.0,0.0,0.0,0.0
546.0,3.0,127.0,4.0,1,72.0,0.0,0.0,0.0
154.0,1.0,433.0,4.0,0,459.0,35.0,0.0,0.0
234.0,2.5,1058.0,4.0,1,511.0,0.0,0.0,0.0
132.0,3.5,126.0,4.0,1,203.0,0.0,0.0,0.0
352.5,6.0,190.0,2.0,1,45.0,0.0,0.0,0.0
379.0,5.0,150.0,4.0,1,97.0,0.0,0.0,0.0
155.0,3.5,762.0,4.0,1,170.0,0.0,0.0,0.0
1770.0,9.0,791.0,4.0,1,633.0,0.0,0.0,0.0
292.0,5.0,489.0,4.0,1,13.0,0.0,0.0,0.0
895.5,13.0,659.0,4.0,1,790.0,0.0,0.0,0.0
74.0,3.0,353.0,4.0,1,93.0,0.0,0.0,0.0
93.0,1.5,793.0,4.0,1,112.0,0.0,0.0,0.0
21.0,0.5,597.0,4.0,1,644.0,0.0,0.0,0.0
28.5,3.0,557.0,4.0,1,55.0,0.0,0.0,0.0
57.0,2.0,578.0,4.0,1,117.0,0.0,0.0,0.0
579.5,21.0,142.0,5.0,1,1670.0,0.0,0.0,0.0
172.33333333333334,2.0,139.0,4.0,1,137.0,0.0,0.0,0.0
327.0,7.0,545.0,4.0,1,282.0,0.0,0.0,0.0
732.0,11.0,498.0,5.0,1,2931.0,0.0,0.0,0.0
414.0,5.0,711.0,4.0,1,99.0,0.0,0.0,0.0
819.5,14.5,1422.0,4.0,1,137.0,0.0,0.0,0.0
274.5,3.0,484.0,4.0,1,66.0,0.0,0.0,0.0
47.0,9.0,443.0,4.0,1,341.0,0.0,0.0,0.0
440.25,4.0,275.0,4.0,1,920.0,0.0,0.0,0.0
534.0,7.0,637.0,4.0,1,646.0,0.0,0.0,0.0
91.25,3.0,753.0,4.0,1,192.0,14.333333333333334,0.0,0.0
531.0,6.0,1254.0,4.0,1,2460.0,0.0,0.0,0.0
778.5,11.5,294.0,5.0,1,2350.0,0.0,0.0,0.0
949.5,12.0,2198.0,5.0,1,176.0,0.0,0.0,0.0
323.0,4.0,562.0,4.0,1,68.0,0.0,0.0,0.0
716.0,7.0,1448.0,4.0,1,1957.0,0.0,0.0,0.0
798.0,25.0,830.0,5.0,1,950.0,0.0,0.0,0.0
707.5,8.0,1065.0,4.0,1,1552.0,0.0,0.0,0.0
128.0,3.5,308.0,4.0,1,128.0,0.0,0.0,0.0
83.0,2.5,681.0,3.0,1,669.0,0.0,0.0,0.0
244.0,2.0,355.0,4.0,1,244.0,0.0,0.0,0.0
246.0,5.0,576.0,4.0,1,281.0,0.0,0.0,0.0
825.0,6.5,1162.0,4.0,1,3807.0,0.0,0.0,0.0
548.5,10.0,287.0,4.0,1,462.0,0.0,0.0,0.0
43.0,3.0,287.0,4.0,1,72.0,0.0,0.0,0.0
367.75,9.5,298.0,4.0,1,171.0,0.0,0.0,0.0
364.0,5.0,498.0,4.0,1,1155.0,0.0,0.0,0.0
870.0,9.5,1616.0,4.0,1,213.0,0.0,0.0,0.0
289.5,4.5,505.0,4.0,1,250.0,30.0,0.0,0.0
225.0,3.0,128.0,4.0,1,439.0,0.0,0.0,0.0
258.5,4.0,302.0,4.0,1,120.0,0.0,0.0,0.0
1241.5,36.0,1227.0,4.0,1,122.0,0.0,0.0,0.0
115.5,3.0,545.0,4.0,1,349.0,0.0,0.0,0.0
595.25,18.25,380.0,4.5,1,1938.0,0.0,0.0,0.0
735.0,11.0,819.0,4.0,1,1811.0,0.0,0.0,0.0
213.5,2.0,99.0,4.0,1,134.0,0.0,0.0,0.0
759.0,23.0,613.0,5.0,1,621.0,0.0,0.0,0.0
871.0,4.5,2238.0,4.0,1,3449.0,0.0,0.0,0.0
689.5,8.0,739.0,4.0,1,692.0,0.0,0.0,0.0
1204.0,10.5,867.0,4.0,1,2654.0,0.0,0.0,0.0
668.5,6.5,364.0,4.0,1,1350.0,0.0,0.0,0.0
434.0,6.0,388.0,4.0,1,571.0,0.0,0.0,0.0
349.0,4.5,254.0,0.0,1,321.0,0.0,0.0,0.0
1126.5,13.0,2249.0,4.0,1,1693.0,0.0,0.0,0.0
214.0,6.0,305.0,4.0,1,102.0,0.0,0.0,0.0
154.0,1.0,357.0,4.0,1,263.0,0.0,0.0,0.0
563.5,7.0,723.0,4.0,1,705.0,0.0,0.0,0.0
553.0,0.0,428.0,4.0,1,1013.0,0.0,0.0,0.0
71.5,6.0,782.0,4.0,0,254.0,17.22222222222222,3.0,0.0
783.0,6.0,1848.0,4.0,1,2666.0,0.0,0.0,0.0
631.0,6.0,859.0,4.0,1,1406.0,0.0,0.0,0.0
403.0,4.0,558.0,4.0,1,257.0,0.0,0.0,0.0
426.0,5.5,488.0,4.0,1,538.0,0.0,0.0,0.0
251.0,5.5,547.0,0.0,1,142.0,0.0,0.0,0.0
44.5,2.0,1351.0,4.0,0,438.0,13.0,2.0,0.0
304.5,5.0,456.0,4.0,1,188.0,0.0,0.0,0.0
253.0,4.0,392.0,4.0,1,90.0,0.0,0.0,0.0
518.0,4.5,321.0,2.0,1,75.0,0.0,0.0,0.0
835.5,6.0,2110.0,4.0,1,2962.0,0.0,0.0,0.0
311.0,5.0,108.0,4.0,1,491.0,25.0,1.0,0.0
26.0,0.0,1045.0,4.0,0,726.0,0.0,0.0,0.0
365.0,4.0,482.0,4.0,1,649.0,0.0,0.0,0.0
290.0,3.5,413.0,4.0,1,360.0,0.0,0.0,0.0
26.0,3.5,691.0,4.0,1,514.0,0.0,0.0,0.0
405.0,6.5,137.0,4.0,1,1124.0,0.0,0.0,0.0
68.0,1.0,505.0,4.0,1,552.0,14.0,3.0,0.0
219.0,4.0,623.0,4.0,1,1017.0,0.0,0.0,0.0
362.0,12.0,345.0,4.0,1,567.0,0.0,0.0,0.0
32.0,3.0,606.0,4.0,1,383.0,0.0,0.0,0.0
564.5,6.5,169.0,4.0,1,765.0,0.0,0.0,0.0
49.5,2.0,315.0,2.0,1,4.0,13.0,2.0,0.0
325.5,7.0,800.0,4.0,1,693.0,30.0,0.0,0.0
403.0,5.0,206.0,2.0,1,47.0,0.0,0.0,0.0
917.0,8.0,1270.0,5.0,1,1720.0,0.0,0.0,0.0
28.0,1.0,644.0,4.0,1,673.0,0.0,0.0,0.0
356.0,3.0,306.0,0.0,1,22.0,31.0,0.0,0.0
705.0,7.5,934.0,4.0,1,1503.0,0.0,0.0,0.0
66.5,3.0,60.0,4.0,1,51.0,0.0,0.0,0.0
541.5,6.0,365.0,2.0,1,78.0,0.0,0.0,0.0
244.0,2.5,844.0,4.0,1,937.0,0.0,0.0,0.0
613.0,5.0,1415.0,4.0,1,2240.0,0.0,0.0,0.0
458.5,4.0,167.0,4.0,1,1560.0,0.0,0.0,0.0
744.0,6.0,1708.0,4.0,1,2160.0,0.0,0.0,0.0
358.0,9.0,495.0,4.0,1,489.0,0.0,0.0,0.0
346.5,2.0,187.0,4.0,1,1048.0,0.0,0.0,0.0
68.5,2.0,620.0,4.0,1,577.0,0.0,0.0,0.0
1228.0,29.0,1461.0,5.0,1,99.0,0.0,0.0,0.0
194.0,3.5,646.0,4.0,1,416.0,0.0,0.0,0.0
99.0,3.5,1003.0,4.0,1,114.0,0.0,0.0,0.0
121.5,3.5,567.0,4.0,1,615.0,0.0,0.0,0.0
414.5,1.0,595.0,4.0,1,116.0,0.0,0.0,0.0
39.0,2.5,772.0,4.0,1,0.0,11.5,1.0,0.0
95.5,3.0,1008.0,4.0,0,71.0,30.0,0.0,0.0
7.0,1.0,557.0,4.0,1,94.0,0.0,0.0,0.0
52.5,2.5,20.0,4.0,1,389.0,0.0,0.0,0.0
255.5,4.5,299.0,4.0,1,203.0,0.0,0.0,0.0
514.0,5.0,237.0,4.0,1,459.0,0.0,0.0,0.0
433.0,4.0,298.0,4.0,1,231.0,0.0,0.0,0.0
765.5,16.0,1483.0,4.0,1,1499.0,0.0,0.0,0.0
108.5,2.0,393.0,4.0,1,335.0,0.0,0.0,0.0
939.0,12.5,1637.0,4.0,1,2955.0,0.0,0.0,0.0
607.0,6.5,77.0,4.0,1,623.0,0.0,0.0,0.0
29.0,3.5,864.0,4.0,1,241.0,0.0,0.0,0.0
362.0,4.0,123.0,4.0,1,41.0,0.0,0.0,0.0
1302.5,12.0,2165.0,4.0,1,1137.0,0.0,0.0,0.0
882.0,15.0,1825.0,4.5,1,947.0,0.0,0.0,0.0
627.0,8.5,763.0,4.0,1,1282.0,0.0,0.0,0.0
23.0,1.0,490.0,4.0,1,762.0,0.0,0.0,0.0
1095.5,13.5,782.0,4.0,1,1406.0,0.0,0.0,0.0
338.0,6.0,311.0,4.0,1,211.0,0.0,0.0,0.0
62.0,2.5,643.0,4.0,1,500.0,6.0,2.0,0.0
717.0,6.0,1170.0,4.0,1,1513.0,0.0,0.0,0.0
223.5,3.0,372.0,4.0,1,109.0,0.0,0.0,0.0
217.5,3.0,682.0,4.0,1,85.0,0.0,0.0,0.0
342.0,5.0,105.0,4.0,1,23.0,0.0,0.0,0.0
1696.0,31.0,1093.0,5.0,1,124.0,0.0,0.0,0.0
492.0,7.0,606.0,4.0,1,329.0,0.0,0.0,0.0
600.5,5.0,0.0,4.0,1,500.0,0.0,0.0,0.0
855.0,3.0,1085.0,4.0,1,3544.0,0.0,0.0,0.0
320.0,4.0,92.0,4.0,1,298.0,0.0,0.0,0.0
167.25,11.0,547.0,4.0,1,216.0,0.0,0.0,0.0
972.0,6.0,83.0,4.0,1,350.0,0.0,0.0,0.0
100.0,19.5,232.0,4.0,1,281.0,0.0,0.0,0.0
86.0,2.0,1003.0,4.0,1,338.0,0.0,0.0,0.0
767.25,11.0,1475.0,4.0,1,1813.0,0.0,0.0,0.0
590.5,3.0,859.0,4.0,1,2408.0,0.0,0.0,0.0
637.0,6.0,711.0,4.0,1,934.0,0.0,0.0,0.0
1014.8,23.0,657.0,5.0,1,977.0,0.0,0.0,0.0
99.0,1.5,712.0,4.0,1,1080.0,0.0,0.0,0.0
274.0,6.5,650.0,4.0,1,307.0,0.0,0.0,0.0
378.0,9.5,267.0,4.0,1,368.0,0.0,0.0,0.0
916.0,9.0,1513.0,4.0,1,1849.0,0.0,0.0,0.0
655.5,18.0,593.0,5.0,1,2139.0,0.0,0.0,0.0
68.0,2.0,1000.0,4.0,1,44.0,0.0,0.0,0.0
551.5,9.5,290.0,4.0,1,823.0,0.0,0.0,0.0
473.0,6.5,362.0,4.0,1,412.0,0.0,0.0,0.0
354.0,6.0,294.0,4.0,1,887.0,0.0,0.0,0.0
504.0,4.0,195.0,4.0,1,668.0,0.0,0.0,0.0
725.5,8.0,1042.0,4.0,1,381.0,0.0,0.0,0.0
13.5,4.0,854.0,4.0,1,221.0,12.571428571428571,3.0,0.0
501.0,3.0,166.0,4.0,1,594.0,0.0,0.0,0.0
416.0,6.0,710.0,4.0,1,47.0,0.0,0.0,0.0
427.5,2.0,212.0,4.0,1,363.0,0.0,0.0,0.0
480.0,5.0,656.0,4.0,1,1113.0,0.0,0.0,0.0
54.5,2.0,47.0,4.0,1,317.0,0.0,0.0,0.0
77.0,1.0,763.0,4.0,0,521.0,13.4,2.0,0.0
131.5,3.0,214.0,4.0,0,811.0,0.0,0.0,0.0
809.25,25.5,726.0,5.0,1,789.0,0.0,0.0,0.0
274.0,4.5,434.0,4.0,1,89.0,0.0,0.0,0.0
1338.5,17.0,1417.0,4.0,1,1948.0,0.0,0.0,0.0
96.0,2.5,576.0,4.0,1,138.0,0.0,0.0,0.0
1092.75,24.0,2013.0,5.0,1,822.0,0.0,0.0,0.0
731.5,11.0,1212.0,4.0,1,2077.0,0.0,0.0,0.0
125.5,6.5,421.0,4.0,1,423.0,0.0,0.0,0.0
205.0,4.0,823.0,4.0,1,1081.0,0.0,0.0,0.0
54.5,2.0,669.0,4.0,1,499.0,13.125,4.0,0.0
808.5,14.0,1432.0,5.0,1,1404.0,0.0,0.0,0.0
1669.0,24.0,1349.0,5.0,1,252.0,0.0,0.0,0.0
1518.0,34.0,1809.0,5.0,1,248.0,0.0,0.0,0.0
177.0,3.5,546.0,4.0,1,108.0,0.0,0.0,0.0
109.5,3.0,914.0,4.0,1,636.0,0.0,0.0,0.0
291.5,6.0,739.0,4.0,1,454.0,0.0,0.0,0.0
846.5,14.0,1556.0,4.0,1,1127.0,0.0,0.0,0.0
143.5,2.5,552.0,4.0,1,174.0,0.0,0.0,0.0
236.5,4.0,773.0,4.0,1,203.0,0.0,0.0,0.0
71.0,2.0,613.0,4.0,1,1080.0,0.0,0.0,0.0
580.0,7.0,303.0,4.0,1,696.0,0.0,0.0,0.0
1360.0,13.0,1060.0,4.0,1,1398.0,0.0,0.0,0.0
40.0,4.0,123.0,3.0,1,130.0,0.0,0.0,0.0
183.5,4.0,798.0,2.0,1,49.0,0.0,0.0,0.0
183.0,2.0,240.0,4.0,1,130.0,0.0,0.0,0.0
427.0,5.0,209.0,0.0,1,17.0,0.0,0.0,0.0
283.0,3.0,148.0,4.0,1,550.0,0.0,0.0,0.0
1009.0,5.0,1540.0,4.0,1,3089.0,0.0,0.0,0.0
417.0,6.0,402.0,4.0,1,499.0,0.0,0.0,0.0
22.5,2.0,607.0,4.0,1,455.0,0.0,0.0,0.0
159.0,2.5,449.0,4.0,1,410.0,15.625,3.0,0.0
329.0,4.0,777.0,4.0,1,294.0,0.0,0.0,0.0
256.5,3.5,251.0,4.0,1,267.0,0.0,0.0,0.0
602.0,6.0,589.0,4.0,1,710.0,0.0,0.0,0.0
173.0,4.5,793.0,4.0,1,125.0,0.0,0.0,0.0
961.0,4.5,224.0,5.0,1,659.0,0.0,0.0,0.0
364.5,7.0,355.0,4.0,1,967.0,0.0,0.0,0.0
22.5,2.5,642.0,4.0,1,153.0,19.0,0.0,0.0
207.0,3.0,386.0,4.0,1,135.0,0.0,0.0,0.0
479.5,9.0,667.0,4.0,1,199.0,0.0,0.0,0.0
56.0,2.5,142.0,4.0,1,140.0,0.0,0.0,0.0
31.5,2.0,288.0,4.0,0,307.0,0.0,0.0,0.0
45.0,4.0,599.0,4.0,0,708.0,0.0,0.0,0.0
419.5,6.0,263.0,4.5,1,188.0,0.0,0.0,0.0
342.0,7.0,620.0,4.0,1,441.0,0.0,0.0,0.0
540.0,3.0,237.0,4.0,1,315.0,0.0,0.0,0.0
99.0,1.0,346.0,4.0,1,578.0,0.0,0.0,0.0
278.0,5.0,252.0,4.0,1,844.0,0.0,0.0,0.0
743.0,8.5,1253.0,4.0,1,2232.0,0.0,0.0,0.0
889.0,15.5,1633.0,4.0,1,1026.0,0.0,0.0,0.0
6.0,1.0,214.0,4.0,1,95.0,0.0,0.0,0.0
348.5,3.0,164.0,4.0,1,549.0,0.0,0.0,0.0
522.5,18.0,390.0,4.0,1,504.0,0.0,0.0,0.0
221.0,2.0,34.0,4.0,1,370.0,0.0,0.0,0.0
386.75,5.0,539.0,4.0,1,293.0,0.0,0.0,0.0
226.0,3.5,594.0,4.0,1,76.0,0.0,0.0,0.0
263.0,5.0,934.0,4.0,1,84.0,0.0,0.0,0.0
246.5,3.0,822.0,4.0,1,458.0,0.0,0.0,0.0
505.5,4.5,624.0,4.0,1,366.0,0.0,0.0,0.0
181.0,1.0,53.0,4.0,1,87.0,0.0,0.0,0.0
142.0,2.5,291.0,2.0,1,49.0,18.666666666666668,1.0,0.0
213.5,4.0,1332.0,4.0,1,641.0,0.0,0.0,0.0
146.5,1.0,236.0,4.0,1,306.0,0.0,0.0,0.0
715.0,6.0,1375.0,4.0,1,234.0,0.0,0.0,0.0
823.0,5.0,1349.0,4.0,1,4031.0,0.0,0.0,0.0
9.0,1.5,336.0,4.0,1,103.0,32.0,0.0,0.0
717.0,22.0,728.0,5.0,1,1549.0,0.0,0.0,0.0
296.0,8.0,1150.0,2.0,1,0.0,0.0,0.0,0.0
334.5,4.0,359.0,4.0,1,494.0,0.0,0.0,0.0
470.0,5.5,352.0,4.0,1,1096.0,0.0,0.0,0.0
624.0,7.0,577.0,4.0,1,326.0,0.0,0.0,0.0
659.0,27.0,743.0,5.0,1,1272.0,0.0,0.0,0.0
618.0,5.5,322.0,2.0,1,576.0,0.0,0.0,0.0
25.5,1.0,784.0,4.0,0,552.0,0.0,0.0,0.0
262.0,4.0,171.0,2.0,1,54.0,0.0,0.0,0.0
685.0,7.0,610.0,4.0,1,137.0,0.0,0.0,0.0
60.0,5.0,369.0,4.0,1,397.0,0.0,0.0,0.0
165.0,2.0,345.0,4.0,1,171.0,19.0,0.0,0.0
124.0,3.0,70.0,4.0,1,834.0,0.0,0.0,0.0
686.0,9.0,1036.0,4.5,1,1742.0,0.0,0.0,0.0
732.0,9.0,813.0,4.0,1,377.0,0.0,0.0,0.0
976.0,14.0,1738.0,5.0,1,3809.0,0.0,0.0,0.0
416.0,6.0,729.0,2.0,1,40.0,0.0,0.0,0.0
1215.0,7.0,668.0,4.0,1,1305.0,0.0,0.0,0.0
541.0,3.0,60.0,2.0,1,552.0,0.0,0.0,0.0
459.0,3.0,72.0,4.0,1,532.0,0.0,0.0,0.0
345.5,3.0,396.0,4.0,1,226.0,0.0,0.0,0.0
524.5,4.0,346.0,4.0,1,327.0,0.0,0.0,0.0
555.0,7.0,347.0,4.0,1,391.0,0.0,0.0,0.0
550.0,4.0,560.0,4.0,1,403.0,0.0,0.0,0.0
408.25,4.0,43.0,4.0,1,468.0,0.0,0.0,0.0
680.0,12.0,753.0,4.0,1,1344.0,0.0,0.0,0.0
643.0,8.0,687.0,4.5,1,1551.0,0.0,0.0,0.0
1006.0,11.0,1492.0,5.0,1,616.0,0.0,0.0,0.0
903.5,6.5,832.0,4.0,1,194.0,0.0,0.0,0.0
208.0,6.0,919.0,4.0,1,524.0,0.0,0.0,0.0
175.0,5.0,312.0,2.0,1,21.0,0.0,0.0,0.0
680.0,12.0,729.0,4.0,1,1319.0,0.0,0.0,0.0
1092.0,19.5,2056.0,5.0,1,260.0,0.0,0.0,0.0
376.0,3.0,440.0,4.0,1,943.0,0.0,0.0,0.0
483.0,8.0,385.0,4.0,1,475.0,0.0,0.0,0.0
79.5,2.0,457.0,4.0,1,195.0,0.0,0.0,0.0
933.0,16.5,1791.0,5.0,1,610.0,0.0,0.0,0.0
521.0,3.0,96.0,4.0,1,513.0,0.0,0.0,0.0
1137.0,7.75,728.0,4.0,1,2564.0,0.0,0.0,0.0
5.0,2.0,801.0,2.5,1,546.0,0.0,0.0,0.0
905.6666666666666,20.5,2292.0,2.5,1,280.0,0.0,0.0,0.0
1117.0,8.0,870.0,4.0,1,2626.0,0.0,0.0,0.0
843.0,16.0,1078.0,5.0,1,1469.0,0.0,0.0,0.0
651.0,5.0,1047.0,4.0,1,2542.0,0.0,0.0,0.0
163.0,6.0,180.0,4.0,1,124.0,0.0,0.0,0.0
839.5,6.5,1138.0,4.0,1,3736.0,0.0,0.0,0.0
73.0,4.0,495.0,4.5,1,278.0,0.0,0.0,0.0
324.0,5.0,491.0,4.0,1,77.0,0.0,0.0,0.0
320.0,9.0,714.0,4.0,1,548.0,0.0,0.0,0.0
1120.0,8.0,1098.0,4.0,1,2964.0,0.0,0.0,0.0
191.0,4.0,440.0,4.0,1,410.0,0.0,0.0,0.0
737.0,7.0,1157.0,4.0,1,1670.0,0.0,0.0,0.0
492.0,5.0,308.0,4.0,1,46.0,0.0,0.0,0.0
42.0,3.5,542.0,4.0,1,664.0,40.0,0.0,0.0
354.75,3.0,302.0,4.0,1,1404.0,0.0,0.0,0.0
1009.0,4.0,2380.0,4.0,1,4212.0,0.0,0.0,0.0
537.5,6.0,196.0,4.5,1,1824.0,0.0,0.0,0.0
26.0,0.5,1186.0,4.0,0,1064.0,0.0,0.0,0.0
519.0,4.0,433.0,4.0,1,625.0,0.0,0.0,0.0
217.0,5.0,408.0,4.0,1,592.0,0.0,0.0,0.0
318.0,4.5,384.0,4.0,1,165.0,0.0,0.0,0.0
544.0,16.5,443.0,4.0,1,746.0,0.0,0.0,0.0
24.25,2.0,301.0,3.0,1,103.0,0.0,0.0,0.0
851.3333333333334,2.0,919.0,4.0,1,3428.0,0.0,0.0,0.0
68.0,0.5,583.0,4.5,0,674.0,22.0,1.0,0.0
323.0,2.5,251.0,2.0,1,46.0,0.0,0.0,0.0
502.0,3.0,385.0,4.0,1,758.0,0.0,0.0,0.0
411.0,6.0,395.0,4.0,1,192.0,0.0,0.0,0.0
153.33333333333334,5.0,565.0,4.0,1,95.0,0.0,0.0,0.0
1119.0,8.0,602.0,4.0,1,2325.0,0.0,0.0,0.0
357.5,3.0,506.0,4.0,1,105.0,0.0,0.0,0.0
433.0,3.0,51.0,4.0,1,879.0,0.0,0.0,0.0
615.5,3.5,768.0,4.0,1,906.0,0.0,0.0,0.0
67.25,2.0,1127.0,4.0,0,211.0,5.0,0.0,0.0
65.0,2.0,577.0,2.0,0,60.0,26.5,1.0,0.0
47.0,2.0,944.0,5.0,1,541.0,20.8,2.0,0.0
531.5,5.0,299.0,4.0,1,673.0,0.0,0.0,0.0
1368.0,10.0,952.0,4.0,1,1252.0,0.0,0.0,0.0
622.0,10.0,134.0,4.0,1,559.0,0.0,0.0,0.0
36.5,3.0,667.0,4.0,1,596.0,0.0,0.0,0.0
73.0,3.0,726.0,4.0,0,594.0,11.75,3.0,0.0
665.0,5.0,214.0,4.0,1,427.0,0.0,0.0,0.0
1596.0,13.5,1925.0,4.0,1,545.0,0.0,0.0,0.0
528.5,7.5,511.0,4.5,1,1090.0,0.0,0.0,0.0
60.0,2.0,300.0,4.0,0,410.0,25.0,0.0,0.0
61.5,1.0,671.0,4.0,1,478.0,13.0,4.0,0.0
166.0,4.0,698.0,4.0,1,51.0,0.0,0.0,0.0
388.0,5.5,174.0,4.0,1,839.0,0.0,0.0,0.0
116.5,2.0,45.0,4.0,1,243.0,17.0,0.0,0.0
440.0,6.0,220.0,4.0,1,1342.0,0.0,0.0,0.0
536.0,4.0,257.0,4.0,1,688.0,0.0,0.0,0.0
102.0,2.0,364.0,4.0,1,213.0,15.333333333333334,1.0,0.0
61.5,2.5,711.0,4.0,1,842.0,16.666666666666668,1.0,0.0
583.0,14.0,449.0,4.0,1,238.0,0.0,0.0,0.0
2.0,1.0,748.0,0.0,0,586.0,0.0,0.0,0.0
387.0,6.5,368.0,4.0,1,304.0,0.0,0.0,0.0
637.0,7.0,694.0,4.5,1,1516.0,0.0,0.0,0.0
467.0,6.0,26.0,4.0,1,607.0,0.0,0.0,0.0
731.0,12.0,620.0,4.5,1,2078.0,0.0,0.0,0.0
89.75,4.0,260.0,4.0,1,410.0,0.0,0.0,0.0
827.0,1.0,711.0,4.0,1,2913.0,0.0,0.0,0.0
101.0,2.0,409.0,4.0,1,239.0,10.0,1.0,0.0
1151.0,15.0,2544.0,4.0,1,1362.0,0.0,0.0,0.0
461.0,10.0,95.0,4.0,1,483.0,0.0,0.0,0.0
520.0,8.0,135.0,4.0,1,367.0,0.0,0.0,0.0
274.5,7.0,720.0,4.0,1,343.0,0.0,0.0,0.0
423.0,8.0,417.0,4.0,1,495.0,0.0,0.0,0.0
380.0,5.0,528.0,4.0,1,313.0,0.0,0.0,0.0
421.0,9.0,678.0,4.0,1,718.0,0.0,0.0,0.0
833.5,6.5,2045.0,4.0,1,2835.0,0.0,0.0,0.0
257.5,3.0,588.0,4.0,1,61.0,0.0,0.0,0.0
8.0,5.0,262.0,2.0,1,15.0,20.2,2.0,0.0
360.5,3.0,489.0,0.0,1,23.0,0.0,0.0,0.0
353.0,4.5,367.0,4.0,1,20.0,0.0,0.0,0.0
511.0,4.5,573.0,4.0,1,516.0,0.0,0.0,0.0
343.0,6.0,717.0,4.0,1,760.0,0.0,0.0,0.0
486.5,23.0,397.0,4.0,1,442.0,0.0,0.0,0.0
60.0,3.0,190.0,4.0,1,1154.0,32.0,0.0,0.0
1207.0,8.0,1473.0,4.0,1,350.0,0.0,0.0,0.0
302.0,6.0,118.0,4.0,1,194.0,0.0,0.0,0.0
662.0,7.0,961.0,4.0,1,625.0,0.0,0.0,0.0
5.0,2.5,39.0,2.0,1,63.0,0.0,0.0,0.0
352.0,6.0,620.0,4.0,1,436.0,0.0,0.0,0.0
702.0,9.0,985.0,4.0,1,1475.0,0.0,0.0,0.0
226.5,2.0,648.0,4.0,1,146.0,0.0,0.0,0.0
46.0,1.0,310.0,4.0,1,146.0,0.0,0.0,0.0
847.0,22.0,814.0,5.0,1,815.0,0.0,0.0,0.0
300.0,7.0,659.0,4.0,1,620.0,0.0,0.0,0.0
132.0,2.0,437.0,4.0,1,290.0,22.33333333333333,1.0,0.0
577.0,9.0,490.0,5.0,1,1362.0,0.0,0.0,0.0
181.5,2.0,1166.0,4.0,1,305.0,0.0,0.0,0.0
284.0,3.0,54.0,4.0,1,391.0,0.0,0.0,0.0
452.0,3.0,114.0,4.0,1,1503.0,0.0,0.0,0.0
25.5,3.0,1209.0,4.5,1,262.0,18.0,1.0,0.0
375.5,3.5,0.0,4.0,1,764.0,0.0,0.0,0.0
852.0,5.0,2295.0,4.0,1,3241.0,0.0,0.0,0.0
841.5,4.5,2032.0,4.0,1,2612.0,0.0,0.0,0.0
895.0,10.0,2282.0,4.0,1,3584.0,0.0,0.0,0.0
636.0,5.0,348.0,4.0,1,394.0,0.0,0.0,0.0
424.0,7.0,356.0,4.0,1,633.0,0.0,0.0,0.0
417.0,4.5,383.0,0.0,1,149.0,0.0,0.0,0.0
958.0,9.0,1199.0,5.0,1,1619.0,0.0,0.0,0.0
18.5,1.5,538.0,4.0,1,244.0,0.0,0.0,0.0
395.5,4.0,154.0,4.0,1,989.0,0.0,0.0,0.0
878.0,6.5,2359.0,4.0,1,3533.0,0.0,0.0,0.0
235.0,2.0,241.0,4.0,1,734.0,0.0,0.0,0.0
116.0,3.0,572.0,4.0,0,115.0,22.5,1.0,0.0
126.0,2.0,222.0,4.0,1,184.0,0.0,0.0,0.0
192.0,3.0,541.0,4.0,1,57.0,24.0,0.0,0.0
1546.5,8.5,816.0,4.0,1,1723.0,0.0,0.0,0.0
2.0,1.0,821.0,0.0,1,1206.0,0.0,0.0,0.0
214.0,2.0,308.0,4.0,1,94.0,0.0,0.0,0.0
650.0,7.0,234.0,4.0,1,632.0,0.0,0.0,0.0
135.5,2.0,588.0,4.0,1,166.0,0.0,0.0,0.0
343.0,3.0,486.0,4.0,1,327.0,0.0,0.0,0.0
440.0,5.0,35.0,4.0,1,1364.0,0.0,0.0,0.0
395.0,4.0,451.0,4.0,1,506.0,0.0,0.0,0.0
4.5,3.0,783.0,0.0,0,1002.0,0.0,0.0,0.0
285.0,4.0,499.0,4.0,1,450.0,0.0,0.0,0.0
904.0,14.0,714.0,5.0,1,1168.0,0.0,0.0,0.0
781.0,3.5,1471.0,4.0,1,2318.0,0.0,0.0,0.0
296.0,4.0,236.0,4.0,1,227.0,0.0,0.0,0.0
910.0,17.0,737.0,5.0,1,1205.0,0.0,0.0,0.0
149.66666666666666,1.0,193.0,4.0,1,263.0,10.0,1.0,0.0
204.0,3.0,337.0,4.0,1,416.0,16.0,0.0,0.0
225.0,6.0,898.0,4.0,1,949.0,0.0,0.0,0.0
45.0,1.0,521.0,5.0,1,237.0,0.0,0.0,0.0
43.0,4.0,597.0,4.0,1,119.0,0.0,0.0,0.0
119.0,2.0,366.0,4.0,1,217.0,0.0,0.0,0.0
46.0,4.0,555.0,4.0,1,271.0,0.0,0.0,0.0
553.0,5.5,900.0,4.0,1,1032.0,0.0,0.0,0.0
687.0,8.0,1011.0,4.0,1,1316.0,0.0,0.0,0.0
75.5,1.0,458.0,4.5,1,538.0,0.0,0.0,0.0
223.0,5.0,490.0,2.0,1,0.0,0.0,0.0,0.0
126.0,2.0,143.0,4.0,1,131.0,0.0,0.0,0.0
884.0,12.0,1570.0,4.0,1,331.0,0.0,0.0,0.0
264.0,2.0,552.0,4.0,1,561.0,0.0,0.0,0.0
603.5,6.0,151.0,4.0,1,1066.0,0.0,0.0,0.0
104.5,1.0,505.0,4.0,0,353.0,15.75,2.0,0.0
338.0,4.0,289.0,4.0,1,88.0,0.0,0.0,0.0
384.0,4.0,627.0,4.0,1,101.0,0.0,0.0,0.0
15.0,1.0,289.0,4.0,1,213.0,0.0,0.0,0.0
43.0,2.5,391.0,4.0,1,336.0,0.0,0.0,0.0
23.5,1.0,1038.0,4.0,0,476.0,0.0,0.0,0.0
101.5,2.0,302.0,4.0,1,136.0,0.0,0.0,0.0
705.5,8.0,1095.0,4.0,1,1461.0,0.0,0.0,0.0
220.0,3.0,469.0,4.0,1,219.0,0.0,0.0,0.0
416.0,8.0,211.0,4.0,1,288.0,0.0,0.0,0.0
13.0,4.0,684.0,3.5,1,453.0,0.0,0.0,0.0
309.75,6.0,580.0,4.0,1,357.0,0.0,0.0,0.0
1200.5,11.0,2424.0,4.0,1,1567.0,0.0,0.0,0.0
820.0,12.0,1908.0,4.0,1,2065.0,0.0,0.0,0.0
123.5,3.5,461.0,4.0,1,75.0,0.0,0.0,0.0
1073.0,28.0,1762.0,5.0,1,42.0,0.0,0.0,0.0
1008.0,16.0,137.0,5.0,1,434.0,0.0,0.0,0.0
66.0,1.0,203.0,4.0,1,808.0,0.0,0.0,0.0
94.0,5.5,945.0,4.0,1,602.0,0.0,0.0,0.0
17.5,1.0,309.0,4.0,1,369.0,13.636363636363637,5.0,0.0
1626.0,21.0,1294.0,5.0,1,293.0,0.0,0.0,0.0
106.5,4.5,181.0,4.0,1,203.0,0.0,0.0,0.0
722.6666666666666,15.5,1105.0,5.0,1,1065.0,0.0,0.0,0.0
276.5,3.0,355.0,4.0,1,515.0,0.0,0.0,0.0
72.5,2.0,1197.0,4.0,1,213.0,0.0,0.0,0.0
878.0,15.5,2014.0,4.0,1,2284.0,0.0,0.0,0.0
99.0,1.0,800.0,3.0,0,558.0,20.0,1.0,0.0
1269.25,17.5,1685.0,4.0,1,812.0,0.0,0.0,0.0
395.0,5.0,629.0,4.0,1,28.0,0.0,0.0,0.0
136.0,5.0,688.0,4.0,1,88.0,0.0,0.0,0.0
91.0,4.0,1063.0,4.0,1,456.0,0.0,0.0,0.0
1030.0,14.5,798.0,5.0,1,1177.0,0.0,0.0,0.0
707.0,8.0,1124.0,4.0,1,1452.0,0.0,0.0,0.0
494.0,8.0,95.0,4.0,1,279.0,0.0,0.0,0.0
1581.0,24.0,1680.0,5.0,1,293.0,0.0,0.0,0.0
272.0,2.5,993.0,2.0,1,40.0,0.0,0.0,0.0
314.0,6.0,333.0,4.0,1,768.0,0.0,0.0,0.0
528.0,5.0,779.0,4.0,1,694.0,0.0,0.0,0.0
601.5,3.0,143.0,4.0,1,324.0,0.0,0.0,0.0
284.0,3.0,90.0,2.0,1,27.0,0.0,0.0,0.0
326.0,4.5,846.0,4.0,1,142.0,0.0,0.0,0.0
1305.5,12.0,2079.0,4.0,1,1010.0,0.0,0.0,0.0
103.5,2.0,342.0,4.0,1,382.0,0.0,0.0,0.0
549.75,1.5,186.0,4.0,1,1223.0,0.0,0.0,0.0
300.0,5.5,142.0,2.0,1,38.0,0.0,0.0,0.0
826.0,10.5,1329.0,5.0,1,1412.0,0.0,0.0,0.0
382.0,4.0,348.0,4.0,1,723.0,0.0,0.0,0.0
187.0,5.0,854.0,4.0,1,750.0,0.0,0.0,0.0
245.0,7.5,542.0,4.0,1,964.0,0.0,0.0,0.0
476.0,5.5,384.0,4.0,1,391.0,0.0,0.0,0.0
1470.5,24.0,288.0,4.0,1,721.0,0.0,0.0,0.0
550.0,22.0,729.0,4.0,1,1133.0,0.0,0.0,0.0
348.5,6.5,196.0,4.0,1,544.0,0.0,0.0,0.0
797.0,12.5,1671.0,4.0,1,1205.0,0.0,0.0,0.0
929.5,9.5,1902.0,4.0,1,3779.0,0.0,0.0,0.0
39.0,2.0,139.0,4.0,1,72.0,14.666666666666666,3.0,0.0
645.0,8.0,562.0,4.0,1,779.0,0.0,0.0,0.0
743.5,10.5,832.0,4.0,1,1835.0,0.0,0.0,0.0
35.0,1.0,461.0,4.0,1,550.0,10.0,0.0,0.0
173.0,5.0,978.0,4.0,1,673.0,0.0,0.0,0.0
1301.0,19.0,1032.0,5.0,1,1918.0,0.0,0.0,0.0
608.0,7.0,222.0,4.0,1,615.0,0.0,0.0,0.0
220.0,5.0,309.0,4.0,1,28.0,0.0,0.0,0.0
494.0,3.0,778.0,4.0,1,375.0,0.0,0.0,0.0
1111.0,8.5,1482.0,4.0,1,3326.0,0.0,0.0,0.0
448.0,3.0,272.0,4.0,1,233.0,0.0,0.0,0.0
432.0,7.0,929.0,4.0,1,910.0,0.0,0.0,0.0
696.5,5.5,1183.0,4.0,1,391.0,0.0,0.0,0.0
173.0,4.0,610.0,4.0,1,220.0,20.0,1.0,0.0
1062.0,10.0,999.0,4.0,1,1258.0,0.0,0.0,0.0
430.5,4.0,285.0,2.0,1,13.0,0.0,0.0,0.0
410.5,3.0,282.0,2.0,1,22.0,0.0,0.0,0.0
39.66666666666666,2.0,1528.0,4.0,0,409.0,0.0,0.0,0.0
573.0,6.0,279.0,2.0,1,947.0,0.0,0.0,0.0
158.5,4.0,631.0,2.0,1,15.0,0.0,0.0,0.0
811.0,16.0,1387.0,4.0,1,2768.0,0.0,0.0,0.0
83.0,1.5,708.0,4.0,1,175.0,0.0,0.0,0.0
53.0,2.0,819.0,4.0,1,391.0,11.285714285714286,3.0,0.0
625.0,12.0,680.0,4.0,1,1652.0,0.0,0.0,0.0
243.0,3.5,350.0,4.0,1,624.0,0.0,0.0,0.0
572.5,4.0,46.0,4.0,1,117.0,0.0,0.0,0.0
765.0,7.5,1419.0,4.0,1,1388.0,0.0,0.0,0.0
758.5,9.5,1332.0,4.0,1,1775.0,0.0,0.0,0.0
370.0,4.0,588.0,4.0,1,914.0,0.0,0.0,0.0
153.5,2.5,667.0,4.0,1,477.0,0.0,0.0,0.0
53.0,1.0,761.0,4.0,1,405.0,18.6,2.0,0.0
139.0,2.5,520.0,4.0,1,43.0,0.0,0.0,0.0
55.0,1.0,638.0,4.0,0,324.0,11.75,2.0,0.0
495.0,8.0,395.0,4.0,1,769.0,0.0,0.0,0.0
1115.5,20.0,790.0,4.0,1,826.0,0.0,0.0,0.0
748.75,10.0,1019.0,4.0,1,863.0,0.0,0.0,0.0
1246.0,7.5,575.0,4.0,1,2200.0,0.0,0.0,0.0
328.0,6.0,680.0,4.0,1,455.0,0.0,0.0,0.0
618.5,6.5,1364.0,4.0,1,2123.0,0.0,0.0,0.0
27.0,1.5,864.0,4.0,1,80.0,37.0,0.0,0.0
383.5,5.0,244.0,4.0,1,101.0,0.0,0.0,0.0
231.0,3.0,669.0,4.0,1,190.0,0.0,0.0,0.0
115.5,4.0,246.0,4.0,1,275.0,0.0,0.0,0.0
596.0,11.5,370.0,4.0,1,354.0,0.0,0.0,0.0
34.0,1.0,357.0,4.0,1,241.0,17.0,1.0,0.0
28.0,2.0,845.0,4.0,1,786.0,0.0,0.0,0.0
729.0,7.0,1259.0,4.0,1,1589.0,0.0,0.0,0.0
410.0,4.5,423.0,0.0,1,195.0,0.0,0.0,0.0
736.75,7.5,1353.0,4.5,1,1924.0,0.0,0.0,0.0
669.0,8.5,998.0,4.0,1,82.0,0.0,0.0,0.0
407.75,6.0,401.0,4.0,1,73.0,0.0,0.0,0.0
370.0,10.0,421.0,4.0,1,573.0,0.0,0.0,0.0
412.5,5.0,528.0,4.0,1,786.0,0.0,0.0,0.0
104.5,3.5,247.0,4.0,1,235.0,0.0,0.0,0.0
432.0,8.0,607.0,4.0,1,206.0,0.0,0.0,0.0
420.5,6.0,436.0,4.0,1,784.0,0.0,0.0,0.0
976.5,4.5,1965.0,4.0,1,4110.0,0.0,0.0,0.0
287.5,3.0,557.0,4.0,1,129.0,0.0,0.0,0.0
645.0,18.0,432.0,4.0,1,1367.0,0.0,0.0,0.0
87.0,3.0,1137.0,4.0,1,327.0,0.0,0.0,0.0
1137.0,21.0,1925.0,5.0,1,215.0,0.0,0.0,0.0
235.0,4.0,424.0,4.0,1,292.0,0.0,0.0,0.0
18.0,4.0,153.0,2.0,1,1020.0,0.0,0.0,0.0
76.0,2.0,1114.0,4.0,1,336.0,0.0,0.0,0.0
1158.0,10.0,971.0,4.0,1,933.0,0.0,0.0,0.0
1006.0,10.5,1165.0,4.0,1,1308.0,0.0,0.0,0.0
1048.6666666666667,20.0,338.0,5.0,1,486.0,0.0,0.0,0.0
335.5,4.0,307.0,2.0,1,35.0,0.0,0.0,0.0
486.0,6.0,387.0,4.0,1,134.0,0.0,0.0,0.0
203.5,13.0,397.0,4.0,1,150.0,0.0,0.0,0.0
558.0,4.0,331.0,4.0,1,1347.0,0.0,0.0,0.0
46.0,1.0,575.0,4.0,1,586.0,0.0,0.0,0.0
131.0,9.0,109.0,4.0,1,763.0,0.0,0.0,0.0
65.0,2.5,407.0,3.0,1,514.0,0.0,0.0,0.0
42.5,2.0,181.0,4.0,1,379.0,18.666666666666668,1.0,0.0
651.0,11.0,1010.0,4.0,1,1195.0,0.0,0.0,0.0
550.0,3.5,98.0,4.0,1,296.0,0.0,0.0,0.0
153.0,4.5,221.0,4.0,1,543.0,0.0,0.0,0.0
500.0,3.0,151.0,4.0,1,262.0,0.0,0.0,0.0
522.0,8.0,599.0,4.0,1,562.0,0.0,0.0,0.0
131.0,4.0,332.0,4.0,1,154.0,0.0,0.0,0.0
772.0,5.0,960.0,4.0,1,2016.0,0.0,0.0,0.0
835.0,6.0,2057.0,4.0,1,2883.0,0.0,0.0,0.0
3.0,2.0,709.0,0.0,1,552.0,2.0,0.0,0.0
264.0,4.0,306.0,4.0,1,294.0,0.0,0.0,0.0
49.0,2.0,120.0,4.0,1,463.0,0.0,0.0,0.0
506.0,27.0,313.0,5.0,1,1726.0,0.0,0.0,0.0
64.0,2.5,742.0,4.0,1,887.0,0.0,0.0,0.0
438.0,4.5,252.0,4.0,1,171.0,0.0,0.0,0.0
859.0,12.5,1253.0,5.0,1,2879.0,0.0,0.0,0.0
183.0,5.0,207.0,4.0,1,195.0,0.0,0.0,0.0
179.0,4.5,223.0,4.0,1,159.0,0.0,0.0,0.0
117.0,4.5,621.0,4.0,1,200.0,0.0,0.0,0.0
732.5,4.0,1314.0,4.0,1,2065.0,0.0,0.0,0.0
1095.5,13.0,758.0,4.0,1,1410.0,0.0,0.0,0.0
155.0,3.0,313.0,0.0,1,3.0,0.0,0.0,0.0
386.0,6.0,306.0,4.0,1,479.0,0.0,0.0,0.0
334.5,4.5,328.0,4.0,1,369.0,0.0,0.0,0.0
719.0,7.5,982.0,4.0,1,974.0,0.0,0.0,0.0
125.0,5.0,522.0,4.0,1,329.0,0.0,0.0,0.0
149.0,2.5,845.0,4.0,1,327.0,0.0,0.0,0.0
290.5,3.0,521.0,4.0,1,211.0,0.0,0.0,0.0
607.0,16.0,248.0,5.0,1,1452.0,0.0,0.0,0.0
173.5,4.0,701.0,4.0,1,144.0,15.0,2.0,0.0
954.0,17.0,560.0,5.0,1,1227.0,0.0,0.0,0.0
684.0,4.0,361.0,4.0,1,679.0,0.0,0.0,0.0
821.6666666666666,12.0,1383.0,4.0,1,1040.0,0.0,0.0,0.0
477.0,5.0,256.0,4.0,1,377.0,0.0,0.0,0.0
1114.0,8.5,1425.0,4.0,1,3282.0,0.0,0.0,0.0
546.0,6.0,496.0,4.0,1,550.0,0.0,0.0,0.0
9.0,6.0,714.0,4.0,1,1335.0,0.0,0.0,0.0
707.0,8.0,1131.0,4.0,1,1480.0,0.0,0.0,0.0
506.0,5.5,107.0,4.0,1,156.0,0.0,0.0,0.0
630.0,10.0,744.0,2.0,1,861.0,0.0,0.0,0.0
256.0,5.5,320.0,4.0,1,439.0,0.0,0.0,0.0
274.0,2.0,283.0,4.0,1,130.0,14.5,0.0,0.0
766.5,16.5,433.0,5.0,1,2851.0,0.0,0.0,0.0
610.0,5.5,142.0,4.0,1,189.0,0.0,0.0,0.0
11.0,2.0,297.0,4.0,1,783.0,0.0,0.0,0.0
560.25,5.0,285.0,4.0,1,865.0,0.0,0.0,0.0
21.0,1.0,699.0,4.0,0,56.0,15.0,1.0,0.0
24.0,1.0,925.0,4.0,0,700.0,0.0,0.0,0.0
683.0,7.0,684.0,4.0,1,1263.0,0.0,0.0,0.0
37.0,3.0,293.0,4.0,1,473.0,17.0,0.0,0.0
332.0,6.0,939.0,4.0,1,263.0,0.0,0.0,0.0
356.0,4.5,314.0,4.0,1,1238.0,0.0,0.0,0.0
358.5,8.0,133.0,4.0,1,352.0,0.0,0.0,0.0
222.5,2.0,92.0,4.0,1,322.0,0.0,0.0,0.0
278.5,2.0,414.0,4.0,1,22.0,0.0,0.0,0.0
384.0,3.0,274.0,2.5,1,0.0,0.0,0.0,0.0
38.0,1.0,1270.0,4.0,1,221.0,0.0,0.0,0.0
463.0,4.0,77.0,4.0,1,942.0,0.0,0.0,0.0
164.0,4.0,739.0,4.0,1,426.0,0.0,0.0,0.0
38.0,2.0,236.0,4.0,1,52.0,0.0,0.0,0.0
945.5,18.0,2038.0,4.0,1,2087.0,0.0,0.0,0.0
119.5,2.0,340.0,2.0,1,11.0,0.0,0.0,0.0
156.5,2.0,799.0,4.0,1,423.0,20.5,1.0,0.0
144.0,3.0,390.0,4.0,1,183.0,18.666666666666668,1.0,0.0
544.0,5.5,336.0,4.0,1,716.0,0.0,0.0,0.0
390.0,6.0,595.0,4.0,1,373.0,0.0,0.0,0.0
415.5,7.5,661.0,2.0,1,437.0,0.0,0.0,0.0
549.0,7.0,514.0,4.0,1,870.0,0.0,0.0,0.0
791.0,6.0,1815.0,4.0,1,2658.0,0.0,0.0,0.0
117.0,2.0,502.0,2.0,1,23.0,20.0,0.0,0.0
807.0,6.0,1780.0,2.0,1,2639.0,0.0,0.0,0.0
491.0,5.0,27.0,4.0,1,1513.0,0.0,0.0,0.0
149.0,1.0,661.0,4.0,1,470.0,0.0,0.0,0.0
586.5,5.5,465.0,4.0,1,1748.0,0.0,0.0,0.0
3.0,0.5,527.0,0.0,1,969.0,13.875,3.0,0.0
149.0,2.0,367.0,4.0,1,137.0,20.0,1.0,0.0
191.0,4.0,375.0,4.0,1,456.0,0.0,0.0,0.0
219.0,4.0,527.0,4.0,1,51.0,0.0,0.0,0.0
1173.0,12.5,1017.0,4.0,1,849.0,0.0,0.0,0.0
1460.0,36.0,1317.0,5.0,1,360.0,0.0,0.0,0.0
320.0,1.0,220.0,4.0,1,157.0,0.0,0.0,0.0
87.0,1.5,464.0,2.0,1,78.0,0.0,0.0,0.0
33.0,1.5,70.0,0.0,1,31.0,0.0,0.0,0.0
541.0,8.0,482.0,4.0,1,1202.0,0.0,0.0,0.0
789.0,14.5,1390.0,4.0,1,1256.0,0.0,0.0,0.0
1321.0,13.0,2303.0,4.0,1,1252.0,0.0,0.0,0.0
865.0,9.0,2068.0,4.0,1,3162.0,0.0,0.0,0.0
256.0,5.0,299.0,4.0,1,176.0,0.0,0.0,0.0
88.0,4.0,348.0,4.0,1,550.0,0.0,0.0,0.0
80.0,1.5,1062.0,4.0,0,192.0,30.0,0.0,0.0
56.0,1.0,211.0,4.0,1,489.0,0.0,0.0,0.0
918.0,20.0,2006.0,4.0,1,247.0,0.0,0.0,0.0
100.0,3.0,1079.0,4.0,1,605.0,0.0,0.0,0.0
714.75,5.0,783.0,5.0,1,1404.0,0.0,0.0,0.0
250.0,1.5,756.0,4.0,1,432.0,0.0,0.0,0.0
174.0,6.5,275.0,4.0,1,355.0,0.0,0.0,0.0
643.0,3.0,290.0,4.5,1,1301.0,0.0,0.0,0.0
302.0,7.0,467.0,4.0,1,850.0,0.0,0.0,0.0
24.0,0.5,676.0,4.0,1,657.0,5.0,1.0,0.0
690.0,12.0,764.0,5.0,1,687.0,0.0,0.0,0.0
735.0,8.25,1027.0,4.0,1,1744.0,0.0,0.0,0.0
276.0,4.5,671.0,4.0,1,336.0,0.0,0.0,0.0
1317.0,11.0,897.0,4.0,1,727.0,0.0,0.0,0.0
954.0,18.0,527.0,5.0,1,1120.0,0.0,0.0,0.0
1281.0,15.0,1043.0,5.0,1,1860.0,0.0,0.0,0.0
400.25,4.0,89.0,4.0,1,317.0,0.0,0.0,0.0
380.0,6.0,263.0,4.0,1,472.0,0.0,0.0,0.0
370.5,4.0,226.0,4.0,1,248.0,0.0,0.0,0.0
515.0,8.0,301.0,4.0,1,204.0,0.0,0.0,0.0
579.0,4.5,147.0,4.0,1,848.0,0.0,0.0,0.0
833.0,23.0,471.0,5.0,1,3207.0,0.0,0.0,0.0
679.0,6.0,826.0,5.0,1,633.0,0.0,0.0,0.0
45.5,1.0,338.0,4.0,1,150.0,0.0,0.0,0.0
144.5,2.0,25.0,4.0,1,370.0,0.0,0.0,0.0
162.0,3.5,656.0,4.0,1,122.0,4.0,0.0,0.0
271.0,4.0,608.0,4.0,1,252.0,0.0,0.0,0.0
641.0,11.0,952.0,5.0,1,1451.0,0.0,0.0,0.0
995.0,11.0,2036.0,4.0,1,3732.0,0.0,0.0,0.0
298.0,5.0,571.0,4.0,1,251.0,0.0,0.0,0.0
133.5,2.0,765.0,4.0,1,322.0,0.0,0.0,0.0
8.0,1.0,864.0,2.5,1,0.0,0.0,0.0,0.0
119.5,2.5,597.0,4.0,1,292.0,0.0,0.0,0.0
284.25,3.5,596.0,4.0,1,295.0,0.0,0.0,0.0
72.5,6.0,694.0,4.0,1,355.0,0.0,0.0,0.0
1439.5,11.0,1241.0,4.0,1,1971.0,0.0,0.0,0.0
14.0,1.0,206.0,4.5,1,185.0,9.555555555555555,3.0,0.0
1769.0,14.0,905.0,4.0,1,363.0,0.0,0.0,0.0
69.0,3.0,508.0,4.0,1,543.0,0.0,0.0,0.0
59.5,1.0,861.0,4.0,0,645.0,0.0,0.0,0.0
124.0,5.0,930.0,4.0,1,87.0,0.0,0.0,0.0
19.0,1.0,415.0,4.0,1,431.0,21.0,0.0,0.0
805.5,6.0,1511.0,4.0,1,175.0,0.0,0.0,0.0
508.0,2.5,1168.0,4.0,1,1961.0,0.0,0.0,0.0
193.0,5.0,1158.0,4.0,1,980.0,0.0,0.0,0.0
610.0,10.0,35.0,4.0,1,547.0,0.0,0.0,0.0
533.5,4.0,271.0,4.0,1,177.0,0.0,0.0,0.0
46.0,2.0,339.0,4.0,0,116.0,11.0,1.0,0.0
251.0,4.0,372.0,4.0,1,403.0,0.0,0.0,0.0
686.0,4.0,1017.0,4.0,1,334.0,0.0,0.0,0.0
716.5,7.0,840.0,4.0,1,733.0,0.0,0.0,0.0
250.0,2.5,629.0,4.0,1,103.0,0.0,0.0,0.0
1009.0,11.5,1548.0,4.0,1,1808.0,0.0,0.0,0.0
80.0,6.0,675.0,3.5,1,414.0,0.0,0.0,0.0
37.0,3.0,672.0,1.5,1,11.0,0.0,0.0,0.0
238.0,2.0,331.0,4.0,1,158.0,0.0,0.0,0.0
481.0,10.0,161.0,4.0,1,129.0,0.0,0.0,0.0
583.0,5.5,276.0,4.0,1,363.0,0.0,0.0,0.0
90.33333333333331,1.0,820.0,4.0,0,353.0,13.0,0.0,0.0
666.0,6.0,34.0,4.0,1,59.0,0.0,0.0,0.0
274.25,5.5,652.0,4.0,1,434.0,0.0,0.0,0.0
46.0,1.5,541.0,2.0,1,23.0,0.0,0.0,0.0
208.5,9.0,512.0,4.0,1,377.0,0.0,0.0,0.0
510.25,5.0,904.0,4.0,1,816.0,0.0,0.0,0.0
879.0,33.0,833.0,5.0,1,1315.0,0.0,0.0,0.0
7.0,2.0,6.0,4.0,1,118.0,15.5,2.0,0.0
107.0,5.0,1122.0,4.0,1,169.0,0.0,0.0,0.0
1227.0,6.0,782.0,4.0,1,2520.0,0.0,0.0,0.0
25.5,1.0,524.0,2.0,1,77.0,0.0,0.0,0.0
1432.5,19.0,823.0,5.0,1,97.0,0.0,0.0,0.0
1384.0,27.0,1385.0,5.0,1,432.0,0.0,0.0,0.0
192.0,2.0,940.0,4.0,1,141.0,0.0,0.0,0.0
260.0,5.0,216.0,0.0,1,0.0,0.0,0.0,0.0
26.0,1.0,644.0,4.0,1,279.0,15.0,1.0,0.0
233.5,4.0,307.0,4.0,1,64.0,0.0,0.0,0.0
635.75,4.5,677.0,4.0,1,1433.0,0.0,0.0,0.0
252.0,3.0,284.0,2.0,1,502.0,0.0,0.0,0.0
290.0,4.0,368.0,4.0,1,807.0,0.0,0.0,0.0
1554.0,30.0,2141.0,4.0,1,221.0,0.0,0.0,0.0
683.5,4.0,385.0,4.0,1,708.0,0.0,0.0,0.0
181.8333333333333,13.0,474.0,4.0,1,226.0,0.0,0.0,0.0
829.0,3.0,916.0,4.0,1,3125.0,0.0,0.0,0.0
782.5,6.0,1671.0,4.0,1,2648.0,0.0,0.0,0.0
820.5,5.0,2038.0,4.0,1,2955.0,0.0,0.0,0.0
141.5,1.5,193.0,4.0,1,404.0,0.0,0.0,0.0
55.0,6.0,874.0,4.0,1,505.0,0.0,0.0,0.0
770.5,6.5,813.0,4.0,1,3556.0,0.0,0.0,0.0
93.0,15.0,320.0,4.0,1,680.0,0.0,0.0,0.0
585.0,1.0,560.0,4.0,1,1579.0,0.0,0.0,0.0
404.0,10.0,369.0,4.0,1,534.0,0.0,0.0,0.0
604.0,3.0,901.0,4.0,1,1071.0,0.0,0.0,0.0
647.0,7.0,669.0,2.0,1,1433.0,0.0,0.0,0.0
178.0,9.0,387.0,4.0,1,4.0,0.0,0.0,0.0
73.5,2.0,244.0,4.0,1,1052.0,0.0,0.0,0.0
440.0,7.0,466.0,4.0,1,420.0,0.0,0.0,0.0
95.5,2.5,282.0,4.0,1,123.0,11.75,1.0,0.0
455.75,5.0,228.0,4.0,1,276.0,0.0,0.0,0.0
851.5,4.5,1480.0,4.0,1,4059.0,0.0,0.0,0.0
224.5,3.0,593.0,4.0,1,509.0,0.0,0.0,0.0
334.0,7.0,258.0,4.0,1,366.0,0.0,0.0,0.0
344.0,4.5,414.0,4.0,1,694.0,0.0,0.0,0.0
331.5,7.0,798.0,4.0,1,734.0,0.0,0.0,0.0
325.75,5.0,435.0,4.0,1,128.0,0.0,0.0,0.0
521.0,3.0,583.0,4.0,1,676.0,0.0,0.0,0.0
404.0,5.5,373.0,4.0,1,1265.0,0.0,0.0,0.0
650.0,4.5,1030.0,4.0,1,2565.0,0.0,0.0,0.0
232.5,3.0,598.0,4.0,1,156.0,0.0,0.0,0.0
80.5,3.0,781.0,4.0,1,603.0,18.5,2.0,0.0
1011.5,15.5,453.0,5.0,1,990.0,0.0,0.0,0.0
303.0,6.0,1107.0,4.0,1,78.0,0.0,0.0,0.0
55.0,2.0,261.0,4.0,1,97.0,0.0,0.0,0.0
571.0,7.0,215.0,4.0,1,812.0,0.0,0.0,0.0
4.0,1.0,782.0,2.0,1,312.0,0.0,0.0,0.0
21.0,1.0,768.0,4.0,1,525.0,0.0,0.0,0.0
481.0,6.0,282.0,4.0,1,376.0,0.0,0.0,0.0
443.5,5.5,250.0,4.0,1,1445.0,0.0,0.0,0.0
466.0,5.0,56.0,4.0,1,320.0,0.0,0.0,0.0
440.0,7.0,190.0,4.0,1,147.0,0.0,0.0,0.0
678.0,7.0,179.0,4.0,1,1203.0,0.0,0.0,0.0
273.0,3.5,306.0,4.0,1,246.0,30.33333333333333,0.0,0.0
95.0,4.0,360.0,4.0,1,121.0,0.0,0.0,0.0
461.0,3.0,86.0,4.0,0,417.0,0.0,0.0,0.0
429.0,6.0,260.0,4.0,1,1199.0,0.0,0.0,0.0
432.5,5.0,50.0,4.0,1,518.0,0.0,0.0,0.0
61.0,2.0,245.0,4.5,1,978.0,15.5,2.0,0.0
29.0,1.0,504.0,4.0,1,240.0,0.0,0.0,0.0
306.0,7.0,368.0,4.0,1,346.0,0.0,0.0,0.0
221.5,9.0,415.0,4.0,1,225.0,0.0,0.0,0.0
35.0,2.5,678.0,4.0,1,1015.0,0.0,0.0,0.0
70.0,2.0,507.0,4.0,1,1191.0,31.0,0.0,0.0
32.0,1.0,652.0,4.0,1,359.0,0.0,0.0,0.0
416.0,4.5,156.0,4.0,1,565.0,0.0,0.0,0.0
26.0,0.0,1092.0,4.0,0,916.0,0.0,0.0,0.0
636.0,5.0,436.0,4.0,1,1430.0,0.0,0.0,0.0
1291.5,15.0,1279.0,5.0,1,155.0,0.0,0.0,0.0
423.5,9.0,224.0,4.0,1,332.0,0.0,0.0,0.0
52.0,1.0,439.0,4.0,1,240.0,0.0,0.0,0.0
251.0,3.0,53.0,4.0,1,72.0,0.0,0.0,0.0
82.0,1.0,569.0,4.0,1,210.0,0.0,0.0,0.0
148.0,13.5,317.0,4.0,1,634.0,0.0,0.0,0.0
270.0,7.0,129.0,4.0,1,544.0,0.0,0.0,0.0
279.5,2.0,158.0,4.0,1,91.0,0.0,0.0,0.0
940.0,8.0,1833.0,5.0,1,409.0,0.0,0.0,0.0
17.5,2.5,964.0,4.0,1,105.0,0.0,0.0,0.0
970.0,8.0,1937.0,4.0,1,4131.0,0.0,0.0,0.0
158.0,1.0,558.0,4.0,1,399.0,0.0,0.0,0.0
743.0,8.0,1300.0,4.0,1,1693.0,0.0,0.0,0.0
213.0,5.0,398.0,4.0,1,31.0,0.0,0.0,0.0
553.0,5.0,271.0,4.0,1,259.0,0.0,0.0,0.0
89.0,2.0,1137.0,4.0,0,604.0,0.0,0.0,0.0
1242.0,8.0,1204.0,4.0,1,906.0,0.0,0.0,0.0
112.5,4.0,122.0,4.0,1,562.0,0.0,0.0,0.0
197.0,5.5,254.0,2.0,1,34.0,0.0,0.0,0.0
76.5,1.0,626.0,2.0,1,54.0,0.0,0.0,0.0
9.0,4.0,624.0,4.0,1,365.0,0.0,0.0,0.0
63.0,3.0,513.0,4.0,1,661.0,15.666666666666666,1.0,0.0
348.0,6.0,158.0,4.0,1,467.0,0.0,0.0,0.0
283.0,4.0,250.0,4.0,1,421.0,0.0,0.0,0.0
184.0,2.0,105.0,4.0,1,252.0,0.0,0.0,0.0
203.0,4.0,459.0,3.0,1,521.0,0.0,0.0,0.0
87.0,1.0,564.0,4.0,0,105.0,0.0,0.0,0.0
148.5,1.0,832.0,4.0,1,113.0,0.0,0.0,0.0
567.0,12.0,191.0,5.0,1,1225.0,0.0,0.0,0.0
27.666666666666668,2.0,730.0,4.5,1,241.0,14.0,1.0,0.0
863.5,10.0,1488.0,4.0,1,3367.0,0.0,0.0,0.0
803.0,6.0,1807.0,4.0,1,2762.0,0.0,0.0,0.0
527.5,11.0,618.0,4.0,1,277.0,0.0,0.0,0.0
75.0,2.0,258.0,4.0,1,450.0,0.0,0.0,0.0
312.0,3.0,915.0,4.0,1,484.0,0.0,0.0,0.0
902.5,13.0,2068.0,4.0,1,115.0,0.0,0.0,0.0
1088.0,29.5,263.0,5.0,1,516.0,0.0,0.0,0.0
415.0,9.0,306.0,4.0,1,342.0,9.0,0.0,0.0
610.0,7.5,902.0,4.0,1,377.0,0.0,0.0,0.0
504.0,4.0,511.0,4.0,1,1445.0,0.0,0.0,0.0
409.0,4.0,172.0,4.0,1,263.0,0.0,0.0,0.0
598.0,9.0,460.0,4.0,1,965.0,0.0,0.0,0.0
258.5,3.0,130.0,4.0,1,483.0,30.0,0.0,0.0
93.0,2.0,579.0,4.0,1,171.0,23.0,1.0,0.0
166.0,3.0,509.0,4.0,1,567.0,0.0,0.0,0.0
55.0,2.0,644.0,4.0,1,216.0,0.0,0.0,0.0
381.0,6.0,553.0,4.0,1,360.0,0.0,0.0,0.0
1697.0,17.0,486.0,4.0,1,820.0,0.0,0.0,0.0
102.0,3.5,1062.0,4.0,1,587.0,0.0,0.0,0.0
10.0,1.5,767.0,5.0,1,162.0,0.0,0.0,0.0
225.0,6.0,872.0,4.0,1,1018.0,0.0,0.0,0.0
229.0,4.0,149.0,4.0,1,279.0,0.0,0.0,0.0
155.5,5.0,553.0,4.0,1,112.0,0.0,0.0,0.0
1018.0,10.0,877.0,4.0,1,2017.0,0.0,0.0,0.0
427.5,8.5,376.0,4.0,1,360.0,0.0,0.0,0.0
318.0,5.5,925.0,4.0,1,406.0,0.0,0.0,0.0
1457.5,16.0,2110.0,4.0,1,897.0,0.0,0.0,0.0
83.0,1.0,1061.0,4.0,0,165.0,0.0,0.0,0.0
257.0,4.0,165.0,4.0,0,233.0,7.75,1.0,0.0
24.0,1.0,418.0,4.0,1,519.0,11.666666666666666,2.0,0.0
348.0,2.5,200.0,0.0,1,31.0,0.0,0.0,0.0
295.0,6.5,842.0,4.0,1,279.0,0.0,0.0,0.0
471.0,9.0,595.0,4.0,1,556.0,0.0,0.0,0.0
1127.5,17.0,2573.0,4.0,1,1124.0,0.0,0.0,0.0
206.0,2.5,562.0,4.0,1,9.0,0.0,0.0,0.0
56.5,3.0,179.0,4.0,1,202.0,0.0,0.0,0.0
297.75,5.0,759.0,4.0,1,485.0,0.0,0.0,0.0
479.0,5.0,333.0,4.0,1,760.0,0.0,0.0,0.0
165.0,5.5,462.0,4.0,1,216.0,0.0,0.0,0.0
342.0,4.5,80.0,4.0,1,432.0,0.0,0.0,0.0
311.5,3.0,793.0,4.0,1,507.0,0.0,0.0,0.0
22.5,1.0,464.0,4.0,1,792.0,0.0,0.0,0.0
493.5,6.5,328.0,4.0,1,706.0,0.0,0.0,0.0
37.0,1.0,219.0,4.0,1,682.0,0.0,0.0,0.0
32.0,2.0,477.0,4.0,1,310.0,0.0,0.0,0.0
569.0,3.0,212.0,4.0,1,621.0,0.0,0.0,0.0
55.0,6.0,338.0,4.0,1,1155.0,0.0,0.0,0.0
373.0,3.5,2.0,2.6666666666666665,1,32.0,0.0,0.0,0.0
1701.0,13.0,524.0,4.0,1,1011.0,0.0,0.0,0.0
337.0,3.0,259.0,4.0,1,1492.0,0.0,0.0,0.0
40.5,2.0,287.0,4.0,1,180.0,25.0,1.0,0.0
286.5,5.0,146.0,4.0,1,1071.0,0.0,0.0,0.0
56.0,3.0,110.0,4.0,1,379.0,0.0,0.0,0.0
54.5,2.0,237.0,4.0,1,775.0,31.0,0.0,0.0
256.0,1.0,615.0,4.0,1,486.0,0.0,0.0,0.0
400.0,3.0,368.0,4.0,1,549.0,0.0,0.0,0.0
213.0,4.0,182.0,4.0,1,538.0,0.0,0.0,0.0
162.0,1.0,626.0,4.0,1,199.0,0.0,0.0,0.0
339.0,3.5,252.0,4.0,1,174.0,0.0,0.0,0.0
590.0,2.5,1043.0,4.0,1,2303.0,0.0,0.0,0.0
443.0,5.0,56.0,4.0,1,90.0,0.0,0.0,0.0
883.0,13.0,1760.0,4.0,1,1218.0,0.0,0.0,0.0
57.0,4.0,577.0,3.5,1,140.0,0.0,0.0,0.0
911.5,4.5,816.0,4.0,1,150.0,0.0,0.0,0.0
138.0,2.5,431.0,4.0,1,128.0,18.666666666666668,1.0,0.0
973.8,13.0,1161.0,5.0,1,1567.0,0.0,0.0,0.0
586.0,5.0,437.0,4.0,1,732.0,0.0,0.0,0.0
449.5,5.0,147.0,4.0,1,88.0,0.0,0.0,0.0
1138.5,8.0,1170.0,4.0,1,682.0,0.0,0.0,0.0
1293.0,7.0,1305.0,4.0,1,284.0,0.0,0.0,0.0
195.5,4.5,713.0,4.0,1,99.0,0.0,0.0,0.0
682.0,6.0,397.0,4.0,1,408.0,0.0,0.0,0.0
51.333333333333336,1.0,212.0,4.0,1,172.0,0.0,0.0,0.0
553.0,4.5,134.0,4.0,1,238.0,0.0,0.0,0.0
238.0,4.0,854.0,4.0,1,744.0,0.0,0.0,0.0
818.5,12.0,349.0,4.0,1,2601.0,0.0,0.0,0.0
582.0,6.0,640.0,2.0,1,666.0,0.0,0.0,0.0
561.0,5.5,248.0,4.0,1,850.0,0.0,0.0,0.0
16.0,2.0,830.0,4.0,1,431.0,0.0,0.0,0.0
548.0,2.0,537.0,4.0,1,806.0,0.0,0.0,0.0
544.0,11.0,425.0,5.0,1,1158.0,0.0,0.0,0.0
437.0,8.0,590.0,4.0,1,267.0,0.0,0.0,0.0
330.0,3.5,194.0,4.0,1,105.0,0.0,0.0,0.0
121.0,2.5,632.0,4.0,0,522.0,0.0,0.0,0.0
703.0,4.5,1354.0,4.0,1,1694.0,0.0,0.0,0.0
23.5,1.0,745.0,4.0,1,933.0,0.0,0.0,0.0
46.5,0.0,516.0,4.0,1,458.0,29.0,1.0,0.0
146.33333333333334,2.5,1037.0,4.0,1,504.0,34.0,0.0,0.0
320.0,6.0,178.0,4.0,1,87.0,0.0,0.0,0.0
390.5,5.0,679.0,4.0,1,256.0,0.0,0.0,0.0
118.33333333333331,2.0,178.0,4.0,1,140.0,0.0,0.0,0.0
59.0,5.0,246.0,4.0,1,60.0,0.0,0.0,0.0
393.0,5.0,227.0,4.0,1,191.0,0.0,0.0,0.0
461.6666666666667,3.5,181.0,4.0,1,941.0,0.0,0.0,0.0
295.0,4.0,273.0,0.0,1,2.0,0.0,0.0,0.0
7.666666666666667,9.0,474.0,0.0,0,884.0,0.0,0.0,0.0
231.0,2.0,85.0,4.0,1,508.0,0.0,0.0,0.0
541.25,7.0,257.0,4.0,1,96.0,0.0,0.0,0.0
313.5,5.5,1040.0,4.0,1,100.0,0.0,0.0,0.0
39.0,4.5,397.0,4.0,1,707.0,20.5,0.0,0.0
833.0,6.0,1034.0,4.0,1,3652.0,0.0,0.0,0.0
100.0,3.0,827.0,4.0,1,278.0,0.0,0.0,0.0
1442.5,37.0,2074.0,4.0,1,231.0,0.0,0.0,0.0
33.5,1.0,187.0,4.0,1,643.0,18.83333333333333,3.0,0.0
239.0,5.0,458.0,4.0,1,149.0,0.0,0.0,0.0
624.0,10.5,96.0,4.0,1,598.0,0.0,0.0,0.0
645.5,7.0,604.0,4.0,1,1446.0,0.0,0.0,0.0
637.5,6.0,857.0,4.0,1,1046.0,0.0,0.0,0.0
268.5,3.5,1010.0,4.0,1,227.0,0.0,0.0,0.0
299.5,3.5,244.0,4.0,1,413.0,0.0,0.0,0.0
741.5,10.0,1064.0,4.0,1,952.0,0.0,0.0,0.0
642.0,4.0,806.0,5.0,1,1301.0,0.0,0.0,0.0
295.0,2.0,390.0,4.0,1,768.0,0.0,0.0,0.0
46.5,1.0,349.0,4.0,1,176.0,0.0,0.0,0.0
810.0,15.0,1669.0,4.0,1,2010.0,0.0,0.0,0.0
23.0,2.0,951.0,4.0,0,124.0,0.0,0.0,0.0
149.0,2.0,1053.0,4.0,1,63.0,0.0,0.0,0.0
718.0,6.0,1328.0,4.0,1,270.0,0.0,0.0,0.0
49.0,2.0,1087.0,0.0,1,4.0,0.0,0.0,0.0
727.25,7.5,366.0,4.0,1,452.0,0.0,0.0,0.0
50.0,3.0,310.0,4.0,1,99.0,0.0,0.0,0.0
273.0,3.0,628.0,4.0,1,349.0,0.0,0.0,0.0
328.0,2.0,126.0,4.0,1,29.0,18.33333333333333,1.0,0.0
193.0,5.0,386.0,4.0,1,430.0,0.0,0.0,0.0
122.0,3.0,394.0,4.0,1,391.0,0.0,0.0,0.0
749.0,6.5,1418.0,4.0,1,2413.0,0.0,0.0,0.0
232.0,2.0,560.0,4.0,1,190.0,0.0,0.0,0.0
173.0,6.5,650.0,4.0,1,524.0,0.0,0.0,0.0
1203.5,9.0,2035.0,4.0,1,1429.0,0.0,0.0,0.0
1335.0,10.0,2352.0,4.0,1,1164.0,0.0,0.0,0.0
20.5,2.5,303.0,4.0,1,276.0,0.0,0.0,0.0
168.0,3.0,62.0,4.0,1,147.0,0.0,0.0,0.0
289.5,1.25,261.0,4.0,1,614.0,0.0,0.0,0.0
638.0,4.0,616.0,4.0,1,498.0,0.0,0.0,0.0
543.0,3.0,677.0,4.0,1,376.0,0.0,0.0,0.0
398.0,4.5,201.0,4.0,1,484.0,0.0,0.0,0.0
540.0,2.0,669.0,5.0,1,1297.0,0.0,0.0,0.0
99.5,3.0,578.0,4.0,1,523.0,0.0,0.0,0.0
59.0,1.0,284.0,4.0,1,846.0,0.0,0.0,0.0
205.25,4.0,116.0,4.0,1,165.0,0.0,0.0,0.0
349.0,3.5,461.0,4.0,1,1302.0,0.0,0.0,0.0
518.0,3.0,154.0,4.0,1,538.0,0.0,0.0,0.0
1310.0,11.0,1226.0,5.0,1,124.0,0.0,0.0,0.0
483.5,8.5,856.0,4.0,1,486.0,0.0,0.0,0.0
614.0,3.0,739.0,4.0,1,934.0,0.0,0.0,0.0
86.0,1.5,616.0,4.0,1,78.0,0.0,0.0,0.0
460.0,4.5,235.0,4.0,1,549.0,0.0,0.0,0.0
24.0,2.0,555.0,5.0,1,721.0,0.0,0.0,0.0
179.5,4.0,460.0,4.0,1,68.0,0.0,0.0,0.0
194.5,4.5,652.0,4.0,1,258.0,15.666666666666666,2.0,0.0
156.5,6.0,328.0,4.0,1,317.0,0.0,0.0,0.0
822.25,8.5,1886.0,4.0,1,1030.0,0.0,0.0,0.0
235.0,3.5,1164.0,4.0,1,601.0,0.0,0.0,0.0
274.5,3.0,556.0,4.0,1,891.0,0.0,0.0,0.0
152.0,3.0,220.0,4.0,1,511.0,0.0,0.0,0.0
24.0,3.0,909.0,4.0,1,239.0,0.0,0.0,0.0
300.0,6.5,764.0,4.0,1,365.0,0.0,0.0,0.0
38.5,2.0,95.0,4.0,1,418.0,0.0,0.0,0.0
1197.0,9.0,409.0,4.0,1,2256.0,0.0,0.0,0.0
197.5,2.0,495.0,4.0,1,218.0,0.0,0.0,0.0
413.0,11.5,337.0,4.0,1,322.0,0.0,0.0,0.0
111.0,1.0,582.0,4.0,1,0.0,0.0,0.0,0.0
705.0,8.0,952.0,4.0,1,1453.0,0.0,0.0,0.0
448.5,5.5,120.0,4.0,1,533.0,0.0,0.0,0.0
235.0,6.0,495.0,4.0,1,1068.0,0.0,0.0,0.0
90.5,2.0,1034.0,4.0,1,217.0,4.5,1.0,0.0
150.25,5.0,95.0,4.0,1,73.0,0.0,0.0,0.0
412.5,3.0,124.0,4.0,1,604.0,0.0,0.0,0.0
400.5,3.0,588.0,4.0,1,149.0,0.0,0.0,0.0
1501.0,22.5,2091.0,4.0,1,762.0,0.0,0.0,0.0
830.0,16.0,1197.0,5.0,1,1451.0,0.0,0.0,0.0
36.5,2.0,68.0,4.0,1,512.0,0.0,0.0,0.0
1366.5,12.0,1868.0,5.0,1,871.0,0.0,0.0,0.0
95.0,2.0,274.0,4.0,1,378.0,0.0,0.0,0.0
925.0,11.0,1761.0,4.5,1,4071.0,0.0,0.0,0.0
450.0,6.0,177.0,4.0,1,339.0,0.0,0.0,0.0
95.5,3.0,1010.0,4.0,0,38.0,15.6,2.0,0.0
302.6666666666667,6.0,125.0,2.0,1,22.0,0.0,0.0,0.0
42.0,4.0,399.0,4.0,1,702.0,0.0,0.0,0.0
376.0,4.5,283.0,4.0,1,92.0,3.0,0.0,0.0
410.0,5.0,484.0,0.0,1,229.0,0.0,0.0,0.0
61.5,1.0,646.0,4.0,0,473.0,10.666666666666666,0.0,0.0
44.66666666666666,3.0,179.0,4.0,1,152.0,0.0,0.0,0.0
546.5,5.0,217.0,4.0,1,202.0,0.0,0.0,0.0
57.0,3.0,206.0,4.0,1,422.0,0.0,0.0,0.0
295.0,5.0,592.0,4.0,1,274.0,0.0,0.0,0.0
1624.0,16.0,462.0,4.0,1,1352.0,0.0,0.0,0.0
100.0,1.5,246.0,4.0,1,173.0,0.0,0.0,0.0
224.0,5.0,459.0,4.0,1,788.0,0.0,0.0,0.0
624.0,17.0,690.0,5.0,1,1214.0,0.0,0.0,0.0
380.0,5.0,412.0,4.0,1,130.0,0.0,0.0,0.0
617.0,4.0,1309.0,4.0,1,2294.0,0.0,0.0,0.0
102.0,1.0,662.0,4.0,1,1066.0,0.0,0.0,0.0
27.666666666666668,1.0,521.0,4.0,1,159.0,0.0,0.0,0.0
450.0,4.666666666666667,595.0,2.0,1,31.0,0.0,0.0,0.0
130.0,4.0,513.0,4.0,1,92.0,0.0,0.0,0.0
1017.0,9.0,2264.0,4.0,1,4058.0,0.0,0.0,0.0
242.5,2.0,640.0,2.0,1,16.0,0.0,0.0,0.0
995.0,26.0,2124.0,4.0,1,1518.0,0.0,0.0,0.0
606.0,10.0,433.0,4.0,1,639.0,0.0,0.0,0.0
301.5,4.0,207.0,4.0,1,111.0,0.0,0.0,0.0
142.0,3.0,272.0,4.0,1,435.0,0.0,0.0,0.0
180.0,1.0,118.0,4.0,1,75.0,0.0,0.0,0.0
556.5,6.5,383.0,5.0,1,1762.0,0.0,0.0,0.0
9.5,2.0,327.0,4.0,1,907.0,0.0,0.0,0.0
5.5,1.0,793.0,4.0,1,482.0,0.0,0.0,0.0
422.0,10.0,665.0,4.0,1,829.0,0.0,0.0,0.0
345.5,2.0,144.0,4.0,1,1134.0,0.0,0.0,0.0
153.0,3.0,1035.0,4.0,1,352.0,14.6,3.0,0.0
913.0,13.5,1806.0,4.0,1,558.0,0.0,0.0,0.0
389.0,4.5,243.0,0.0,1,185.0,0.0,0.0,0.0
1009.0,14.5,254.0,4.0,1,405.0,0.0,0.0,0.0
792.0,15.0,1692.0,4.0,1,1895.0,0.0,0.0,0.0
92.0,1.5,824.0,4.0,1,373.0,27.0,0.0,0.0
83.0,3.5,521.0,4.0,1,120.0,0.0,0.0,0.0
60.0,1.5,546.0,4.0,0,102.0,15.0,0.0,0.0
200.0,2.5,547.0,4.0,1,266.0,0.0,0.0,0.0
353.0,11.0,844.0,4.0,1,690.0,0.0,0.0,0.0
165.5,6.5,379.0,4.0,1,85.0,0.0,0.0,0.0
165.0,2.5,442.0,4.0,1,93.0,23.5,0.0,0.0
56.0,4.5,395.0,4.0,1,694.0,0.0,0.0,0.0
84.0,2.0,160.0,4.0,1,289.0,16.0,0.0,0.0
532.5,4.0,205.0,4.0,1,359.0,0.0,0.0,0.0
421.0,5.0,525.0,4.0,1,430.0,0.0,0.0,0.0
554.0,26.5,381.0,5.0,1,1707.0,0.0,0.0,0.0
520.0,14.0,224.0,5.0,1,1691.0,0.0,0.0,0.0
292.0,3.0,9.0,0.0,1,18.0,0.0,0.0,0.0
95.0,2.5,581.0,4.0,1,123.0,0.0,0.0,0.0
1538.0,10.0,154.0,4.0,1,766.0,0.0,0.0,0.0
1039.5,14.0,2090.0,4.0,1,1202.0,0.0,0.0,0.0
434.0,3.5,287.0,4.0,1,1360.0,0.0,0.0,0.0
235.5,4.0,631.0,4.0,1,331.0,0.0,0.0,0.0
20.0,2.0,675.0,4.5,1,300.0,0.0,0.0,0.0
544.0,4.0,508.0,4.0,1,811.0,0.0,0.0,0.0
512.0,3.0,494.0,4.0,1,643.0,0.0,0.0,0.0
19.0,1.5,1028.0,4.0,1,57.0,12.77777777777778,3.0,0.0
1245.0,21.0,1028.0,4.0,1,579.0,0.0,0.0,0.0
152.5,3.0,131.0,4.0,0,82.0,0.0,0.0,0.0
666.5,9.0,959.0,4.0,1,679.0,0.0,0.0,0.0
79.0,1.5,1130.0,4.0,0,125.0,0.0,0.0,0.0
262.0,3.0,108.0,4.0,1,376.0,0.0,0.0,0.0
474.0,5.0,386.0,4.0,1,756.0,0.0,0.0,0.0
138.0,4.5,242.0,4.0,1,371.0,0.0,0.0,0.0
191.5,4.0,318.0,4.0,1,86.0,0.0,0.0,0.0
104.0,2.0,175.0,4.0,1,56.0,15.5,1.0,0.0
348.0,4.0,351.0,4.0,1,187.0,0.0,0.0,0.0
463.5,4.0,429.0,4.0,1,1244.0,0.0,0.0,0.0
700.0,6.0,775.0,4.5,1,1194.0,0.0,0.0,0.0
504.0,3.5,322.0,3.0,1,340.0,0.0,0.0,0.0
52.5,2.0,175.0,4.0,1,532.0,13.5,2.0,0.0
299.5,6.0,1134.0,4.0,1,72.0,0.0,0.0,0.0
811.0,6.0,992.0,4.0,1,3674.0,0.0,0.0,0.0
115.25,5.0,335.0,3.5,1,357.0,0.0,0.0,0.0
441.0,9.0,174.0,4.0,1,657.0,0.0,0.0,0.0
321.0,4.5,235.0,4.0,1,371.0,0.0,0.0,0.0
39.5,2.5,1548.0,4.0,0,468.0,0.0,0.0,0.0
160.5,3.0,939.0,4.0,1,109.0,0.0,0.0,0.0
225.0,3.0,706.0,4.0,1,77.0,0.0,0.0,0.0
516.5,27.0,371.0,5.0,1,1749.0,0.0,0.0,0.0
1252.5,9.0,1836.0,4.0,1,974.0,0.0,0.0,0.0
46.5,2.0,155.0,4.0,1,16.0,0.0,0.0,0.0
820.5,11.0,1815.0,2.0,1,2044.0,0.0,0.0,0.0
142.0,3.0,770.0,4.0,1,284.0,0.0,0.0,0.0
205.0,3.0,478.0,4.0,1,227.0,0.0,0.0,0.0
40.0,3.0,550.0,4.0,1,537.0,0.0,0.0,0.0
399.5,3.5,304.0,4.0,1,711.0,0.0,0.0,0.0
58.5,2.0,940.0,2.0,1,5.0,1.5,0.0,0.0
641.0,9.5,874.0,4.0,1,375.0,0.0,0.0,0.0
796.0,10.5,1666.0,4.0,1,1442.0,0.0,0.0,0.0
1317.0,22.5,1605.0,4.0,1,239.0,0.0,0.0,0.0
348.5,5.0,427.0,4.0,1,40.0,0.0,0.0,0.0
295.0,6.0,0.0,4.0,1,68.0,0.0,0.0,0.0
447.5,2.5,269.0,4.0,1,230.0,0.0,0.0,0.0
56.0,2.5,443.0,4.0,1,103.0,0.0,0.0,0.0
114.0,2.0,176.0,4.0,1,62.0,8.8,2.0,0.0
496.0,5.5,196.0,4.0,1,427.0,0.0,0.0,0.0
16.5,1.0,214.0,4.0,1,312.0,14.5,2.0,0.0
1183.5,9.0,410.0,4.0,1,2278.0,0.0,0.0,0.0
626.0,3.0,496.0,4.0,1,603.0,0.0,0.0,0.0
26.5,1.0,646.0,4.0,1,515.0,0.0,0.0,0.0
21.0,1.5,545.0,4.0,1,223.0,20.0,1.0,0.0
860.5,16.0,1501.0,4.0,1,889.0,0.0,0.0,0.0
132.5,3.5,800.0,4.0,1,99.0,0.0,0.0,0.0
161.0,3.0,793.0,4.0,1,320.0,0.0,0.0,0.0
76.33333333333333,3.5,518.0,4.5,1,382.0,0.0,0.0,0.0
651.0,9.0,771.0,4.0,1,258.0,0.0,0.0,0.0
36.0,2.0,898.0,4.5,0,861.0,0.0,0.0,0.0
569.0,12.5,539.0,4.0,1,816.0,0.0,0.0,0.0
4.0,1.0,1149.0,4.0,0,374.0,28.0,0.0,0.0
395.5,7.0,198.0,4.0,1,157.0,0.0,0.0,0.0
312.0,6.5,334.0,4.0,1,585.0,0.0,0.0,0.0
241.5,2.5,924.0,4.0,1,508.0,0.0,0.0,0.0
386.0,3.0,761.0,4.0,1,668.0,0.0,0.0,0.0
82.5,3.5,738.0,3.0,1,807.0,0.0,0.0,0.0
348.0,2.5,640.0,4.0,1,633.0,0.0,0.0,0.0
48.0,1.0,917.0,4.0,1,203.0,0.0,0.0,0.0
53.0,2.0,1131.0,4.0,1,427.0,10.642857142857142,7.0,0.0
246.0,2.5,790.0,4.0,1,614.0,0.0,0.0,0.0
215.0,10.5,93.0,4.0,1,647.0,0.0,0.0,0.0
328.0,3.5,352.0,4.0,1,1341.0,0.0,0.0,0.0
760.5,8.0,1117.0,5.0,1,1127.0,0.0,0.0,0.0
360.0,3.0,228.0,4.0,1,191.0,0.0,0.0,0.0
38.5,1.0,204.0,4.0,1,415.0,17.0,1.0,0.0
114.0,2.0,294.0,4.0,1,801.0,0.0,0.0,0.0
456.0,4.5,342.0,4.0,1,275.0,0.0,0.0,0.0
33.0,2.0,530.0,4.0,1,115.0,0.0,0.0,0.0
199.0,5.0,798.0,4.0,1,52.0,0.0,0.0,0.0
570.5,7.0,738.0,4.0,1,60.0,0.0,0.0,0.0
280.0,3.0,369.0,2.0,1,0.0,0.0,0.0,0.0
70.0,4.0,361.0,4.0,1,77.0,0.0,0.0,0.0
433.0,6.0,179.0,4.0,1,134.0,14.5,1.0,0.0
93.0,2.0,653.0,4.0,1,222.0,18.4,1.0,0.0
513.0,11.0,796.0,4.0,1,1234.0,0.0,0.0,0.0
1329.0,9.0,1260.0,4.0,1,1626.0,0.0,0.0,0.0
743.0,11.5,546.0,5.0,1,3137.0,0.0,0.0,0.0
549.0,5.5,355.0,4.0,1,747.0,0.0,0.0,0.0
769.0,13.0,480.0,5.0,1,2448.0,0.0,0.0,0.0
198.0,3.0,563.0,4.0,1,270.0,0.0,0.0,0.0
597.5,7.0,247.0,4.0,1,1284.0,0.0,0.0,0.0
559.0,8.0,460.0,4.0,1,501.0,0.0,0.0,0.0
659.5,5.0,120.0,4.0,1,90.0,0.0,0.0,0.0
668.0,6.0,1093.0,4.0,1,1328.0,0.0,0.0,0.0
1206.0,7.0,510.0,4.0,1,1693.0,0.0,0.0,0.0
30.0,2.0,300.0,2.0,1,10.0,0.0,0.0,0.0
61.75,3.5,398.0,4.0,1,275.0,0.0,0.0,0.0
419.0,4.0,342.0,4.0,1,80.0,0.0,0.0,0.0
359.0,6.0,623.0,4.0,1,563.0,0.0,0.0,0.0
27.0,1.0,1122.0,4.5,0,518.0,20.0,1.0,0.0
130.5,2.0,355.0,4.0,1,316.0,0.0,0.0,0.0
1441.0,39.5,2259.0,4.0,1,139.0,0.0,0.0,0.0
489.0,5.666666666666667,681.0,4.0,1,589.0,0.0,0.0,0.0
19.0,2.0,504.0,5.0,1,60.0,0.0,0.0,0.0
371.0,4.0,78.0,4.0,1,203.0,0.0,0.0,0.0
51.0,4.0,462.0,4.0,1,629.0,0.0,0.0,0.0
410.0,8.5,211.0,4.0,1,449.0,0.0,0.0,0.0
168.5,6.0,742.0,2.0,1,59.0,0.0,0.0,0.0
853.0,15.25,1308.0,5.0,1,1642.0,0.0,0.0,0.0
565.0,10.5,388.0,4.0,1,918.0,0.0,0.0,0.0
171.0,1.0,284.0,4.0,1,36.0,0.0,0.0,0.0
47.0,2.0,483.0,4.5,1,284.0,0.0,0.0,0.0
186.0,4.0,1031.0,4.0,1,168.0,0.0,0.0,0.0
1244.5,4.0,1196.0,4.5,1,2673.0,0.0,0.0,0.0
52.0,1.0,833.0,4.0,1,348.0,11.0,0.0,0.0
311.5,6.0,288.0,2.0,1,25.0,0.0,0.0,0.0
180.0,4.0,263.0,4.0,1,5.0,38.0,0.0,0.0
714.0,16.0,602.0,4.0,1,3120.0,0.0,0.0,0.0
128.0,1.0,388.0,4.0,1,440.0,0.0,0.0,0.0
389.5,4.0,720.0,4.0,1,473.0,0.0,0.0,0.0
132.0,3.0,223.0,4.0,1,234.0,0.0,0.0,0.0
577.0,3.0,354.0,5.0,1,1709.0,0.0,0.0,0.0
310.5,6.0,533.0,4.0,1,734.0,0.0,0.0,0.0
1202.5,7.5,487.0,4.0,1,1545.0,0.0,0.0,0.0
9.333333333333334,3.5,675.0,4.0,1,575.0,6.375,4.0,0.0
165.0,2.0,881.0,4.0,1,30.0,0.0,0.0,0.0
60.5,2.5,399.0,4.0,1,518.0,0.0,0.0,0.0
1365.0,19.0,1713.0,4.0,1,405.0,0.0,0.0,0.0
727.0,5.5,599.0,4.0,1,1549.0,0.0,0.0,0.0
417.5,5.0,527.0,4.0,1,475.0,0.0,0.0,0.0
1303.0,17.0,879.0,5.0,1,2143.0,0.0,0.0,0.0
285.5,4.0,547.0,4.0,1,280.0,0.0,0.0,0.0
569.5,6.5,219.0,4.0,1,617.0,0.0,0.0,0.0
483.0,6.0,303.0,4.0,1,763.0,0.0,0.0,0.0
483.0,6.0,201.0,4.0,1,751.0,0.0,0.0,0.0
316.0,5.0,75.0,4.0,1,206.0,0.0,0.0,0.0
576.0,19.0,431.0,5.0,1,2010.0,0.0,0.0,0.0
259.5,2.0,516.0,4.0,1,55.0,0.0,0.0,0.0
1158.0,15.5,1672.0,4.0,1,1219.0,0.0,0.0,0.0
1167.0,11.0,951.0,4.0,1,2819.0,0.0,0.0,0.0
41.0,2.0,494.0,4.0,1,149.0,0.0,0.0,0.0
527.0,14.5,358.0,4.0,1,657.0,0.0,0.0,0.0
470.5,4.0,372.0,4.0,1,149.0,0.0,0.0,0.0
174.5,2.0,197.0,4.0,1,71.0,15.2,2.0,0.0
86.0,6.0,993.0,4.0,1,341.0,0.0,0.0,0.0
106.0,2.0,451.0,3.0,0,445.0,0.0,0.0,0.0
303.6666666666667,4.0,795.0,4.0,1,205.0,0.0,0.0,0.0
582.0,6.0,406.0,4.0,1,808.0,0.0,0.0,0.0
419.5,14.0,612.0,2.0,1,43.0,0.0,0.0,0.0
56.0,2.0,262.0,4.0,0,70.0,9.0,0.0,0.0
72.0,3.0,517.0,4.0,1,182.0,0.0,0.0,0.0
193.5,5.0,720.0,2.0,1,62.0,0.0,0.0,0.0
532.0,6.5,631.0,4.0,1,120.0,0.0,0.0,0.0
1103.25,6.0,726.0,4.0,1,2393.0,0.0,0.0,0.0
116.0,3.0,619.0,4.0,1,249.0,0.0,0.0,0.0
1036.0,16.5,1369.0,4.0,1,641.0,0.0,0.0,0.0
134.5,2.0,956.0,4.0,1,476.0,0.0,0.0,0.0
49.0,2.0,498.0,4.0,1,216.0,0.0,0.0,0.0
390.0,9.5,294.0,4.0,1,533.0,0.0,0.0,0.0
41.0,1.0,173.0,4.0,1,233.0,0.0,0.0,0.0
971.5,12.0,1365.0,5.0,1,1156.0,0.0,0.0,0.0
2.5,3.0,686.0,1.5,1,359.0,16.5,0.0,0.0
687.5,7.5,741.0,5.0,1,50.0,0.0,0.0,0.0
61.0,1.0,747.0,4.0,0,572.0,18.25,1.0,0.0
614.0,15.0,711.0,4.0,1,905.0,0.0,0.0,0.0
420.0,6.0,513.0,4.0,1,66.0,0.0,0.0,0.0
79.5,2.0,25.0,4.0,1,63.0,15.5,1.0,0.0
136.5,4.0,314.0,4.0,1,19.0,0.0,0.0,0.0
60.0,3.0,501.0,4.0,1,137.0,0.0,0.0,0.0
1054.0,8.0,1541.0,4.0,1,3320.0,0.0,0.0,0.0
34.0,1.0,1010.0,4.5,1,817.0,30.0,0.0,0.0
70.5,1.0,644.0,4.0,1,79.0,0.0,0.0,0.0
730.5,14.0,1498.0,4.0,1,992.0,0.0,0.0,0.0
744.0,5.0,1007.0,4.0,1,521.0,0.0,0.0,0.0
347.0,4.0,162.0,4.0,1,459.0,0.0,0.0,0.0
36.0,1.0,775.0,4.0,1,279.0,0.0,0.0,0.0
32.666666666666664,3.0,486.0,4.0,0,507.0,8.0,0.0,0.0
120.0,4.0,582.0,4.0,1,320.0,0.0,0.0,0.0
644.0,5.0,728.0,4.0,1,1495.0,0.0,0.0,0.0
129.0,8.0,355.0,4.0,1,178.0,0.0,0.0,0.0
266.0,2.5,55.0,4.0,1,375.0,0.0,0.0,0.0
431.0,10.0,786.0,4.0,1,797.0,0.0,0.0,0.0
391.0,6.5,314.0,4.0,1,363.0,0.0,0.0,0.0
75.0,4.0,1139.0,4.0,1,212.0,0.0,0.0,0.0
347.0,3.0,684.0,4.0,1,662.0,0.0,0.0,0.0
307.5,5.0,728.0,4.0,1,369.0,0.0,0.0,0.0
402.0,4.0,533.0,4.0,1,287.0,0.0,0.0,0.0
26.0,2.0,424.0,4.0,1,197.0,0.0,0.0,0.0
620.5,5.0,233.0,4.0,1,339.0,0.0,0.0,0.0
21.0,2.5,1370.0,4.0,0,568.0,30.0,0.0,0.0
135.0,2.0,155.0,4.0,1,509.0,0.0,0.0,0.0
1096.0,6.0,1078.0,4.0,1,2892.0,0.0,0.0,0.0
1299.0,12.0,2076.0,4.0,1,1057.0,0.0,0.0,0.0
750.0,9.0,1509.0,4.0,1,1631.0,0.0,0.0,0.0
123.0,2.0,545.0,4.0,1,198.0,15.0,0.0,0.0
207.0,4.0,433.0,4.0,1,95.0,0.0,0.0,0.0
5.5,1.0,1098.0,4.0,1,407.0,18.0,2.0,0.0
24.0,1.0,675.0,4.0,1,67.0,30.0,0.0,0.0
550.0,1.0,148.0,4.0,1,1255.0,0.0,0.0,0.0
138.5,2.0,297.0,4.0,1,28.0,0.0,0.0,0.0
102.0,2.5,46.0,3.5,1,164.0,0.0,0.0,0.0
600.0,5.0,747.0,4.0,1,82.0,0.0,0.0,0.0
108.0,1.0,521.0,4.0,1,61.0,0.0,0.0,0.0
438.0,4.0,159.0,4.0,1,1324.0,11.0,0.0,0.0
603.0,5.5,414.0,4.0,1,711.0,0.0,0.0,0.0
492.0,3.0,291.0,4.0,1,518.0,0.0,0.0,0.0
103.5,1.0,339.0,4.0,0,326.0,18.666666666666668,1.0,0.0
148.0,4.5,463.0,4.0,1,121.0,0.0,0.0,0.0
69.0,2.0,536.0,4.0,1,363.0,0.0,0.0,0.0
60.5,3.0,375.0,4.0,1,1275.0,22.5,0.0,0.0
130.5,2.0,272.0,4.0,1,68.0,0.0,0.0,0.0
674.0,13.0,580.0,4.0,1,1382.0,0.0,0.0,0.0
370.25,4.0,44.0,4.0,1,89.0,0.0,0.0,0.0
34.5,2.0,830.0,4.0,0,841.0,0.0,0.0,0.0
233.0,4.0,289.0,4.0,1,246.0,0.0,0.0,0.0
243.66666666666663,3.0,292.0,4.0,1,348.0,0.0,0.0,0.0
272.0,4.0,187.0,4.0,1,764.0,0.0,0.0,0.0
758.0,6.0,1550.0,2.0,1,2115.0,0.0,0.0,0.0
44.0,4.5,165.0,3.5,1,202.0,0.0,0.0,0.0
80.33333333333333,1.0,495.0,4.0,1,228.0,0.0,0.0,0.0
69.0,1.0,535.0,4.0,1,234.0,30.0,0.0,0.0
39.0,1.0,942.0,4.0,1,465.0,0.0,0.0,0.0
430.0,8.0,518.0,4.0,1,574.0,0.0,0.0,0.0
686.0,6.0,1012.0,4.0,1,427.0,0.0,0.0,0.0
49.0,1.0,313.0,4.0,1,243.0,0.0,0.0,0.0
628.75,4.5,434.0,4.0,1,323.0,0.0,0.0,0.0
632.0,5.0,382.0,4.0,1,260.0,0.0,0.0,0.0
352.5,3.0,291.0,4.0,1,193.0,0.0,0.0,0.0
564.0,13.0,196.0,5.0,1,1513.0,0.0,0.0,0.0
657.5,7.0,898.0,4.0,1,1523.0,0.0,0.0,0.0
87.0,2.0,297.0,4.0,1,211.0,20.0,1.0,0.0
502.0,6.5,337.0,4.0,1,1411.0,13.5,1.0,0.0
1031.0,19.5,263.0,5.0,1,949.0,0.0,0.0,0.0
187.75,3.0,549.0,4.0,1,330.0,0.0,0.0,0.0
54.0,1.0,694.0,4.0,0,362.0,4.5,0.0,0.0
896.3333333333334,9.5,2311.0,4.0,1,3596.0,0.0,0.0,0.0
415.0,8.5,231.0,4.0,1,1065.0,0.0,0.0,0.0
523.0,7.0,531.0,4.0,1,482.0,0.0,0.0,0.0
81.66666666666667,1.0,746.0,4.0,1,153.0,0.0,0.0,0.0
157.0,3.5,83.0,4.0,1,107.0,0.0,0.0,0.0
39.0,4.0,677.0,4.0,1,1280.0,0.0,0.0,0.0
533.0,5.5,332.0,2.0,1,1.0,0.0,0.0,0.0
1079.0,6.0,1354.0,4.0,1,3163.0,0.0,0.0,0.0
1186.0,13.0,2657.0,4.0,1,1327.0,0.0,0.0,0.0
232.75,3.0,483.0,4.0,1,44.0,0.0,0.0,0.0
23.0,0.0,1073.0,4.0,1,230.0,0.0,0.0,0.0
238.5,5.5,493.0,4.0,1,445.0,0.0,0.0,0.0
626.0,7.0,706.0,4.0,1,704.0,0.0,0.0,0.0
219.0,3.5,322.0,4.0,1,65.0,0.0,0.0,0.0
47.0,2.0,104.0,3.0,1,285.0,0.0,0.0,0.0
218.0,4.0,673.0,4.0,1,992.0,0.0,0.0,0.0
202.5,5.0,504.0,4.0,1,242.0,0.0,0.0,0.0
574.0,17.0,778.0,5.0,1,1434.0,0.0,0.0,0.0
695.0,6.0,1531.0,2.0,1,42.0,0.0,0.0,0.0
177.0,2.0,572.0,2.0,1,31.0,0.0,0.0,0.0
375.0,3.5,252.0,4.0,1,1065.0,0.0,0.0,0.0
532.5,6.0,313.0,2.0,1,239.0,0.0,0.0,0.0
1118.25,4.5,483.0,5.0,1,1579.0,0.0,0.0,0.0
596.5,5.5,364.0,4.0,1,362.0,0.0,0.0,0.0
270.5,6.0,492.0,4.0,1,161.0,10.5,1.0,0.0
853.0,16.0,2121.0,4.0,1,2051.0,0.0,0.0,0.0
177.0,6.0,330.0,4.0,1,406.0,0.0,0.0,0.0
776.5,5.0,1470.0,4.0,1,2406.0,0.0,0.0,0.0
4.0,2.5,322.0,5.0,0,583.0,0.0,0.0,0.0
514.5,8.0,186.0,4.0,1,119.0,0.0,0.0,0.0
181.5,2.5,469.0,4.0,1,117.0,0.0,0.0,0.0
147.0,2.5,635.0,4.0,1,43.0,0.0,0.0,0.0
144.0,4.0,424.0,4.0,1,61.0,0.0,0.0,0.0
417.0,11.0,853.0,4.0,1,823.0,0.0,0.0,0.0
225.5,2.6666666666666665,765.0,4.0,1,24.0,0.0,0.0,0.0
491.0,6.75,366.0,4.0,1,121.0,0.0,0.0,0.0
360.0,5.0,534.0,4.0,1,742.0,0.0,0.0,0.0
87.0,2.0,667.0,4.0,1,1202.0,0.0,0.0,0.0
72.5,2.0,687.0,4.0,1,1008.0,19.5,1.0,0.0
122.0,3.0,437.0,4.0,1,132.0,0.0,0.0,0.0
282.5,5.0,278.0,4.0,1,829.0,0.0,0.0,0.0
494.0,7.0,270.0,4.0,1,569.0,0.0,0.0,0.0
255.0,6.0,251.0,4.0,1,209.0,0.0,0.0,0.0
460.5,4.0,76.0,4.0,1,971.0,0.0,0.0,0.0
81.0,1.0,300.0,4.0,1,267.0,7.5,1.0,0.0
412.5,4.0,97.0,4.0,1,617.0,0.0,0.0,0.0
905.5,14.0,1471.0,4.0,1,2277.0,0.0,0.0,0.0
186.0,4.0,366.0,4.0,1,141.0,0.0,0.0,0.0
495.75,6.0,386.0,4.0,1,84.0,0.0,0.0,0.0
129.5,4.0,1038.0,4.0,1,203.0,10.0,1.0,0.0
569.0,3.5,191.0,4.0,1,402.0,0.0,0.0,0.0
4.5,4.0,121.0,2.0,1,1164.0,4.0,0.0,0.0
180.0,3.0,311.0,4.0,1,171.0,0.0,0.0,0.0
671.0,5.0,863.0,4.0,1,361.0,0.0,0.0,0.0
88.0,1.0,978.0,4.0,1,258.0,26.0,0.0,0.0
62.0,2.5,615.0,4.0,1,275.0,0.0,0.0,0.0
63.0,7.0,930.0,4.0,1,504.0,0.0,0.0,0.0
266.5,4.0,255.0,4.0,1,377.0,0.0,0.0,0.0
178.0,3.5,633.0,4.0,1,253.0,0.0,0.0,0.0
534.0,5.0,424.0,4.0,1,881.0,0.0,0.0,0.0
264.0,4.0,927.0,4.0,1,937.0,0.0,0.0,0.0
271.5,1.5,179.0,4.0,1,251.0,0.0,0.0,0.0
3.0,1.0,685.0,0.0,0,685.0,0.0,0.0,0.0
415.3333333333333,5.0,343.0,4.0,1,118.0,0.0,0.0,0.0
399.0,4.5,365.0,4.0,1,35.0,0.0,0.0,0.0
59.5,2.0,880.0,4.0,0,98.0,0.0,0.0,0.0
1069.0,10.0,1138.0,4.0,1,952.0,0.0,0.0,0.0
26.0,0.0,1036.0,4.0,0,1084.0,0.0,0.0,0.0
828.0,6.0,2041.0,4.0,1,2985.0,0.0,0.0,0.0
886.0,7.0,733.0,4.0,1,588.0,0.0,0.0,0.0
196.5,4.0,233.0,4.0,1,31.0,14.0,0.0,0.0
205.0,4.5,405.0,4.0,1,99.0,0.0,0.0,0.0
274.0,6.0,196.0,4.0,1,472.0,0.0,0.0,0.0
1138.0,12.0,2294.0,4.0,1,1651.0,0.0,0.0,0.0
614.0,3.0,1039.0,4.0,1,2017.0,0.0,0.0,0.0
186.5,14.0,620.0,4.0,1,278.0,0.0,0.0,0.0
84.0,3.5,1091.0,4.0,1,195.0,0.0,0.0,0.0
830.0,10.666666666666666,1364.0,5.0,1,1515.0,0.0,0.0,0.0
200.0,1.0,526.0,4.0,1,263.0,0.0,0.0,0.0
189.5,7.5,285.0,4.0,1,60.0,0.0,0.0,0.0
105.0,2.0,358.0,4.0,1,121.0,0.0,0.0,0.0
66.0,1.5,508.0,4.0,1,1053.0,0.0,0.0,0.0
843.25,7.5,1067.0,4.0,1,3336.0,0.0,0.0,0.0
352.0,7.0,871.0,4.0,1,471.0,0.0,0.0,0.0
859.0,5.0,2280.0,4.0,1,3341.0,0.0,0.0,0.0
1370.0,15.0,2191.0,4.0,1,1140.0,0.0,0.0,0.0
226.0,3.0,50.0,4.0,1,617.0,0.0,0.0,0.0
740.25,10.5,1418.0,4.0,1,664.0,0.0,0.0,0.0
114.0,1.0,441.0,3.5,1,140.0,0.0,0.0,0.0
500.25,4.0,253.0,4.0,1,276.0,0.0,0.0,0.0
553.0,3.0,288.0,4.0,1,1254.0,0.0,0.0,0.0
354.0,4.0,129.0,4.0,1,76.0,0.0,0.0,0.0
901.0,11.0,1606.0,4.0,1,2549.0,0.0,0.0,0.0
287.5,5.0,398.0,2.0,1,5.0,0.0,0.0,0.0
109.0,4.0,38.0,5.0,1,113.0,0.0,0.0,0.0
559.0,4.5,647.0,4.0,1,393.0,0.0,0.0,0.0
252.75,5.0,289.0,4.0,1,452.0,0.0,0.0,0.0
214.0,4.5,602.0,4.0,1,586.0,0.0,0.0,0.0
35.5,4.0,721.0,4.0,1,133.0,1.0,0.0,0.0
723.0,7.0,940.0,4.0,1,938.0,0.0,0.0,0.0
837.0,5.5,1082.0,4.0,1,3676.0,0.0,0.0,0.0
150.5,4.0,486.0,4.0,1,176.0,0.0,0.0,0.0
1194.0,7.0,213.0,4.0,1,1845.0,0.0,0.0,0.0
323.5,4.5,449.0,4.0,0,351.0,0.0,0.0,0.0
51.0,3.0,499.0,4.0,1,407.0,0.0,0.0,0.0
584.5,12.0,177.0,5.0,1,1319.0,0.0,0.0,0.0
646.0,9.0,1064.0,0.0,1,1270.0,0.0,0.0,0.0
375.0,3.0,597.0,4.0,1,688.0,0.0,0.0,0.0
135.0,3.0,312.0,3.5,1,93.0,0.0,0.0,0.0
431.0,4.0,223.0,2.0,1,1161.0,0.0,0.0,0.0
298.0,7.0,270.0,4.0,1,603.0,0.0,0.0,0.0
22.0,1.0,743.0,4.0,0,511.0,0.0,0.0,0.0
462.0,3.0,250.0,4.0,1,1449.0,0.0,0.0,0.0
152.0,2.5,276.0,4.0,1,217.0,0.0,0.0,0.0
351.0,7.5,182.0,4.0,1,673.0,0.0,0.0,0.0
648.0,9.0,679.0,5.0,1,1622.0,0.0,0.0,0.0
366.0,3.0,307.0,4.0,1,13.0,0.0,0.0,0.0
30.0,2.0,526.0,4.0,1,99.0,0.0,0.0,0.0
154.0,4.0,398.0,4.0,1,82.0,0.0,0.0,0.0
673.5,8.5,1054.0,4.0,1,1788.0,0.0,0.0,0.0
196.5,4.0,669.0,4.0,1,277.0,0.0,0.0,0.0
223.0,5.5,483.0,4.0,1,571.0,0.0,0.0,0.0
310.5,4.0,939.0,4.0,1,196.0,0.0,0.0,0.0
1315.5,12.0,2198.0,4.0,1,1091.0,0.0,0.0,0.0
638.0,8.0,426.0,4.0,1,637.0,0.0,0.0,0.0
538.0,4.0,723.0,5.0,1,1359.0,0.0,0.0,0.0
623.0,4.0,243.0,2.0,1,497.0,0.0,0.0,0.0
831.0,2.5,967.0,4.0,1,3012.0,0.0,0.0,0.0
535.0,6.0,660.0,4.0,1,143.0,0.0,0.0,0.0
453.3333333333333,3.0,464.0,4.0,1,151.0,0.0,0.0,0.0
102.0,4.0,266.0,4.0,1,250.0,0.0,0.0,0.0
247.0,5.5,182.0,4.0,1,623.0,0.0,0.0,0.0
139.5,3.5,316.0,4.0,1,439.0,0.0,0.0,0.0
290.0,3.5,215.0,4.0,1,261.0,0.0,0.0,0.0
435.0,8.5,424.0,2.0,1,60.0,0.0,0.0,0.0
235.5,4.0,634.0,4.0,1,180.0,0.0,0.0,0.0
624.0,8.0,328.0,4.0,1,948.0,0.0,0.0,0.0
434.0,6.0,352.0,4.0,1,612.0,0.0,0.0,0.0
148.0,3.0,52.0,4.0,1,81.0,0.0,0.0,0.0
602.0,6.0,326.0,4.0,1,470.0,0.0,0.0,0.0
178.0,2.0,932.0,4.0,1,164.0,0.0,0.0,0.0
944.0,12.0,1798.0,4.0,1,4077.0,0.0,0.0,0.0
428.5,6.0,404.0,4.0,1,171.0,0.0,0.0,0.0
203.0,6.0,669.0,4.0,1,197.0,0.0,0.0,0.0
877.0,15.0,1585.0,4.0,1,974.0,0.0,0.0,0.0
122.0,4.5,571.0,4.0,1,301.0,0.0,0.0,0.0
245.5,4.5,429.0,4.0,1,172.0,0.0,0.0,0.0
1153.5,14.25,1612.0,4.0,1,242.0,0.0,0.0,0.0
96.5,4.0,1017.0,4.0,1,44.0,0.0,0.0,0.0
827.0,14.0,1946.0,4.0,1,2255.0,0.0,0.0,0.0
552.0,3.0,150.0,4.0,1,586.0,0.0,0.0,0.0
513.0,15.0,769.0,4.0,1,1204.0,0.0,0.0,0.0
395.0,6.0,529.0,4.0,1,222.0,0.0,0.0,0.0
381.0,8.0,201.0,4.0,1,240.0,0.0,0.0,0.0
14.0,4.0,221.0,4.0,1,51.0,0.0,0.0,0.0
108.0,3.0,210.0,4.0,1,560.0,0.0,0.0,0.0
385.0,6.0,486.0,4.0,1,310.0,0.0,0.0,0.0
707.0,4.5,1100.0,5.0,1,2046.0,0.0,0.0,0.0
38.25,1.0,1355.0,4.0,0,279.0,0.0,0.0,0.0
1553.0,20.0,45.0,4.0,1,994.0,0.0,0.0,0.0
90.0,2.0,386.0,4.0,1,397.0,11.833333333333334,4.0,0.0
31.0,1.0,281.0,4.0,1,87.0,18.0,2.0,0.0
104.5,4.0,528.0,4.0,1,149.0,0.0,0.0,0.0
269.0,4.0,453.0,0.0,1,9.0,0.0,0.0,0.0
332.0,4.0,500.0,4.0,1,792.0,0.0,0.0,0.0
523.0,4.0,105.0,4.0,1,768.0,0.0,0.0,0.0
307.5,3.0,449.0,4.0,1,101.0,0.0,0.0,0.0
227.5,3.0,611.0,2.0,1,2.0,0.0,0.0,0.0
415.0,5.0,466.0,4.0,1,94.0,0.0,0.0,0.0
47.5,8.5,450.0,4.0,1,329.0,0.0,0.0,0.0
1341.0,13.0,881.0,4.0,1,1051.0,0.0,0.0,0.0
365.0,3.5,92.0,4.0,1,158.0,0.0,0.0,0.0
582.0,6.0,403.0,2.0,1,859.0,0.0,0.0,0.0
782.0,5.0,371.0,5.0,1,2362.0,0.0,0.0,0.0
203.5,3.0,208.0,4.0,1,272.0,0.0,0.0,0.0
561.0,9.0,419.0,4.5,1,951.0,0.0,0.0,0.0
718.5,10.5,610.0,4.5,1,2492.0,0.0,0.0,0.0
513.5,5.0,264.0,4.0,1,438.0,0.0,0.0,0.0
457.0,4.0,230.0,4.0,1,1123.0,0.0,0.0,0.0
768.0,8.0,415.0,5.0,1,2284.0,0.0,0.0,0.0
621.5,4.0,596.0,4.0,1,689.0,0.0,0.0,0.0
307.5,5.0,1039.0,4.0,1,844.0,0.0,0.0,0.0
295.5,4.0,100.0,4.0,1,62.0,0.0,0.0,0.0
141.0,4.5,281.0,4.0,1,64.0,0.0,0.0,0.0
147.0,2.0,463.0,4.0,1,49.0,0.0,0.0,0.0
522.0,2.0,194.0,4.0,1,601.0,0.0,0.0,0.0
248.5,2.5,860.0,4.0,1,190.0,0.0,0.0,0.0
233.5,5.0,475.0,4.0,1,1015.0,0.0,0.0,0.0
299.0,4.5,975.0,4.0,1,699.0,0.0,0.0,0.0
543.0,2.0,472.0,4.0,1,608.0,0.0,0.0,0.0
855.0,3.0,1110.0,4.0,1,3574.0,0.0,0.0,0.0
5.5,1.5,397.0,4.0,1,617.0,3.0,0.0,0.0
78.0,2.0,636.0,4.0,0,1098.0,30.0,0.0,0.0
62.0,3.0,704.0,4.0,1,940.0,0.0,0.0,0.0
780.0,8.0,1394.0,4.0,1,345.0,0.0,0.0,0.0
289.0,3.5,239.0,4.0,1,1187.0,0.0,0.0,0.0
268.0,5.0,1098.0,4.0,1,759.0,0.0,0.0,0.0
394.0,4.0,383.0,2.0,1,47.0,0.0,0.0,0.0
304.0,7.0,136.0,4.0,1,71.0,0.0,0.0,0.0
48.0,1.0,866.0,4.0,1,271.0,0.0,0.0,0.0
678.0,7.0,1016.0,4.0,1,1369.0,0.0,0.0,0.0
432.5,6.0,607.0,4.0,1,87.0,0.0,0.0,0.0
387.0,4.0,944.0,4.0,1,369.0,0.0,0.0,0.0
1372.0,15.0,1482.0,4.0,1,2132.0,0.0,0.0,0.0
599.0,7.0,301.0,4.0,1,327.0,0.0,0.0,0.0
212.5,3.0,1051.0,4.0,1,347.0,0.0,0.0,0.0
44.5,2.0,1347.0,4.0,0,454.0,30.0,0.0,0.0
349.5,9.0,201.0,4.0,1,476.0,0.0,0.0,0.0
1166.5,33.0,1581.0,5.0,1,484.0,0.0,0.0,0.0
5.0,3.5,554.0,4.5,1,263.0,0.0,0.0,0.0
607.5,8.5,418.0,4.0,1,84.0,0.0,0.0,0.0
863.5,11.5,1234.0,5.0,1,2932.0,0.0,0.0,0.0
288.5,2.5,159.0,4.0,1,634.0,0.0,0.0,0.0
483.5,8.5,198.0,4.0,1,351.0,0.0,0.0,0.0
38.5,2.0,353.0,4.0,1,770.0,0.0,0.0,0.0
646.0,10.0,920.0,4.0,1,1153.0,0.0,0.0,0.0
162.0,1.0,628.0,4.0,1,223.0,0.0,0.0,0.0
428.5,5.0,485.0,4.0,1,0.0,0.0,0.0,0.0
771.5,9.5,1359.0,5.0,1,1116.0,0.0,0.0,0.0
353.5,5.0,125.0,4.0,1,439.0,0.0,0.0,0.0
65.0,3.0,751.0,4.0,1,211.0,12.857142857142858,3.0,0.0
376.5,7.0,456.0,0.0,1,14.0,0.0,0.0,0.0
869.5,5.0,1038.0,4.0,1,318.0,0.0,0.0,0.0
467.0,6.0,352.0,4.0,1,298.0,0.0,0.0,0.0
168.0,4.5,1094.0,4.0,1,199.0,0.0,0.0,0.0
474.5,3.0,546.0,4.0,1,987.0,0.0,0.0,0.0
348.0,8.0,350.0,4.0,1,609.0,0.0,0.0,0.0
1023.0,7.0,1581.0,4.0,1,3222.0,0.0,0.0,0.0
713.5,11.0,1456.0,4.0,1,1624.0,0.0,0.0,0.0
277.0,7.0,730.0,4.0,1,366.0,0.0,0.0,0.0
287.5,9.5,224.0,4.0,1,602.0,0.0,0.0,0.0
448.0,4.5,569.0,4.0,1,713.0,0.0,0.0,0.0
632.0,5.0,384.0,4.0,1,286.0,0.0,0.0,0.0
282.5,4.0,77.0,4.0,1,86.0,0.0,0.0,0.0
829.0,7.0,2015.0,4.0,1,2805.0,0.0,0.0,0.0
742.0,12.0,704.0,5.0,1,3311.0,0.0,0.0,0.0
795.0,10.0,841.0,4.5,1,936.0,0.0,0.0,0.0
1089.0,13.0,1638.0,4.0,1,1544.0,0.0,0.0,0.0
175.0,2.5,387.0,2.0,1,63.0,0.0,0.0,0.0
588.0,11.5,611.0,4.0,1,862.0,0.0,0.0,0.0
552.75,18.0,493.0,4.0,1,450.0,0.0,0.0,0.0
244.5,4.0,632.0,4.0,1,142.0,0.0,0.0,0.0
868.0,9.0,1738.0,4.0,1,2431.0,0.0,0.0,0.0
416.0,14.0,765.0,4.0,1,483.0,0.0,0.0,0.0
119.0,1.5,316.0,4.0,1,79.0,38.0,0.0,0.0
285.0,4.5,1160.0,4.0,1,614.0,0.0,0.0,0.0
504.0,6.5,616.0,2.0,1,1026.0,0.0,0.0,0.0
97.0,0.5,509.0,4.0,1,168.0,0.0,0.0,0.0
821.0,8.0,1393.0,4.0,1,3022.0,0.0,0.0,0.0
192.0,2.5,523.0,4.0,1,344.0,0.0,0.0,0.0
631.0,6.0,466.0,4.0,1,1226.0,0.0,0.0,0.0
95.0,3.0,487.0,4.0,1,474.0,0.0,0.0,0.0
382.0,6.0,749.0,4.0,1,1009.0,0.0,0.0,0.0
62.5,2.0,994.0,4.0,1,122.0,0.0,0.0,0.0
70.0,2.0,848.0,4.0,1,199.0,15.666666666666666,1.0,0.0
389.5,4.0,536.0,4.0,1,5.0,0.0,0.0,0.0
491.5,3.0,492.0,4.0,1,1221.0,0.0,0.0,0.0
277.0,5.0,603.0,4.0,1,324.0,0.0,0.0,0.0
773.5,4.5,1214.0,4.0,1,2120.0,0.0,0.0,0.0
768.5,9.0,421.0,5.0,1,2295.0,0.0,0.0,0.0
608.0,6.0,936.0,4.0,1,1897.0,0.0,0.0,0.0
765.0,4.0,1355.0,4.0,1,2026.0,0.0,0.0,0.0
407.0,6.0,795.0,4.0,1,52.0,0.0,0.0,0.0
92.5,3.0,418.0,4.0,1,399.0,17.4,2.0,0.0
152.0,1.0,870.0,4.0,1,332.0,18.2,2.0,0.0
26.0,1.0,929.0,4.0,1,856.0,0.0,0.0,0.0
638.0,3.5,251.0,4.0,1,764.0,0.0,0.0,0.0
917.0,13.0,1553.0,4.0,1,2543.0,0.0,0.0,0.0
186.0,4.75,749.0,4.0,1,134.0,0.0,0.0,0.0
88.0,2.0,873.0,4.0,1,1013.0,0.0,0.0,0.0
1401.5,28.0,1567.0,5.0,1,618.0,0.0,0.0,0.0
147.0,2.0,781.0,4.0,1,415.0,16.0,1.0,0.0
302.5,2.0,499.0,4.0,1,80.0,0.0,0.0,0.0
1032.5,15.0,2120.0,4.0,1,940.0,0.0,0.0,0.0
1200.5,4.0,860.0,4.0,1,1050.0,0.0,0.0,0.0
41.25,3.0,470.0,4.0,1,1233.0,0.0,0.0,0.0
6.0,0.5,267.0,4.0,1,507.0,0.0,0.0,0.0
119.0,1.0,720.0,4.0,1,331.0,0.0,0.0,0.0
1004.0,10.0,1355.0,4.0,1,1720.0,0.0,0.0,0.0
1227.0,8.5,950.0,4.0,1,1120.0,0.0,0.0,0.0
546.5,4.5,259.0,2.0,1,367.0,0.0,0.0,0.0
336.0,3.0,470.0,4.0,1,335.0,0.0,0.0,0.0
688.0,6.0,622.0,4.0,1,1645.0,0.0,0.0,0.0
745.0,10.0,1558.0,4.0,1,2282.0,0.0,0.0,0.0
421.0,7.0,177.0,4.0,1,228.0,0.0,0.0,0.0
282.5,3.0,446.0,4.0,1,520.0,0.0,0.0,0.0
61.0,2.0,697.0,4.0,1,352.0,0.0,0.0,0.0
1579.5,7.0,601.0,4.0,1,358.0,0.0,0.0,0.0
18.0,2.5,737.0,4.0,1,339.0,0.0,0.0,0.0
50.0,5.5,328.0,4.0,1,66.0,0.0,0.0,0.0
216.75,6.0,855.0,4.0,1,363.0,0.0,0.0,0.0
135.0,2.0,798.0,4.0,1,352.0,0.0,0.0,0.0
652.0,11.0,837.0,4.0,1,58.0,0.0,0.0,0.0
15.0,11.5,533.0,4.0,1,634.0,0.0,0.0,0.0
1289.0,21.0,2134.0,4.0,1,1065.0,0.0,0.0,0.0
280.0,2.5,86.0,4.0,1,1050.0,0.0,0.0,0.0
282.0,2.0,1134.0,4.0,1,86.0,0.0,0.0,0.0
770.0,6.0,1702.0,2.0,1,2556.0,0.0,0.0,0.0
463.0,3.0,369.0,4.0,1,645.0,0.0,0.0,0.0
1190.0,12.0,655.0,4.0,1,1202.0,0.0,0.0,0.0
72.0,2.0,170.0,4.0,1,335.0,0.0,0.0,0.0
596.0,14.0,304.0,4.0,1,884.0,0.0,0.0,0.0
463.0,4.0,7.0,4.0,1,900.0,0.0,0.0,0.0
70.0,6.0,768.0,4.0,1,343.0,13.0,2.0,0.0
152.0,6.0,570.0,4.0,1,231.0,0.0,0.0,0.0
1172.5,5.5,1400.0,4.0,1,3087.0,0.0,0.0,0.0
650.0,11.25,482.0,4.0,1,1089.0,0.0,0.0,0.0
194.0,2.0,719.0,4.0,1,310.0,0.0,0.0,0.0
387.0,4.5,670.0,4.0,1,534.0,0.0,0.0,0.0
141.0,2.0,883.0,4.0,1,384.0,4.0,0.0,0.0
1255.0,6.5,1099.0,4.5,1,2573.0,0.0,0.0,0.0
633.5,8.0,627.0,4.0,1,152.0,0.0,0.0,0.0
170.0,4.0,1098.0,4.0,1,206.0,0.0,0.0,0.0
50.5,4.0,388.0,4.0,1,50.0,0.0,0.0,0.0
125.0,3.0,568.0,4.0,0,328.0,0.0,0.0,0.0
586.5,4.0,64.0,4.0,1,1047.0,0.0,0.0,0.0
620.0,5.5,275.0,4.0,1,221.0,0.0,0.0,0.0
796.5,7.0,1162.0,4.0,1,3888.0,0.0,0.0,0.0
193.0,7.0,89.0,4.0,1,129.0,0.0,0.0,0.0
534.0,6.5,237.0,5.0,1,1816.0,0.0,0.0,0.0
19.0,1.0,747.0,4.0,1,457.0,0.0,0.0,0.0
835.5,10.0,1373.0,4.0,1,706.0,0.0,0.0,0.0
299.5,5.0,85.0,4.0,1,309.0,0.0,0.0,0.0
439.0,7.0,545.0,4.0,1,335.0,0.0,0.0,0.0
286.0,4.0,309.0,4.0,1,73.0,0.0,0.0,0.0
337.5,5.5,432.0,4.0,1,704.0,0.0,0.0,0.0
710.0,5.5,620.0,4.0,1,1637.0,0.0,0.0,0.0
130.0,2.5,392.0,4.0,1,129.0,0.0,0.0,0.0
543.0,18.5,498.0,4.0,1,340.0,0.0,0.0,0.0
420.0,5.0,626.0,4.0,1,98.0,0.0,0.0,0.0
1044.0,25.0,223.0,5.0,1,672.0,0.0,0.0,0.0
895.0,5.0,769.0,4.0,1,427.0,0.0,0.0,0.0
506.75,4.0,193.0,4.0,1,272.0,0.0,0.0,0.0
351.0,7.5,708.0,4.0,1,584.0,0.0,0.0,0.0
431.0,5.0,249.0,4.0,1,399.0,0.0,0.0,0.0
405.0,3.6666666666666665,616.0,4.0,1,436.0,0.0,0.0,0.0
19.0,2.5,118.0,4.0,0,109.0,14.2,5.0,0.0
69.5,6.333333333333333,993.0,4.0,1,461.0,0.0,0.0,0.0
382.0,5.0,277.0,4.0,1,291.0,0.0,0.0,0.0
1161.5,26.25,1080.0,4.0,1,46.0,0.0,0.0,0.0
83.0,1.0,922.0,4.0,0,348.0,19.33333333333333,0.0,0.0
66.0,2.0,634.0,4.0,1,476.0,25.5,2.0,0.0
888.0,11.5,1665.0,4.0,1,1941.0,0.0,0.0,0.0
544.0,5.0,234.0,4.0,1,1856.0,0.0,0.0,0.0
403.5,9.0,337.0,4.0,1,306.0,31.0,0.0,0.0
108.0,2.5,610.0,4.0,1,147.0,15.0,2.0,0.0
51.5,2.5,193.0,4.0,1,385.0,2.0,0.0,0.0
270.0,4.0,1045.0,4.0,1,125.0,0.0,0.0,0.0
239.0,7.0,792.0,4.0,1,162.0,0.0,0.0,0.0
61.0,5.0,402.0,2.0,1,0.0,0.0,0.0,0.0
474.0,6.5,593.0,4.0,1,168.0,0.0,0.0,0.0
33.0,0.0,463.0,4.0,1,329.0,0.0,0.0,0.0
368.0,5.0,6.0,4.0,1,743.0,0.0,0.0,0.0
124.0,4.0,603.0,4.0,1,90.0,15.0,1.0,0.0
601.0,5.0,207.0,4.0,1,1195.0,0.0,0.0,0.0
147.0,5.0,152.0,4.0,1,651.0,0.0,0.0,0.0
1293.5,13.5,1364.0,5.0,1,269.0,0.0,0.0,0.0
32.0,3.0,257.0,2.0,1,43.0,0.0,0.0,0.0
122.0,4.0,541.0,4.0,1,295.0,0.0,0.0,0.0
696.5,9.0,674.0,5.0,1,1404.0,0.0,0.0,0.0
31.0,1.0,994.0,4.0,0,197.0,20.33333333333333,4.0,0.0
107.0,1.0,642.0,4.0,1,52.0,0.0,0.0,0.0
489.5,6.5,307.0,4.0,1,222.0,0.0,0.0,0.0
1411.0,21.0,1251.0,5.0,1,300.0,0.0,0.0,0.0
1078.0,4.5,1587.0,4.0,1,3433.0,0.0,0.0,0.0
61.0,2.0,826.0,4.0,0,257.0,12.666666666666666,2.0,0.0
551.0,7.5,779.0,5.0,1,1420.0,0.0,0.0,0.0
60.0,1.0,886.0,4.0,0,221.0,0.0,0.0,0.0
381.5,3.0,449.0,4.0,1,771.0,0.0,0.0,0.0
149.0,3.0,195.0,4.0,1,540.0,0.0,0.0,0.0
13.5,1.0,422.0,4.0,0,527.0,19.5,2.0,0.0
591.0,3.0,819.0,4.0,1,1735.0,0.0,0.0,0.0
131.0,4.0,416.0,4.0,1,635.0,0.0,0.0,0.0
69.0,2.5,1271.0,4.0,1,146.0,0.0,0.0,0.0
547.0,3.5,164.0,4.0,1,159.0,0.0,0.0,0.0
125.0,3.0,217.0,4.0,1,50.0,0.0,0.0,0.0
27.0,0.5,1007.0,4.0,1,848.0,0.0,0.0,0.0
84.0,2.0,351.0,4.0,1,126.0,7.0,0.0,0.0
850.5,8.0,1586.0,4.0,1,3234.0,0.0,0.0,0.0
335.0,5.0,546.0,4.0,1,402.0,0.0,0.0,0.0
102.0,3.0,747.0,4.0,1,372.0,30.0,0.0,0.0
189.5,8.0,330.0,4.0,1,404.0,0.0,0.0,0.0
358.0,6.5,113.0,2.0,1,14.0,0.0,0.0,0.0
585.25,3.0,301.0,4.0,1,448.0,0.0,0.0,0.0
293.0,4.5,957.0,2.0,1,49.0,0.0,0.0,0.0
235.0,3.5,434.0,4.0,1,11.0,0.0,0.0,0.0
33.5,1.5,864.0,5.0,1,878.0,22.0,1.0,0.0
614.0,7.0,341.0,4.0,1,1073.0,0.0,0.0,0.0
3.0,2.0,73.0,2.5,0,108.0,0.0,0.0,0.0
102.0,2.0,785.0,3.0,1,628.0,30.0,0.0,0.0
121.5,4.5,523.0,4.0,1,322.0,0.0,0.0,0.0
362.0,2.5,131.0,4.0,1,199.0,0.0,0.0,0.0
1362.0,20.0,1313.0,4.0,1,1915.0,0.0,0.0,0.0
79.0,1.0,19.0,4.0,0,241.0,20.0,2.0,0.0
840.5,5.0,1927.0,4.0,1,2451.0,0.0,0.0,0.0
1032.0,11.0,1192.0,4.0,1,2675.0,0.0,0.0,0.0
705.0,6.0,556.0,4.0,1,1571.0,0.0,0.0,0.0
310.0,6.0,675.0,2.0,1,0.0,0.0,0.0,0.0
1018.5,10.5,2046.0,4.0,1,3812.0,0.0,0.0,0.0
541.0,6.5,254.0,2.0,1,294.0,0.0,0.0,0.0
1139.0,13.5,1956.0,5.0,1,335.0,0.0,0.0,0.0
705.0,6.0,552.0,4.0,1,1563.0,0.0,0.0,0.0
329.0,3.0,776.0,4.0,1,328.0,0.0,0.0,0.0
235.5,4.5,1072.0,4.0,1,131.0,0.0,0.0,0.0
286.5,1.0,273.0,4.0,1,350.0,0.0,0.0,0.0
592.0,6.0,980.0,5.0,1,2609.0,0.0,0.0,0.0
587.5,11.0,217.0,4.0,1,1091.0,0.0,0.0,0.0
24.0,1.5,626.0,4.0,1,483.0,0.0,0.0,0.0
447.5,4.0,233.0,4.0,1,490.0,0.0,0.0,0.0
195.5,4.0,240.0,4.0,1,170.0,0.0,0.0,0.0
51.5,3.0,177.0,4.0,1,363.0,0.0,0.0,0.0
326.0,6.5,269.0,0.0,1,5.0,0.0,0.0,0.0
866.5,10.0,1556.0,4.0,1,3357.0,0.0,0.0,0.0
193.0,3.0,995.0,4.0,1,72.0,0.0,0.0,0.0
116.75,2.0,459.0,4.0,1,405.0,0.0,0.0,0.0
228.16666666666663,5.0,1004.0,4.0,1,755.0,0.0,0.0,0.0
310.5,7.0,497.0,4.0,1,20.0,0.0,0.0,0.0
1114.5,23.5,2500.0,4.0,1,907.0,0.0,0.0,0.0
1297.5,14.0,1180.0,4.0,1,1119.0,0.0,0.0,0.0
122.0,2.0,447.0,4.0,1,124.0,0.0,0.0,0.0
17.0,2.0,1254.0,2.0,1,558.0,12.0,0.0,0.0
551.5,1.5,445.0,4.0,1,954.0,0.0,0.0,0.0
506.0,3.0,280.0,3.0,1,381.0,0.0,0.0,0.0
70.0,2.5,734.0,4.5,1,825.0,0.0,0.0,0.0
396.0,9.0,503.0,4.0,1,683.0,0.0,0.0,0.0
713.75,7.0,948.0,4.0,1,1887.0,0.0,0.0,0.0
1227.0,30.0,703.0,4.0,1,295.0,0.0,0.0,0.0
623.5,7.0,455.0,4.0,1,423.0,0.0,0.0,0.0
824.5,11.5,1899.0,2.0,1,2098.0,0.0,0.0,0.0
187.5,2.5,283.0,4.0,1,94.0,0.0,0.0,0.0
707.0,11.75,1152.0,4.0,1,1900.0,0.0,0.0,0.0
146.0,3.0,623.0,4.0,1,103.0,0.0,0.0,0.0
584.0,6.0,400.0,4.0,1,61.0,0.0,0.0,0.0
19.0,9.5,561.0,4.5,1,197.0,0.0,0.0,0.0
3.0,1.0,367.0,0.0,1,688.0,0.0,0.0,0.0
1295.0,13.5,1108.0,5.0,1,1850.0,0.0,0.0,0.0
639.0,7.0,534.0,4.0,1,105.0,0.0,0.0,0.0
1367.0,11.0,632.0,4.0,1,947.0,0.0,0.0,0.0
170.0,4.0,750.0,4.0,1,2.0,0.0,0.0,0.0
248.0,13.5,356.0,4.0,1,516.0,0.0,0.0,0.0
128.5,5.0,153.0,2.0,1,22.0,0.0,0.0,0.0
141.0,2.0,541.0,4.0,1,182.0,0.0,0.0,0.0
183.0,3.5,515.0,4.0,1,84.0,14.0,0.0,0.0
116.0,0.5,478.0,4.0,1,349.0,0.0,0.0,0.0
532.5,10.333333333333334,445.0,4.0,1,1057.0,0.0,0.0,0.0
76.0,2.0,867.0,4.0,0,858.0,15.833333333333334,2.0,0.0
128.5,5.5,474.0,4.0,1,143.0,0.0,0.0,0.0
89.5,2.0,701.0,4.0,1,1072.0,15.0,2.0,0.0
154.5,6.0,673.0,4.0,1,517.0,0.0,0.0,0.0
940.0,13.0,812.0,5.0,1,1262.0,0.0,0.0,0.0
3.0,8.5,390.0,2.0,1,242.0,16.0,3.0,0.0
1611.0,15.0,314.0,4.0,1,1224.0,0.0,0.0,0.0
796.6666666666666,6.0,1812.0,4.0,1,2783.0,0.0,0.0,0.0
599.0,9.0,1076.0,5.0,1,1703.0,0.0,0.0,0.0
11.5,5.0,565.0,4.0,1,898.0,0.0,0.0,0.0
8.5,2.0,890.0,4.0,1,72.0,17.75,1.0,0.0
75.0,6.5,197.0,4.0,1,648.0,0.0,0.0,0.0
777.5,4.5,1778.0,4.0,1,2496.0,0.0,0.0,0.0
325.0,4.0,236.0,4.0,1,798.0,0.0,0.0,0.0
483.25,6.0,494.0,4.0,1,208.0,0.0,0.0,0.0
1053.0,7.0,1647.0,4.0,1,3438.0,0.0,0.0,0.0
164.5,3.0,266.0,4.0,1,335.0,0.0,0.0,0.0
1142.5,8.5,919.0,4.0,1,1012.0,0.0,0.0,0.0
477.5,4.0,306.0,4.0,1,680.0,0.0,0.0,0.0
1021.0,24.5,1856.0,5.0,1,29.0,0.0,0.0,0.0
531.0,4.0,348.0,4.0,1,407.0,0.0,0.0,0.0
877.0,15.0,1566.0,4.0,1,1010.0,0.0,0.0,0.0
803.0,11.0,865.0,4.5,1,2350.0,0.0,0.0,0.0
19.0,8.0,546.0,4.0,1,480.0,8.0,2.0,0.0
55.0,1.0,543.0,4.0,1,285.0,15.5,2.0,0.0
378.5,2.5,485.0,4.0,1,365.0,0.0,0.0,0.0
649.5,9.0,246.0,4.0,1,619.0,0.0,0.0,0.0
232.0,3.0,614.0,4.0,1,50.0,0.0,0.0,0.0
58.0,2.0,351.0,4.0,1,209.0,0.0,0.0,0.0
265.5,2.0,64.0,4.0,1,444.0,0.0,0.0,0.0
567.0,5.0,244.0,4.0,1,924.0,0.0,0.0,0.0
370.5,5.5,421.0,4.0,1,516.0,0.0,0.0,0.0
866.0,5.0,1397.0,4.0,1,3904.0,0.0,0.0,0.0
1067.0,4.0,1849.0,4.0,1,3708.0,0.0,0.0,0.0
245.0,3.0,845.0,4.0,1,459.0,0.0,0.0,0.0
176.0,4.0,341.0,4.0,1,109.0,0.0,0.0,0.0
907.5,15.0,1725.0,4.0,1,646.0,0.0,0.0,0.0
620.5,10.0,395.0,4.0,1,1258.0,0.0,0.0,0.0
702.5,5.5,934.0,4.0,1,1621.0,0.0,0.0,0.0
1409.0,13.0,1170.0,5.0,1,219.0,0.0,0.0,0.0
353.5,6.0,146.0,4.0,1,159.0,0.0,0.0,0.0
585.0,15.0,580.0,5.0,1,1076.0,0.0,0.0,0.0
1385.0,11.0,520.0,4.0,1,728.0,0.0,0.0,0.0
616.25,7.0,1392.0,4.0,1,2141.0,0.0,0.0,0.0
363.0,5.5,637.0,4.0,1,709.0,0.0,0.0,0.0
412.5,4.0,300.0,4.0,1,1025.0,0.0,0.0,0.0
442.0,3.5,79.0,4.0,1,304.0,0.0,0.0,0.0
1301.5,11.0,2405.0,4.0,1,1346.0,0.0,0.0,0.0
366.0,4.0,140.0,4.0,1,0.0,0.0,0.0,0.0
367.0,7.0,438.0,2.0,1,714.0,0.0,0.0,0.0
233.0,3.0,294.0,4.0,1,125.0,0.0,0.0,0.0
110.0,2.0,271.0,4.0,1,168.0,0.0,0.0,0.0
836.0,7.5,854.0,4.0,1,3476.0,0.0,0.0,0.0
94.0,2.0,1101.0,4.0,0,356.0,30.0,0.0,0.0
70.0,1.5,209.0,4.0,0,287.0,0.0,0.0,0.0
744.25,6.0,1265.0,4.0,1,497.0,0.0,0.0,0.0
737.0,10.0,1227.0,4.0,1,1277.0,0.0,0.0,0.0
337.5,7.0,839.0,4.0,1,764.0,0.0,0.0,0.0
577.0,6.0,237.0,4.0,1,621.0,0.0,0.0,0.0
917.0,10.0,1262.0,5.0,1,1708.0,0.0,0.0,0.0
168.0,3.5,406.0,4.0,1,490.0,0.0,0.0,0.0
413.0,6.0,632.0,4.0,1,382.0,0.0,0.0,0.0
466.0,3.5,75.0,4.0,1,136.0,0.0,0.0,0.0
55.0,1.0,596.0,4.0,0,312.0,0.0,0.0,0.0
558.5,6.0,118.0,4.0,1,709.0,0.0,0.0,0.0
402.0,3.5,238.0,2.0,1,417.0,0.0,0.0,0.0
788.0,11.0,1484.0,4.0,1,1806.0,0.0,0.0,0.0
923.0,5.5,717.0,4.0,1,74.0,0.0,0.0,0.0
32.0,2.0,163.0,4.0,1,481.0,0.0,0.0,0.0
315.0,5.0,298.0,4.0,1,738.0,0.0,0.0,0.0
682.0,8.5,593.0,4.0,1,1487.0,0.0,0.0,0.0
648.0,12.666666666666666,1196.0,5.0,1,1873.0,0.0,0.0,0.0
1001.3333333333334,10.0,1457.0,2.0,1,1792.0,0.0,0.0,0.0
543.3333333333334,17.0,466.0,4.0,1,711.0,0.0,0.0,0.0
217.0,3.0,181.0,4.0,1,192.0,0.0,0.0,0.0
193.0,4.5,1187.0,4.0,1,958.0,3.5,1.0,0.0
389.0,6.0,520.0,4.0,1,572.0,0.0,0.0,0.0
547.5,5.5,948.0,4.0,1,853.0,0.0,0.0,0.0
18.0,1.5,436.0,4.0,1,547.0,0.0,0.0,0.0
165.0,4.5,257.0,0.0,1,9.0,0.0,0.0,0.0
434.0,6.0,407.0,2.0,1,434.0,0.0,0.0,0.0
67.0,2.5,282.0,4.0,1,398.0,0.0,0.0,0.0
492.0,7.0,244.0,4.0,1,563.0,0.0,0.0,0.0
257.0,5.0,468.0,4.0,1,878.0,0.0,0.0,0.0
62.0,4.0,239.0,4.0,1,856.0,0.0,0.0,0.0
598.0,4.0,131.0,4.0,1,841.0,0.0,0.0,0.0
235.0,4.0,1132.0,4.0,1,236.0,0.0,0.0,0.0
178.5,5.0,587.0,4.0,1,272.0,0.0,0.0,0.0
202.0,3.5,919.0,4.0,1,636.0,0.0,0.0,0.0
17.5,2.0,143.0,4.0,1,58.0,33.0,0.0,0.0
544.0,5.0,284.0,4.0,1,244.0,0.0,0.0,0.0
52.0,15.0,232.0,4.0,1,63.0,0.0,0.0,0.0
64.0,6.0,284.0,4.0,1,1122.0,0.0,0.0,0.0
1489.0,38.0,1432.0,5.0,1,473.0,0.0,0.0,0.0
844.0,11.75,1848.0,4.0,1,343.0,0.0,0.0,0.0
360.0,4.666666666666667,358.0,4.0,1,58.0,0.0,0.0,0.0
316.0,5.0,233.0,4.0,1,929.0,0.0,0.0,0.0
165.0,5.5,719.0,4.0,1,516.0,0.0,0.0,0.0
103.33333333333331,2.0,811.0,3.0,0,695.0,0.0,0.0,0.0
443.0,2.5,133.0,4.0,1,1472.0,25.0,0.0,0.0
46.0,1.5,355.0,4.0,1,318.0,0.0,0.0,0.0
943.0,13.0,1557.0,4.0,1,2805.0,0.0,0.0,0.0
12.75,4.0,1057.0,4.0,1,138.0,0.0,0.0,0.0
415.5,5.0,570.0,4.0,1,403.0,0.0,0.0,0.0
103.0,1.0,580.0,4.0,1,906.0,0.0,0.0,0.0
139.5,7.0,837.0,4.0,1,73.0,0.0,0.0,0.0
793.0,5.5,1850.0,2.0,1,2781.0,0.0,0.0,0.0
609.0,11.0,609.0,5.0,1,1130.0,0.0,0.0,0.0
629.0,13.0,506.0,5.0,1,2211.0,0.0,0.0,0.0
927.5,14.0,2073.0,5.0,1,24.0,0.0,0.0,0.0
276.0,8.5,403.0,4.0,1,216.0,0.0,0.0,0.0
722.0,6.0,1426.0,2.0,1,2145.0,0.0,0.0,0.0
358.0,4.5,11.0,4.0,1,522.0,0.0,0.0,0.0
27.0,3.0,1397.0,4.0,0,605.0,15.0,1.0,0.0
34.0,3.5,528.0,4.0,1,566.0,8.25,3.0,0.0
1187.0,9.0,66.0,4.0,1,1890.0,0.0,0.0,0.0
60.0,3.0,145.0,4.0,1,467.0,0.0,0.0,0.0
508.5,5.0,298.0,2.0,1,542.0,0.0,0.0,0.0
440.0,3.0,214.0,4.0,1,881.0,0.0,0.0,0.0
149.0,3.5,291.0,4.0,1,566.0,0.0,0.0,0.0
576.8333333333334,11.0,658.0,4.0,1,741.0,0.0,0.0,0.0
122.0,5.0,505.0,4.0,1,407.0,0.0,0.0,0.0
434.5,7.0,666.0,4.0,1,740.0,0.0,0.0,0.0
45.5,2.5,151.0,4.0,1,174.0,0.0,0.0,0.0
370.0,4.5,307.0,4.0,1,36.0,9.5,2.0,0.0
103.0,2.0,205.0,4.0,1,14.0,0.0,0.0,0.0
44.25,2.0,86.0,4.0,1,291.0,0.0,0.0,0.0
931.0,9.0,2105.0,4.0,1,3798.0,0.0,0.0,0.0
287.0,3.0,5.0,4.0,1,174.0,0.0,0.0,0.0
1094.0,5.0,1556.0,4.0,1,3422.0,0.0,0.0,0.0
62.5,3.0,170.0,4.0,1,1153.0,2.0,0.0,0.0
165.0,7.0,443.0,4.0,1,312.0,0.0,0.0,0.0
463.0,6.5,302.0,4.0,1,426.0,0.0,0.0,0.0
863.5,10.0,1600.0,4.0,1,3342.0,0.0,0.0,0.0
153.0,3.0,834.0,2.0,1,38.0,0.0,0.0,0.0
501.0,8.5,105.0,4.0,1,398.0,0.0,0.0,0.0
344.0,2.0,431.0,4.0,1,1396.0,0.0,0.0,0.0
621.0,7.0,652.0,5.0,1,1163.0,0.0,0.0,0.0
505.0,5.0,545.0,2.0,1,33.0,0.0,0.0,0.0
465.5,3.0,18.0,4.0,1,665.0,0.0,0.0,0.0
92.0,1.0,571.0,4.0,0,379.0,25.0,0.0,0.0
589.5,5.0,279.0,4.0,1,992.0,0.0,0.0,0.0
1486.0,27.0,1701.0,5.0,1,750.0,0.0,0.0,0.0
547.5,4.0,561.0,4.0,1,379.0,0.0,0.0,0.0
739.0,9.25,1186.0,4.0,1,2111.0,0.0,0.0,0.0
1357.5,13.0,2341.0,4.0,1,1094.0,0.0,0.0,0.0
447.0,3.0,92.0,4.0,1,1451.0,0.0,0.0,0.0
405.5,6.5,564.0,2.0,1,0.0,0.0,0.0,0.0
728.0,5.0,1233.0,4.0,1,1958.0,0.0,0.0,0.0
858.0,4.5,1510.0,4.0,1,4055.0,0.0,0.0,0.0
677.0,5.0,732.0,4.0,1,1268.0,0.0,0.0,0.0
230.75,3.0,97.0,4.0,1,96.0,0.0,0.0,0.0
111.0,3.0,900.0,4.0,1,611.0,0.0,0.0,0.0
169.5,6.0,71.0,4.0,1,440.0,0.0,0.0,0.0
349.25,9.0,307.0,4.0,1,460.0,0.0,0.0,0.0
107.0,4.0,436.0,4.0,1,345.0,15.0,2.0,0.0
292.5,8.0,204.0,4.0,1,591.0,0.0,0.0,0.0
42.0,0.5,506.0,4.5,1,522.0,0.0,0.0,0.0
140.5,6.0,571.0,4.0,1,268.0,0.0,0.0,0.0
840.0,8.0,1590.0,4.0,1,3155.0,0.0,0.0,0.0
32.0,20.0,355.0,4.0,1,905.0,25.0,0.0,0.0
91.0,4.0,1120.0,4.0,1,356.0,0.0,0.0,0.0
162.0,2.0,548.0,4.0,1,509.0,0.0,0.0,0.0
112.5,2.0,197.0,4.0,1,82.0,0.0,0.0,0.0
1.0,1.0,467.0,0.0,1,677.0,0.0,0.0,0.0
228.5,10.0,580.0,4.0,1,851.0,0.0,0.0,0.0
600.5,8.0,394.0,4.0,1,896.0,0.0,0.0,0.0
1009.6666666666666,11.0,923.0,4.0,1,2166.0,0.0,0.0,0.0
1174.0,9.0,1159.0,4.0,1,2960.0,0.0,0.0,0.0
875.0,10.0,1665.0,4.0,1,2167.0,0.0,0.0,0.0
587.0,20.5,1000.0,5.0,1,2280.0,0.0,0.0,0.0
357.5,4.5,794.0,4.0,1,847.0,0.0,0.0,0.0
1159.5,7.5,618.0,4.0,1,2486.0,0.0,0.0,0.0
1000.0,15.0,566.0,5.0,1,1029.0,0.0,0.0,0.0
23.666666666666668,1.5,746.0,4.0,1,557.0,0.0,0.0,0.0
215.0,4.0,1069.0,4.0,1,35.0,0.0,0.0,0.0
289.3333333333333,3.0,66.0,4.0,1,108.0,0.0,0.0,0.0
667.5,7.0,212.0,4.0,1,1175.0,0.0,0.0,0.0
172.5,6.0,467.0,4.0,1,272.0,0.0,0.0,0.0
966.5,4.0,200.0,4.0,1,164.0,0.0,0.0,0.0
23.75,3.0,1193.0,4.5,0,239.0,3.0,0.0,0.0
761.0,25.0,608.0,5.0,1,668.0,0.0,0.0,0.0
312.0,5.0,161.0,4.0,1,197.0,0.0,0.0,0.0
419.0,4.0,425.0,4.0,1,1269.0,0.0,0.0,0.0
635.0,6.0,253.0,4.0,1,420.0,0.0,0.0,0.0
22.5,4.0,424.0,4.0,1,280.0,10.333333333333334,2.0,0.0
1389.0,11.0,701.0,4.0,1,377.0,0.0,0.0,0.0
1257.0,11.0,1172.0,4.0,1,380.0,0.0,0.0,0.0
416.0,10.0,814.0,4.0,1,796.0,0.0,0.0,0.0
752.0,10.5,1562.0,4.0,1,46.0,0.0,0.0,0.0
288.0,3.0,649.0,4.0,1,355.0,0.0,0.0,0.0
757.25,9.0,1372.0,4.0,1,1455.0,0.0,0.0,0.0
29.0,1.5,685.0,4.0,1,588.0,0.0,0.0,0.0
503.0,5.5,159.0,4.0,1,1676.0,0.0,0.0,0.0
1216.0,9.0,1174.0,4.0,1,722.0,0.0,0.0,0.0
423.5,3.5,295.0,4.0,1,155.0,0.0,0.0,0.0
548.0,1.0,506.0,4.0,1,894.0,0.0,0.0,0.0
26.5,2.0,647.0,4.0,0,872.0,0.0,0.0,0.0
7.5,2.0,161.0,0.0,1,4.0,0.0,0.0,0.0
121.5,1.5,432.0,4.0,1,113.0,29.0,0.0,0.0
1018.0,7.0,1596.0,4.0,1,3218.0,0.0,0.0,0.0
446.0,4.5,490.0,4.0,1,32.0,0.0,0.0,0.0
100.0,3.0,805.0,4.0,1,314.0,0.0,0.0,0.0
674.0,11.0,656.0,4.0,1,1647.0,0.0,0.0,0.0
702.0,6.5,259.0,4.0,1,418.0,0.0,0.0,0.0
567.5,7.0,237.0,4.0,1,594.0,0.0,0.0,0.0
112.0,2.0,370.0,4.0,1,135.0,0.0,0.0,0.0
803.0,10.0,1630.0,4.0,1,1562.0,0.0,0.0,0.0
1041.0,18.0,184.0,4.0,1,282.0,0.0,0.0,0.0
650.5,10.5,638.0,4.0,1,1479.0,0.0,0.0,0.0
45.5,1.5,63.0,4.0,1,166.0,17.0,1.0,0.0
446.0,4.0,190.0,4.0,1,1049.0,0.0,0.0,0.0
79.0,1.0,83.0,4.0,0,323.0,15.5,0.0,0.0
239.0,4.0,428.0,4.0,1,185.0,0.0,0.0,0.0
115.5,1.0,238.0,4.0,1,84.0,0.0,0.0,0.0
631.0,6.0,1310.0,4.0,1,2320.0,0.0,0.0,0.0
81.0,1.0,489.0,4.0,0,94.0,0.0,0.0,0.0
20.5,1.0,686.0,4.0,1,679.0,0.0,0.0,0.0
604.5,4.0,832.0,4.0,1,1009.0,0.0,0.0,0.0
135.0,4.0,206.0,4.0,1,126.0,0.0,0.0,0.0
357.0,7.0,500.0,4.0,1,756.0,0.0,0.0,0.0
14.5,4.0,516.0,4.0,1,803.0,0.0,0.0,0.0
1044.0,12.0,824.0,4.0,1,1874.0,0.0,0.0,0.0
86.0,4.0,1028.0,4.0,1,356.0,8.0,0.0,0.0
368.0,5.0,711.0,4.0,1,121.0,0.0,0.0,0.0
309.0,6.0,860.0,4.0,1,567.0,0.0,0.0,0.0
976.75,21.5,1864.0,4.0,1,917.0,0.0,0.0,0.0
325.0,4.0,482.0,4.0,1,208.0,0.0,0.0,0.0
12.0,1.5,409.0,4.0,0,507.0,19.0,2.0,0.0
147.0,2.0,206.0,4.0,1,479.0,0.0,0.0,0.0
584.0,3.0,1516.0,4.0,1,2703.0,0.0,0.0,0.0
462.0,9.0,195.0,4.0,1,264.0,0.0,0.0,0.0
397.25,4.0,381.0,4.0,1,347.0,0.0,0.0,0.0
1260.25,25.5,2158.0,4.0,1,1081.0,0.0,0.0,0.0
188.0,4.0,519.0,4.0,1,310.0,0.0,0.0,0.0
186.0,3.0,479.0,4.0,1,89.0,0.0,0.0,0.0
380.0,3.5,861.0,4.0,1,527.0,0.0,0.0,0.0
301.0,2.0,546.0,4.0,1,31.0,0.0,0.0,0.0
224.0,2.0,708.0,4.0,1,28.0,0.0,0.0,0.0
589.0,10.5,265.0,4.0,1,1104.0,0.0,0.0,0.0
243.0,5.5,468.0,4.0,1,177.0,0.0,0.0,0.0
792.5,16.0,1097.0,4.0,1,624.0,0.0,0.0,0.0
181.5,4.0,696.0,4.0,1,336.0,0.0,0.0,0.0
193.0,6.5,194.0,4.0,1,226.0,0.0,0.0,0.0
94.5,2.0,561.0,4.0,1,209.0,25.666666666666668,1.0,0.0
23.0,8.5,546.0,4.0,1,1148.0,0.0,0.0,0.0
584.0,2.0,1005.0,4.0,1,2394.0,0.0,0.0,0.0
9.0,4.0,269.0,5.0,1,283.0,20.0,1.0,0.0
3.5,2.0,513.0,0.0,1,221.0,0.0,0.0,0.0
76.5,1.0,521.0,4.0,0,401.0,20.0,0.0,0.0
259.0,4.666666666666667,209.0,4.0,1,85.0,0.0,0.0,0.0
377.5,4.0,498.0,4.0,1,318.0,0.0,0.0,0.0
1186.0,11.0,1321.0,4.0,1,573.0,0.0,0.0,0.0
26.0,1.0,537.0,4.0,0,485.0,28.5,0.0,0.0
939.0,18.0,2141.0,4.0,1,1967.0,0.0,0.0,0.0
775.0,16.0,1008.0,4.0,1,589.0,0.0,0.0,0.0
435.0,5.0,126.0,4.0,1,389.0,0.0,0.0,0.0
61.5,2.0,690.0,4.5,1,826.0,32.0,0.0,0.0
1169.0,8.0,147.0,4.0,1,1708.0,0.0,0.0,0.0
299.0,9.0,904.0,4.0,1,708.0,0.0,0.0,0.0
538.0,4.5,724.0,2.0,1,434.0,0.0,0.0,0.0
1217.0,7.0,702.0,4.0,1,2472.0,0.0,0.0,0.0
1170.5,26.5,1819.0,5.0,1,482.0,0.0,0.0,0.0
707.0,10.0,664.0,4.0,1,334.0,0.0,0.0,0.0
1352.0,10.0,698.0,4.0,1,944.0,0.0,0.0,0.0
322.0,5.5,464.0,4.0,1,117.0,0.0,0.0,0.0
57.0,3.0,332.0,4.0,1,331.0,0.0,0.0,0.0
1050.0,15.0,565.0,4.0,1,658.0,0.0,0.0,0.0
295.0,6.0,0.0,2.0,1,35.0,0.0,0.0,0.0
605.0,3.5,536.0,4.0,1,1196.0,0.0,0.0,0.0
327.0,7.0,590.0,4.0,1,427.0,0.0,0.0,0.0
599.5,4.5,914.0,4.5,1,1507.0,0.0,0.0,0.0
326.5,2.5,198.0,4.0,1,76.0,0.0,0.0,0.0
147.5,1.0,398.0,4.0,1,470.0,0.0,0.0,0.0
20.5,1.5,1054.0,4.0,1,125.0,0.0,0.0,0.0
305.0,4.0,283.0,4.0,1,409.0,0.0,0.0,0.0
332.5,2.0,158.0,4.0,1,450.0,0.0,0.0,0.0
844.0,14.0,1317.0,4.5,1,2921.0,0.0,0.0,0.0
461.5,5.0,362.0,4.0,1,713.0,0.0,0.0,0.0
973.0,11.0,923.0,5.0,1,1356.0,0.0,0.0,0.0
159.0,4.0,231.0,4.0,1,269.0,0.0,0.0,0.0
622.0,5.5,567.0,4.0,1,1289.0,0.0,0.0,0.0
381.0,4.0,645.0,4.0,1,911.0,0.0,0.0,0.0
536.0,4.0,643.0,4.0,1,577.0,0.0,0.0,0.0
30.0,3.0,710.0,4.0,1,1001.0,0.0,0.0,0.0
768.5,11.5,1484.0,4.0,1,121.0,0.0,0.0,0.0
35.0,2.0,837.0,4.5,0,852.0,0.0,0.0,0.0
599.0,7.0,504.0,5.0,1,0.0,0.0,0.0,0.0
160.0,3.0,516.0,4.0,1,307.0,0.0,0.0,0.0
410.0,4.0,282.0,4.0,1,923.0,0.0,0.0,0.0
16.5,4.0,957.0,4.0,1,308.0,8.0,0.0,0.0
668.0,11.5,1063.0,4.0,1,940.0,0.0,0.0,0.0
27.0,0.5,1172.0,4.0,0,1081.0,0.0,0.0,0.0
443.0,5.0,514.0,4.0,1,237.0,0.0,0.0,0.0
172.0,1.5,947.0,4.0,0,78.0,17.2,2.0,0.0
18.0,1.0,289.0,4.0,1,934.0,0.0,0.0,0.0
56.5,2.0,170.0,3.5,1,574.0,30.0,0.0,0.0
182.0,5.0,859.0,4.0,1,724.0,0.0,0.0,0.0
951.0,9.0,413.0,4.0,1,191.0,0.0,0.0,0.0
740.5,8.666666666666666,658.0,4.0,1,808.0,0.0,0.0,0.0
175.0,4.5,341.0,4.5,1,89.0,0.0,0.0,0.0
660.5,6.0,212.0,4.0,1,1180.0,0.0,0.0,0.0
257.5,3.0,605.0,4.0,1,34.0,0.0,0.0,0.0
1016.0,10.0,2141.0,4.0,1,3896.0,0.0,0.0,0.0
597.5,9.0,432.0,4.0,1,176.0,0.0,0.0,0.0
38.0,1.5,537.0,4.0,1,55.0,0.0,0.0,0.0
546.0,7.0,106.0,5.0,1,1463.0,0.0,0.0,0.0
305.0,3.5,457.0,4.0,1,98.0,0.0,0.0,0.0
404.0,5.0,620.0,4.0,1,167.0,0.0,0.0,0.0
384.0,5.0,496.0,4.0,1,280.0,0.0,0.0,0.0
886.0,16.5,2017.0,4.0,1,117.0,0.0,0.0,0.0
322.0,2.5,280.0,4.0,1,53.0,0.0,0.0,0.0
20.0,2.0,1389.0,4.0,0,420.0,11.875,5.0,0.0
712.5,8.0,656.0,4.0,1,531.0,0.0,0.0,0.0
196.0,3.0,604.0,4.0,1,56.0,20.33333333333333,2.0,0.0
79.0,2.0,1098.0,4.0,1,32.0,0.0,0.0,0.0
404.0,5.0,484.0,4.0,1,100.0,0.0,0.0,0.0
89.0,3.5,1108.0,4.0,1,310.0,0.0,0.0,0.0
56.0,1.0,450.0,4.0,1,228.0,18.0,0.0,0.0
642.0,8.0,723.0,4.0,1,1351.0,0.0,0.0,0.0
1317.0,13.0,1642.0,4.0,1,609.0,0.0,0.0,0.0
223.0,3.0,620.0,4.0,1,20.0,0.0,0.0,0.0
511.0,4.0,1109.0,4.0,1,2092.0,0.0,0.0,0.0
605.0,3.0,772.0,4.0,1,896.0,0.0,0.0,0.0
390.0,3.0,270.0,4.0,1,484.0,0.0,0.0,0.0
35.25,2.0,529.0,4.0,1,112.0,0.0,0.0,0.0
126.0,8.5,402.0,4.0,1,477.0,4.0,1.0,0.0
98.0,3.5,525.0,4.0,1,81.0,0.0,0.0,0.0
35.0,1.5,694.0,5.0,1,711.0,0.0,0.0,0.0
186.0,3.0,461.0,4.0,1,233.0,0.0,0.0,0.0
266.5,4.0,415.0,4.0,1,239.0,0.0,0.0,0.0
172.0,6.0,1283.0,4.0,1,710.0,0.0,0.0,0.0
462.5,4.0,46.0,4.0,1,448.0,0.0,0.0,0.0
676.0,5.0,465.0,5.0,1,2184.0,0.0,0.0,0.0
68.5,1.5,688.0,4.0,0,423.0,0.0,0.0,0.0
264.0,2.0,155.0,4.0,1,67.0,0.0,0.0,0.0
723.0,6.5,1011.0,4.0,1,1954.0,0.0,0.0,0.0
1254.0,9.0,1238.0,4.0,1,702.0,0.0,0.0,0.0
882.0,6.0,1370.0,4.0,1,3508.0,0.0,0.0,0.0
550.0,4.0,440.0,2.0,1,724.0,0.0,0.0,0.0
283.0,4.0,415.0,2.0,1,54.0,0.0,0.0,0.0
275.5,5.0,1176.0,4.0,1,460.0,0.0,0.0,0.0
467.5,5.0,91.0,4.0,1,380.0,0.0,0.0,0.0
691.5,7.0,987.0,4.0,1,515.0,0.0,0.0,0.0
207.0,2.0,297.0,4.0,1,38.0,0.0,0.0,0.0
594.0,15.0,1072.0,5.0,1,2556.0,0.0,0.0,0.0
149.0,0.5,283.0,4.0,1,310.0,0.0,0.0,0.0
436.0,3.0,174.0,4.0,1,1146.0,0.0,0.0,0.0
166.0,4.5,701.0,2.0,1,23.0,0.0,0.0,0.0
989.0,17.0,2343.0,4.0,1,640.0,0.0,0.0,0.0
1252.0,10.0,911.0,4.0,1,1334.0,0.0,0.0,0.0
137.0,3.0,273.0,4.0,1,462.0,30.0,0.0,0.0
709.0,9.5,906.0,4.0,1,294.0,0.0,0.0,0.0
344.5,2.5,306.0,4.0,1,111.0,0.0,0.0,0.0
13.5,2.0,306.0,4.0,1,882.0,0.0,0.0,0.0
413.0,4.5,486.0,2.0,1,239.0,0.0,0.0,0.0
209.5,3.0,21.0,4.0,1,260.0,0.0,0.0,0.0
896.0,9.0,1489.0,4.0,1,3740.0,0.0,0.0,0.0
442.0,9.5,234.0,4.0,1,702.0,0.0,0.0,0.0
607.0,16.0,220.0,5.0,1,1443.0,0.0,0.0,0.0
489.0,7.5,503.0,4.0,1,490.0,0.0,0.0,0.0
106.0,2.0,859.0,4.0,1,633.0,18.0,0.0,0.0
93.0,1.5,762.0,2.0,1,8.0,24.0,0.0,0.0
258.0,2.5,423.0,4.0,1,170.0,0.0,0.0,0.0
1005.0,11.0,1290.0,4.5,1,1096.0,0.0,0.0,0.0
182.5,19.0,331.0,4.0,1,281.0,0.0,0.0,0.0
677.0,10.0,15.0,4.0,1,135.0,0.0,0.0,0.0
5.0,3.0,81.0,4.0,1,101.0,30.0,0.0,0.0
81.0,1.0,324.0,4.0,1,277.0,0.0,1.0,0.0
974.1666666666666,10.5,1382.0,4.0,1,1768.0,0.0,0.0,0.0
878.25,17.0,43.0,5.0,1,2610.0,0.0,0.0,0.0
342.5,5.0,390.0,4.0,1,298.0,0.0,0.0,0.0
1646.0,11.0,880.0,4.5,1,217.0,0.0,0.0,0.0
225.5,3.0,1275.0,4.0,1,201.0,0.0,0.0,0.0
380.0,6.5,415.0,4.0,1,223.0,0.0,0.0,0.0
501.5,7.0,179.0,4.0,1,261.0,0.0,0.0,0.0
111.5,3.5,1044.0,4.0,1,80.0,0.0,0.0,0.0
220.0,4.0,233.0,2.0,1,14.0,21.5,1.0,0.0
627.0,5.0,596.0,5.0,1,1440.0,0.0,0.0,0.0
348.0,3.5,90.0,4.0,1,72.0,0.0,0.0,0.0
21.5,2.0,442.0,4.0,1,84.0,0.0,0.0,0.0
651.0,6.0,317.0,4.0,1,846.0,0.0,0.0,0.0
571.0,6.0,31.0,4.0,1,176.0,0.0,0.0,0.0
2.5,0.0,511.0,0.0,1,686.0,0.0,0.0,0.0
709.5,8.0,1061.0,4.0,1,1940.0,0.0,0.0,0.0
1043.0,10.0,769.0,4.0,1,2067.0,0.0,0.0,0.0
157.0,2.0,713.0,4.0,1,337.0,0.0,0.0,0.0
221.5,4.0,1029.0,4.0,1,128.0,0.0,0.0,0.0
592.0,10.0,241.0,4.0,1,1217.0,0.0,0.0,0.0
416.5,5.0,296.0,4.0,1,252.0,0.0,0.0,0.0
194.0,18.0,581.0,4.0,1,225.0,0.0,0.0,0.0
270.5,3.0,0.0,4.0,1,245.0,0.0,0.0,0.0
816.0,9.0,1266.0,4.0,1,385.0,0.0,0.0,0.0
140.0,2.0,653.0,4.0,1,58.0,0.0,0.0,0.0
186.0,3.0,498.0,4.0,1,116.0,0.0,0.0,0.0
324.5,3.5,206.0,4.0,1,541.0,0.0,0.0,0.0
223.5,4.0,857.0,4.0,1,376.0,10.0,2.0,0.0
523.0,4.0,197.0,4.0,1,539.0,0.0,0.0,0.0
936.0,19.0,1756.0,4.0,1,1039.0,0.0,0.0,0.0
126.0,3.0,295.0,4.0,1,252.0,0.0,0.0,0.0
38.0,4.0,497.0,4.0,1,440.0,0.0,0.0,0.0
37.0,1.0,337.0,4.0,1,347.0,0.0,0.0,0.0
636.5,20.0,668.0,5.0,1,1047.0,0.0,0.0,0.0
4.5,5.0,486.0,4.5,1,196.0,16.142857142857142,3.0,0.0
25.0,3.0,409.0,4.0,1,120.0,0.0,0.0,0.0
412.0,2.0,802.0,4.0,1,433.0,0.0,0.0,0.0
982.0,14.5,1172.0,4.5,1,1557.0,0.0,0.0,0.0
1431.0,20.5,357.0,4.0,1,939.0,0.0,0.0,0.0
764.0,4.0,1462.0,4.0,1,2054.0,0.0,0.0,0.0
118.0,4.5,558.0,4.0,1,120.0,0.0,0.0,0.0
414.0,5.5,191.0,4.0,1,1097.0,0.0,0.0,0.0
26.0,2.0,853.0,4.0,1,112.0,0.0,0.0,0.0
180.0,19.0,368.0,4.0,1,312.0,0.0,0.0,0.0
144.0,2.0,1069.0,4.0,1,475.0,0.0,0.0,0.0
482.0,4.0,226.0,4.0,1,418.0,0.0,0.0,0.0
43.5,1.0,1524.0,4.0,0,275.0,12.0,8.0,0.0
38.0,2.0,1486.0,4.0,0,421.0,0.0,0.0,0.0
223.0,3.0,1163.0,4.0,1,26.0,0.0,0.0,0.0
14.0,6.5,508.0,4.0,0,186.0,18.75,2.0,0.0
65.0,6.0,1184.0,4.0,1,325.0,0.0,0.0,0.0
514.3333333333334,3.0,116.0,4.0,1,387.0,0.0,0.0,0.0
359.25,3.0,39.0,0.0,1,5.0,0.0,0.0,0.0
17.5,1.0,264.0,4.0,1,964.0,0.0,0.0,0.0
30.0,2.5,1209.0,4.5,1,272.0,19.0,2.0,0.0
644.5,6.5,203.0,4.0,1,402.0,0.0,0.0,0.0
1033.0,8.0,1348.0,4.0,1,2955.0,0.0,0.0,0.0
634.0,8.5,1033.0,2.0,1,1158.0,0.0,0.0,0.0
115.0,2.0,356.0,4.0,1,204.0,0.0,0.0,0.0
252.25,5.0,529.0,4.0,1,391.0,0.0,0.0,0.0
325.0,3.0,221.0,2.0,1,55.0,0.0,0.0,0.0
45.5,1.0,565.0,4.0,1,243.0,0.0,0.0,0.0
560.5,3.5,87.0,4.0,1,674.0,0.0,0.0,0.0
470.5,9.5,274.0,4.5,1,1698.0,0.0,0.0,0.0
591.0,5.5,486.0,4.0,1,693.0,0.0,0.0,0.0
962.5,12.5,1435.0,4.0,1,2685.0,0.0,0.0,0.0
384.5,6.0,462.0,4.0,1,433.0,0.0,0.0,0.0
320.0,5.5,579.0,4.0,1,205.0,0.0,0.0,0.0
36.0,1.0,342.0,4.0,1,311.0,30.0,0.0,0.0
534.0,4.5,78.0,0.0,1,470.0,0.0,0.0,0.0
258.0,4.5,347.0,4.0,1,365.0,0.0,0.0,0.0
1474.5,34.333333333333336,1860.0,5.0,1,132.0,0.0,0.0,0.0
518.0,13.0,552.0,5.0,1,1128.0,0.0,0.0,0.0
501.0,7.0,271.0,4.0,1,637.0,0.0,0.0,0.0
124.5,8.0,414.0,4.0,1,489.0,0.0,0.0,0.0
543.0,3.0,428.0,4.0,1,253.0,0.0,0.0,0.0
278.0,8.0,200.0,4.0,1,762.0,0.0,0.0,0.0
542.0,8.0,600.0,2.0,1,56.0,0.0,0.0,0.0
344.5,5.0,531.0,4.0,1,223.0,0.0,0.0,0.0
78.0,1.0,795.0,4.0,1,464.0,17.75,2.0,0.0
254.0,4.5,754.0,4.0,1,192.0,0.0,0.0,0.0
49.0,2.5,574.0,4.0,1,443.0,0.0,0.0,0.0
99.5,3.0,1024.0,4.0,1,120.0,0.0,0.0,0.0
784.0,8.0,297.0,5.0,1,2397.0,0.0,0.0,0.0
372.5,6.0,120.0,4.0,1,457.0,0.0,0.0,0.0
1804.5,12.0,1079.0,4.0,1,273.0,0.0,0.0,0.0
1162.5,28.0,798.0,4.0,1,182.0,0.0,0.0,0.0
1257.0,8.0,1267.0,4.0,1,855.0,0.0,0.0,0.0
341.0,6.0,468.0,4.0,1,309.0,0.0,0.0,0.0
277.5,3.0,192.0,4.0,1,142.0,0.0,0.0,0.0
65.0,3.0,781.0,2.0,0,745.0,28.0,0.0,0.0
298.0,5.5,375.0,4.0,1,168.0,0.0,0.0,0.0
440.3333333333333,7.0,82.0,4.0,1,32.0,0.0,0.0,0.0
36.5,3.0,872.0,4.0,0,1288.0,0.0,0.0,0.0
50.0,2.0,260.0,4.5,0,400.0,29.0,2.0,0.0
