height,slope_avg,river_distance_avg,drainscore_avg,permeable,distance_avg,length_sew,numpoints,dept_avg
21.0,1.5,394.0,4.0,1,22.0,18.31578947368421,19.0,0.0
442.0,4.5,149.0,4.0,0,314.0,0.0,0.0,0.0
591.5,6.0,424.0,3.0,1,949.0,0.0,0.0,0.0
55.0,2.5,97.0,4.0,1,175.0,36.66666666666666,5.0,0.0
541.5,6.0,459.0,4.0,1,522.0,0.0,0.0,0.0
797.8,5.857142857142857,1510.0,4.0,1,2720.0,0.0,0.0,0.0
173.5,5.0,62.0,4.0,0,137.0,0.0,0.0,0.0
1067.25,14.25,1018.0,4.0,0,2657.0,0.0,0.0,0.0
461.75,4.0,188.0,4.0,0,755.0,0.0,0.0,0.0
570.25,9.5,167.0,4.0,0,1027.0,0.0,0.0,0.0
287.25,2.5,586.0,4.0,1,259.0,0.0,0.0,0.0
900.0,12.0,1798.0,4.0,1,3030.0,0.0,0.0,0.0
1218.5,12.0,1703.0,4.0,1,1094.0,0.0,0.0,0.0
87.4,2.6666666666666665,1053.0,4.0,0,295.0,0.0,0.0,0.0
870.0,14.0,1988.0,4.5,1,36.0,0.0,0.0,0.0
90.8,2.5,1125.0,4.0,0,241.0,25.0,3.0,0.0
323.25,4.5,568.0,4.0,1,579.0,0.0,0.0,0.0
392.5,8.0,192.0,4.0,0,267.0,0.0,0.0,0.0
896.5,6.666666666666667,725.0,4.0,1,345.0,0.0,0.0,0.0
143.5,2.5,111.0,3.5,1,363.0,35.44444444444444,4.0,0.0
668.25,5.5,805.0,4.0,1,1546.0,0.0,0.0,0.0
473.75,22.0,356.0,4.0,1,392.0,0.0,0.0,0.0
542.75,5.5,194.0,4.0,1,462.0,0.0,0.0,0.0
464.25,5.0,571.0,4.0,1,875.0,0.0,0.0,0.0
506.0,2.0,1117.0,4.0,1,1955.0,0.0,0.0,0.0
397.3333333333333,7.0,606.0,4.0,0,230.0,0.0,0.0,0.0
609.1666666666666,3.0,624.0,4.0,1,817.0,0.0,0.0,0.0
275.0,3.0,56.0,4.5,0,89.0,0.0,0.0,0.0
911.5,15.5,548.0,4.5,1,638.0,0.0,0.0,0.0
500.75,7.75,793.0,4.0,1,758.0,0.0,0.0,0.0
88.75,2.5,403.0,4.0,0,370.0,21.444444444444443,6.0,0.0
668.5,6.0,706.0,4.0,1,1603.0,0.0,0.0,0.0
392.5,3.5,390.0,4.0,0,549.0,0.0,0.0,0.0
85.75,4.5,402.0,4.0,0,336.0,27.88888888888889,7.0,0.0
283.75,4.0,175.0,4.0,0,272.0,0.0,0.0,0.0
512.8333333333334,3.5,49.0,4.0,0,571.0,0.0,0.0,0.0
281.25,4.5,100.0,4.0,0,1052.0,0.0,0.0,0.0
538.25,7.5,207.0,4.0,1,372.0,0.0,0.0,0.0
554.1666666666666,7.0,183.0,4.0,1,799.0,34.333333333333336,2.0,0.0
81.5,0.5,398.0,4.0,1,310.0,0.0,0.0,0.0
352.25,3.6,23.0,4.0,1,1113.0,0.0,0.0,0.0
526.4,7.25,79.0,4.0,1,356.0,0.0,0.0,0.0
297.75,5.5,689.0,4.0,1,458.0,0.0,0.0,0.0
698.0,6.0,118.0,4.0,1,312.0,0.0,0.0,0.0
198.75,3.5,1214.0,4.0,1,172.0,0.0,0.0,0.0
434.4,5.5,38.0,4.0,1,257.0,0.0,0.0,0.0
522.75,4.5,181.0,4.0,1,472.0,0.0,0.0,0.0
275.0,4.0,431.0,2.6666666666666665,1,29.0,0.0,0.0,0.0
519.3333333333334,3.5,138.0,4.0,1,618.0,0.0,0.0,0.0
311.75,3.5,301.0,4.0,1,1294.0,0.0,0.0,0.0
334.8,3.0,260.0,4.0,0,766.0,0.0,0.0,0.0
150.5,3.5,385.0,4.0,1,527.0,32.09090909090909,6.0,0.0
326.0,6.0,64.0,4.0,1,372.0,0.0,0.0,0.0
232.0,3.25,544.0,4.0,0,240.0,43.5,2.0,0.0
333.25,3.0,27.0,4.0,1,190.0,0.0,0.0,0.0
30.0,2.0,719.0,4.666666666666667,0,761.0,12.5,4.0,0.0
318.25,2.5,310.0,2.0,1,0.0,0.0,0.0,0.0
55.66666666666666,2.5,85.0,4.0,1,202.0,0.0,0.0,0.0
422.5,4.0,0.0,4.0,1,336.0,0.0,0.0,0.0
97.75,3.4,458.0,4.0,1,420.0,0.0,0.0,0.0
731.5,7.0,832.0,4.0,1,866.0,0.0,0.0,0.0
666.0,15.0,1017.0,5.0,1,1769.0,0.0,0.0,0.0
594.0,2.5,959.0,4.0,1,2238.0,0.0,0.0,0.0
450.0,4.333333333333333,484.0,2.6666666666666665,1,40.0,0.0,0.0,0.0
178.66666666666666,2.5,500.0,4.0,0,237.0,101.0,0.0,0.0
191.75,3.5,310.0,4.0,1,276.0,0.0,0.0,0.0
118.0,1.5,568.0,4.0,0,363.0,0.0,0.0,0.0
797.25,13.5,307.0,4.5,1,2286.0,0.0,0.0,0.0
460.75,4.0,264.0,4.0,1,660.0,0.0,0.0,0.0
141.5,4.0,636.0,2.0,0,60.0,0.0,0.0,0.0
693.75,6.0,464.0,4.0,1,1231.0,0.0,0.0,0.0
461.0,5.5,648.0,4.0,1,400.0,0.0,0.0,0.0
426.5,6.0,16.0,4.0,1,4.0,0.0,0.0,0.0
369.75,5.75,632.0,4.0,1,321.0,0.0,0.0,0.0
411.75,7.0,276.0,4.0,0,188.0,0.0,0.0,0.0
184.66666666666663,3.0,335.0,2.0,0,0.0,22.6,3.0,0.0
121.5,2.0,403.0,2.6666666666666665,1,30.0,24.818181818181817,17.0,0.0
640.6,10.666666666666666,629.0,2.0,1,835.0,0.0,0.0,0.0
210.25,5.333333333333333,90.0,4.0,1,162.0,0.0,0.0,0.0
1028.0,12.0,1566.0,4.0,1,1780.0,0.0,0.0,0.0
610.6666666666666,15.25,256.0,4.0,1,1225.0,0.0,0.0,0.0
84.25,4.0,532.0,4.0,0,242.0,11.25,1.0,0.0
467.0,4.6,330.0,4.0,1,683.0,0.0,0.0,0.0
619.75,19.0,388.0,4.0,0,1088.0,0.0,0.0,0.0
105.0,2.0,259.0,4.0,1,799.0,36.66666666666666,1.0,0.0
53.0,5.0,487.0,4.0,1,1110.0,0.0,0.0,0.0
104.33333333333331,1.5,467.0,4.0,1,99.0,0.0,0.0,0.0
113.5,2.0,56.0,4.0,1,76.0,0.0,0.0,0.0
75.0,2.5,210.0,4.0,1,106.0,31.625,6.0,0.0
1241.75,8.5,1228.0,4.0,1,516.0,0.0,0.0,0.0
64.75,2.0,802.0,2.0,1,17.0,25.727272727272727,7.0,0.0
800.0,12.5,821.0,4.5,1,2336.0,0.0,0.0,0.0
700.0,19.25,758.0,5.0,1,765.0,0.0,0.0,0.0
690.75,7.75,756.0,4.0,1,1033.0,0.0,0.0,0.0
225.5,6.0,913.0,4.0,1,269.0,0.0,0.0,0.0
750.0,5.833333333333333,1022.0,4.0,1,438.0,0.0,0.0,0.0
714.8333333333334,6.0,1009.0,4.0,0,2076.0,0.0,0.0,0.0
1751.3333333333333,15.0,1000.0,4.5,1,212.0,0.0,0.0,0.0
1005.0,11.5,938.0,4.0,1,2233.0,0.0,0.0,0.0
538.25,4.0,119.0,4.0,1,267.0,0.0,0.0,0.0
32.166666666666664,1.5,578.0,4.0,1,127.0,0.0,0.0,0.0
314.75,2.5,264.0,4.0,0,30.0,0.0,0.0,0.0
461.6666666666667,3.5,97.0,4.0,1,925.0,0.0,0.0,0.0
222.25,5.0,629.0,4.0,1,118.0,34.833333333333336,3.0,0.0
320.8333333333333,4.5,257.0,4.0,1,56.0,0.0,0.0,0.0
21.0,1.0,466.0,4.0,1,657.0,40.5,1.0,0.0
366.3333333333333,9.0,114.0,4.0,1,1031.0,0.0,0.0,0.0
115.4,2.5,266.0,4.0,0,180.0,30.666666666666668,7.0,0.0
1505.0,13.25,475.0,4.0,0,1413.0,0.0,0.0,0.0
852.1666666666666,14.6,1804.0,4.0,1,164.0,0.0,0.0,0.0
84.75,2.0,147.0,4.0,1,330.0,21.647058823529413,10.0,0.0
1110.0,9.75,844.0,4.0,1,1104.0,0.0,0.0,0.0
409.75,5.5,538.0,4.0,0,350.0,0.0,0.0,0.0
24.0,4.666666666666667,634.0,2.6666666666666665,1,47.0,32.666666666666664,2.0,0.0
356.25,8.5,126.0,4.0,0,228.0,0.0,0.0,0.0
1224.5,22.666666666666668,2027.0,4.5,1,1016.0,0.0,0.0,0.0
201.5,3.5,720.0,4.0,1,512.0,0.0,0.0,0.0
67.66666666666667,1.0,789.0,4.0,0,776.0,31.08695652173913,9.0,0.0
1010.1666666666666,11.5,1035.0,4.0,1,2432.0,0.0,0.0,0.0
583.5,14.571428571428571,373.0,4.0,1,340.0,0.0,0.0,0.0
235.0,3.5,497.0,2.0,1,60.0,0.0,0.0,0.0
718.6,7.333333333333333,1277.0,4.0,1,2064.0,0.0,0.0,0.0
151.25,2.0,147.0,4.0,1,394.0,0.0,0.0,0.0
241.5,9.0,203.0,4.0,1,470.0,0.0,0.0,0.0
1641.0,25.25,1213.0,5.0,1,78.0,0.0,0.0,0.0
31.4,1.3333333333333333,929.0,4.0,1,1146.0,0.0,0.0,0.0
320.0,4.5,276.0,2.0,0,5.0,0.0,0.0,0.0
164.66666666666666,3.5,163.0,4.0,1,252.0,0.0,0.0,0.0
788.75,14.5,1519.0,4.0,0,1593.0,0.0,0.0,0.0
718.75,7.0,1411.0,4.0,1,2042.0,0.0,0.0,0.0
177.0,2.5,809.0,4.0,1,108.0,0.0,0.0,0.0
35.0,2.0,451.0,4.0,0,478.0,21.7,17.0,0.0
401.25,6.5,127.0,4.0,1,491.0,0.0,0.0,0.0
181.5,3.0,900.0,4.0,1,207.0,0.0,0.0,0.0
135.33333333333334,3.0,621.0,4.0,1,427.0,0.0,0.0,0.0
354.5,4.666666666666667,452.0,4.0,1,355.0,0.0,0.0,0.0
111.0,3.5,633.0,4.0,1,173.0,0.0,0.0,0.0
55.66666666666666,1.0,559.0,4.0,1,641.0,28.9375,10.0,0.0
461.25,5.5,224.0,2.0,1,71.0,27.142857142857142,5.0,0.0
805.75,16.75,1099.0,4.0,1,2477.0,0.0,0.0,0.0
61.75,2.5,109.0,4.0,0,502.0,0.0,0.0,0.0
1355.8333333333333,13.5,1061.0,4.0,1,1534.0,0.0,0.0,0.0
202.75,3.0,189.0,4.0,0,502.0,0.0,0.0,0.0
424.0,7.0,520.0,4.0,1,135.0,0.0,0.0,0.0
520.3333333333334,3.0,278.0,4.0,1,216.0,0.0,0.0,0.0
150.16666666666666,2.0,935.0,4.0,0,426.0,31.46153846153846,8.0,0.0
322.0,4.0,331.0,4.0,1,106.0,0.0,0.0,0.0
838.6666666666666,9.4,693.0,4.5,1,2630.0,0.0,0.0,0.0
158.5,3.5,295.0,4.0,1,151.0,0.0,0.0,0.0
23.5,1.6,778.0,4.0,1,367.0,0.0,0.0,0.0
541.0,3.0,605.0,4.0,1,395.0,0.0,0.0,0.0
269.75,5.5,179.0,4.0,1,120.0,0.0,0.0,0.0
128.2,4.5,250.0,4.0,1,200.0,34.0,2.0,0.0
213.0,9.25,39.0,4.0,0,637.0,0.0,0.0,0.0
491.0,8.0,128.0,4.0,0,425.0,0.0,0.0,0.0
24.5,2.5,811.0,4.0,1,191.0,0.0,0.0,0.0
94.0,2.5,979.0,4.0,1,46.0,21.59090909090909,11.0,0.0
1415.0,28.0,1725.0,4.5,0,843.0,0.0,0.0,0.0
53.25,1.5,892.0,4.0,1,68.0,26.90909090909091,11.0,0.0
41.5,2.0,1486.0,4.0,1,390.0,33.22222222222222,4.0,0.0
119.66666666666669,1.5,285.0,4.0,1,420.0,18.33333333333333,6.0,0.0
98.66666666666669,1.0,420.0,4.0,1,212.0,13.5,1.0,0.0
29.0,1.5,420.0,4.0,1,80.0,22.4,3.0,0.0
72.75,2.5,293.0,4.0,1,262.0,25.0,2.0,0.0
234.3333333333333,8.0,612.0,4.0,1,387.0,0.0,0.0,0.0
251.0,5.5,191.0,4.0,1,253.0,0.0,0.0,0.0
79.25,3.0,966.0,4.0,0,422.0,34.57142857142857,8.0,0.0
406.25,2.5,174.0,2.0,1,435.0,0.0,0.0,0.0
561.25,3.0,136.0,4.0,1,400.0,0.0,0.0,0.0
713.5,2.75,871.0,4.0,1,1483.0,0.0,0.0,0.0
3.5,0.5,459.0,0.0,1,351.0,0.0,0.0,0.0
492.25,7.0,265.0,2.0,0,487.0,0.0,0.0,0.0
986.5,21.75,2268.0,2.5,0,312.0,0.0,0.0,0.0
841.0,6.75,1431.0,5.0,1,1485.0,0.0,0.0,0.0
523.5,9.0,495.0,4.0,1,186.0,0.0,0.0,0.0
201.0,2.5,246.0,4.0,1,117.0,0.0,0.0,0.0
878.0,6.0,1247.0,4.0,1,3450.0,0.0,0.0,0.0
371.0,6.0,350.0,4.0,1,565.0,0.0,0.0,0.0
767.75,11.0,1088.0,5.0,1,1231.0,0.0,0.0,0.0
234.66666666666663,3.0,421.0,4.0,0,200.0,34.2,4.0,0.0
133.75,4.5,582.0,4.0,0,101.0,0.0,0.0,0.0
568.6666666666666,6.0,153.0,4.0,0,935.0,0.0,0.0,0.0
300.1666666666667,6.0,843.0,4.0,1,564.0,0.0,0.0,0.0
343.25,4.0,907.0,4.0,1,108.0,0.0,0.0,0.0
151.0,4.0,185.0,4.0,1,235.0,0.0,0.0,0.0
100.5,2.5,778.0,4.0,1,242.0,0.0,0.0,0.0
453.5,3.5,11.0,4.0,1,1532.0,37.0,0.0,0.0
391.3333333333333,10.75,831.0,4.0,1,699.0,0.0,0.0,0.0
1136.0,6.0,1081.0,4.0,1,3000.0,0.0,0.0,0.0
237.66666666666663,3.6666666666666665,372.0,4.0,1,175.0,0.0,0.0,0.0
538.5,7.0,416.0,4.0,1,748.0,0.0,0.0,0.0
1163.0,26.0,467.0,4.0,1,351.0,0.0,0.0,0.0
464.5,5.0,193.0,4.0,1,685.0,0.0,0.0,0.0
602.4,1.6666666666666667,819.0,4.5,1,1966.0,0.0,0.0,0.0
1542.2,19.25,75.0,4.0,0,1074.0,0.0,0.0,0.0
201.0,3.0,730.0,4.0,1,152.0,0.0,0.0,0.0
76.66666666666667,4.0,126.0,4.0,0,985.0,0.0,0.0,0.0
505.75,4.5,689.0,4.0,1,465.0,0.0,0.0,0.0
325.0,3.5,220.0,4.0,0,1486.0,0.0,0.0,0.0
202.3333333333333,2.5,451.0,4.0,0,287.0,0.0,0.0,0.0
29.5,1.5,1019.0,4.5,1,625.0,22.428571428571427,4.0,0.0
347.5,4.75,270.0,4.0,0,753.0,0.0,0.0,0.0
165.5,5.0,702.0,4.0,1,285.0,0.0,0.0,0.0
765.25,5.5,1201.0,4.0,1,317.0,0.0,0.0,0.0
1257.5555555555557,12.25,1057.0,4.0,0,506.0,0.0,0.0,0.0
179.66666666666666,1.5,74.0,4.0,1,117.0,40.2,6.0,0.0
301.0,6.0,714.0,4.0,1,336.0,0.0,0.0,0.0
1077.0,13.0,2251.0,4.0,1,1054.0,0.0,0.0,0.0
162.25,2.5,411.0,4.0,0,482.0,0.0,0.0,0.0
405.0,6.333333333333333,89.0,4.0,1,220.0,0.0,0.0,0.0
1108.5,11.4,2298.0,4.0,1,1235.0,0.0,0.0,0.0
952.75,18.0,1358.0,4.5,0,1229.0,0.0,0.0,0.0
547.5,2.0,396.0,4.0,1,652.0,0.0,0.0,0.0
379.25,5.5,444.0,4.0,1,569.0,0.0,0.0,0.0
816.5,11.5,1672.0,4.5,1,107.0,0.0,0.0,0.0
326.25,3.5,359.0,4.0,1,183.0,0.0,0.0,0.0
104.5,5.0,758.0,4.0,0,604.0,0.0,0.0,0.0
726.5,9.0,1259.0,4.0,0,700.0,0.0,0.0,0.0
735.3333333333334,9.0,884.0,4.0,1,1739.0,0.0,0.0,0.0
68.33333333333333,3.0,92.0,4.0,0,224.0,25.454545454545453,9.0,0.0
472.75,5.0,176.0,4.0,1,662.0,0.0,0.0,0.0
636.0,4.5,382.0,4.0,1,222.0,0.0,0.0,0.0
253.66666666666663,4.666666666666667,172.0,2.0,0,459.0,0.0,0.0,0.0
334.3333333333333,7.0,663.0,4.0,1,382.0,0.0,0.0,0.0
780.3333333333334,5.0,1865.0,4.0,1,2606.0,0.0,0.0,0.0
73.0,1.5,845.0,4.0,1,270.0,38.45454545454545,5.0,0.0
76.5,2.5,999.0,4.0,1,274.0,38.71428571428572,7.0,0.0
9.6,3.0,259.0,3.0,0,711.0,48.333333333333336,1.0,0.0
22.0,0.5,536.0,4.0,0,593.0,0.0,0.0,0.0
842.0,4.25,706.0,4.0,1,3343.0,0.0,0.0,0.0
423.25,3.5,233.0,4.0,1,248.0,0.0,0.0,0.0
49.66666666666666,6.5,1079.0,4.0,0,396.0,0.0,0.0,0.0
227.0,3.0,38.0,4.0,1,282.0,0.0,0.0,0.0
925.0,17.0,1816.0,4.5,1,444.0,0.0,0.0,0.0
1361.0,16.25,1816.0,5.0,1,879.0,0.0,0.0,0.0
1455.5,19.666666666666668,490.0,4.0,1,1275.0,0.0,0.0,0.0
601.25,6.5,458.0,4.0,0,760.0,0.0,0.0,0.0
347.0,6.0,739.0,4.0,1,553.0,0.0,0.0,0.0
794.9,7.5,1228.0,4.0,1,382.0,0.0,0.0,0.0
155.5,1.5,701.0,4.0,1,345.0,0.0,0.0,0.0
62.5,2.0,417.0,4.0,0,664.0,26.6,6.0,0.0
124.25,2.0,783.0,4.0,1,289.0,0.0,0.0,0.0
456.0,3.0,166.0,4.0,1,1031.0,0.0,0.0,0.0
1194.5,14.75,1603.0,4.0,0,1052.0,0.0,0.0,0.0
1177.6666666666667,12.5,1507.0,4.0,0,318.0,0.0,0.0,0.0
707.0,10.5,1468.0,4.0,1,1562.0,0.0,0.0,0.0
916.75,9.333333333333334,1616.0,4.5,1,4039.0,0.0,0.0,0.0
34.5,0.5,431.0,4.0,1,460.0,19.195121951219512,22.0,0.0
740.0,10.5,1314.0,2.0,0,1472.0,0.0,0.0,0.0
66.5,2.0,503.0,4.0,1,152.0,37.1,6.0,0.0
144.0,5.5,771.0,4.0,1,251.0,0.0,0.0,0.0
5.75,2.0,574.0,2.5,0,353.0,0.0,0.0,0.0
253.16666666666663,4.5,356.0,4.0,1,580.0,0.0,0.0,0.0
962.0,21.5,1741.0,4.0,0,830.0,0.0,0.0,0.0
399.25,5.5,480.0,4.0,1,118.0,0.0,0.0,0.0
309.75,5.5,325.0,4.0,1,475.0,0.0,0.0,0.0
1194.75,9.666666666666666,1314.0,4.0,1,537.0,0.0,0.0,0.0
294.5,3.5,0.0,4.0,1,132.0,0.0,0.0,0.0
375.4,3.6666666666666665,0.0,2.6666666666666665,0,75.0,0.0,0.0,0.0
1286.25,13.0,990.0,4.0,0,781.0,0.0,0.0,0.0
162.33333333333334,6.5,95.0,4.0,1,764.0,0.0,0.0,0.0
38.0,1.0,186.0,4.0,1,206.0,27.894736842105264,15.0,0.0
382.0,4.5,414.0,4.0,1,301.0,0.0,0.0,0.0
91.75,4.0,239.0,4.0,1,80.0,0.0,0.0,0.0
374.5,5.333333333333333,595.0,4.0,1,643.0,0.0,0.0,0.0
747.5,7.666666666666667,1378.0,4.0,1,2114.0,0.0,0.0,0.0
1038.75,12.5,896.0,4.0,1,2345.0,0.0,0.0,0.0
131.75,4.75,201.0,4.0,1,404.0,0.0,0.0,0.0
14.25,4.833333333333333,420.0,4.0,1,686.0,21.0,16.0,0.0
510.75,4.5,636.0,4.0,1,271.0,0.0,0.0,0.0
175.75,3.5,696.0,4.0,1,373.0,0.0,0.0,0.0
606.25,4.6,341.0,2.0,1,580.0,0.0,0.0,0.0
669.25,12.0,798.0,4.0,0,1140.0,0.0,0.0,0.0
596.75,3.0,902.0,4.0,1,1157.0,0.0,0.0,0.0
1211.6666666666667,17.75,1523.0,5.0,0,442.0,0.0,0.0,0.0
601.4,4.0,917.0,5.0,1,1791.0,0.0,0.0,0.0
566.6,4.5,330.0,2.0,1,34.0,0.0,0.0,0.0
360.25,8.5,354.0,4.0,1,307.0,0.0,0.0,0.0
27.0,3.5,310.0,4.5,1,207.0,11.0,2.0,0.0
772.0,5.5,1396.0,4.0,1,2360.0,0.0,0.0,0.0
74.75,2.5,771.0,4.0,0,493.0,29.0,11.0,0.0
135.75,3.6666666666666665,454.0,2.0,1,0.0,0.0,0.0,0.0
475.25,4.5,209.0,4.0,1,187.0,0.0,0.0,0.0
1107.5,10.6,457.0,4.0,1,1893.0,0.0,0.0,0.0
217.8333333333333,3.5,428.0,4.0,1,85.0,0.0,0.0,0.0
250.0,3.5,553.0,2.6666666666666665,0,29.0,0.0,0.0,0.0
482.5,7.5,114.0,4.0,1,461.0,0.0,0.0,0.0
197.0,15.0,527.0,4.0,1,328.0,0.0,0.0,0.0
204.5,5.0,807.0,4.0,0,471.0,0.0,0.0,0.0
296.6666666666667,5.333333333333333,837.0,4.0,1,622.0,0.0,0.0,0.0
74.0,2.5,917.0,4.0,1,360.0,28.714285714285715,8.0,0.0
95.0,4.0,735.0,3.5,1,999.0,0.0,0.0,0.0
602.0,14.5,263.0,4.0,1,1133.0,0.0,0.0,0.0
208.5,3.0,138.0,4.0,1,475.0,0.0,0.0,0.0
641.0,5.0,310.0,4.0,1,387.0,0.0,0.0,0.0
785.0,11.666666666666666,1788.0,4.5,0,2547.0,0.0,0.0,0.0
976.0,8.25,68.0,4.0,1,326.0,0.0,0.0,0.0
305.5,6.0,252.0,4.0,1,441.0,0.0,0.0,0.0
1045.5,9.5,1184.0,4.0,1,881.0,0.0,0.0,0.0
499.6666666666667,4.0,165.0,4.0,1,464.0,0.0,0.0,0.0
565.0,6.0,19.0,4.0,1,713.0,0.0,0.0,0.0
93.75,1.0,1032.0,4.0,0,802.0,36.125,3.0,0.0
702.6,9.0,1402.0,3.0,1,1418.0,0.0,0.0,0.0
65.33333333333333,1.3333333333333333,526.0,4.0,0,49.0,23.0,8.0,0.0
333.0,6.5,784.0,4.0,1,355.0,0.0,0.0,0.0
303.25,4.0,336.0,4.0,1,642.0,0.0,0.0,0.0
1183.5,20.5,1576.0,5.0,1,120.0,0.0,0.0,0.0
1019.0,16.5,2308.0,4.0,1,751.0,0.0,0.0,0.0
582.1666666666666,5.4,269.0,4.0,1,418.0,0.0,0.0,0.0
1202.25,10.5,885.0,4.0,0,2743.0,0.0,0.0,0.0
19.75,1.5,300.0,4.0,0,464.0,22.473684210526315,12.0,0.0
401.3333333333333,3.6666666666666665,173.0,2.0,1,433.0,0.0,0.0,0.0
536.5,7.0,361.0,4.0,0,319.0,0.0,0.0,0.0
264.25,3.5,713.0,4.0,0,166.0,0.0,0.0,0.0
110.0,3.0,442.0,4.0,1,109.0,0.0,0.0,0.0
510.25,2.6,0.0,4.0,1,506.0,0.0,0.0,0.0
1008.5,10.25,1333.0,4.5,0,921.0,0.0,0.0,0.0
59.16666666666666,5.0,386.0,4.0,0,482.0,0.0,0.0,0.0
16.333333333333332,2.0,491.0,4.0,0,249.0,0.0,0.0,0.0
473.75,6.333333333333333,247.0,2.0,1,40.0,30.25,3.0,0.0
572.0,4.666666666666667,267.0,4.0,1,784.0,0.0,0.0,0.0
514.75,5.5,425.0,2.0,1,159.0,0.0,0.0,0.0
181.66666666666663,1.5,282.0,2.0,0,16.0,22.58333333333333,7.0,0.0
39.25,2.0,243.0,4.0,0,221.0,21.0,2.0,0.0
447.25,10.0,248.0,4.0,0,774.0,0.0,0.0,0.0
556.25,3.6666666666666665,60.0,2.0,1,794.0,0.0,0.0,0.0
269.6666666666667,3.5,218.0,4.0,0,1043.0,0.0,0.0,0.0
838.5,10.666666666666666,1210.0,4.5,1,2733.0,0.0,0.0,0.0
536.5,4.666666666666667,62.0,4.0,0,182.0,0.0,0.0,0.0
699.75,9.25,744.0,4.0,1,1801.0,0.0,0.0,0.0
432.25,4.5,0.0,4.0,0,98.0,0.0,0.0,0.0
1050.6666666666667,21.0,301.0,5.0,1,505.0,0.0,0.0,0.0
569.0,6.2,256.0,4.0,1,689.0,0.0,0.0,0.0
387.75,4.0,81.0,4.0,1,960.0,0.0,0.0,0.0
79.33333333333333,2.5,644.0,4.0,1,1031.0,32.75,4.0,0.0
565.2,5.5,754.0,2.0,0,740.0,0.0,0.0,0.0
263.6666666666667,3.0,29.0,4.0,1,131.0,0.0,0.0,0.0
259.6666666666667,4.0,138.0,4.0,1,232.0,0.0,0.0,0.0
98.33333333333331,3.0,545.0,4.0,1,549.0,0.0,0.0,0.0
1347.1666666666667,10.5,715.0,4.0,1,434.0,0.0,0.0,0.0
727.8,10.25,563.0,4.5,0,2055.0,0.0,0.0,0.0
466.5,6.25,367.0,4.0,1,131.0,0.0,0.0,0.0
431.25,5.5,356.0,4.0,1,389.0,0.0,0.0,0.0
155.0,3.25,265.0,2.0,1,37.0,0.0,0.0,0.0
936.1666666666666,15.0,566.0,5.0,1,1051.0,0.0,0.0,0.0
316.3333333333333,7.0,380.0,2.0,1,5.0,0.0,0.0,0.0
58.0,2.0,445.0,4.5,0,1018.0,30.72,19.0,0.0
7.5,7.333333333333333,553.0,2.0,0,476.0,27.285714285714285,7.0,0.0
216.5,9.666666666666666,172.0,4.0,1,573.0,0.0,0.0,0.0
567.75,4.5,259.0,4.0,1,55.0,0.0,0.0,0.0
90.5,1.5,1303.0,4.0,1,113.0,27.2,2.0,0.0
499.8,8.0,372.0,4.0,0,362.0,0.0,0.0,0.0
10.25,4.25,563.0,4.5,1,442.0,27.19047619047619,14.0,0.0
189.0,15.0,327.0,4.0,1,599.0,0.0,0.0,0.0
104.75,2.5,357.0,4.0,1,115.0,23.066666666666663,10.0,0.0
199.8333333333333,6.0,281.0,4.0,1,563.0,0.0,0.0,0.0
256.25,4.666666666666667,108.0,4.0,1,57.0,0.0,0.0,0.0
23.5,0.5,915.0,4.0,1,305.0,0.0,0.0,0.0
195.25,2.5,492.0,4.0,1,270.0,0.0,0.0,0.0
862.5,9.0,1189.0,4.0,1,3351.0,0.0,0.0,0.0
1424.1666666666667,27.0,1244.0,5.0,1,357.0,0.0,0.0,0.0
312.5,3.5,177.0,4.0,1,409.0,0.0,0.0,0.0
227.25,4.5,127.0,4.0,1,186.0,0.0,0.0,0.0
368.75,3.5,88.0,2.0,1,1.0,0.0,0.0,0.0
776.0,5.0,1420.0,4.5,1,2429.0,0.0,0.0,0.0
100.0,3.0,354.0,4.0,1,260.0,0.0,0.0,0.0
62.25,2.0,133.0,4.0,1,179.0,29.1,11.0,0.0
626.5,5.75,610.0,5.0,0,2338.0,0.0,0.0,0.0
473.25,6.666666666666667,14.0,4.0,1,454.0,0.0,0.0,0.0
654.3333333333334,18.5,898.0,5.0,1,1811.0,0.0,0.0,0.0
348.75,5.0,453.0,2.0,1,86.0,0.0,0.0,0.0
157.0,2.0,595.0,4.0,1,214.0,26.375,5.0,0.0
18.4,2.0,993.0,3.0,1,87.0,23.55555555555556,5.0,0.0
99.25,1.5,493.0,4.0,1,410.0,23.59259259259259,15.0,0.0
267.25,5.5,554.0,4.0,1,265.0,0.0,0.0,0.0
557.0,9.666666666666666,114.0,4.0,0,1187.0,0.0,0.0,0.0
76.66666666666667,5.0,502.0,4.0,0,350.0,22.5,2.0,0.0
416.75,3.5,479.0,3.5,1,271.0,0.0,0.0,0.0
24.0,2.0,903.0,4.5,0,649.0,14.5,7.0,0.0
481.5,5.0,137.0,4.0,1,450.0,0.0,0.0,0.0
802.6666666666666,12.5,1199.0,4.0,1,2499.0,0.0,0.0,0.0
386.0,3.0,111.0,4.0,0,796.0,0.0,0.0,0.0
156.5,2.5,794.0,4.0,1,489.0,28.41176470588235,13.0,0.0
247.3333333333333,5.333333333333333,817.0,4.0,1,245.0,0.0,0.0,0.0
141.4,3.0,957.0,4.5,0,403.0,0.0,0.0,0.0
251.25,6.0,1205.0,4.0,1,614.0,0.0,0.0,0.0
109.6,1.5,158.0,4.0,1,212.0,0.0,0.0,0.0
95.0,1.5,929.0,3.5,1,348.0,38.6,6.0,0.0
517.0,7.5,655.0,4.0,1,595.0,0.0,0.0,0.0
682.8333333333334,15.25,525.0,4.5,0,1375.0,0.0,0.0,0.0
288.75,6.2,938.0,4.0,1,114.0,0.0,0.0,0.0
153.25,11.0,468.0,4.0,1,377.0,0.0,0.0,0.0
517.5,6.5,594.0,4.0,1,276.0,0.0,0.0,0.0
230.25,3.6666666666666665,546.0,4.0,1,80.0,0.0,0.0,0.0
584.5,2.0,321.0,4.5,0,1724.0,0.0,0.0,0.0
1.0,0.5,975.0,0.0,1,1397.0,0.0,0.0,0.0
793.25,12.6,1308.0,5.0,1,1490.0,0.0,0.0,0.0
312.75,6.0,364.0,4.0,1,115.0,0.0,0.0,0.0
305.25,3.5,405.0,4.0,1,51.0,0.0,0.0,0.0
272.25,4.0,945.0,4.0,1,146.0,0.0,0.0,0.0
825.25,3.5,499.0,4.0,1,2731.0,0.0,0.0,0.0
616.4,14.25,882.0,5.0,1,2458.0,0.0,0.0,0.0
642.25,8.333333333333334,822.0,4.0,1,1084.0,0.0,0.0,0.0
702.0,11.666666666666666,1147.0,4.0,0,673.0,0.0,0.0,0.0
72.83333333333333,13.0,3.0,4.5,1,333.0,0.0,0.0,0.0
1111.75,9.666666666666666,1442.0,2.0,1,1285.0,0.0,0.0,0.0
3.5,1.0,559.0,2.5,0,834.0,34.0,2.0,0.0
306.5,4.5,210.0,4.0,1,117.0,0.0,0.0,0.0
92.75,1.5,1068.0,4.0,1,431.0,30.11764705882353,11.0,0.0
436.75,7.5,438.0,4.0,1,191.0,0.0,0.0,0.0
716.1666666666666,6.5,323.0,4.0,1,535.0,0.0,0.0,0.0
1032.5,11.0,779.0,4.0,1,2049.0,0.0,0.0,0.0
1019.5555555555557,10.5,861.0,4.0,0,1935.0,0.0,0.0,0.0
558.25,5.75,179.0,4.5,0,1594.0,0.0,0.0,0.0
142.16666666666666,5.666666666666667,50.0,4.0,1,807.0,12.0,0.0,0.0
1320.5,32.0,1580.0,4.0,1,221.0,0.0,0.0,0.0
603.5,14.75,561.0,5.0,1,1161.0,0.0,0.0,0.0
249.6,2.5,527.0,4.0,0,629.0,0.0,0.0,0.0
246.75,13.5,179.0,4.0,1,364.0,0.0,0.0,0.0
29.666666666666668,3.0,641.0,4.0,1,1126.0,0.0,0.0,0.0
91.25,2.5,1034.0,4.0,1,44.0,35.0,10.0,0.0
845.5,19.75,94.0,4.5,1,2580.0,0.0,0.0,0.0
58.0,2.0,225.0,4.0,1,627.0,0.0,0.0,0.0
559.5,5.5,82.0,4.0,1,432.0,0.0,0.0,0.0
305.5,5.0,1005.0,2.0,1,18.0,0.0,0.0,0.0
89.25,3.0,1089.0,4.0,1,238.0,0.0,0.0,0.0
81.0,2.75,819.0,4.0,1,241.0,26.83333333333333,15.0,0.0
477.5,6.5,155.0,4.0,1,441.0,0.0,0.0,0.0
817.25,9.666666666666666,1729.0,4.0,1,1733.0,0.0,0.0,0.0
177.0,1.5,162.0,2.6666666666666665,1,60.0,35.09090909090909,7.0,0.0
412.0,5.5,516.0,4.0,1,402.0,0.0,0.0,0.0
835.5,4.5,1946.0,4.0,1,2532.0,0.0,0.0,0.0
260.1666666666667,6.5,979.0,4.0,1,814.0,0.0,0.0,0.0
98.5,2.0,242.0,4.0,0,108.0,20.916666666666668,6.0,0.0
585.0,6.75,482.0,4.5,0,989.0,0.0,0.0,0.0
370.25,4.0,9.0,4.0,1,61.0,91.0,0.0,0.0
802.0,15.666666666666666,1424.0,5.0,1,1624.0,0.0,0.0,0.0
87.0,3.0,1086.0,4.0,0,479.0,27.25,14.0,0.0
491.25,6.5,475.0,4.0,0,295.0,0.0,0.0,0.0
709.5,7.25,749.0,4.0,1,1833.0,0.0,0.0,0.0
153.25,4.0,236.0,4.0,1,229.0,0.0,0.0,0.0
583.8333333333334,13.25,621.0,4.0,1,976.0,0.0,0.0,0.0
448.25,6.333333333333333,514.0,4.0,1,195.0,0.0,0.0,0.0
214.75,5.6,590.0,4.0,1,879.0,0.0,0.0,0.0
817.75,11.0,1778.0,4.0,1,1425.0,0.0,0.0,0.0
95.0,1.5,974.0,4.0,0,721.0,37.4,5.0,0.0
415.25,4.5,8.0,4.0,0,606.0,0.0,0.0,0.0
109.16666666666669,4.5,114.0,4.0,0,513.0,0.0,0.0,0.0
113.0,0.5,350.0,4.0,0,248.0,7.5,1.0,0.0
406.5,5.0,106.0,4.0,1,324.0,26.0,3.0,0.0
493.5,8.5,470.0,4.0,0,67.0,0.0,0.0,0.0
75.5,1.5,256.0,4.0,1,205.0,30.8125,11.0,0.0
591.0,7.333333333333333,478.0,4.5,1,1809.0,0.0,0.0,0.0
176.0,3.0,770.0,4.0,1,136.0,0.0,0.0,0.0
139.33333333333334,3.5,170.0,4.0,1,97.0,0.0,0.0,0.0
605.0,7.0,702.0,4.0,1,1159.0,0.0,0.0,0.0
968.0,15.25,1177.0,5.0,0,1521.0,0.0,0.0,0.0
317.0,3.0,288.0,4.0,1,93.0,0.0,0.0,0.0
282.0,8.0,239.0,4.0,1,198.0,0.0,0.0,0.0
347.0,5.666666666666667,186.0,4.0,0,532.0,0.0,0.0,0.0
340.1666666666667,5.0,405.0,4.0,1,422.0,0.0,0.0,0.0
105.0,4.0,700.0,4.0,0,108.0,0.0,0.0,0.0
1322.0,11.75,1126.0,5.0,0,101.0,0.0,0.0,0.0
279.75,4.0,1012.0,4.0,1,248.0,0.0,0.0,0.0
23.5,1.0,873.0,4.0,1,123.0,4.0,0.0,0.0
287.3333333333333,5.5,509.0,4.0,1,96.0,0.0,0.0,0.0
89.0,3.5,237.0,4.0,1,6.0,0.0,0.0,0.0
265.6666666666667,4.0,713.0,4.0,1,271.0,0.0,0.0,0.0
612.3333333333334,5.5,287.0,2.0,1,665.0,0.0,0.0,0.0
833.75,8.5,899.0,4.0,1,682.0,0.0,0.0,0.0
412.1666666666667,2.5,721.0,4.0,1,367.0,0.0,0.0,0.0
758.5,5.5,857.0,4.0,1,632.0,0.0,0.0,0.0
978.25,10.5,1030.0,4.0,1,2224.0,0.0,0.0,0.0
80.5,0.5,319.0,4.0,1,362.0,0.0,0.0,0.0
169.75,2.5,295.0,4.0,1,210.0,33.5,4.0,0.0
62.5,1.5,715.0,4.0,0,156.0,0.0,0.0,0.0
28.666666666666668,0.5,995.0,4.0,0,957.0,0.0,0.0,0.0
30.5,4.0,194.0,4.5,1,80.0,0.0,0.0,0.0
457.5,4.0,225.0,4.0,1,635.0,0.0,0.0,0.0
370.75,4.5,761.0,4.0,0,170.0,0.0,0.0,0.0
691.0,9.25,1130.0,4.0,0,837.0,0.0,0.0,0.0
777.5,6.5,1637.0,2.0,1,2681.0,0.0,0.0,0.0
870.5,7.333333333333333,1840.0,4.0,0,2855.0,0.0,0.0,0.0
449.0,5.0,326.0,4.0,1,706.0,0.0,0.0,0.0
998.5,7.166666666666667,2264.0,4.0,1,4458.0,0.0,0.0,0.0
1180.125,9.0,73.0,4.0,0,1991.0,0.0,0.0,0.0
364.0,5.0,456.0,4.0,1,601.0,0.0,0.0,0.0
918.0,10.4,2068.0,4.0,0,3620.0,0.0,0.0,0.0
542.5,6.5,509.0,2.0,1,392.0,0.0,0.0,0.0
200.8,4.833333333333333,707.0,2.0,1,34.0,0.0,0.0,0.0
74.0,2.0,830.0,4.0,1,439.0,34.5625,8.0,0.0
466.0,6.5,349.0,4.0,1,569.0,0.0,0.0,0.0
103.5,2.0,622.0,4.0,1,503.0,0.0,0.0,0.0
660.0,8.0,25.0,4.0,1,1075.0,0.0,0.0,0.0
851.5,18.5,781.0,5.0,1,918.0,0.0,0.0,0.0
471.0,13.0,58.0,4.0,1,587.0,0.0,0.0,0.0
101.0,2.0,0.0,4.0,0,299.0,0.0,0.0,0.0
130.5,2.0,617.0,4.0,0,211.0,23.0,2.0,0.0
683.0,6.0,765.0,4.0,1,1260.0,0.0,0.0,0.0
118.75,5.25,411.0,4.0,1,441.0,20.166666666666668,2.0,0.0
104.375,4.5,437.0,4.0,1,61.0,0.0,0.0,0.0
10.333333333333334,2.0,283.0,4.0,1,874.0,0.0,0.0,0.0
360.75,5.5,530.0,4.0,1,830.0,0.0,0.0,0.0
666.75,8.75,883.0,2.0,0,1700.0,0.0,0.0,0.0
326.55555555555554,8.0,380.0,2.0,1,0.0,0.0,0.0,0.0
267.5,5.0,551.0,4.0,1,595.0,0.0,0.0,0.0
79.0,0.5,346.0,4.0,0,441.0,7.5,0.0,0.0
90.6,2.5,491.0,4.0,1,47.0,33.333333333333336,2.0,0.0
455.0,3.5,40.0,4.0,1,925.0,0.0,0.0,0.0
330.0,4.0,267.0,2.6666666666666665,1,40.0,0.0,0.0,0.0
520.75,5.0,13.0,3.5,1,576.0,0.0,0.0,0.0
388.5,3.0,153.0,4.0,1,448.0,0.0,0.0,0.0
116.0,2.75,478.0,2.0,1,75.0,0.0,0.0,0.0
51.0,3.25,338.0,2.0,1,68.0,32.333333333333336,6.0,0.0
326.75,4.666666666666667,9.0,2.0,1,37.0,24.4,4.0,0.0
84.75,2.5,101.0,4.0,1,307.0,24.33333333333333,4.0,0.0
85.66666666666667,1.0,992.0,4.0,1,603.0,28.44,19.0,0.0
377.0,9.5,363.0,4.0,1,615.0,0.0,0.0,0.0
480.2,5.5,135.0,4.0,0,144.0,0.0,0.0,0.0
530.0,5.0,446.0,4.0,1,124.0,0.0,0.0,0.0
471.5,5.5,339.0,4.0,1,346.0,0.0,0.0,0.0
353.6666666666667,3.5,759.0,4.0,1,856.0,0.0,0.0,0.0
327.25,5.0,459.0,4.0,1,753.0,0.0,0.0,0.0
350.0,3.8333333333333335,197.0,4.0,0,208.0,0.0,0.0,0.0
421.5,8.5,227.0,4.0,1,525.0,0.0,0.0,0.0
407.2,6.0,387.0,2.0,0,94.0,0.0,0.0,0.0
269.0,3.5,308.0,4.0,0,152.0,0.0,0.0,0.0
1017.1666666666666,15.0,164.0,4.0,1,375.0,0.0,0.0,0.0
1019.75,18.25,292.0,5.0,1,405.0,0.0,0.0,0.0
525.6666666666666,5.0,186.0,4.0,1,149.0,0.0,0.0,0.0
422.75,8.0,60.0,2.0,1,379.0,0.0,0.0,0.0
718.5,16.75,531.0,4.5,1,510.0,0.0,0.0,0.0
134.75,1.5,537.0,4.0,1,52.0,0.0,0.0,0.0
283.0,3.5,433.0,4.0,1,170.0,104.0,0.0,0.0
472.75,6.333333333333333,171.0,4.0,0,345.0,0.0,0.0,0.0
460.0,3.5,84.0,4.0,0,349.0,0.0,0.0,0.0
347.75,3.5,113.0,4.0,1,524.0,0.0,0.0,0.0
292.0,2.0,256.0,4.0,1,633.0,0.0,0.0,0.0
424.0,7.5,213.0,4.0,1,624.0,0.0,0.0,0.0
446.0,3.5,65.0,4.0,1,330.0,0.0,0.0,0.0
1175.3333333333333,15.666666666666666,1619.0,4.0,1,1144.0,0.0,0.0,0.0
705.6666666666666,8.5,1308.0,4.0,1,94.0,0.0,0.0,0.0
380.4,4.5,0.0,4.0,0,122.0,28.33333333333333,9.0,0.0
135.0,2.5,817.0,4.5,1,289.0,0.0,0.0,0.0
177.5,13.75,539.0,4.0,1,171.0,0.0,0.0,0.0
163.33333333333334,3.0,197.0,4.0,1,303.0,33.25,2.0,0.0
464.75,7.666666666666667,324.0,2.0,1,72.0,0.0,0.0,0.0
718.75,6.5,1080.0,4.0,1,1678.0,0.0,0.0,0.0
155.0,6.0,565.0,4.5,1,65.0,26.33333333333333,2.0,0.0
933.6666666666666,11.5,1060.0,5.0,1,1576.0,0.0,0.0,0.0
378.75,3.333333333333333,342.0,4.0,1,154.0,0.0,0.0,0.0
673.25,4.8,574.0,4.0,1,1643.0,0.0,0.0,0.0
548.3333333333334,7.25,404.0,2.0,1,424.0,0.0,0.0,0.0
31.5,1.0,152.0,4.0,1,446.0,34.333333333333336,4.0,0.0
45.5,1.5,237.0,4.0,1,128.0,23.25,2.0,0.0
629.1666666666666,10.0,49.0,4.0,1,580.0,0.0,0.0,0.0
254.0,5.0,442.0,2.6666666666666665,1,149.0,0.0,0.0,0.0
370.3333333333333,7.0,221.0,2.0,0,33.0,0.0,0.0,0.0
838.25,6.0,1078.0,4.0,1,3741.0,0.0,0.0,0.0
696.25,22.5,698.0,5.0,1,1588.0,0.0,0.0,0.0
35.0,1.5,835.0,4.5,0,884.0,40.2,4.0,0.0
775.25,5.0,1405.0,4.5,0,2392.0,0.0,0.0,0.0
1036.5,9.333333333333334,1262.0,4.0,1,2953.0,0.0,0.0,0.0
659.25,6.666666666666667,108.0,4.0,1,422.0,0.0,0.0,0.0
287.5,4.5,431.0,2.0,1,87.0,50.333333333333336,3.0,0.0
1037.0,12.666666666666666,1290.0,4.5,1,689.0,0.0,0.0,0.0
86.75,0.5,1134.0,4.0,1,221.0,0.0,0.0,0.0
319.0,5.666666666666667,48.0,4.0,1,15.0,0.0,0.0,0.0
447.5,4.333333333333333,268.0,4.0,1,81.0,34.666666666666664,2.0,0.0
552.6666666666666,7.0,427.0,4.0,1,759.0,0.0,0.0,0.0
158.33333333333334,1.5,207.0,4.0,1,0.0,0.0,0.0,0.0
435.25,4.75,421.0,2.0,1,28.0,0.0,0.0,0.0
783.0,5.5,1504.0,4.5,1,2486.0,0.0,0.0,0.0
504.3333333333333,5.0,484.0,4.0,0,1410.0,0.0,0.0,0.0
222.5,2.5,751.0,4.0,1,134.0,0.0,0.0,0.0
853.75,5.0,956.0,4.0,1,467.0,0.0,0.0,0.0
553.75,5.0,47.0,4.0,0,679.0,0.0,0.0,0.0
1153.0,10.25,1206.0,4.5,1,592.0,0.0,0.0,0.0
352.5,2.4,676.0,4.0,1,763.0,0.0,0.0,0.0
215.0,4.0,617.0,4.0,0,597.0,0.0,0.0,0.0
813.25,13.25,1789.0,4.0,1,2215.0,0.0,0.0,0.0
79.33333333333333,3.5,408.0,4.0,0,282.0,4.0,1.0,0.0
1121.0,8.0,457.0,4.0,1,2278.0,0.0,0.0,0.0
261.0,6.0,1229.0,4.0,1,553.0,0.0,0.0,0.0
276.5,8.5,532.0,4.0,1,673.0,0.0,0.0,0.0
546.6666666666666,4.75,461.0,5.0,0,1172.0,0.0,0.0,0.0
427.0,7.0,0.0,4.0,0,98.0,0.0,0.0,0.0
281.5,4.5,1042.0,4.0,1,766.0,0.0,0.0,0.0
24.5,1.0,650.0,4.0,1,77.0,0.0,0.0,0.0
161.0,3.75,815.0,4.0,1,222.0,0.0,0.0,0.0
352.25,4.6,846.0,4.0,1,950.0,0.0,0.0,0.0
586.6666666666666,8.0,14.0,4.0,1,363.0,0.0,0.0,0.0
336.3333333333333,5.0,38.0,4.0,1,26.0,31.5,6.0,0.0
253.75,4.0,624.0,4.0,1,223.0,0.0,0.0,0.0
38.0,3.6666666666666665,531.0,4.0,0,1083.0,0.0,0.0,0.0
817.4,10.5,1470.0,4.0,1,1352.0,0.0,0.0,0.0
524.0,5.0,112.0,3.5,1,479.0,0.0,0.0,0.0
526.25,7.0,430.0,4.0,1,453.0,0.0,0.0,0.0
102.25,4.333333333333333,585.0,4.0,0,220.0,0.0,0.0,0.0
268.5,3.0,133.0,4.0,1,397.0,0.0,0.0,0.0
205.25,4.5,168.0,4.0,0,75.0,0.0,0.0,0.0
111.2,3.5,420.0,4.0,1,226.0,21.75,4.0,0.0
285.8,3.5,32.0,2.0,1,63.0,0.0,0.0,0.0
334.25,5.0,698.0,4.0,1,274.0,0.0,0.0,0.0
971.0,11.5,762.0,5.0,1,1269.0,0.0,0.0,0.0
332.25,3.5,192.0,4.0,0,176.0,0.0,0.0,0.0
432.25,5.666666666666667,644.0,2.75,1,41.0,0.0,0.0,0.0
312.25,4.0,55.0,2.0,1,3.0,0.0,0.0,0.0
150.0,2.0,76.0,2.0,1,53.0,0.0,0.0,0.0
1145.75,7.0,1332.0,4.0,0,3176.0,0.0,0.0,0.0
494.1666666666667,13.0,6.0,4.0,0,188.0,0.0,0.0,0.0
115.0,1.5,221.0,4.0,0,238.0,0.0,0.0,0.0
460.0,3.5,70.0,4.0,1,498.0,0.0,0.0,0.0
823.5,11.333333333333334,293.0,4.5,1,2647.0,0.0,0.0,0.0
1195.25,9.5,1151.0,4.0,0,820.0,0.0,0.0,0.0
103.5,1.5,580.0,3.0,1,448.0,27.55,10.0,0.0
613.75,5.0,383.0,4.0,1,1201.0,0.0,0.0,0.0
493.5,4.333333333333333,629.0,4.0,1,299.0,0.0,0.0,0.0
260.3333333333333,4.0,39.0,4.0,1,347.0,0.0,0.0,0.0
79.5,2.0,702.0,3.5,1,725.0,0.0,0.0,0.0
616.5,3.5,325.0,4.0,1,614.0,0.0,0.0,0.0
93.4,1.5,240.0,4.0,1,425.0,21.33333333333333,1.0,0.0
528.25,5.666666666666667,551.0,4.0,1,591.0,0.0,0.0,0.0
43.5,2.5,440.0,4.0,1,118.0,33.333333333333336,2.0,0.0
246.5,3.5,487.0,2.0,1,50.0,0.0,0.0,0.0
509.75,4.5,157.0,4.0,1,229.0,0.0,0.0,0.0
124.66666666666669,1.5,226.0,4.0,1,172.0,28.8,6.0,0.0
754.3333333333334,5.666666666666667,1083.0,4.0,0,1950.0,0.0,0.0,0.0
268.25,7.75,0.0,4.0,1,791.0,0.0,0.0,0.0
899.6666666666666,11.833333333333334,228.0,5.0,1,2992.0,0.0,0.0,0.0
113.0,3.5,525.0,4.0,1,315.0,0.0,0.0,0.0
430.75,5.0,150.0,4.0,1,78.0,21.0,0.0,0.0
302.75,5.25,0.0,2.0,1,83.0,0.0,0.0,0.0
69.75,3.0,716.0,4.0,1,171.0,27.791666666666668,17.0,0.0
53.5,1.0,306.0,4.0,0,256.0,0.0,0.0,0.0
795.75,13.25,918.0,4.0,1,2346.0,0.0,0.0,0.0
117.5,1.5,296.0,4.0,1,205.0,33.55555555555556,6.0,0.0
717.5,4.5,807.0,5.0,0,1376.0,0.0,0.0,0.0
73.0,1.5,263.0,4.0,1,110.0,30.83333333333333,10.0,0.0
602.25,7.25,563.0,4.0,1,820.0,0.0,0.0,0.0
85.66666666666667,2.25,1081.0,4.0,1,301.0,0.0,0.0,0.0
109.33333333333331,2.6666666666666665,150.0,4.0,1,241.0,0.0,0.0,0.0
935.2,13.5,1533.0,4.5,0,1050.0,0.0,0.0,0.0
519.5,6.0,321.0,4.0,1,1601.0,0.0,0.0,0.0
276.5,4.75,582.0,4.0,0,65.0,0.0,0.0,0.0
471.0,5.0,385.0,2.0,1,1024.0,0.0,0.0,0.0
31.5,2.0,954.0,4.0,1,1180.0,0.0,0.0,0.0
156.25,3.0,907.0,4.0,1,392.0,24.133333333333333,18.0,0.0
101.0,2.0,233.0,4.0,1,282.0,22.58333333333333,5.0,0.0
400.5,4.0,344.0,4.0,1,205.0,0.0,0.0,0.0
111.5,1.5,230.0,3.333333333333333,0,134.0,0.0,0.0,0.0
871.25,8.333333333333334,1508.0,4.0,0,559.0,0.0,0.0,0.0
844.5,6.5,1051.0,4.0,1,392.0,0.0,0.0,0.0
576.5,7.0,410.0,4.0,0,548.0,0.0,0.0,0.0
1642.0,24.0,295.0,4.0,1,791.0,0.0,0.0,0.0
969.75,5.6,95.0,4.5,1,547.0,0.0,0.0,0.0
247.0,3.0,233.0,4.0,1,311.0,0.0,0.0,0.0
549.3333333333334,7.0,524.0,4.0,1,719.0,0.0,0.0,0.0
466.0,4.5,258.0,4.5,1,0.0,0.0,0.0,0.0
968.3,12.5,972.0,5.0,1,1466.0,0.0,0.0,0.0
25.33333333333333,1.5,700.0,4.0,0,659.0,28.82608695652174,22.0,0.0
63.333333333333336,2.5,414.0,4.0,1,230.0,0.0,0.0,0.0
180.25,6.0,714.0,4.0,1,558.0,0.0,0.0,0.0
206.16666666666663,5.5,832.0,4.0,1,166.0,0.0,0.0,0.0
52.5,2.333333333333333,422.0,4.0,1,229.0,0.0,0.0,0.0
26.0,0.5,962.0,4.0,0,883.0,0.0,0.0,0.0
590.0,5.0,619.0,4.0,0,1749.0,0.0,0.0,0.0
350.4,4.333333333333333,162.0,4.0,0,160.0,0.0,0.0,0.0
1178.75,8.5,474.0,4.0,1,2395.0,0.0,0.0,0.0
38.5,2.0,1182.0,4.5,0,478.0,22.714285714285715,7.0,0.0
203.42857142857144,5.5,267.0,4.0,1,508.0,0.0,0.0,0.0
458.8333333333333,5.0,471.0,4.0,1,852.0,0.0,0.0,0.0
1529.0,18.5,175.0,4.0,0,1161.0,0.0,0.0,0.0
173.75,6.5,73.0,4.0,0,556.0,0.0,0.0,0.0
399.5,3.0,373.0,4.0,1,859.0,0.0,0.0,0.0
482.75,3.5,420.0,4.0,1,1107.0,0.0,0.0,0.0
134.5,3.0,89.0,4.0,1,132.0,0.0,0.0,0.0
167.25,4.2,204.0,4.0,0,352.0,0.0,0.0,0.0
68.5,1.5,867.0,2.0,0,23.0,20.866666666666667,8.0,0.0
66.5,3.0,28.0,4.0,1,168.0,6.0,0.0,0.0
505.5,6.25,682.0,4.0,1,552.0,0.0,0.0,0.0
665.0,2.6666666666666665,669.0,4.5,1,1750.0,0.0,0.0,0.0
27.5,3.0,809.0,4.0,0,505.0,15.333333333333334,1.0,0.0
178.66666666666666,3.5,547.0,4.0,1,517.0,0.0,0.0,0.0
136.75,1.5,807.0,4.5,0,373.0,0.0,0.0,0.0
138.25,2.5,236.0,3.5,1,127.0,0.0,0.0,0.0
702.5,4.5,1035.0,4.5,1,2006.0,0.0,0.0,0.0
416.0,6.5,0.0,4.0,0,5.0,0.0,0.0,0.0
166.33333333333334,3.0,578.0,4.0,1,196.0,0.0,0.0,0.0
1385.5,17.0,2224.0,4.0,0,933.0,0.0,0.0,0.0
4.5,0.5,437.0,4.0,0,206.0,33.63157894736842,10.0,0.0
603.0,7.0,396.0,4.5,1,1046.0,0.0,0.0,0.0
581.0,2.5,517.0,4.0,1,1529.0,0.0,0.0,0.0
205.25,3.0,641.0,4.0,1,85.0,0.0,0.0,0.0
77.0,2.0,544.0,2.6666666666666665,1,41.0,0.0,0.0,0.0
128.25,1.5,817.0,4.0,1,259.0,10.666666666666666,3.0,0.0
673.3333333333334,8.5,801.0,2.0,1,950.0,0.0,0.0,0.0
548.75,5.0,226.0,2.0,0,284.0,0.0,0.0,0.0
484.5,10.666666666666666,385.0,4.0,1,280.0,0.0,0.0,0.0
26.0,1.0,501.0,4.0,0,373.0,29.416666666666668,14.0,0.0
877.5,13.0,1527.0,4.0,1,752.0,0.0,0.0,0.0
34.0,2.0,450.0,2.6666666666666665,0,2.0,15.0,2.0,0.0
279.8333333333333,3.5,156.0,4.0,1,148.0,0.0,0.0,0.0
398.75,4.0,628.0,4.0,1,589.0,0.0,0.0,0.0
1099.1666666666667,7.5,1373.0,4.0,1,3286.0,0.0,0.0,0.0
65.33333333333333,2.5,306.0,4.0,1,456.0,32.875,6.0,0.0
842.1666666666666,6.5,1174.0,4.0,1,3841.0,0.0,0.0,0.0
415.25,5.0,120.0,4.0,1,8.0,0.0,0.0,0.0
369.25,4.5,433.0,4.0,1,656.0,0.0,0.0,0.0
512.75,8.333333333333334,21.0,4.0,1,164.0,0.0,0.0,0.0
396.1666666666667,7.75,111.0,4.0,1,574.0,0.0,0.0,0.0
727.0,12.0,488.0,4.5,0,2937.0,0.0,0.0,0.0
134.0,1.5,525.0,4.0,0,161.0,33.55555555555556,6.0,0.0
285.0,3.5,149.0,4.0,0,221.0,0.0,0.0,0.0
461.25,3.5,60.0,4.0,1,948.0,0.0,0.0,0.0
4.5,3.5,477.0,3.0,0,791.0,33.0,5.0,0.0
813.75,11.166666666666666,1776.0,4.5,0,1821.0,0.0,0.0,0.0
30.875,1.5,906.0,4.5,0,429.0,29.7,7.0,0.0
1067.3333333333333,16.2,593.0,4.0,0,778.0,0.0,0.0,0.0
657.25,4.5,97.0,4.0,1,233.0,0.0,0.0,0.0
568.5,4.5,363.0,4.5,0,1595.0,0.0,0.0,0.0
170.2,4.5,1093.0,4.0,1,619.0,0.0,0.0,0.0
31.5,1.0,947.0,4.0,0,929.0,0.0,0.0,0.0
538.0,5.0,184.0,4.0,0,347.0,0.0,0.0,0.0
516.6666666666666,9.0,521.0,4.0,1,370.0,0.0,0.0,0.0
64.66666666666667,1.5,509.0,4.0,0,381.0,28.347826086956523,13.0,0.0
837.5,11.25,1872.0,4.0,1,2097.0,0.0,0.0,0.0
642.75,7.333333333333333,283.0,4.0,1,1374.0,0.0,0.0,0.0
168.33333333333334,2.5,353.0,4.0,1,257.0,0.0,0.0,0.0
500.75,4.0,196.0,4.0,0,553.0,0.0,0.0,0.0
135.5,5.6,375.0,4.0,1,537.0,0.0,0.0,0.0
640.25,10.25,570.0,4.5,0,1428.0,0.0,0.0,0.0
389.75,2.333333333333333,248.0,4.5,0,13.0,0.0,0.0,0.0
259.0,4.0,161.0,2.0,0,15.0,33.333333333333336,2.0,0.0
85.5,1.5,590.0,4.0,1,99.0,0.0,0.0,0.0
84.25,2.5,430.0,2.0,1,93.0,32.0,2.0,0.0
436.6666666666667,6.5,313.0,4.0,1,657.0,0.0,0.0,0.0
924.75,11.0,2111.0,4.5,1,97.0,0.0,0.0,0.0
33.4,2.5,348.0,4.0,1,366.0,24.48,18.0,0.0
160.0,4.0,236.0,4.0,1,559.0,25.25,3.0,0.0
1186.25,27.5,1964.0,5.0,1,946.0,0.0,0.0,0.0
828.0,7.5,424.0,4.0,1,2836.0,0.0,0.0,0.0
481.8333333333333,8.0,218.0,4.0,1,73.0,0.0,0.0,0.0
403.1666666666667,5.75,108.0,4.0,1,552.0,0.0,0.0,0.0
322.75,4.5,815.0,2.0,1,105.0,0.0,0.0,0.0
28.5,0.5,763.0,4.0,0,268.0,21.46153846153846,12.0,0.0
200.0,3.5,367.0,4.0,1,374.0,21.2,4.0,0.0
644.5,14.666666666666666,998.0,4.5,0,1901.0,0.0,0.0,0.0
477.75,6.333333333333333,305.0,4.0,1,437.0,0.0,0.0,0.0
59.5,1.5,867.0,4.0,0,253.0,37.63636363636363,9.0,0.0
744.5,10.0,1238.0,4.0,0,1650.0,0.0,0.0,0.0
583.3333333333334,2.0,419.0,4.5,1,1626.0,0.0,0.0,0.0
56.5,1.0,286.0,4.0,0,700.0,19.94117647058824,16.0,0.0
57.333333333333336,3.0,517.0,4.0,1,133.0,0.0,0.0,0.0
618.0,3.5,704.0,4.0,1,918.0,0.0,0.0,0.0
110.25,2.5,176.0,4.0,1,251.0,0.0,0.0,0.0
156.75,2.0,942.0,4.0,1,142.0,25.125,6.0,0.0
586.5,12.333333333333334,220.0,4.0,0,865.0,0.0,0.0,0.0
590.8333333333334,4.0,114.0,4.0,1,315.0,0.0,0.0,0.0
644.8333333333334,6.0,727.0,4.0,1,423.0,0.0,0.0,0.0
232.25,4.5,326.0,4.0,1,214.0,0.0,0.0,0.0
124.75,4.0,222.0,4.0,1,78.0,0.0,0.0,0.0
19.0,2.5,825.0,4.5,0,512.0,0.0,0.0,0.0
132.0,4.0,467.0,4.0,1,510.0,18.25,2.0,0.0
92.75,2.0,258.0,4.0,1,557.0,0.0,0.0,0.0
54.0,1.5,491.0,4.0,1,642.0,26.08333333333333,9.0,0.0
34.0,2.0,249.0,4.0,1,153.0,33.333333333333336,9.0,0.0
169.6,2.5,381.0,2.0,1,45.0,0.0,0.0,0.0
438.4,11.0,649.0,4.0,1,705.0,0.0,0.0,0.0
768.1666666666666,4.5,1118.0,4.0,1,2065.0,0.0,0.0,0.0
1188.25,11.5,2240.0,4.0,1,1621.0,0.0,0.0,0.0
28.75,3.0,341.0,2.0,1,0.0,0.0,0.0,0.0
42.0,0.5,678.0,4.5,0,666.0,33.416666666666664,8.0,0.0
646.25,9.25,899.0,4.0,1,1182.0,0.0,0.0,0.0
654.75,11.25,477.0,4.0,1,1077.0,0.0,0.0,0.0
384.0,3.5,56.0,4.0,1,937.0,0.0,0.0,0.0
87.16666666666667,9.5,0.0,4.0,0,274.0,0.0,0.0,0.0
191.5,5.5,506.0,4.0,1,176.0,0.0,0.0,0.0
61.75,1.5,805.0,4.0,0,549.0,23.8,15.0,0.0
414.3333333333333,8.0,291.0,2.0,1,1021.0,0.0,0.0,0.0
623.3333333333334,2.5,438.0,4.0,1,527.0,0.0,0.0,0.0
220.25,4.5,524.0,4.0,1,948.0,0.0,0.0,0.0
807.0,16.0,525.0,4.5,1,3306.0,0.0,0.0,0.0
510.3333333333333,17.0,443.0,4.0,0,355.0,0.0,0.0,0.0
1062.5,13.5,1970.0,2.5,1,747.0,0.0,0.0,0.0
32.0,11.333333333333334,301.0,4.0,1,561.0,21.4,3.0,0.0
392.75,4.5,447.0,4.0,1,788.0,0.0,0.0,0.0
196.5,17.5,427.0,4.0,0,469.0,0.0,0.0,0.0
574.75,6.0,263.0,4.5,1,746.0,0.0,0.0,0.0
355.3333333333333,4.0,354.0,4.0,1,260.0,0.0,0.0,0.0
102.5,0.5,319.0,4.0,1,727.0,0.0,0.0,0.0
1299.0,16.5,915.0,4.0,1,338.0,0.0,0.0,0.0
37.5,2.0,1074.0,4.0,0,274.0,26.64,17.0,0.0
1194.5,9.5,1214.0,4.5,0,633.0,0.0,0.0,0.0
679.5,7.75,922.0,4.5,1,1810.0,0.0,0.0,0.0
565.75,5.0,462.0,2.0,0,669.0,0.0,0.0,0.0
1238.6666666666667,27.33333333333333,1407.0,5.0,1,142.0,0.0,0.0,0.0
249.5,2.5,425.0,4.0,1,199.0,0.0,0.0,0.0
785.0,8.5,853.0,4.0,1,2236.0,0.0,0.0,0.0
52.5,4.333333333333333,283.0,4.0,0,1269.0,24.5,1.0,0.0
39.25,9.666666666666666,436.0,4.0,0,346.0,0.0,0.0,0.0
1114.6666666666667,7.25,975.0,4.0,0,2881.0,0.0,0.0,0.0
1088.6666666666667,4.0,1579.0,4.0,1,3499.0,0.0,0.0,0.0
992.1666666666666,10.666666666666666,1058.0,4.0,1,1720.0,0.0,0.0,0.0
47.333333333333336,3.5,567.0,4.0,1,149.0,17.0,15.0,0.0
369.5,8.5,88.0,4.0,1,1114.0,0.0,0.0,0.0
597.5,3.5,909.0,4.5,1,1519.0,0.0,0.0,0.0
217.75,5.0,942.0,4.0,1,539.0,0.0,0.0,0.0
776.75,4.0,1394.0,2.0,0,2182.0,0.0,0.0,0.0
119.66666666666669,4.5,177.0,4.0,1,327.0,0.0,0.0,0.0
957.0,12.5,423.0,4.5,1,241.0,0.0,0.0,0.0
510.0,3.75,273.0,4.0,0,517.0,0.0,0.0,0.0
24.25,1.5,963.0,4.5,0,423.0,0.0,0.0,0.0
146.5,11.6,378.0,4.0,1,386.0,0.0,0.0,0.0
487.0,6.0,504.0,4.0,1,464.0,0.0,0.0,0.0
447.75,10.5,348.0,4.0,1,855.0,0.0,0.0,0.0
475.0,7.0,817.0,2.0,1,800.0,0.0,0.0,0.0
695.25,4.0,656.0,4.0,0,1421.0,0.0,0.0,0.0
748.6666666666666,7.666666666666667,1275.0,4.0,1,1901.0,0.0,0.0,0.0
222.25,3.0,548.0,4.0,0,723.0,0.0,0.0,0.0
74.55555555555556,1.5,318.0,4.0,1,265.0,34.5,9.0,0.0
499.75,4.5,8.0,4.0,0,126.0,0.0,0.0,0.0
882.5,11.5,1912.0,4.0,0,674.0,0.0,0.0,0.0
267.6666666666667,4.0,312.0,4.0,1,195.0,0.0,0.0,0.0
50.16666666666666,1.5,205.0,4.0,0,414.0,29.0,1.0,0.0
16.25,2.5,601.0,4.0,0,380.0,29.33333333333333,7.0,0.0
132.5,3.5,586.0,4.0,1,236.0,0.0,0.0,0.0
807.75,11.0,1625.0,4.0,0,660.0,0.0,0.0,0.0
70.4,1.0,822.0,4.0,0,691.0,20.724137931034484,19.0,0.0
246.0,4.0,531.0,4.0,1,185.0,0.0,0.0,0.0
52.25,2.0,28.0,4.0,1,188.0,17.5,4.0,0.0
223.25,4.5,97.0,4.0,1,137.0,0.0,0.0,0.0
312.25,3.0,358.0,2.0,1,0.0,0.0,0.0,0.0
641.5,6.333333333333333,687.0,4.0,1,1498.0,0.0,0.0,0.0
548.75,9.5,405.0,4.0,1,550.0,0.0,0.0,0.0
278.6666666666667,3.5,0.0,2.6666666666666665,1,0.0,0.0,0.0,0.0
528.0,12.333333333333334,345.0,4.0,0,676.0,0.0,0.0,0.0
497.0,7.666666666666667,592.0,4.0,1,277.0,0.0,0.0,0.0
25.0,0.5,855.0,4.0,0,1019.0,0.0,0.0,0.0
982.25,14.75,310.0,4.0,1,748.0,0.0,0.0,0.0
553.6,2.0,421.0,4.0,1,999.0,0.0,0.0,0.0
1003.75,3.5,2332.0,4.0,1,4477.0,0.0,0.0,0.0
183.5,3.5,610.0,4.0,1,242.0,20.727272727272727,13.0,0.0
339.0,3.0,179.0,4.0,1,1289.0,0.0,0.0,0.0
240.4,3.75,627.0,4.0,1,237.0,0.0,0.0,0.0
559.75,6.5,111.0,4.0,0,687.0,0.0,0.0,0.0
747.0,6.0,1157.0,4.0,1,305.0,0.0,0.0,0.0
320.25,5.0,206.0,4.0,0,254.0,0.0,0.0,0.0
135.0,4.5,218.0,4.0,1,195.0,43.0,0.0,0.0
176.5,2.5,318.0,4.0,1,26.0,8.0,0.0,0.0
136.5,1.5,61.0,4.0,1,88.0,0.0,0.0,0.0
1011.2,3.0,2474.0,4.0,1,4379.0,0.0,0.0,0.0
809.0,8.833333333333334,1462.0,4.0,1,110.0,0.0,0.0,0.0
20.0,2.5,212.0,3.0,1,245.0,32.93333333333333,10.0,0.0
515.25,9.25,261.0,4.0,1,959.0,0.0,0.0,0.0
783.5,12.0,361.0,5.0,0,3163.0,0.0,0.0,0.0
357.75,10.714285714285714,418.0,4.0,1,763.0,0.0,0.0,0.0
350.5,6.5,213.0,2.0,1,4.0,28.08333333333333,7.0,0.0
99.5,2.5,463.0,4.0,1,222.0,0.0,0.0,0.0
60.333333333333336,3.5,60.0,4.0,0,126.0,23.375,10.0,0.0
144.0,2.5,184.0,4.0,1,97.0,24.266666666666666,9.0,0.0
58.75,2.5,159.0,4.0,1,247.0,0.0,0.0,0.0
267.25,3.5,33.0,4.0,1,402.0,0.0,0.0,0.0
385.75,2.5,211.0,4.0,1,735.0,0.0,0.0,0.0
632.75,8.333333333333334,1214.0,4.5,0,1922.0,0.0,0.0,0.0
647.25,11.5,395.0,4.0,1,1352.0,0.0,0.0,0.0
41.25,3.5,213.0,4.0,1,120.0,0.0,0.0,0.0
426.0,6.5,108.0,4.0,1,1307.0,0.0,0.0,0.0
436.75,6.25,366.0,2.6666666666666665,1,52.0,0.0,0.0,0.0
119.66666666666669,4.5,810.0,4.0,0,342.0,0.0,0.0,0.0
330.0,3.0,164.0,4.0,1,324.0,23.6,3.0,0.0
1085.25,16.0,2131.0,4.0,0,1757.0,0.0,0.0,0.0
537.25,7.0,621.0,4.0,1,668.0,0.0,0.0,0.0
14.5,3.5,1000.0,4.0,1,59.0,0.0,0.0,0.0
225.3333333333333,5.5,311.0,4.0,0,91.0,0.0,0.0,0.0
56.5,1.5,186.0,4.0,0,604.0,29.666666666666668,8.0,0.0
24.666666666666668,2.5,671.0,4.5,0,728.0,0.0,0.0,0.0
87.66666666666667,1.6666666666666667,1169.0,4.0,1,247.0,21.5,4.0,0.0
1079.0,15.5,674.0,4.0,1,2285.0,0.0,0.0,0.0
552.6666666666666,6.0,176.0,2.6666666666666665,0,707.0,0.0,0.0,0.0
117.875,4.5,99.0,4.0,0,499.0,23.2,4.0,0.0
1758.25,8.6,661.0,4.0,1,708.0,0.0,0.0,0.0
32.5,2.0,617.0,4.0,1,517.0,0.0,0.0,0.0
317.75,8.5,352.0,4.0,0,481.0,0.0,0.0,0.0
26.5,1.5,759.0,4.0,0,792.0,0.0,0.0,0.0
3.0,1.0,459.0,0.0,1,573.0,0.0,0.0,0.0
87.75,2.5,742.0,4.0,1,423.0,26.94736842105263,10.0,0.0
39.75,1.5,454.0,3.5,1,177.0,0.0,0.0,0.0
735.0,7.0,1376.0,4.5,1,2146.0,0.0,0.0,0.0
1055.3333333333333,9.5,1109.0,4.0,0,980.0,0.0,0.0,0.0
133.8,1.6666666666666667,261.0,2.6666666666666665,0,69.0,0.0,0.0,0.0
555.0,6.75,155.0,5.0,0,1140.0,0.0,0.0,0.0
569.5,5.0,187.0,2.6666666666666665,0,507.0,0.0,0.0,0.0
659.25,6.5,608.0,4.0,1,1507.0,0.0,0.0,0.0
546.5,9.0,263.0,4.0,1,468.0,0.0,0.0,0.0
146.0,1.5,0.0,4.0,1,415.0,0.0,0.0,0.0
667.5,12.333333333333334,1079.0,4.0,0,1141.0,0.0,0.0,0.0
601.0,3.0,1314.0,4.0,0,2258.0,0.0,0.0,0.0
73.16666666666667,2.5,535.0,4.0,1,175.0,19.857142857142858,4.0,0.0
393.3333333333333,5.5,622.0,4.0,1,274.0,0.0,0.0,0.0
205.3333333333333,5.5,188.0,4.0,1,150.0,0.0,0.0,0.0
566.75,4.0,527.0,2.0,1,702.0,0.0,0.0,0.0
414.0,5.75,119.0,4.0,1,466.0,0.0,0.0,0.0
903.0,11.0,1446.0,4.5,0,3748.0,0.0,0.0,0.0
385.75,6.5,250.0,4.0,0,114.0,0.0,0.0,0.0
313.3333333333333,5.5,160.0,2.0,1,95.0,0.0,0.0,0.0
976.75,9.5,2210.0,4.0,0,3935.0,0.0,0.0,0.0
224.0,1.5,620.0,4.0,1,124.0,17.333333333333332,1.0,0.0
52.5,2.25,315.0,2.0,1,5.0,0.0,0.0,0.0
530.6666666666666,5.0,190.0,4.0,0,191.0,0.0,0.0,0.0
276.75,4.75,901.0,4.0,1,904.0,0.0,0.0,0.0
557.6666666666666,7.5,614.0,4.0,1,789.0,0.0,0.0,0.0
72.0,1.5,861.0,4.5,0,54.0,29.25,7.0,0.0
293.0,5.0,277.0,4.0,1,784.0,0.0,0.0,0.0
519.25,6.0,659.0,4.0,1,810.0,0.0,0.0,0.0
115.0,1.5,279.0,4.0,0,292.0,0.0,0.0,0.0
161.0,14.4,422.0,4.0,1,571.0,0.0,0.0,0.0
544.25,6.0,505.0,4.0,1,622.0,0.0,0.0,0.0
231.5,3.0,473.0,4.0,1,139.0,0.0,0.0,0.0
386.25,4.5,644.0,4.0,1,767.0,0.0,0.0,0.0
710.25,7.333333333333333,1110.0,4.0,0,1982.0,0.0,0.0,0.0
256.5,3.0,517.0,2.6666666666666665,1,31.0,0.0,0.0,0.0
1224.0,8.4,1315.0,4.0,1,221.0,0.0,0.0,0.0
331.5,4.5,117.0,4.0,1,90.0,0.0,0.0,0.0
30.0,1.5,560.0,4.0,0,660.0,0.0,0.0,0.0
272.25,4.0,76.0,4.0,0,670.0,0.0,0.0,0.0
544.6666666666666,4.0,120.0,4.0,0,373.0,0.0,0.0,0.0
577.25,18.75,302.0,5.0,1,1976.0,0.0,0.0,0.0
626.75,3.0,192.0,4.0,1,808.0,0.0,0.0,0.0
344.0,5.0,138.0,2.6666666666666665,1,27.0,25.9,7.0,0.0
359.25,4.25,350.0,4.0,1,50.0,0.0,0.0,0.0
651.0,11.5,910.0,4.0,0,1444.0,0.0,0.0,0.0
56.333333333333336,1.5,9.0,4.5,0,173.0,10.5,1.0,0.0
403.5,4.5,188.0,4.0,1,897.0,33.5,1.0,0.0
117.66666666666669,2.5,72.0,4.0,0,368.0,0.0,0.0,0.0
599.0,7.0,804.0,4.5,0,943.0,0.0,0.0,0.0
245.75,3.0,769.0,4.0,1,894.0,0.0,0.0,0.0
179.0,4.0,258.0,4.0,1,22.0,0.0,0.0,0.0
589.1666666666666,6.0,626.0,2.0,1,814.0,0.0,0.0,0.0
165.0,2.5,536.0,4.0,0,173.0,0.0,0.0,0.0
777.25,7.0,1402.0,4.0,1,1521.0,0.0,0.0,0.0
839.5,8.0,1024.0,4.0,1,466.0,0.0,0.0,0.0
108.66666666666669,3.0,533.0,2.0,1,28.0,0.0,0.0,0.0
586.8333333333334,3.0,1350.0,4.0,0,2527.0,0.0,0.0,0.0
419.0,5.333333333333333,293.0,2.0,0,79.0,0.0,0.0,0.0
62.66666666666666,2.0,525.0,4.0,1,523.0,24.125,6.0,0.0
64.25,1.5,630.0,4.0,1,223.0,50.5,0.0,0.0
351.6,6.0,590.0,4.0,1,310.0,0.0,0.0,0.0
251.0,5.5,42.0,4.0,1,301.0,0.0,0.0,0.0
88.0,1.5,1288.0,2.0,1,97.0,29.77777777777778,6.0,0.0
364.5,4.5,517.0,4.0,1,755.0,0.0,0.0,0.0
71.4,1.5,752.0,4.0,1,402.0,26.33333333333333,7.0,0.0
150.0,3.333333333333333,328.0,2.0,0,79.0,0.0,0.0,0.0
627.75,3.5,484.0,4.0,1,634.0,0.0,0.0,0.0
16.0,1.5,193.0,4.0,1,949.0,0.0,0.0,0.0
871.75,10.0,1509.0,4.0,1,373.0,0.0,0.0,0.0
485.0,9.333333333333334,894.0,4.0,1,591.0,0.0,0.0,0.0
822.5,18.666666666666668,901.0,4.5,1,2445.0,0.0,0.0,0.0
629.5,10.0,586.0,2.0,1,1053.0,0.0,0.0,0.0
343.5,2.5,135.0,4.0,1,1232.0,0.0,0.0,0.0
343.75,2.5,197.0,4.0,1,798.0,0.0,0.0,0.0
798.25,11.0,1903.0,4.0,1,2019.0,0.0,0.0,0.0
189.75,3.333333333333333,278.0,4.0,1,53.0,34.333333333333336,2.0,0.0
109.75,3.5,426.0,4.0,1,307.0,59.25,2.0,0.0
628.75,9.0,912.0,4.0,1,918.0,0.0,0.0,0.0
625.5,2.5,416.0,4.0,0,530.0,0.0,0.0,0.0
119.75,4.0,527.0,3.0,1,43.0,0.0,0.0,0.0
930.75,12.666666666666666,1808.0,4.0,1,540.0,0.0,0.0,0.0
307.25,3.5,283.0,4.0,1,1125.0,0.0,0.0,0.0
46.0,2.2,618.0,4.0,1,438.0,25.375,6.0,0.0
197.0,3.0,686.0,4.0,1,195.0,0.0,0.0,0.0
592.8333333333334,7.0,795.0,4.0,1,164.0,0.0,0.0,0.0
554.0,9.5,113.0,4.0,1,1261.0,0.0,0.0,0.0
78.0,2.5,199.0,4.0,1,472.0,32.833333333333336,6.0,0.0
343.3333333333333,6.0,882.0,4.0,1,268.0,0.0,0.0,0.0
448.25,4.5,0.0,4.5,1,83.0,0.0,0.0,0.0
453.0,5.0,221.0,4.0,1,625.0,0.0,0.0,0.0
1000.3333333333334,7.75,1622.0,4.0,1,3229.0,0.0,0.0,0.0
248.0,3.0,348.0,4.0,1,326.0,0.0,0.0,0.0
858.25,9.0,1438.0,4.0,1,3340.0,0.0,0.0,0.0
414.0,5.0,612.0,4.0,1,110.0,0.0,0.0,0.0
458.6666666666667,4.5,355.0,4.0,1,165.0,0.0,0.0,0.0
29.75,1.3333333333333333,909.0,4.0,1,1034.0,0.0,0.0,0.0
6.0,3.5,0.0,3.0,1,449.0,23.346153846153847,13.0,0.0
469.5,4.0,167.0,4.0,1,689.0,0.0,0.0,0.0
786.75,17.333333333333332,288.0,5.0,0,2854.0,0.0,0.0,0.0
158.0,4.0,141.0,4.0,1,474.0,0.0,0.0,0.0
108.25,2.5,650.0,4.0,1,426.0,39.0,10.0,0.0
35.0,1.0,959.0,4.0,1,636.0,0.0,0.0,0.0
173.83333333333334,2.0,263.0,4.0,1,3.0,0.0,0.0,0.0
279.5,7.333333333333333,338.0,4.0,0,276.0,0.0,0.0,0.0
250.0,2.0,510.0,4.0,1,1047.0,0.0,0.0,0.0
435.6666666666667,4.5,328.0,2.0,1,274.0,0.0,0.0,0.0
372.6666666666667,4.0,116.0,4.0,0,212.0,33.333333333333336,2.0,0.0
323.5,3.5,188.0,4.0,0,117.0,0.0,0.0,0.0
111.33333333333331,2.5,283.0,4.0,0,64.0,11.75,1.0,0.0
569.25,7.25,296.0,4.5,1,862.0,0.0,0.0,0.0
931.0,13.666666666666666,1357.0,4.0,0,1738.0,0.0,0.0,0.0
1172.0,8.5,373.0,4.0,1,2290.0,0.0,0.0,0.0
828.6666666666666,8.25,1840.0,5.0,0,1691.0,0.0,0.0,0.0
516.25,3.5,67.0,4.0,1,43.0,0.0,0.0,0.0
64.66666666666667,7.5,974.0,4.0,0,394.0,0.0,0.0,0.0
432.25,5.0,275.0,4.0,1,336.0,0.0,0.0,0.0
289.5,6.0,132.0,4.0,1,372.0,0.0,0.0,0.0
186.4,2.6666666666666665,454.0,4.0,1,282.0,0.0,0.0,0.0
69.33333333333333,1.6666666666666667,560.0,5.0,0,703.0,0.0,0.0,0.0
83.5,3.0,612.0,4.0,1,906.0,34.333333333333336,6.0,0.0
266.75,5.166666666666667,647.0,4.0,1,190.0,0.0,0.0,0.0
909.5,11.0,1518.0,4.0,1,2532.0,0.0,0.0,0.0
677.6,11.5,1205.0,2.0,1,1218.0,0.0,0.0,0.0
94.0,2.0,765.0,4.0,1,117.0,33.5,10.0,0.0
517.25,5.0,267.0,4.0,1,352.0,0.0,0.0,0.0
854.0,11.25,1408.0,4.0,0,469.0,0.0,0.0,0.0
135.16666666666666,3.0,482.0,4.0,1,470.0,0.0,0.0,0.0
173.66666666666666,4.5,374.0,4.0,1,156.0,23.35,14.0,0.0
269.75,3.5,168.0,4.0,0,414.0,0.0,0.0,0.0
251.25,3.5,633.0,4.0,1,673.0,0.0,0.0,0.0
1232.5,11.0,1693.0,4.0,1,1007.0,0.0,0.0,0.0
244.6,2.0,524.0,4.0,1,913.0,0.0,0.0,0.0
738.5,8.5,1195.0,2.0,1,2112.0,0.0,0.0,0.0
756.25,6.5,1295.0,2.0,1,2209.0,0.0,0.0,0.0
70.0,4.75,26.0,4.0,0,923.0,0.0,0.0,0.0
24.0,1.5,831.0,2.0,1,81.0,0.0,0.0,0.0
292.6666666666667,7.5,499.0,4.0,1,156.0,0.0,0.0,0.0
282.75,6.5,248.0,4.0,0,114.0,0.0,0.0,0.0
562.75,10.25,375.0,4.5,1,985.0,0.0,0.0,0.0
536.5,8.0,461.0,4.0,1,672.0,0.0,0.0,0.0
23.25,2.0,538.0,4.0,0,340.0,32.666666666666664,6.0,0.0
220.8,3.0,150.0,4.0,1,45.0,0.0,0.0,0.0
242.25,3.6666666666666665,302.0,4.0,1,620.0,100.0,0.0,0.0
105.16666666666669,2.5,741.0,4.0,1,253.0,34.78260869565217,10.0,0.0
340.6,6.0,426.0,4.0,1,399.0,0.0,0.0,0.0
63.0,1.5,629.0,4.0,1,621.0,20.866666666666667,9.0,0.0
568.0,4.5,21.0,4.0,0,983.0,0.0,0.0,0.0
171.0,5.5,524.0,4.0,1,247.0,0.0,0.0,0.0
96.25,4.666666666666667,729.0,2.0,0,72.0,0.0,0.0,0.0
105.25,3.0,5.0,3.5,1,218.0,0.0,0.0,0.0
225.5,4.5,970.0,4.0,1,459.0,0.0,0.0,0.0
860.5,10.333333333333334,396.0,4.5,1,3056.0,0.0,0.0,0.0
352.25,8.333333333333334,254.0,4.0,0,286.0,0.0,0.0,0.0
66.75,1.5,656.0,4.0,1,440.0,0.0,0.0,0.0
63.0,2.5,226.0,4.0,1,167.0,0.0,0.0,0.0
398.0,7.0,456.0,2.0,1,51.0,34.666666666666664,2.0,0.0
398.8888888888889,4.0,91.0,4.0,1,588.0,0.0,0.0,0.0
638.75,8.5,992.0,2.0,1,1020.0,0.0,0.0,0.0
447.25,5.666666666666667,313.0,2.6666666666666665,1,51.0,30.0,0.0,0.0
57.0,1.0,295.0,4.0,0,696.0,22.73684210526316,15.0,0.0
349.0,3.5,98.0,4.0,1,1362.0,0.0,0.0,0.0
285.25,5.5,212.0,4.0,0,579.0,0.0,0.0,0.0
525.0,5.0,373.0,2.0,1,164.0,0.0,0.0,0.0
79.6,1.5,392.0,4.0,1,231.0,29.5,1.0,0.0
9.333333333333334,2.0,227.0,4.5,1,590.0,19.96296296296296,16.0,0.0
304.25,4.0,440.0,4.0,1,155.0,0.0,0.0,0.0
448.5,7.0,417.0,4.0,1,96.0,0.0,0.0,0.0
530.25,6.0,703.0,4.0,1,689.0,0.0,0.0,0.0
594.25,4.5,14.0,4.0,1,949.0,0.0,0.0,0.0
175.5,3.0,538.0,4.0,1,131.0,0.0,0.0,0.0
1026.5,15.5,1958.0,4.0,1,952.0,0.0,0.0,0.0
465.6666666666667,5.0,144.0,4.0,1,1482.0,43.0,2.0,0.0
283.3333333333333,3.0,519.0,4.0,0,88.0,0.0,0.0,0.0
274.5,2.5,27.0,4.0,1,1028.0,0.0,0.0,0.0
23.5,0.5,765.0,4.0,1,839.0,0.0,0.0,0.0
560.0,10.5,163.0,4.0,1,1091.0,0.0,0.0,0.0
312.25,3.0,91.0,4.0,0,72.0,0.0,0.0,0.0
1221.5,23.0,1283.0,5.0,1,69.0,0.0,0.0,0.0
7.166666666666667,3.0,705.0,3.0,1,288.0,26.0,3.0,0.0
679.3333333333334,5.0,865.0,4.0,1,1209.0,0.0,0.0,0.0
418.5,4.25,525.0,2.0,0,9.0,0.0,0.0,0.0
908.25,10.25,1469.0,4.0,1,2050.0,0.0,0.0,0.0
860.5,6.0,1756.0,4.0,1,3258.0,0.0,0.0,0.0
24.0,0.5,614.0,4.0,1,703.0,0.0,0.0,0.0
337.3333333333333,5.0,353.0,2.0,1,65.0,0.0,0.0,0.0
709.0,11.0,615.0,4.5,0,2363.0,0.0,0.0,0.0
440.75,3.6666666666666665,94.0,4.0,1,1342.0,39.333333333333336,2.0,0.0
900.0,12.5,1019.0,5.0,1,1520.0,0.0,0.0,0.0
670.75,13.0,987.0,4.0,1,534.0,0.0,0.0,0.0
374.75,3.0,452.0,4.0,1,563.0,0.0,0.0,0.0
603.3333333333334,6.0,176.0,4.0,1,1254.0,0.0,0.0,0.0
337.0,5.5,681.0,2.0,1,185.0,0.0,0.0,0.0
387.25,4.0,219.0,4.0,0,260.0,34.0,2.0,0.0
903.25,13.333333333333334,1833.0,4.5,0,707.0,0.0,0.0,0.0
185.0,8.0,409.0,4.0,1,114.0,0.0,0.0,0.0
670.25,7.0,916.0,4.0,1,631.0,0.0,0.0,0.0
124.0,2.0,137.0,4.0,1,190.0,0.0,0.0,0.0
61.2,2.0,278.0,3.0,1,609.0,0.0,0.0,0.0
557.6666666666666,3.5,464.0,4.0,0,1117.0,0.0,0.0,0.0
768.25,4.5,1653.0,2.0,1,2384.0,0.0,0.0,0.0
402.5,3.5,532.0,4.0,0,145.0,0.0,0.0,0.0
1059.75,19.5,412.0,4.0,1,87.0,0.0,0.0,0.0
748.0,16.0,943.0,4.0,0,165.0,0.0,0.0,0.0
323.75,3.25,186.0,2.0,1,47.0,0.0,0.0,0.0
1262.0,13.5,2450.0,4.0,1,1429.0,0.0,0.0,0.0
504.25,6.5,194.0,4.0,1,1464.0,0.0,0.0,0.0
334.0,4.5,350.0,4.0,1,132.0,0.0,0.0,0.0
627.75,9.0,347.0,4.0,1,80.0,0.0,0.0,0.0
106.5,2.5,341.0,2.333333333333333,1,7.0,0.0,0.0,0.0
694.25,5.5,701.0,4.0,0,1335.0,0.0,0.0,0.0
652.5,6.5,777.0,4.0,1,1472.0,0.0,0.0,0.0
546.75,4.333333333333333,561.0,5.0,1,1270.0,0.0,0.0,0.0
690.0,8.6,508.0,4.0,1,337.0,0.0,0.0,0.0
486.1666666666667,4.5,169.0,4.0,0,92.0,0.0,0.0,0.0
245.0,5.0,332.0,4.0,1,171.0,0.0,0.0,0.0
649.75,9.333333333333334,510.0,4.0,1,1411.0,0.0,0.0,0.0
97.75,2.0,853.0,3.5,0,717.0,35.375,4.0,0.0
134.0,3.125,476.0,4.0,0,129.0,0.0,0.0,0.0
419.6666666666667,5.5,538.0,4.0,1,100.0,0.0,0.0,0.0
152.33333333333334,2.5,682.0,4.0,1,174.0,21.666666666666668,1.0,0.0
635.5,5.5,497.0,4.5,1,256.0,0.0,0.0,0.0
317.0,2.5,60.0,4.0,0,342.0,0.0,0.0,0.0
866.5,11.0,1812.0,4.5,1,383.0,0.0,0.0,0.0
634.0,8.0,898.0,2.0,1,975.0,0.0,0.0,0.0
335.85714285714283,4.0,380.0,4.0,1,262.0,0.0,0.0,0.0
796.6666666666666,10.5,725.0,4.0,1,3501.0,0.0,0.0,0.0
378.0,5.5,533.0,4.0,1,258.0,0.0,0.0,0.0
480.5,8.0,158.0,4.0,1,245.0,0.0,0.0,0.0
570.5,4.5,29.0,4.0,1,767.0,0.0,0.0,0.0
189.75,3.5,688.0,2.0,1,36.0,25.0,0.0,0.0
1067.8333333333333,4.5,1774.0,4.0,1,3680.0,0.0,0.0,0.0
1248.0,8.0,735.0,4.0,1,1416.0,0.0,0.0,0.0
247.5,2.0,600.0,4.0,1,960.0,0.0,0.0,0.0
281.5,6.0,875.0,4.0,1,942.0,0.0,0.0,0.0
134.11111111111111,3.0,160.0,4.0,1,177.0,0.0,0.0,0.0
1589.25,15.0,1809.0,4.5,1,571.0,0.0,0.0,0.0
150.5,2.5,808.0,4.0,1,305.0,17.0,6.0,0.0
152.0,10.666666666666666,544.0,4.0,1,274.0,0.0,0.0,0.0
162.75,6.0,26.0,4.0,0,415.0,30.0,2.0,0.0
961.75,6.2,1922.0,4.5,0,3969.0,0.0,0.0,0.0
247.0,3.5,800.0,4.0,0,134.0,0.0,0.0,0.0
22.0,1.0,567.0,4.0,1,872.0,0.0,0.0,0.0
62.5,2.5,710.0,4.0,1,90.0,25.625,8.0,0.0
1038.5,24.5,232.0,5.0,1,910.0,0.0,0.0,0.0
415.0,4.5,522.0,4.0,1,154.0,0.0,0.0,0.0
1322.75,7.666666666666667,1266.0,4.0,0,1804.0,0.0,0.0,0.0
23.33333333333333,2.0,447.0,4.0,0,398.0,0.0,0.0,0.0
137.5,2.5,572.0,4.0,1,376.0,0.0,0.0,0.0
503.0,5.333333333333333,228.0,4.0,0,388.0,0.0,0.0,0.0
41.0,1.5,280.0,4.5,1,346.0,0.0,0.0,0.0
632.75,7.25,745.0,5.0,0,2395.0,0.0,0.0,0.0
1021.0,14.0,301.0,4.0,1,517.0,0.0,0.0,0.0
695.0,11.6,685.0,4.0,1,2416.0,0.0,0.0,0.0
262.0,3.0,842.0,2.0,0,2.0,0.0,0.0,0.0
156.66666666666666,3.0,216.0,4.0,1,215.0,0.0,0.0,0.0
521.5,7.5,467.0,4.0,1,938.0,0.0,0.0,0.0
582.375,3.0,203.0,4.0,1,818.0,0.0,0.0,0.0
248.0,3.0,703.0,4.0,0,989.0,0.0,0.0,0.0
88.5,2.5,634.0,4.0,0,1182.0,25.3125,11.0,0.0
157.0,1.0,678.0,4.0,0,206.0,39.333333333333336,6.0,0.0
701.25,6.0,529.0,4.0,1,733.0,0.0,0.0,0.0
141.75,2.5,311.0,4.0,0,259.0,0.0,0.0,0.0
91.0,3.0,872.0,4.0,0,589.0,0.0,0.0,0.0
597.0,6.833333333333333,750.0,4.5,0,2326.0,0.0,0.0,0.0
379.75,9.0,137.0,4.0,0,599.0,0.0,0.0,0.0
271.0,6.166666666666667,0.0,4.0,1,409.0,0.0,0.0,0.0
109.5,3.5,685.0,4.0,1,320.0,0.0,0.0,0.0
74.0,1.5,366.0,3.5,1,1259.0,23.0,3.0,0.0
1118.25,4.5,416.0,4.5,0,1584.0,0.0,0.0,0.0
96.33333333333331,2.0,184.0,4.0,0,91.0,16.333333333333332,11.0,0.0
456.75,4.0,261.0,4.0,1,1193.0,0.0,0.0,0.0
54.5,3.5,359.0,4.5,1,57.0,0.0,0.0,0.0
648.25,10.8,861.0,4.0,1,1161.0,0.0,0.0,0.0
19.166666666666668,2.333333333333333,528.0,4.0,1,1000.0,103.0,0.0,0.0
292.6666666666667,4.0,391.0,4.0,1,368.0,0.0,0.0,0.0
266.75,3.5,955.0,4.0,1,252.0,0.0,0.0,0.0
1041.6666666666667,11.0,913.0,4.0,0,1440.0,0.0,0.0,0.0
455.6666666666667,3.0,132.0,4.0,1,1025.0,0.0,0.0,0.0
1049.3333333333333,5.5,1793.0,4.0,1,3677.0,0.0,0.0,0.0
860.3333333333334,15.25,1240.0,5.0,1,1621.0,0.0,0.0,0.0
593.0,6.5,137.0,4.0,1,722.0,0.0,0.0,0.0
354.6666666666667,7.0,119.0,4.0,1,458.0,0.0,0.0,0.0
307.6666666666667,3.5,361.0,4.0,0,234.0,0.0,0.0,0.0
914.5,8.25,1699.0,5.0,1,4138.0,0.0,0.0,0.0
450.0,5.5,286.0,4.0,1,206.0,0.0,0.0,0.0
693.0,20.0,498.0,5.0,0,1413.0,0.0,0.0,0.0
372.75,5.2,616.0,2.0,1,31.0,0.0,0.0,0.0
149.0,4.0,85.0,4.0,1,137.0,0.0,0.0,0.0
1093.6666666666667,8.5,1164.0,4.5,0,692.0,0.0,0.0,0.0
91.75,3.6666666666666665,278.0,3.5,1,91.0,0.0,0.0,0.0
217.8333333333333,4.75,812.0,4.0,1,592.0,0.0,0.0,0.0
36.0,2.0,692.0,4.0,1,657.0,19.33333333333333,10.0,0.0
259.0,3.5,173.0,4.0,1,184.0,0.0,0.0,0.0
155.25,4.25,465.0,4.0,1,87.0,0.0,0.0,0.0
258.5,2.5,0.0,4.0,0,773.0,0.0,0.0,0.0
623.5,10.0,320.0,4.0,1,1222.0,0.0,0.0,0.0
158.8,2.5,385.0,4.0,1,193.0,11.0,1.0,0.0
314.0,6.5,608.0,4.0,0,418.0,0.0,0.0,0.0
139.75,4.0,29.0,4.0,1,738.0,0.0,0.0,0.0
252.25,3.5,375.0,2.6666666666666665,1,14.0,0.0,0.0,0.0
417.75,6.5,258.0,4.5,1,144.0,0.0,0.0,0.0
458.3333333333333,4.5,129.0,4.0,1,734.0,0.0,0.0,0.0
551.4,8.5,502.0,2.0,1,437.0,0.0,0.0,0.0
205.0,3.5,187.0,2.0,0,84.0,0.0,0.0,0.0
667.1666666666666,6.8,480.0,4.0,1,556.0,0.0,0.0,0.0
446.0,6.0,168.0,4.0,0,165.0,0.0,0.0,0.0
838.75,14.5,1669.0,2.0,1,1561.0,0.0,0.0,0.0
8.75,1.5,482.0,4.5,0,680.0,0.0,0.0,0.0
399.75,2.0,618.0,2.6666666666666665,1,62.0,0.0,0.0,0.0
870.8333333333334,16.75,1628.0,4.0,0,150.0,0.0,0.0,0.0
642.75,6.333333333333333,656.0,4.0,1,746.0,0.0,0.0,0.0
540.8333333333334,6.5,430.0,4.0,1,343.0,0.0,0.0,0.0
731.8,7.25,1543.0,2.5,1,1618.0,0.0,0.0,0.0
952.5,19.25,573.0,5.0,1,1025.0,0.0,0.0,0.0
703.75,10.25,588.0,4.0,1,2983.0,0.0,0.0,0.0
136.0,6.5,659.0,4.0,0,311.0,0.0,0.0,0.0
39.75,3.0,547.0,4.5,1,396.0,24.0,0.0,0.0
696.25,13.25,431.0,4.0,1,377.0,0.0,0.0,0.0
1088.75,12.5,1358.0,2.0,1,1372.0,0.0,0.0,0.0
23.5,0.5,603.0,4.0,1,845.0,0.0,0.0,0.0
789.0,5.0,1596.0,3.0,1,2551.0,0.0,0.0,0.0
401.0,4.4,610.0,4.0,1,320.0,0.0,0.0,0.0
199.0,4.0,639.0,4.0,1,136.0,30.5,10.0,0.0
438.5,4.5,74.0,4.0,0,444.0,0.0,0.0,0.0
361.8333333333333,6.0,658.0,4.0,1,894.0,0.0,0.0,0.0
462.6666666666667,3.0,160.0,4.0,1,931.0,0.0,0.0,0.0
308.0,5.5,65.0,4.0,0,153.0,0.0,0.0,0.0
779.0,10.5,1209.0,4.5,1,1449.0,0.0,0.0,0.0
736.6666666666666,7.0,784.0,4.0,1,769.0,0.0,0.0,0.0
692.0,7.75,786.0,4.0,1,1854.0,0.0,0.0,0.0
103.0,2.5,678.0,4.0,0,342.0,19.307692307692307,13.0,0.0
7.166666666666667,0.5,486.0,4.5,0,419.0,15.5,14.0,0.0
15.5,3.5,630.0,3.0,1,273.0,13.0,1.0,0.0
154.25,2.0,821.0,4.0,1,273.0,4.0,0.0,0.0
1227.0,11.5,1570.0,5.0,0,361.0,0.0,0.0,0.0
837.0,15.6,1800.0,4.0,0,1761.0,0.0,0.0,0.0
797.25,12.5,1555.0,4.333333333333333,0,566.0,0.0,0.0,0.0
216.75,5.5,441.0,4.0,0,296.0,0.0,0.0,0.0
317.0,8.0,352.0,4.0,0,483.0,0.0,0.0,0.0
577.5,7.666666666666667,647.0,4.0,1,912.0,0.0,0.0,0.0
166.75,5.5,556.0,4.0,1,119.0,0.0,0.0,0.0
282.75,4.5,353.0,4.0,1,174.0,14.0,1.0,0.0
904.0,6.75,828.0,4.0,1,129.0,0.0,0.0,0.0
171.75,6.75,399.0,4.0,1,354.0,0.0,0.0,0.0
67.66666666666667,5.5,381.0,4.0,1,225.0,0.0,0.0,0.0
1021.75,28.666666666666668,223.0,5.0,1,464.0,0.0,0.0,0.0
226.5,2.5,440.0,4.0,0,92.0,0.0,0.0,0.0
1376.5,9.5,615.0,4.0,1,494.0,0.0,0.0,0.0
127.8,2.0,317.0,3.5,1,79.0,0.0,0.0,0.0
453.0,4.5,398.0,4.0,1,344.0,0.0,0.0,0.0
609.8333333333334,4.666666666666667,823.0,4.0,1,1828.0,0.0,0.0,0.0
143.66666666666666,4.5,128.0,4.0,1,137.0,0.0,0.0,0.0
1244.5,4.666666666666667,1092.0,4.5,1,2669.0,0.0,0.0,0.0
88.5,3.5,375.0,4.0,0,489.0,23.0,23.0,0.0
382.0,7.0,79.0,4.0,1,143.0,0.0,0.0,0.0
383.0,12.5,576.0,4.0,1,383.0,0.0,0.0,0.0
601.3333333333334,14.5,635.0,4.0,1,827.0,0.0,0.0,0.0
150.66666666666666,3.0,138.0,4.0,1,131.0,19.33333333333333,3.0,0.0
1034.5625,11.5,1107.0,4.5,1,1497.0,0.0,0.0,0.0
112.5,2.5,625.0,4.0,1,226.0,26.227272727272727,16.0,0.0
440.25,6.5,453.0,4.0,1,282.0,0.0,0.0,0.0
432.3333333333333,3.5,275.0,4.0,1,1318.0,0.0,0.0,0.0
26.83333333333333,1.0,708.0,4.0,1,468.0,28.454545454545453,17.0,0.0
604.0,14.0,239.0,5.0,1,1488.0,0.0,0.0,0.0
239.25,3.5,584.0,2.0,0,41.0,0.0,0.0,0.0
131.66666666666666,5.333333333333333,189.0,4.0,1,658.0,27.25,3.0,0.0
647.5,9.75,35.0,4.0,1,558.0,0.0,0.0,0.0
968.0,13.5,1160.0,4.0,0,1920.0,0.0,0.0,0.0
518.6666666666666,5.428571428571429,452.0,4.0,1,493.0,0.0,0.0,0.0
401.75,4.5,229.0,4.0,1,196.0,0.0,0.0,0.0
638.6666666666666,9.0,1119.0,4.0,0,1255.0,0.0,0.0,0.0
52.75,2.0,123.0,4.0,1,386.0,40.2,6.0,0.0
621.3333333333334,7.75,339.0,2.6666666666666665,1,1191.0,0.0,0.0,0.0
715.5,5.333333333333333,605.0,4.0,1,858.0,0.0,0.0,0.0
556.75,4.0,507.0,4.0,1,583.0,0.0,0.0,0.0
591.25,3.5,836.0,4.5,1,1743.0,0.0,0.0,0.0
520.8333333333334,3.5,819.0,2.0,1,793.0,0.0,0.0,0.0
694.0,5.5,1068.0,4.0,1,280.0,0.0,0.0,0.0
313.3333333333333,6.0,707.0,4.0,1,518.0,0.0,0.0,0.0
194.4,3.5,879.0,4.0,1,706.0,0.0,0.0,0.0
294.1666666666667,3.75,139.0,4.0,0,431.0,0.0,0.0,0.0
56.5,1.0,679.0,4.0,0,488.0,27.0,15.0,0.0
501.75,12.0,330.0,4.0,0,887.0,0.0,0.0,0.0
176.0,5.5,474.0,4.0,1,404.0,0.0,0.0,0.0
866.3333333333334,11.25,1941.0,2.0,1,173.0,0.0,0.0,0.0
580.0,4.0,165.0,4.0,1,361.0,0.0,0.0,0.0
698.5,8.5,509.0,4.0,1,436.0,0.0,0.0,0.0
378.0,2.6666666666666665,351.0,4.0,0,864.0,0.0,0.0,0.0
300.25,6.25,0.0,4.0,0,399.0,0.0,0.0,0.0
1043.8333333333333,10.5,762.0,4.0,0,1950.0,0.0,0.0,0.0
337.8333333333333,4.0,347.0,4.0,0,193.0,0.0,0.0,0.0
850.1666666666666,10.0,1806.0,4.0,0,1467.0,0.0,0.0,0.0
866.5,8.0,1953.0,4.0,1,3053.0,0.0,0.0,0.0
725.8333333333334,5.5,1206.0,4.0,1,2046.0,0.0,0.0,0.0
33.25,1.0,1035.0,4.5,0,724.0,41.333333333333336,3.0,0.0
267.5,5.0,863.0,4.0,1,56.0,0.0,0.0,0.0
1218.5,19.25,2323.0,4.5,1,1233.0,0.0,0.0,0.0
1141.25,7.0,1123.0,4.0,1,3022.0,0.0,0.0,0.0
769.0,17.5,1575.0,4.5,1,916.0,0.0,0.0,0.0
364.5,11.2,435.0,4.0,0,479.0,0.0,0.0,0.0
117.75,4.5,150.0,4.0,1,238.0,0.0,0.0,0.0
507.75,4.5,111.0,4.0,1,318.0,0.0,0.0,0.0
293.75,5.5,469.0,2.6666666666666665,0,74.0,52.0,4.0,0.0
56.0,3.5,860.0,4.0,1,250.0,0.0,0.0,0.0
41.25,1.5,146.0,4.5,1,226.0,0.0,0.0,0.0
972.6,3.5,1910.0,4.0,1,4046.0,0.0,0.0,0.0
69.0,2.0,0.0,4.0,1,86.0,0.0,0.0,0.0
709.0,6.5,218.0,4.0,1,405.0,0.0,0.0,0.0
608.25,6.0,709.0,4.0,1,960.0,0.0,0.0,0.0
804.25,15.5,1642.0,2.0,1,1931.0,0.0,0.0,0.0
596.8,20.5,928.0,5.0,0,2310.0,0.0,0.0,0.0
102.8,3.0,653.0,3.5,1,295.0,40.55555555555556,5.0,0.0
524.6666666666666,5.25,162.0,4.0,0,624.0,0.0,0.0,0.0
1260.3333333333333,11.5,1106.0,4.0,0,1041.0,0.0,0.0,0.0
10.8,2.0,179.0,4.0,1,333.0,42.81818181818182,8.0,0.0
501.25,5.5,599.0,4.0,1,389.0,0.0,0.0,0.0
159.33333333333334,4.5,1141.0,4.0,1,642.0,22.6,4.0,0.0
512.0,12.0,478.0,4.0,1,1529.0,0.0,0.0,0.0
407.0,4.8,120.0,4.0,1,39.0,0.0,0.0,0.0
138.5,3.5,59.0,2.0,1,91.0,18.7,6.0,0.0
3.0,3.0,31.0,2.5,0,905.0,13.8,3.0,0.0
91.33333333333331,2.0,713.0,4.0,0,200.0,0.0,0.0,0.0
778.5,4.0,1459.0,4.0,1,2310.0,0.0,0.0,0.0
606.1666666666666,4.5,315.0,4.0,1,1290.0,0.0,0.0,0.0
115.66666666666669,4.0,273.0,3.5,1,364.0,0.0,0.0,0.0
558.25,10.6,724.0,4.0,1,599.0,0.0,0.0,0.0
45.0,0.5,633.0,4.0,0,546.0,0.0,0.0,0.0
107.0,3.5,453.0,4.0,1,218.0,15.5,0.0,0.0
36.333333333333336,2.5,364.0,4.0,0,716.0,26.291666666666668,16.0,0.0
22.5,2.0,360.0,4.0,0,470.0,20.875,11.0,0.0
351.5,5.666666666666667,172.0,4.0,1,421.0,32.333333333333336,2.0,0.0
554.0,12.75,474.0,4.0,1,419.0,0.0,0.0,0.0
511.5,3.5,114.0,4.0,1,492.0,0.0,0.0,0.0
39.5,3.5,493.0,4.5,0,543.0,32.666666666666664,5.0,0.0
8.0,2.5,338.0,4.0,1,1041.0,16.565217391304348,20.0,0.0
806.75,11.0,847.0,4.5,1,931.0,0.0,0.0,0.0
561.5,4.5,155.0,4.0,1,220.0,0.0,0.0,0.0
261.8333333333333,2.5,75.0,4.0,1,138.0,0.0,0.0,0.0
821.75,9.0,999.0,4.0,1,624.0,0.0,0.0,0.0
420.0,11.0,371.0,4.0,0,242.0,0.0,0.0,0.0
159.0,5.5,125.0,4.0,0,555.0,14.0,1.0,0.0
912.0,10.666666666666666,1565.0,4.0,1,2632.0,0.0,0.0,0.0
39.333333333333336,2.5,1022.0,4.0,1,302.0,20.33333333333333,5.0,0.0
460.5,3.5,44.0,4.0,1,1454.0,5.0,0.0,0.0
522.5,4.0,0.0,4.0,1,698.0,0.0,0.0,0.0
548.75,4.5,217.0,4.0,0,543.0,0.0,0.0,0.0
589.5,5.5,267.0,4.0,1,343.0,0.0,0.0,0.0
463.5,7.0,428.0,4.0,1,987.0,0.0,0.0,0.0
233.5,4.0,410.0,4.0,1,231.0,0.0,0.0,0.0
269.0,5.5,1166.0,4.0,1,417.0,0.0,0.0,0.0
657.8333333333334,10.666666666666666,891.0,2.0,1,1239.0,0.0,0.0,0.0
134.0,2.5,822.0,4.0,1,421.0,0.0,0.0,0.0
511.0,9.0,367.0,4.0,0,408.0,0.0,0.0,0.0
130.0,4.0,508.0,4.0,1,462.0,7.0,1.0,0.0
441.25,3.5,140.0,4.0,0,1538.0,0.0,0.0,0.0
103.5,2.5,430.0,4.0,1,430.0,101.0,0.0,0.0
718.0,7.0,1402.0,2.0,1,1523.0,0.0,0.0,0.0
1073.25,15.0,1941.0,4.0,0,1871.0,0.0,0.0,0.0
1235.2,11.5,2310.0,4.0,0,1540.0,0.0,0.0,0.0
461.0,4.5,272.0,4.0,1,253.0,0.0,0.0,0.0
412.1666666666667,5.5,152.0,4.0,1,485.0,0.0,0.0,0.0
594.25,6.0,184.0,4.0,1,1014.0,0.0,0.0,0.0
796.75,13.0,1331.0,2.0,0,1225.0,0.0,0.0,0.0
200.75,2.0,373.0,4.0,0,180.0,0.0,0.0,0.0
319.0,1.0,104.0,4.0,1,197.0,0.0,0.0,0.0
577.3333333333334,3.5,421.0,2.6666666666666665,1,926.0,0.0,0.0,0.0
564.0,7.333333333333333,820.0,4.0,0,691.0,0.0,0.0,0.0
740.1666666666666,10.0,1201.0,2.6666666666666665,1,2089.0,0.0,0.0,0.0
582.0,8.0,15.0,4.0,0,1259.0,0.0,0.0,0.0
424.3333333333333,6.333333333333333,436.0,2.0,0,4.0,0.0,0.0,0.0
94.0,1.5,392.0,4.0,0,236.0,25.125,12.0,0.0
963.25,20.33333333333333,1824.0,4.0,1,738.0,0.0,0.0,0.0
612.75,17.75,353.0,4.0,0,1003.0,0.0,0.0,0.0
568.0,3.5,101.0,4.0,1,677.0,0.0,0.0,0.0
400.5,3.0,456.0,4.0,1,318.0,0.0,0.0,0.0
25.0,0.5,429.0,4.0,1,186.0,25.76923076923077,15.0,0.0
432.3333333333333,3.5,423.0,4.0,1,265.0,0.0,0.0,0.0
212.66666666666663,6.0,659.0,4.0,1,216.0,0.0,0.0,0.0
77.5,3.0,1065.0,4.0,1,249.0,0.0,0.0,0.0
257.5,1.5,500.0,4.0,1,485.0,0.0,0.0,0.0
472.0,5.25,445.0,2.6666666666666665,1,9.0,0.0,0.0,0.0
144.5,9.5,629.0,2.0,1,76.0,0.0,0.0,0.0
448.0,5.5,337.0,2.6666666666666665,0,74.0,0.0,0.0,0.0
67.75,5.0,602.0,4.0,1,311.0,0.0,0.0,0.0
71.25,2.5,589.0,4.0,1,1037.0,20.22222222222222,10.0,0.0
407.75,6.0,146.0,4.0,1,1135.0,0.0,0.0,0.0
659.0,6.0,840.0,4.0,1,563.0,0.0,0.0,0.0
353.5,5.0,379.0,4.0,1,434.0,0.0,0.0,0.0
188.25,3.0,451.0,4.0,1,139.0,10.833333333333334,5.0,0.0
8.75,2.5,912.0,4.0,1,0.0,24.214285714285715,8.0,0.0
97.2,1.5,391.0,4.0,0,539.0,24.95833333333333,11.0,0.0
27.5,0.5,722.0,4.0,0,195.0,29.4,21.0,0.0
754.5,9.5,1545.0,2.0,1,1723.0,0.0,0.0,0.0
540.25,4.5,26.0,4.0,1,149.0,0.0,0.0,0.0
74.25,2.0,522.0,4.0,1,358.0,25.5,14.0,0.0
284.5,3.0,893.0,4.0,1,185.0,0.0,0.0,0.0
368.6666666666667,7.5,603.0,4.0,1,251.0,0.0,0.0,0.0
73.66666666666667,3.5,510.0,4.0,1,259.0,11.0,2.0,0.0
243.3333333333333,6.5,207.0,4.0,1,537.0,0.0,0.0,0.0
679.25,11.666666666666666,577.0,4.5,0,1169.0,0.0,0.0,0.0
1045.5,12.0,1086.0,4.0,0,2642.0,0.0,0.0,0.0
313.0,2.5,260.0,4.0,1,305.0,0.0,0.0,0.0
594.1666666666666,12.666666666666666,298.0,4.0,0,1042.0,0.0,0.0,0.0
350.6666666666667,3.0,348.0,4.0,1,1310.0,0.0,0.0,0.0
57.5,2.5,105.0,3.5,0,545.0,0.0,0.0,0.0
224.5,5.0,893.0,4.0,1,688.0,0.0,0.0,0.0
348.75,3.5,454.0,2.0,1,7.0,0.0,0.0,0.0
586.75,7.5,269.0,4.0,0,1844.0,0.0,0.0,0.0
794.6666666666666,4.5,1617.0,4.5,1,2615.0,0.0,0.0,0.0
1085.3333333333333,12.0,1452.0,4.5,0,402.0,0.0,0.0,0.0
191.75,4.0,633.0,4.0,1,11.0,0.0,0.0,0.0
788.25,15.2,1355.0,4.5,1,61.0,0.0,0.0,0.0
10.25,3.0,118.0,4.0,1,186.0,25.5,14.0,0.0
283.25,4.5,186.0,4.0,1,202.0,0.0,0.0,0.0
954.3333333333334,9.0,1762.0,4.0,0,323.0,0.0,0.0,0.0
285.25,4.5,87.0,4.0,1,805.0,0.0,0.0,0.0
607.5,7.4,325.0,4.0,0,1053.0,0.0,0.0,0.0
984.0,12.333333333333334,124.0,4.0,1,393.0,0.0,0.0,0.0
418.75,3.5,596.0,4.0,1,246.0,0.0,0.0,0.0
547.25,7.333333333333333,122.0,4.0,1,412.0,0.0,0.0,0.0
1150.5,27.0,1772.0,5.0,0,183.0,0.0,0.0,0.0
750.2222222222222,8.0,1613.0,2.5,1,1718.0,0.0,0.0,0.0
231.25,2.5,220.0,4.0,1,72.0,0.0,0.0,0.0
209.5,5.833333333333333,259.0,4.0,1,267.0,0.0,0.0,0.0
640.0,9.0,1056.0,4.0,0,1229.0,0.0,0.0,0.0
343.8888888888889,4.0,377.0,4.0,1,354.0,0.0,0.0,0.0
1022.25,8.666666666666666,1708.0,4.0,1,3448.0,0.0,0.0,0.0
814.75,6.5,1914.0,4.0,1,2897.0,0.0,0.0,0.0
445.25,8.5,187.0,4.0,1,205.0,0.0,0.0,0.0
579.0,7.5,0.0,4.0,1,802.0,0.0,0.0,0.0
172.25,15.5,395.0,4.0,1,503.0,0.0,0.0,0.0
510.75,3.5,33.0,4.0,0,10.0,0.0,0.0,0.0
446.0,5.5,225.0,4.0,1,238.0,0.0,0.0,0.0
258.75,2.0,637.0,4.0,1,59.0,0.0,0.0,0.0
1206.5,9.5,1933.0,4.0,1,1367.0,0.0,0.0,0.0
722.0,11.666666666666666,705.0,5.0,0,1544.0,0.0,0.0,0.0
330.0,1.5,162.0,4.0,1,595.0,0.0,0.0,0.0
283.0,8.25,209.0,4.0,0,639.0,0.0,0.0,0.0
328.6666666666667,4.5,82.0,2.0,1,27.0,0.0,0.0,0.0
1233.5,15.5,735.0,4.5,0,1846.0,0.0,0.0,0.0
20.0,1.0,359.0,4.0,1,834.0,0.0,0.0,0.0
91.25,1.5,907.0,4.0,0,79.0,30.5,2.0,0.0
273.75,6.0,309.0,4.0,1,718.0,0.0,0.0,0.0
240.5,3.5,886.0,4.0,1,231.0,0.0,0.0,0.0
450.25,4.0,270.0,4.0,1,529.0,0.0,0.0,0.0
435.75,7.5,148.0,4.0,1,442.0,0.0,0.0,0.0
839.5,11.25,1590.0,4.5,1,1810.0,0.0,0.0,0.0
460.0,2.0,68.0,4.0,1,409.0,0.0,0.0,0.0
615.8333333333334,6.0,727.0,4.0,0,1746.0,0.0,0.0,0.0
52.75,2.5,259.0,4.0,0,489.0,22.86206896551724,19.0,0.0
372.3333333333333,6.666666666666667,235.0,4.0,1,106.0,0.0,0.0,0.0
813.25,10.0,502.0,4.5,1,2238.0,0.0,0.0,0.0
1535.6666666666667,15.75,2204.0,4.0,1,354.0,0.0,0.0,0.0
95.83333333333331,2.0,491.0,4.0,0,504.0,25.318181818181817,17.0,0.0
41.75,1.5,430.0,4.0,1,174.0,0.0,0.0,0.0
27.0,1.5,800.0,4.0,0,538.0,27.384615384615383,7.0,0.0
144.75,1.5,106.0,4.0,1,384.0,0.0,0.0,0.0
415.75,6.0,269.0,2.0,1,12.0,0.0,0.0,0.0
318.8333333333333,11.2,119.0,4.0,1,387.0,0.0,0.0,0.0
693.75,10.833333333333334,589.0,4.5,1,1269.0,0.0,0.0,0.0
1267.5,10.0,1122.0,4.0,1,847.0,0.0,0.0,0.0
1129.2,9.75,1435.0,2.0,1,1187.0,0.0,0.0,0.0
436.6666666666667,5.5,143.0,4.0,1,1306.0,0.0,0.0,0.0
171.25,1.5,194.0,4.0,0,5.0,0.0,0.0,0.0
505.0,5.75,252.0,2.6666666666666665,0,328.0,0.0,0.0,0.0
790.5,4.333333333333333,1603.0,4.5,1,2581.0,0.0,0.0,0.0
61.5,1.0,529.0,4.0,1,135.0,32.75,9.0,0.0
549.25,9.25,493.0,4.0,0,120.0,0.0,0.0,0.0
892.25,6.666666666666667,1845.0,4.0,1,3542.0,0.0,0.0,0.0
522.8333333333334,4.5,22.0,4.0,1,573.0,0.0,0.0,0.0
889.5,4.0,797.0,4.0,1,369.0,0.0,0.0,0.0
282.4,3.4,266.0,4.0,0,211.0,0.0,0.0,0.0
446.25,3.0,2.0,4.0,0,1419.0,0.0,0.0,0.0
341.8333333333333,4.6,180.0,4.0,0,194.0,0.0,0.0,0.0
1754.25,14.666666666666666,859.0,4.0,0,309.0,0.0,0.0,0.0
245.5,3.5,569.0,4.0,1,133.0,0.0,0.0,0.0
22.5,1.0,741.0,4.0,1,378.0,0.0,0.0,0.0
657.75,10.5,135.0,4.0,1,657.0,0.0,0.0,0.0
677.75,9.0,1065.0,2.0,0,1334.0,0.0,0.0,0.0
595.5,5.5,360.0,4.0,1,629.0,0.0,0.0,0.0
45.25,4.0,943.0,4.0,0,521.0,35.0,2.0,0.0
614.0,21.83333333333333,150.0,5.0,1,2131.0,0.0,0.0,0.0
938.25,16.0,1746.0,4.5,1,540.0,0.0,0.0,0.0
742.25,5.5,1069.0,4.0,1,400.0,0.0,0.0,0.0
633.625,5.5,397.0,4.5,1,260.0,0.0,0.0,0.0
428.75,5.0,119.0,4.0,0,270.0,0.0,0.0,0.0
88.0,3.0,364.0,4.0,1,557.0,22.375,6.0,0.0
520.5,8.833333333333334,273.0,4.0,0,788.0,0.0,0.0,0.0
878.6666666666666,9.0,1874.0,4.0,1,3040.0,0.0,0.0,0.0
1.5,1.4,677.0,2.5,1,491.0,21.0,8.0,0.0
484.25,3.5,619.0,4.0,1,455.0,0.0,0.0,0.0
925.0,14.0,1385.0,4.0,1,2424.0,0.0,0.0,0.0
1172.0,30.0,640.0,4.0,1,216.0,0.0,0.0,0.0
895.75,7.5,1939.0,4.0,1,3574.0,0.0,0.0,0.0
545.25,3.6666666666666665,471.0,2.0,0,596.0,0.0,0.0,0.0
37.6,2.0,1415.0,2.0,0,403.0,28.625,10.0,0.0
69.5,13.5,245.0,4.0,0,470.0,0.0,0.0,0.0
218.25,3.5,409.0,4.0,0,53.0,0.0,0.0,0.0
45.75,1.0,456.0,4.0,0,102.0,19.4,2.0,0.0
137.0,2.0,840.0,4.0,0,371.0,0.0,0.0,0.0
1399.75,11.0,528.0,4.0,1,505.0,0.0,0.0,0.0
290.4,5.0,100.0,4.0,0,1105.0,0.0,0.0,0.0
362.25,3.5,598.0,4.0,0,683.0,0.0,0.0,0.0
559.25,6.5,352.0,4.0,1,548.0,0.0,0.0,0.0
468.5,7.75,146.0,4.5,1,1577.0,0.0,0.0,0.0
16.75,2.0,471.0,3.5,0,610.0,0.0,0.0,0.0
165.75,3.5,162.0,4.0,0,210.0,0.0,0.0,0.0
542.0,14.25,311.0,4.0,1,436.0,0.0,0.0,0.0
153.0,12.25,310.0,4.0,1,542.0,0.0,0.0,0.0
11.666666666666666,3.5,804.0,3.5,1,295.0,0.0,0.0,0.0
704.25,11.75,602.0,4.5,1,2178.0,0.0,0.0,0.0
131.5,2.333333333333333,650.0,2.0,1,66.0,0.0,0.0,0.0
264.4,5.0,51.0,4.0,0,307.0,0.0,0.0,0.0
401.25,6.666666666666667,201.0,4.0,1,1034.0,0.0,0.0,0.0
1201.0,23.0,1599.0,5.0,1,220.0,0.0,0.0,0.0
423.75,5.5,61.0,4.0,1,1183.0,0.0,0.0,0.0
51.4,1.5,998.0,2.6666666666666665,1,0.0,0.0,0.0,0.0
379.25,3.5,644.0,4.0,1,785.0,0.0,0.0,0.0
40.75,2.0,1315.0,4.0,1,79.0,25.043478260869566,15.0,0.0
87.4,1.5,616.0,4.0,1,201.0,26.0,6.0,0.0
239.3333333333333,3.5,459.0,4.0,0,205.0,0.0,0.0,0.0
809.0,14.5,271.0,5.0,0,3067.0,0.0,0.0,0.0
150.33333333333334,2.0,135.0,4.0,1,63.0,0.0,0.0,0.0
804.25,11.5,1587.0,4.0,0,1612.0,0.0,0.0,0.0
1102.75,13.0,693.0,4.0,0,1396.0,0.0,0.0,0.0
65.0,2.5,549.0,4.5,1,446.0,26.157894736842103,13.0,0.0
577.25,5.5,147.0,4.0,1,579.0,0.0,0.0,0.0
131.0,3.5,861.0,4.0,1,248.0,0.0,0.0,0.0
1589.1666666666667,9.0,477.0,4.0,1,453.0,0.0,0.0,0.0
242.5,5.333333333333333,640.0,4.0,1,87.0,0.0,0.0,0.0
86.0,1.5,196.0,4.0,1,316.0,0.0,0.0,0.0
442.0,3.5,61.0,4.0,1,347.0,0.0,0.0,0.0
473.3333333333333,5.5,320.0,4.0,1,149.0,0.0,0.0,0.0
134.5,2.6666666666666665,762.0,4.5,0,193.0,0.0,0.0,0.0
439.25,2.5,83.0,4.0,0,812.0,0.0,0.0,0.0
1358.5,14.5,1780.0,4.0,1,640.0,0.0,0.0,0.0
424.25,5.5,123.0,2.0,1,361.0,0.0,0.0,0.0
349.0,4.5,334.0,4.0,1,359.0,0.0,0.0,0.0
367.25,4.0,362.0,4.0,0,1103.0,0.0,0.0,0.0
119.83333333333331,4.5,278.0,4.0,1,640.0,25.5,3.0,0.0
37.333333333333336,2.0,709.0,4.0,1,949.0,68.0,0.0,0.0
1285.25,8.0,1292.0,4.0,1,337.0,0.0,0.0,0.0
482.1666666666667,7.0,706.0,4.0,1,391.0,0.0,0.0,0.0
9.0,1.0,797.0,4.0,0,439.0,11.333333333333334,2.0,0.0
691.75,15.5,701.0,4.5,1,2554.0,0.0,0.0,0.0
998.0,10.75,1403.0,4.5,1,664.0,0.0,0.0,0.0
285.0,3.0,332.0,4.0,0,176.0,11.666666666666666,1.0,0.0
489.25,10.5,528.0,4.0,0,1087.0,0.0,0.0,0.0
734.6666666666666,9.666666666666666,1265.0,4.0,0,1140.0,0.0,0.0,0.0
386.5,4.333333333333333,471.0,4.0,0,278.0,0.0,0.0,0.0
194.66666666666663,3.5,786.0,2.6666666666666665,0,14.0,7.6,5.0,0.0
376.8333333333333,8.5,710.0,4.0,1,421.0,0.0,0.0,0.0
383.0,4.5,390.0,4.0,0,298.0,0.0,0.0,0.0
786.0,4.25,1137.0,4.0,1,2281.0,0.0,0.0,0.0
436.75,4.5,242.0,4.0,1,850.0,0.0,0.0,0.0
417.0,5.5,151.0,4.0,1,1224.0,0.0,0.0,0.0
1150.0,6.75,478.0,4.0,1,2381.0,0.0,0.0,0.0
350.0,3.5,194.0,4.0,1,1455.0,0.0,0.0,0.0
557.1666666666666,5.5,153.0,2.0,1,463.0,0.0,0.0,0.0
553.2,5.5,21.0,4.5,1,1957.0,0.0,0.0,0.0
48.25,1.5,90.0,4.0,1,417.0,0.0,0.0,0.0
239.25,4.333333333333333,445.0,4.0,1,369.0,0.0,0.0,0.0
230.0,2.5,454.0,4.0,0,196.0,20.666666666666668,5.0,0.0
836.8333333333334,18.8,65.0,4.5,1,2560.0,0.0,0.0,0.0
120.66666666666669,2.5,224.0,4.0,1,140.0,0.0,0.0,0.0
25.0,1.0,854.0,4.0,1,742.0,0.0,0.0,0.0
512.3333333333334,3.5,468.0,4.0,1,181.0,0.0,0.0,0.0
564.0,4.5,22.0,4.0,0,595.0,0.0,0.0,0.0
536.25,8.75,481.0,4.0,1,552.0,0.0,0.0,0.0
25.5,0.5,816.0,4.0,0,614.0,0.0,0.0,0.0
907.7,11.333333333333334,1468.0,4.0,1,1966.0,0.0,0.0,0.0
371.0,3.5,535.0,4.0,1,911.0,0.0,0.0,0.0
371.0,2.5,618.0,4.0,1,129.0,0.0,0.0,0.0
1443.5,16.666666666666668,653.0,4.5,1,217.0,0.0,0.0,0.0
778.25,5.5,1494.0,2.6666666666666665,1,2427.0,0.0,0.0,0.0
91.5,4.5,958.0,4.0,0,492.0,0.0,0.0,0.0
88.0,1.5,764.0,4.0,0,1050.0,30.625,4.0,0.0
237.5,4.0,633.0,4.0,0,267.0,23.75,1.0,0.0
598.0,3.0,728.0,4.0,1,1921.0,0.0,0.0,0.0
697.75,5.5,557.0,4.0,1,1646.0,0.0,0.0,0.0
46.333333333333336,1.5,1361.0,4.0,1,222.0,31.727272727272727,9.0,0.0
112.33333333333331,2.0,242.0,4.0,1,263.0,0.0,0.0,0.0
103.5,2.5,143.0,4.0,0,115.0,27.25,2.0,0.0
344.8333333333333,3.333333333333333,215.0,2.6666666666666665,1,0.0,0.0,0.0,0.0
650.5,7.0,603.0,4.5,1,379.0,0.0,0.0,0.0
396.5,11.25,832.0,4.0,0,634.0,0.0,0.0,0.0
459.5,4.0,334.0,4.0,1,1273.0,0.0,0.0,0.0
136.75,5.0,743.0,4.0,1,328.0,0.0,0.0,0.0
555.3333333333334,8.5,201.0,4.0,1,357.0,0.0,0.0,0.0
1184.1666666666667,8.333333333333334,408.0,4.0,0,1397.0,0.0,0.0,0.0
1214.5,6.0,240.0,4.0,1,2018.0,0.0,0.0,0.0
558.25,6.6,210.0,4.0,1,781.0,23.5,1.0,0.0
26.0,1.0,999.0,4.0,0,976.0,0.0,0.0,0.0
515.25,6.0,591.0,4.0,1,525.0,0.0,0.0,0.0
572.0,8.5,414.0,4.0,1,849.0,0.0,0.0,0.0
1195.5,10.5,1835.0,4.0,1,1318.0,0.0,0.0,0.0
534.0,13.25,614.0,4.5,0,1951.0,0.0,0.0,0.0
434.75,7.0,329.0,3.5,1,310.0,0.0,0.0,0.0
204.66666666666663,3.75,768.0,4.0,1,94.0,0.0,0.0,0.0
91.66666666666669,2.333333333333333,333.0,4.0,0,393.0,34.6,6.0,0.0
68.0,0.5,528.0,4.0,0,577.0,25.473684210526315,11.0,0.0
558.25,7.0,81.0,4.0,1,857.0,11.5,0.0,0.0
36.0,2.5,343.0,4.5,1,350.0,31.0,6.0,0.0
300.25,6.75,364.0,4.0,1,166.0,0.0,0.0,0.0
775.0,12.5,1259.0,4.5,0,73.0,0.0,0.0,0.0
339.25,6.4,59.0,4.0,0,626.0,0.0,0.0,0.0
133.5,3.6666666666666665,449.0,4.0,1,475.0,0.0,0.0,0.0
459.6666666666667,5.0,288.0,4.0,1,173.0,0.0,0.0,0.0
242.0,7.0,271.0,2.0,1,69.0,0.0,0.0,0.0
767.5,5.5,1394.0,2.6666666666666665,0,2331.0,0.0,0.0,0.0
233.8333333333333,3.5,375.0,2.6666666666666665,0,0.0,0.0,0.0,0.0
751.0,6.0,1059.0,4.0,1,254.0,0.0,0.0,0.0
789.75,13.25,1595.0,4.0,0,1691.0,0.0,0.0,0.0
222.25,7.0,1024.0,4.0,1,805.0,0.0,0.0,0.0
731.25,8.666666666666666,1144.0,4.0,0,1673.0,0.0,0.0,0.0
329.75,6.0,408.0,2.0,1,481.0,0.0,0.0,0.0
739.5,15.0,1214.0,5.0,1,986.0,0.0,0.0,0.0
151.5,2.5,466.0,4.0,0,115.0,0.0,0.0,0.0
384.0,4.4,152.0,4.5,0,32.0,0.0,0.0,0.0
119.0,4.5,255.0,4.0,1,143.0,23.25,2.0,0.0
519.75,3.0,566.0,4.0,0,814.0,0.0,0.0,0.0
475.0,16.75,257.0,4.0,0,140.0,0.0,0.0,0.0
56.0,3.5,90.0,4.5,1,26.0,28.428571428571427,3.0,0.0
503.3333333333333,6.0,611.0,4.0,1,170.0,0.0,0.0,0.0
252.5,5.5,141.0,4.0,0,260.0,0.0,0.0,0.0
453.5,8.0,672.0,2.0,1,789.0,0.0,0.0,0.0
696.6666666666666,8.4,1086.0,4.5,1,1846.0,0.0,0.0,0.0
583.6666666666666,5.333333333333333,436.0,2.0,1,1018.0,0.0,0.0,0.0
88.0,4.25,475.0,4.5,1,484.0,26.83333333333333,14.0,0.0
847.5,1.5,674.0,4.0,1,3235.0,0.0,0.0,0.0
43.25,4.0,246.0,4.0,1,743.0,0.0,0.0,0.0
828.5,6.5,1052.0,4.0,0,3751.0,0.0,0.0,0.0
980.3333333333334,20.25,626.0,5.0,1,1046.0,0.0,0.0,0.0
125.25,2.0,149.0,4.0,1,340.0,32.5,2.0,0.0
733.0,8.0,830.0,4.0,1,1731.0,0.0,0.0,0.0
720.5,7.25,1295.0,2.6666666666666665,0,848.0,0.0,0.0,0.0
398.5,4.5,488.0,4.0,1,1371.0,0.0,0.0,0.0
190.75,5.0,1056.0,4.0,1,304.0,0.0,0.0,0.0
355.8333333333333,8.8,744.0,4.0,1,133.0,0.0,0.0,0.0
249.4,5.0,545.0,4.0,1,819.0,0.0,0.0,0.0
1665.3333333333333,15.0,356.0,4.0,1,1153.0,0.0,0.0,0.0
403.0,8.333333333333334,192.0,4.0,0,992.0,0.0,0.0,0.0
33.5,0.5,370.0,4.0,0,437.0,14.13888888888889,25.0,0.0
132.25,2.0,575.0,3.0,0,9.0,0.0,0.0,0.0
47.0,1.5,518.0,2.0,1,4.0,38.66666666666666,2.0,0.0
597.25,9.0,279.0,4.0,1,335.0,0.0,0.0,0.0
628.25,7.5,1022.0,4.0,1,1167.0,0.0,0.0,0.0
103.66666666666669,2.0,81.0,4.0,1,499.0,0.0,0.0,0.0
559.75,9.25,758.0,4.0,1,653.0,0.0,0.0,0.0
677.5,10.2,1287.0,4.0,1,1369.0,0.0,0.0,0.0
26.0,1.6666666666666667,702.0,4.0,0,642.0,0.0,0.0,0.0
1127.0,27.75,450.0,4.0,1,435.0,0.0,0.0,0.0
582.0,2.6666666666666665,950.0,4.0,0,2413.0,0.0,0.0,0.0
935.75,27.0,588.0,5.0,1,1208.0,0.0,0.0,0.0
25.5,1.5,717.0,4.0,0,707.0,0.0,0.0,0.0
448.0,2.5,55.0,4.0,0,1592.0,30.0,1.0,0.0
458.25,6.5,324.0,2.6666666666666665,1,115.0,0.0,0.0,0.0
399.0,5.5,346.0,4.0,0,1242.0,0.0,0.0,0.0
559.0,4.0,7.0,4.0,1,380.0,0.0,0.0,0.0
33.666666666666664,1.5,421.0,4.0,1,374.0,0.0,0.0,0.0
38.75,1.5,214.0,4.0,1,685.0,30.25,6.0,0.0
271.0,3.0,370.0,2.6666666666666665,1,17.0,0.0,0.0,0.0
150.5,3.5,376.0,4.0,0,145.0,32.2,5.0,0.0
766.5,16.333333333333332,1040.0,4.0,1,210.0,0.0,0.0,0.0
536.7777777777778,3.5,193.0,4.0,1,331.0,0.0,0.0,0.0
401.75,6.333333333333333,282.0,4.0,1,481.0,0.0,0.0,0.0
208.75,3.0,309.0,2.0,1,5.0,0.0,0.0,0.0
369.8333333333333,12.666666666666666,731.0,4.0,1,796.0,0.0,0.0,0.0
664.5,11.5,1187.0,4.5,1,1273.0,0.0,0.0,0.0
376.3333333333333,5.0,216.0,4.0,1,309.0,0.0,0.0,0.0
30.666666666666668,1.5,1002.0,4.5,0,704.0,36.71428571428572,4.0,0.0
1044.75,17.0,277.0,5.0,1,513.0,0.0,0.0,0.0
653.6666666666666,5.5,205.0,4.0,1,935.0,0.0,0.0,0.0
127.5,2.6666666666666665,601.0,4.5,1,259.0,23.571428571428573,5.0,0.0
46.75,2.25,323.0,3.5,1,118.0,0.0,0.0,0.0
253.75,4.0,156.0,4.0,0,952.0,0.0,0.0,0.0
303.8333333333333,5.0,113.0,2.0,1,26.0,0.0,0.0,0.0
312.0,4.0,326.0,4.0,1,750.0,0.0,0.0,0.0
749.5,12.25,1094.0,5.0,1,1226.0,0.0,0.0,0.0
52.16666666666666,3.0,592.0,4.0,1,368.0,28.565217391304348,14.0,0.0
1201.3333333333333,12.5,2543.0,4.0,0,1305.0,0.0,0.0,0.0
160.0,3.25,604.0,4.0,1,158.0,0.0,0.0,0.0
359.0,5.0,369.0,4.0,1,1180.0,0.0,0.0,0.0
958.0,23.33333333333333,591.0,5.0,1,1121.0,0.0,0.0,0.0
534.75,5.5,186.0,4.0,0,276.0,0.0,0.0,0.0
718.0,6.5,1197.0,4.5,1,2205.0,0.0,0.0,0.0
639.0,6.333333333333333,685.0,4.0,1,660.0,0.0,0.0,0.0
441.0,6.0,173.0,4.0,1,1453.0,0.0,0.0,0.0
407.75,4.5,189.0,4.0,1,440.0,0.0,0.0,0.0
104.0,5.5,763.0,4.0,1,405.0,0.0,0.0,0.0
549.5,3.75,295.0,4.0,1,488.0,0.0,0.0,0.0
21.5,1.5,480.0,2.0,1,58.0,0.0,0.0,0.0
1206.5,15.333333333333334,2404.0,4.5,1,1216.0,0.0,0.0,0.0
694.5,5.0,1034.0,4.0,1,415.0,0.0,0.0,0.0
286.0,3.5,343.0,4.0,1,82.0,36.4,4.0,0.0
1057.5,4.0,1874.0,4.0,1,3780.0,0.0,0.0,0.0
8.25,2.0,191.0,4.5,0,45.0,34.15384615384615,8.0,0.0
311.0,8.0,396.0,4.0,0,59.0,0.0,0.0,0.0
531.8333333333334,4.5,37.0,2.0,1,466.0,0.0,0.0,0.0
259.0,3.0,174.0,4.0,1,569.0,34.666666666666664,2.0,0.0
767.0,5.5,1395.0,2.0,1,2306.0,0.0,0.0,0.0
110.0,2.0,405.0,4.0,0,178.0,40.5,3.0,0.0
374.25,4.5,245.0,4.0,1,631.0,0.0,0.0,0.0
351.75,6.5,343.0,2.0,1,644.0,0.0,0.0,0.0
1347.0,17.5,1607.0,4.0,1,434.0,0.0,0.0,0.0
395.5,6.5,254.0,4.0,1,1103.0,0.0,0.0,0.0
349.25,5.5,479.0,4.0,1,701.0,0.0,0.0,0.0
145.2,1.5,906.0,4.0,1,337.0,23.5,0.0,0.0
268.6666666666667,3.0,364.0,2.6666666666666665,1,15.0,20.0,6.0,0.0
294.6,2.5,496.0,4.0,1,613.0,0.0,0.0,0.0
810.0,6.5,1795.0,2.0,1,2697.0,0.0,0.0,0.0
15.5,4.5,681.0,3.25,0,43.0,0.0,0.0,0.0
127.8,7.0,320.0,4.0,0,516.0,0.0,0.0,0.0
1247.75,20.83333333333333,726.0,5.0,0,2043.0,0.0,0.0,0.0
134.25,3.5,404.0,4.0,1,93.0,36.72727272727273,7.0,0.0
60.5,2.0,603.0,4.0,1,970.0,0.0,0.0,0.0
754.0,5.5,1211.0,4.0,1,437.0,0.0,0.0,0.0
354.25,4.5,210.0,4.0,1,124.0,31.0,6.0,0.0
75.5,1.5,286.0,4.0,1,181.0,0.0,0.0,0.0
467.0,5.5,288.0,4.0,1,750.0,0.0,0.0,0.0
385.75,4.5,148.0,4.0,1,165.0,0.0,0.0,0.0
81.75,2.0,651.0,3.5,1,815.0,0.0,0.0,0.0
38.75,6.0,417.0,4.0,0,896.0,0.0,0.0,0.0
25.0,0.0,639.0,4.0,1,904.0,0.0,0.0,0.0
248.0,4.333333333333333,323.0,4.0,1,178.0,0.0,0.0,0.0
25.666666666666668,2.0,339.0,4.0,1,134.0,0.0,0.0,0.0
412.6,3.5,596.0,4.0,0,529.0,0.0,0.0,0.0
191.5,12.0,388.0,4.0,1,177.0,0.0,0.0,0.0
142.5,2.0,941.0,4.0,0,210.0,26.33333333333333,14.0,0.0
253.25,5.0,270.0,4.0,1,154.0,0.0,0.0,0.0
152.5,1.0,359.0,4.0,1,392.0,0.0,0.0,0.0
696.75,9.0,1384.0,4.5,1,1443.0,0.0,0.0,0.0
4.5,3.333333333333333,826.0,2.0,0,1488.0,0.0,0.0,0.0
204.75,4.0,861.0,4.0,0,640.0,0.0,0.0,0.0
306.6,4.5,677.0,4.0,1,368.0,0.0,0.0,0.0
846.6666666666666,8.166666666666666,835.0,4.5,1,2934.0,0.0,0.0,0.0
338.75,5.0,54.0,4.0,1,219.0,34.333333333333336,2.0,0.0
324.25,4.5,285.0,4.0,0,1252.0,0.0,0.0,0.0
655.0,6.5,822.0,4.0,1,1457.0,0.0,0.0,0.0
664.5,4.5,215.0,4.0,0,286.0,0.0,0.0,0.0
369.75,8.0,685.0,4.0,1,153.0,0.0,0.0,0.0
136.25,4.5,1016.0,4.0,1,233.0,0.0,0.0,0.0
90.75,3.0,490.0,4.0,0,336.0,29.08333333333333,8.0,0.0
173.0,3.0,535.0,2.0,0,51.0,16.0,0.0,0.0
481.3333333333333,8.5,116.0,4.0,1,363.0,0.0,0.0,0.0
40.0,2.0,298.0,4.0,1,124.0,36.0,2.0,0.0
107.0,2.5,510.0,4.0,1,151.0,20.33333333333333,5.0,0.0
247.5,4.5,602.0,4.0,1,286.0,0.0,0.0,0.0
498.5,6.5,202.0,4.0,1,143.0,0.0,0.0,0.0
443.25,6.333333333333333,301.0,4.0,1,375.0,0.0,0.0,0.0
90.5,2.0,1117.0,4.0,1,570.0,30.5,12.0,0.0
263.5,2.5,54.0,4.0,1,187.0,0.0,0.0,0.0
111.0,3.0,410.0,4.0,1,59.0,0.0,0.0,0.0
1293.5,8.75,973.0,4.0,0,1479.0,0.0,0.0,0.0
171.83333333333334,2.6666666666666665,469.0,4.0,1,276.0,29.9375,13.0,0.0
130.0,4.5,324.0,4.0,1,332.0,31.375,6.0,0.0
27.666666666666668,1.5,288.0,4.0,1,281.0,51.44444444444444,4.0,0.0
94.5,2.0,564.0,4.0,1,102.0,0.0,0.0,0.0
93.0,2.5,741.0,4.0,1,465.0,10.071428571428571,10.0,0.0
130.5,2.0,241.0,3.5,0,218.0,48.0,5.0,0.0
334.25,4.5,343.0,4.0,1,96.0,0.0,0.0,0.0
532.0,5.0,305.0,4.0,1,575.0,25.0,3.0,0.0
182.0,5.5,366.0,4.0,1,198.0,0.0,0.0,0.0
342.0,7.0,371.0,2.0,0,65.0,0.0,0.0,0.0
626.0,13.75,653.0,5.0,1,2381.0,0.0,0.0,0.0
975.0,16.0,1199.0,5.0,0,1421.0,0.0,0.0,0.0
95.71428571428572,3.0,999.0,4.0,0,147.0,34.86666666666667,11.0,0.0
822.25,9.5,1867.0,4.0,0,1034.0,0.0,0.0,0.0
497.0,8.0,435.0,4.0,1,279.0,0.0,0.0,0.0
495.1666666666667,3.0,39.0,4.0,1,244.0,0.0,0.0,0.0
184.375,1.5,305.0,4.0,0,231.0,0.0,0.0,0.0
1220.75,7.5,606.0,4.0,0,1360.0,0.0,0.0,0.0
836.25,7.5,1146.0,4.0,1,325.0,0.0,0.0,0.0
794.75,8.5,1025.0,4.0,1,3796.0,0.0,0.0,0.0
26.75,2.0,796.0,4.5,0,785.0,8.0,1.0,0.0
270.25,4.0,287.0,2.0,1,95.0,0.0,0.0,0.0
783.25,9.0,1542.0,4.0,1,57.0,0.0,0.0,0.0
729.5,6.5,623.0,4.0,1,843.0,0.0,0.0,0.0
499.0,5.0,294.0,2.0,0,119.0,0.0,0.0,0.0
1584.0,9.5,577.0,4.0,0,360.0,0.0,0.0,0.0
287.25,3.0,1002.0,4.0,1,497.0,0.0,0.0,0.0
95.6,3.4,524.0,4.0,1,343.0,0.0,0.0,0.0
101.5,1.5,726.0,4.0,1,935.0,29.666666666666668,12.0,0.0
35.833333333333336,2.5,283.0,4.0,1,251.0,31.6,5.0,0.0
617.4,7.666666666666667,656.0,5.0,1,1205.0,0.0,0.0,0.0
704.0,9.0,1236.0,4.0,1,1954.0,0.0,0.0,0.0
144.33333333333334,2.5,343.0,4.0,0,189.0,35.666666666666664,1.0,0.0
489.6666666666667,7.5,475.0,4.0,1,582.0,0.0,0.0,0.0
491.6666666666667,7.0,301.0,4.0,1,758.0,0.0,0.0,0.0
331.3333333333333,3.0,536.0,4.0,1,155.0,0.0,0.0,0.0
56.0,1.0,318.0,4.0,1,733.0,0.0,0.0,0.0
541.6666666666666,9.666666666666666,373.0,4.5,1,1098.0,0.0,0.0,0.0
895.6666666666666,17.5,1776.0,4.0,1,1441.0,0.0,0.0,0.0
1423.0,12.5,466.0,4.0,1,481.0,0.0,0.0,0.0
215.0,5.0,47.0,2.0,1,100.0,0.0,0.0,0.0
529.5,7.75,376.0,4.0,0,335.0,0.0,0.0,0.0
288.0,5.0,258.0,4.0,1,837.0,0.0,0.0,0.0
306.5,6.25,0.0,4.0,1,115.0,0.0,0.0,0.0
393.0,3.5,436.0,4.0,1,183.0,0.0,0.0,0.0
116.0,1.0,280.0,4.0,1,683.0,0.0,0.0,0.0
1128.428571428571,21.75,78.0,5.0,1,611.0,0.0,0.0,0.0
1137.25,12.0,2181.0,4.0,1,1706.0,0.0,0.0,0.0
611.5,13.666666666666666,758.0,5.0,0,1606.0,0.0,0.0,0.0
24.5,1.0,767.0,4.0,0,954.0,0.0,0.0,0.0
456.0,4.0,155.0,4.0,0,1460.0,0.0,0.0,0.0
163.0,1.5,481.0,4.0,1,158.0,45.0,2.0,0.0
262.8333333333333,4.666666666666667,191.0,4.0,1,127.0,0.0,0.0,0.0
887.1666666666666,9.5,1367.0,5.0,1,1844.0,0.0,0.0,0.0
155.25,4.0,882.0,4.0,0,214.0,0.0,0.0,0.0
215.0,4.5,617.0,4.0,1,1013.0,16.0,2.0,0.0
554.0,5.0,386.0,4.0,1,877.0,0.0,0.0,0.0
298.75,5.5,748.0,4.0,1,515.0,0.0,0.0,0.0
328.75,3.0,171.0,4.0,0,217.0,35.333333333333336,2.0,0.0
501.75,3.5,56.0,4.0,1,226.0,0.0,0.0,0.0
258.0,5.666666666666667,943.0,4.0,1,298.0,19.0,0.0,0.0
21.5,1.25,1060.0,4.0,1,184.0,0.0,0.0,0.0
382.6666666666667,4.0,765.0,4.0,0,160.0,0.0,0.0,0.0
339.0,5.0,561.0,4.0,0,617.0,0.0,0.0,0.0
1161.25,8.5,510.0,4.0,1,1285.0,0.0,0.0,0.0
921.3333333333334,10.2,1457.0,4.0,1,1853.0,0.0,0.0,0.0
386.3333333333333,2.5,393.0,4.0,1,193.0,0.0,0.0,0.0
379.0,3.6666666666666665,433.0,4.0,1,64.0,0.0,0.0,0.0
229.5,4.0,414.0,4.0,0,97.0,0.0,0.0,0.0
475.3333333333333,3.0,372.0,4.0,1,895.0,0.0,0.0,0.0
834.75,12.833333333333334,1351.0,4.0,0,861.0,0.0,0.0,0.0
193.75,4.5,581.0,4.0,1,238.0,20.83333333333333,5.0,0.0
528.75,5.5,320.0,2.0,1,29.0,0.0,0.0,0.0
302.0,3.0,477.0,4.0,1,11.0,0.0,0.0,0.0
200.0,3.5,797.0,4.0,1,609.0,0.0,0.0,0.0
567.25,18.25,74.0,5.0,0,1677.0,0.0,0.0,0.0
255.75,4.0,138.0,2.0,1,403.0,37.66666666666666,2.0,0.0
24.0,1.5,398.0,4.0,1,404.0,31.05,13.0,0.0
1301.25,23.5,1279.0,2.5,1,399.0,0.0,0.0,0.0
33.6,2.0,357.0,4.0,0,436.0,20.823529411764707,13.0,0.0
115.83333333333331,1.0,180.0,4.0,1,738.0,46.25,2.0,0.0
881.25,8.0,2071.0,4.0,0,3461.0,0.0,0.0,0.0
88.0,1.0,892.0,4.0,0,679.0,29.125,11.0,0.0
120.0,2.0,127.0,4.0,1,52.0,25.5,4.0,0.0
322.0,9.25,690.0,4.0,1,210.0,0.0,0.0,0.0
310.25,3.5,579.0,4.0,1,454.0,0.0,0.0,0.0
509.75,5.5,406.0,4.0,0,172.0,0.0,0.0,0.0
456.0,4.0,223.0,4.0,1,212.0,0.0,0.0,0.0
669.5,6.666666666666667,115.0,4.0,1,510.0,0.0,0.0,0.0
654.0,10.5,925.0,4.0,1,1218.0,0.0,0.0,0.0
444.0,3.0,145.0,4.0,1,1499.0,0.0,0.0,0.0
1103.25,8.666666666666666,662.0,4.0,1,2390.0,0.0,0.0,0.0
28.0,1.5,1045.0,4.5,1,552.0,36.90909090909091,7.0,0.0
537.0,3.5,132.0,4.0,1,285.0,0.0,0.0,0.0
141.66666666666666,4.0,155.0,4.0,1,401.0,0.0,0.0,0.0
295.0,7.5,159.0,4.0,1,570.0,0.0,0.0,0.0
54.333333333333336,1.5,135.0,4.5,0,366.0,30.5,9.0,0.0
386.75,3.5,661.0,4.0,0,450.0,0.0,0.0,0.0
1059.5,5.0,1781.0,4.0,1,3677.0,0.0,0.0,0.0
680.6666666666666,6.0,512.0,4.0,1,1596.0,0.0,0.0,0.0
151.25,2.0,147.0,4.0,1,491.0,0.0,0.0,0.0
913.25,10.5,1515.0,4.5,0,1365.0,0.0,0.0,0.0
1584.3333333333333,11.25,378.0,4.0,0,547.0,0.0,0.0,0.0
322.0,11.75,317.0,4.0,0,222.0,0.0,0.0,0.0
330.0,6.0,280.0,4.0,1,95.0,0.0,0.0,0.0
166.5,4.333333333333333,373.0,2.0,0,56.0,0.0,0.0,0.0
674.5,6.0,432.0,4.0,1,1507.0,0.0,0.0,0.0
382.0,3.5,615.0,4.0,1,703.0,0.0,0.0,0.0
317.75,2.0,215.0,4.0,0,62.0,0.0,0.0,0.0
300.25,4.0,0.0,2.0,1,6.0,0.0,0.0,0.0
656.1666666666666,6.0,437.0,4.0,1,456.0,0.0,0.0,0.0
500.75,3.5,16.0,4.0,1,292.0,0.0,0.0,0.0
326.0,1.0,87.0,4.0,0,615.0,0.0,0.0,0.0
616.0,9.714285714285714,503.0,4.0,1,841.0,0.0,0.0,0.0
902.0,21.0,687.0,5.0,1,887.0,0.0,0.0,0.0
167.83333333333334,7.5,759.0,4.0,1,563.0,0.0,0.0,0.0
316.0,4.0,293.0,2.0,0,16.0,0.0,0.0,0.0
1585.5,15.5,1955.0,4.5,1,299.0,0.0,0.0,0.0
416.5,3.0,274.0,2.6666666666666665,1,29.0,26.33333333333333,5.0,0.0
214.7142857142857,2.5,129.0,4.0,1,345.0,33.0,0.0,0.0
133.33333333333334,2.0,860.0,4.0,1,476.0,0.0,0.0,0.0
577.3333333333334,6.5,298.0,2.0,1,845.0,0.0,0.0,0.0
284.5,4.0,1002.0,4.0,1,322.0,0.0,0.0,0.0
629.5,5.0,163.0,4.0,1,418.0,0.0,0.0,0.0
1138.75,6.0,347.0,4.0,1,1478.0,0.0,0.0,0.0
498.75,5.0,336.0,4.0,1,280.0,0.0,0.0,0.0
63.0,2.5,645.0,4.0,1,529.0,22.27777777777778,10.0,0.0
245.66666666666663,6.5,665.0,4.0,1,72.0,0.0,0.0,0.0
676.75,7.666666666666667,652.0,4.0,1,688.0,0.0,0.0,0.0
300.0,4.5,80.0,4.0,0,215.0,0.0,0.0,0.0
311.25,4.0,521.0,4.0,1,416.0,28.444444444444443,6.0,0.0
545.8,5.5,530.0,2.0,1,751.0,0.0,0.0,0.0
320.75,5.4,446.0,4.0,1,761.0,0.0,0.0,0.0
192.66666666666663,8.666666666666666,274.0,4.0,1,113.0,0.0,0.0,0.0
311.0,4.5,497.0,2.0,1,363.0,0.0,0.0,0.0
790.5,15.5,443.0,4.0,1,2168.0,0.0,0.0,0.0
117.0,2.5,693.0,4.0,0,609.0,0.0,0.0,0.0
408.0,3.333333333333333,174.0,4.0,1,136.0,29.55555555555556,7.0,0.0
562.1666666666666,5.0,34.0,2.0,1,846.0,0.0,0.0,0.0
381.0,5.5,297.0,4.0,0,1159.0,0.0,0.0,0.0
359.75,5.5,0.0,4.0,1,315.0,31.666666666666668,2.0,0.0
203.8333333333333,10.75,459.0,4.0,1,172.0,0.0,0.0,0.0
721.0,6.5,624.0,4.0,1,1680.0,0.0,0.0,0.0
135.66666666666666,5.333333333333333,254.0,4.0,1,247.0,0.0,0.0,0.0
931.5,22.0,459.0,4.5,1,624.0,0.0,0.0,0.0
519.3333333333334,7.25,609.0,4.0,1,478.0,0.0,0.0,0.0
116.6,3.0,542.0,2.0,0,58.0,0.0,0.0,0.0
516.4,3.5,89.0,4.0,1,424.0,0.0,0.0,0.0
39.333333333333336,1.5,259.0,4.0,1,177.0,29.0,3.0,0.0
1475.25,17.5,591.0,4.5,1,275.0,0.0,0.0,0.0
120.8,3.0,610.0,2.0,0,97.0,2.0,0.0,0.0
193.0,4.0,535.0,4.0,1,241.0,24.4,4.0,0.0
94.75,2.5,620.0,4.0,1,52.0,0.0,0.0,0.0
714.75,7.5,725.0,5.0,0,1506.0,0.0,0.0,0.0
946.75,10.75,2109.0,4.0,1,507.0,0.0,0.0,0.0
1099.75,19.75,91.0,5.0,1,811.0,0.0,0.0,0.0
224.5,3.0,670.0,4.0,0,738.0,0.0,0.0,0.0
261.0,4.0,301.0,4.0,0,174.0,0.0,0.0,0.0
9.0,2.0,196.0,5.0,0,680.0,30.94736842105263,17.0,0.0
279.25,5.25,596.0,4.0,1,352.0,0.0,0.0,0.0
141.25,4.5,658.0,4.0,1,73.0,0.0,0.0,0.0
713.5,6.0,1292.0,4.0,1,258.0,0.0,0.0,0.0
972.0,6.0,66.0,4.0,1,277.0,0.0,0.0,0.0
666.0,5.5,822.0,4.0,1,493.0,0.0,0.0,0.0
526.5,6.0,311.0,2.0,1,56.0,0.0,0.0,0.0
57.66666666666666,1.5,411.0,2.0,0,55.0,24.818181818181817,6.0,0.0
300.6666666666667,5.5,114.0,4.0,1,141.0,31.83333333333333,5.0,0.0
594.5,13.0,735.0,4.0,1,846.0,0.0,0.0,0.0
264.3333333333333,3.5,633.0,4.0,1,246.0,0.0,0.0,0.0
374.0,5.333333333333333,582.0,4.0,0,140.0,0.0,0.0,0.0
16.333333333333332,2.0,1050.0,4.0,0,149.0,22.33333333333333,0.0,0.0
212.25,3.5,383.0,4.0,1,128.0,0.0,0.0,0.0
420.5,5.0,325.0,2.0,0,189.0,0.0,0.0,0.0
611.0,4.4,948.0,4.0,0,1967.0,0.0,0.0,0.0
554.25,6.0,145.0,4.0,0,660.0,0.0,0.0,0.0
1160.5,8.0,107.0,4.0,0,1691.0,0.0,0.0,0.0
619.0,4.5,396.0,4.0,1,636.0,0.0,0.0,0.0
301.5,6.5,1003.0,4.0,1,817.0,0.0,0.0,0.0
353.0,4.666666666666667,79.0,2.0,0,16.0,0.0,0.0,0.0
580.25,3.0,329.0,4.0,1,570.0,0.0,0.0,0.0
278.0,3.5,0.0,2.0,0,64.0,0.0,0.0,0.0
212.88888888888889,2.5,292.0,3.5,1,87.0,0.0,0.0,0.0
668.0,9.75,552.0,4.0,0,1201.0,0.0,0.0,0.0
1344.25,12.25,930.0,5.0,1,2181.0,0.0,0.0,0.0
804.4,7.5,1219.0,4.0,1,413.0,0.0,0.0,0.0
684.75,4.5,256.0,4.0,1,514.0,0.0,0.0,0.0
386.75,6.5,379.0,4.0,1,343.0,0.0,0.0,0.0
922.5,15.0,652.0,5.0,1,1140.0,0.0,0.0,0.0
496.8,23.666666666666668,553.0,4.0,0,196.0,0.0,0.0,0.0
160.33333333333334,6.0,250.0,4.0,0,239.0,0.0,0.0,0.0
84.5,2.5,559.0,4.0,0,595.0,25.27272727272728,9.0,0.0
571.5,11.25,740.0,4.0,1,749.0,0.0,0.0,0.0
87.0,1.5,285.0,4.0,1,217.0,22.0,0.0,0.0
387.5,5.0,184.0,4.0,1,568.0,0.0,0.0,0.0
587.25,4.5,43.0,4.0,1,906.0,0.0,0.0,0.0
175.5,2.5,562.0,4.0,1,529.0,0.0,0.0,0.0
851.75,10.0,1226.0,4.0,1,3265.0,0.0,0.0,0.0
1183.3333333333333,6.5,169.0,4.5,0,1707.0,0.0,0.0,0.0
14.333333333333334,2.0,499.0,4.0,1,431.0,24.56,16.0,0.0
227.0,2.5,158.0,4.0,1,107.0,0.0,0.0,0.0
489.4,6.666666666666667,328.0,4.0,0,995.0,0.0,0.0,0.0
63.4,3.5,447.0,2.0,0,328.0,47.91666666666666,7.0,0.0
582.0,4.5,52.0,4.0,1,653.0,0.0,0.0,0.0
497.0,8.25,877.0,4.0,1,876.0,0.0,0.0,0.0
476.5,6.0,79.0,4.0,1,554.0,0.0,0.0,0.0
265.0,5.0,413.0,4.0,0,857.0,0.0,0.0,0.0
530.5,7.0,513.0,4.0,1,703.0,0.0,0.0,0.0
380.5,3.0,351.0,4.0,1,600.0,0.0,0.0,0.0
595.25,8.5,300.0,4.0,1,336.0,0.0,0.0,0.0
1192.0,10.0,618.0,4.0,1,2513.0,0.0,0.0,0.0
328.5,2.5,164.0,4.0,0,1545.0,0.0,0.0,0.0
39.75,1.0,1091.0,2.0,0,46.0,26.0,18.0,0.0
565.0,5.5,169.0,2.6666666666666665,1,560.0,0.0,0.0,0.0
318.5,4.5,323.0,4.0,0,1179.0,0.0,0.0,0.0
843.0,12.0,1892.0,4.0,0,979.0,0.0,0.0,0.0
78.0,2.0,785.0,4.0,1,903.0,23.285714285714285,15.0,0.0
78.0,1.5,358.0,4.0,1,457.0,29.692307692307693,9.0,0.0
1396.1666666666667,13.0,422.0,4.0,1,776.0,0.0,0.0,0.0
14.0,3.5,277.0,4.5,1,238.0,45.22222222222222,10.0,0.0
203.75,5.0,693.0,4.0,1,332.0,15.4,4.0,0.0
130.66666666666666,2.0,235.0,3.5,0,359.0,0.0,0.0,0.0
376.5,5.0,59.0,4.0,1,144.0,0.0,0.0,0.0
79.0,5.0,1189.0,4.0,0,547.0,0.0,0.0,0.0
19.666666666666668,1.5,618.0,4.0,0,438.0,39.66666666666666,2.0,0.0
981.5,14.5,2099.0,5.0,1,171.0,0.0,0.0,0.0
102.0,1.0,327.0,4.0,1,279.0,29.166666666666668,10.0,0.0
494.25,5.5,20.0,4.0,0,1426.0,20.4,2.0,0.0
163.0,6.0,725.0,4.0,1,601.0,0.0,0.0,0.0
458.5,8.5,283.0,4.0,1,294.0,0.0,0.0,0.0
765.5,5.0,1478.0,2.0,1,2123.0,0.0,0.0,0.0
839.0,11.0,1308.0,4.0,1,461.0,0.0,0.0,0.0
415.0,5.333333333333333,124.0,4.0,1,558.0,0.0,0.0,0.0
688.75,6.0,924.0,4.0,1,475.0,0.0,0.0,0.0
100.5,3.0,375.0,4.0,1,169.0,22.0,1.0,0.0
396.25,4.0,88.0,4.0,1,1080.0,0.0,0.0,0.0
210.0,4.666666666666667,80.0,4.0,1,86.0,43.85714285714285,4.0,0.0
26.0,1.25,672.0,4.5,0,663.0,0.0,0.0,0.0
119.0,2.5,516.0,4.0,0,670.0,42.85714285714285,4.0,0.0
1396.25,15.833333333333334,838.0,4.0,1,1416.0,0.0,0.0,0.0
634.5,5.5,644.0,4.0,0,465.0,0.0,0.0,0.0
375.0,3.5,398.0,4.0,1,80.0,9.5,1.0,0.0
674.25,5.5,715.0,4.0,1,1780.0,0.0,0.0,0.0
463.0,6.5,290.0,2.0,1,364.0,0.0,0.0,0.0
122.33333333333331,4.5,123.0,4.0,1,621.0,30.1,7.0,0.0
1251.0,8.5,2001.0,4.0,0,1262.0,0.0,0.0,0.0
25.5,0.0,1003.0,4.0,1,952.0,0.0,0.0,0.0
261.75,4.5,0.0,4.0,0,195.0,0.0,0.0,0.0
66.75,3.0,809.0,4.0,1,279.0,0.0,0.0,0.0
324.0,5.5,357.0,4.0,1,318.0,0.0,0.0,0.0
26.0,3.0,815.0,4.0,1,232.0,0.0,0.0,0.0
601.0,10.25,560.0,4.5,1,918.0,0.0,0.0,0.0
253.75,3.0,250.0,4.0,1,263.0,0.0,0.0,0.0
196.25,3.0,467.0,4.0,1,284.0,33.666666666666664,2.0,0.0
172.66666666666666,2.0,452.0,4.0,1,80.0,0.0,0.0,0.0
281.2,3.0,3.0,4.0,1,221.0,100.0,0.0,0.0
294.0,5.0,301.0,4.0,1,542.0,0.0,0.0,0.0
771.5,9.0,1255.0,4.0,1,1635.0,0.0,0.0,0.0
233.8,4.0,503.0,4.0,1,182.0,34.2,2.0,0.0
24.75,8.5,529.0,4.0,0,282.0,30.375,21.0,0.0
59.5,1.0,418.0,4.0,0,57.0,30.4,13.0,0.0
1139.5,9.0,1308.0,4.5,1,495.0,0.0,0.0,0.0
669.0,7.333333333333333,569.0,4.5,0,42.0,0.0,0.0,0.0
397.75,4.666666666666667,452.0,4.0,1,880.0,0.0,0.0,0.0
294.6,2.0,302.0,4.0,1,765.0,0.0,0.0,0.0
438.8333333333333,5.5,208.0,4.0,1,312.0,0.0,0.0,0.0
32.25,1.5,900.0,4.5,1,629.0,1.0,0.0,0.0
354.0,6.5,0.0,4.0,1,230.0,0.0,0.0,0.0
137.83333333333334,5.5,97.0,4.0,1,734.0,28.0,3.0,0.0
93.75,3.5,102.0,4.0,1,245.0,15.0,3.0,0.0
1038.6666666666667,9.5,1114.0,4.0,0,1048.0,0.0,0.0,0.0
354.0,5.5,858.0,4.0,0,413.0,0.0,0.0,0.0
385.75,3.5,360.0,4.0,1,692.0,0.0,0.0,0.0
1040.0,15.666666666666666,195.0,5.0,1,578.0,0.0,0.0,0.0
92.75,3.0,478.0,4.0,1,105.0,27.4375,10.0,0.0
542.5,9.0,195.0,4.0,1,736.0,0.0,0.0,0.0
78.75,2.5,648.0,2.0,1,5.0,0.0,0.0,0.0
292.75,7.5,115.0,4.0,1,498.0,0.0,0.0,0.0
261.75,4.5,563.0,4.0,1,740.0,0.0,0.0,0.0
381.0,4.5,204.0,4.0,1,114.0,26.0,5.0,0.0
438.25,6.666666666666667,133.0,3.5,0,382.0,0.0,0.0,0.0
86.25,3.0,1024.0,4.0,1,604.0,20.88888888888889,14.0,0.0
554.6666666666666,4.5,305.0,4.0,1,387.0,0.0,0.0,0.0
147.25,3.1666666666666665,365.0,2.0,1,62.0,25.8,3.0,0.0
510.25,4.5,239.0,4.0,0,154.0,0.0,0.0,0.0
1319.6666666666667,14.0,843.0,5.0,0,212.0,0.0,0.0,0.0
110.0,2.0,371.0,3.5,1,459.0,32.388888888888886,11.0,0.0
434.25,8.25,800.0,4.0,1,835.0,0.0,0.0,0.0
68.5,2.5,830.0,4.0,0,408.0,0.0,0.0,0.0
192.0,3.5,125.0,4.0,1,130.0,25.8,6.0,0.0
422.5,9.4,562.0,4.0,1,774.0,0.0,0.0,0.0
465.0,6.0,253.0,4.0,1,300.0,0.0,0.0,0.0
338.6666666666667,6.333333333333333,280.0,4.0,1,97.0,0.0,0.0,0.0
232.25,4.0,446.0,2.0,0,25.0,0.0,0.0,0.0
232.8333333333333,16.0,370.0,4.0,1,196.0,0.0,0.0,0.0
1348.5,15.0,2209.0,4.0,0,987.0,0.0,0.0,0.0
453.0,10.25,146.0,4.0,1,271.0,0.0,0.0,0.0
92.5,3.5,178.0,2.6666666666666665,1,1.0,32.0,0.0,0.0
1063.2222222222222,9.5,1039.0,4.0,0,1075.0,0.0,0.0,0.0
659.5,7.333333333333333,24.0,4.0,1,1108.0,0.0,0.0,0.0
79.66666666666667,1.5,839.0,4.0,0,344.0,28.88888888888889,12.0,0.0
689.0,5.5,1070.0,4.0,1,1755.0,0.0,0.0,0.0
588.75,7.0,685.0,2.0,0,738.0,0.0,0.0,0.0
16.0,3.0,170.0,4.0,1,218.0,31.6875,10.0,0.0
318.25,6.0,301.0,4.0,1,239.0,0.0,0.0,0.0
145.0,5.25,612.0,2.0,1,10.0,0.0,0.0,0.0
149.25,3.0,310.0,4.0,1,471.0,0.0,0.0,0.0
463.5,6.5,527.0,4.0,0,923.0,0.0,0.0,0.0
258.0,4.0,138.0,4.0,0,328.0,37.0,2.0,0.0
519.0,5.333333333333333,541.0,4.0,1,268.0,0.0,0.0,0.0
317.0,2.5,111.0,2.0,0,40.0,24.83333333333333,4.0,0.0
690.25,17.0,365.0,4.0,1,741.0,0.0,0.0,0.0
444.75,6.0,48.0,4.0,0,225.0,0.0,0.0,0.0
732.5,9.0,1404.0,4.0,1,1634.0,0.0,0.0,0.0
371.0,6.0,73.0,4.0,1,469.0,0.0,0.0,0.0
66.25,7.666666666666667,858.0,4.0,1,485.0,0.0,0.0,0.0
90.0,3.0,239.0,4.0,1,566.0,0.0,0.0,0.0
445.0,6.666666666666667,339.0,4.0,1,618.0,0.0,0.0,0.0
669.0,7.75,326.0,4.0,1,611.0,0.0,0.0,0.0
703.5,6.75,1179.0,2.6666666666666665,0,975.0,0.0,0.0,0.0
419.75,4.5,112.0,4.0,1,563.0,0.0,0.0,0.0
121.66666666666669,2.5,64.0,4.0,1,395.0,24.5,2.0,0.0
454.1666666666667,21.83333333333333,640.0,2.0,0,107.0,0.0,0.0,0.0
70.75,2.5,453.0,3.5,1,1172.0,19.666666666666668,6.0,0.0
908.25,10.0,1534.0,4.5,1,3939.0,0.0,0.0,0.0
332.75,3.5,326.0,2.6666666666666665,0,5.0,0.0,0.0,0.0
28.5,0.0,672.0,4.0,0,286.0,27.09090909090909,15.0,0.0
924.5,18.5,1643.0,4.0,1,834.0,0.0,0.0,0.0
29.666666666666668,2.0,778.0,4.5,0,847.0,0.0,0.0,0.0
105.25,2.6666666666666665,243.0,4.0,1,117.0,0.0,0.0,0.0
449.5,11.25,114.0,4.0,1,352.0,0.0,0.0,0.0
71.0,6.333333333333333,998.0,4.0,0,464.0,0.0,0.0,0.0
192.5,4.25,238.0,4.0,1,53.0,24.5,1.0,0.0
222.0,3.0,570.0,2.0,0,66.0,0.0,0.0,0.0
351.0,5.5,865.0,4.0,1,334.0,0.0,0.0,0.0
1198.25,7.25,126.0,4.0,0,1905.0,0.0,0.0,0.0
1061.0,8.5,1355.0,4.0,1,3185.0,0.0,0.0,0.0
763.0,5.5,470.0,5.0,0,3226.0,0.0,0.0,0.0
842.0,10.5,1462.0,5.0,1,1563.0,0.0,0.0,0.0
707.25,8.0,875.0,4.0,1,1938.0,0.0,0.0,0.0
702.25,11.0,927.0,4.5,1,825.0,0.0,0.0,0.0
1110.5,6.5,1173.0,4.0,0,3087.0,0.0,0.0,0.0
512.0,9.666666666666666,106.0,4.5,1,1646.0,0.0,0.0,0.0
405.5,9.0,138.0,4.0,1,188.0,0.0,0.0,0.0
1671.0,25.0,805.0,4.5,1,257.0,0.0,0.0,0.0
1213.75,9.0,1417.0,4.0,1,375.0,0.0,0.0,0.0
399.5,8.0,8.0,2.0,1,241.0,0.0,0.0,0.0
303.8333333333333,6.5,252.0,4.0,1,463.0,0.0,0.0,0.0
128.75,3.5,599.0,2.0,1,27.0,0.0,0.0,0.0
57.0,2.75,414.0,2.0,1,78.0,19.0,1.0,0.0
407.5,5.5,174.0,4.0,1,41.0,0.0,0.0,0.0
515.6666666666666,7.75,211.0,4.0,1,368.0,0.0,0.0,0.0
295.0,5.0,1058.0,4.0,1,774.0,0.0,0.0,0.0
623.25,7.0,739.0,4.0,0,629.0,0.0,0.0,0.0
269.5,6.75,686.0,4.0,1,531.0,0.0,0.0,0.0
194.25,3.5,210.0,4.0,1,185.0,0.0,0.0,0.0
1055.1666666666667,18.0,2068.0,4.0,0,1842.0,0.0,0.0,0.0
187.75,4.0,468.0,4.0,1,312.0,0.0,0.0,0.0
1441.0,15.833333333333334,315.0,4.0,1,705.0,0.0,0.0,0.0
274.0,5.5,1111.0,4.0,1,330.0,0.0,0.0,0.0
682.0,9.0,1080.0,2.6666666666666665,0,1013.0,0.0,0.0,0.0
646.75,7.25,626.0,4.5,1,1346.0,0.0,0.0,0.0
529.5,5.0,290.0,4.0,1,153.0,0.0,0.0,0.0
301.5,4.0,149.0,4.0,0,96.0,0.0,0.0,0.0
1280.75,17.666666666666668,2020.0,4.5,1,1028.0,0.0,0.0,0.0
423.0,5.0,170.0,2.0,1,42.0,0.0,0.0,0.0
490.0,5.666666666666667,599.0,4.0,1,561.0,0.0,0.0,0.0
25.33333333333333,1.0,511.0,4.0,1,509.0,25.14814814814815,21.0,0.0
701.5,6.5,248.0,4.0,1,1246.0,0.0,0.0,0.0
129.66666666666666,2.5,683.0,4.5,1,359.0,19.4,3.0,0.0
346.75,6.5,257.0,4.0,1,554.0,0.0,0.0,0.0
58.0,2.0,444.0,2.0,1,0.0,20.176470588235293,22.0,0.0
1293.5,13.5,1892.0,4.0,1,909.0,0.0,0.0,0.0
576.0,5.5,584.0,2.0,0,674.0,0.0,0.0,0.0
543.4,6.0,251.0,4.5,1,1044.0,0.0,0.0,0.0
1112.75,14.5,1671.0,4.0,1,1524.0,0.0,0.0,0.0
899.0,17.5,1965.0,4.0,1,259.0,0.0,0.0,0.0
67.5,2.0,978.0,4.0,1,338.0,23.666666666666668,17.0,0.0
211.75,4.0,356.0,4.0,0,282.0,0.0,0.0,0.0
382.5,5.0,17.0,4.0,1,770.0,0.0,0.0,0.0
118.5,1.5,279.0,4.0,1,83.0,21.285714285714285,5.0,0.0
498.5,3.0,0.0,4.0,1,157.0,0.0,0.0,0.0
592.0,22.25,760.0,5.0,1,1703.0,0.0,0.0,0.0
237.5,8.0,366.0,4.0,1,156.0,0.0,0.0,0.0
75.33333333333333,2.5,742.0,3.0,1,83.0,21.964285714285715,18.0,0.0
308.0,3.25,176.0,2.0,0,325.0,0.0,0.0,0.0
128.0,5.0,216.0,4.0,1,115.0,0.0,0.0,0.0
618.8333333333334,5.5,374.0,4.5,0,164.0,0.0,0.0,0.0
48.66666666666666,2.5,252.0,2.333333333333333,1,82.0,54.71428571428572,11.0,0.0
505.75,5.5,181.0,4.0,1,690.0,0.0,0.0,0.0
1410.25,12.0,601.0,4.0,1,348.0,0.0,0.0,0.0
434.5,5.75,441.0,4.0,1,325.0,0.0,0.0,0.0
26.0,0.5,952.0,4.0,0,882.0,0.0,0.0,0.0
95.5,1.5,948.0,4.0,1,861.0,31.58823529411765,10.0,0.0
336.6666666666667,6.4,546.0,4.0,1,222.0,0.0,0.0,0.0
143.5,2.0,224.0,3.5,1,126.0,0.0,0.0,0.0
466.25,9.75,123.0,4.5,0,1649.0,0.0,0.0,0.0
1449.75,29.666666666666668,2116.0,4.0,1,269.0,0.0,0.0,0.0
1468.75,17.75,512.0,4.0,1,355.0,0.0,0.0,0.0
553.25,5.5,397.0,4.0,1,783.0,0.0,0.0,0.0
166.75,2.0,895.0,4.0,1,446.0,0.0,0.0,0.0
686.25,6.75,964.0,4.0,1,1786.0,0.0,0.0,0.0
126.25,8.333333333333334,238.0,4.0,1,608.0,0.0,0.0,0.0
405.75,3.0,201.0,4.0,1,352.0,0.0,0.0,0.0
10.75,2.5,204.0,4.0,1,272.0,35.111111111111114,6.0,0.0
122.33333333333331,3.25,402.0,4.0,0,64.0,0.0,0.0,0.0
833.25,14.666666666666666,1943.0,4.0,0,1953.0,0.0,0.0,0.0
369.5,4.666666666666667,250.0,4.0,1,267.0,28.25,3.0,0.0
367.1666666666667,6.5,255.0,4.0,1,1017.0,0.0,0.0,0.0
593.75,4.75,177.0,4.0,1,813.0,0.0,0.0,0.0
325.5,4.5,233.0,4.0,1,222.0,0.0,0.0,0.0
24.666666666666668,3.5,314.0,4.0,1,376.0,104.0,0.0,0.0
161.33333333333334,7.0,346.0,4.0,1,337.0,0.0,0.0,0.0
865.0,9.5,1530.0,4.0,1,3363.0,0.0,0.0,0.0
551.25,4.5,117.0,4.0,1,188.0,0.0,0.0,0.0
589.5,5.25,214.0,4.0,1,1021.0,0.0,0.0,0.0
709.6,6.25,989.0,4.0,1,1513.0,0.0,0.0,0.0
48.75,4.0,446.0,4.0,0,555.0,0.0,0.0,0.0
216.5,5.5,511.0,4.0,1,515.0,0.0,0.0,0.0
508.0,4.5,534.0,2.0,1,16.0,0.0,0.0,0.0
12.0,1.6666666666666667,422.0,4.0,1,8.0,6.75,2.0,0.0
1053.0,5.0,1973.0,4.0,1,3885.0,0.0,0.0,0.0
757.6666666666666,7.75,1554.0,4.0,1,2362.0,0.0,0.0,0.0
265.5,3.5,411.0,4.0,0,294.0,29.5,1.0,0.0
520.75,5.5,247.0,4.5,0,1682.0,0.0,0.0,0.0
107.75,1.5,79.0,4.0,1,249.0,35.25,3.0,0.0
420.6666666666667,5.5,344.0,4.0,1,1408.0,0.0,0.0,0.0
879.75,10.75,710.0,4.0,1,737.0,0.0,0.0,0.0
94.0,8.0,84.0,4.0,0,644.0,0.0,0.0,0.0
242.66666666666663,3.5,420.0,4.0,1,89.0,0.0,0.0,0.0
275.0,7.0,1.0,4.0,0,704.0,0.0,0.0,0.0
799.0,12.75,1554.0,4.0,1,1987.0,0.0,0.0,0.0
20.0,0.5,327.0,4.5,0,853.0,0.0,0.0,0.0
849.8333333333334,3.6666666666666665,841.0,4.0,1,3435.0,0.0,0.0,0.0
72.5,1.5,357.0,4.0,1,153.0,0.0,0.0,0.0
1105.75,12.0,827.0,4.0,1,1198.0,0.0,0.0,0.0
482.6,23.25,369.0,4.0,0,302.0,0.0,0.0,0.0
991.0,14.333333333333334,985.0,5.0,1,1448.0,0.0,0.0,0.0
382.0,3.0,417.0,4.0,1,736.0,0.0,0.0,0.0
695.25,6.0,263.0,4.0,1,505.0,0.0,0.0,0.0
555.25,5.0,142.0,4.0,1,953.0,53.5,1.0,0.0
65.25,1.0,711.0,4.0,0,393.0,30.6875,8.0,0.0
144.0,5.333333333333333,722.0,4.0,1,297.0,0.0,0.0,0.0
437.75,3.0,32.0,4.0,1,414.0,0.0,0.0,0.0
353.0,4.0,40.0,4.0,0,450.0,20.33333333333333,3.0,0.0
113.2,3.0,617.0,4.0,1,289.0,19.1,14.0,0.0
156.16666666666666,2.6666666666666665,133.0,2.0,0,70.0,35.111111111111114,6.0,0.0
832.3333333333334,5.5,1247.0,4.0,0,3950.0,0.0,0.0,0.0
381.25,4.5,485.0,4.0,1,805.0,0.0,0.0,0.0
256.3333333333333,3.5,102.0,4.0,0,373.0,0.0,0.0,0.0
595.3333333333334,3.333333333333333,958.0,4.5,1,1568.0,0.0,0.0,0.0
666.0,8.0,742.0,4.333333333333333,0,1721.0,0.0,0.0,0.0
671.0,5.5,942.0,4.0,0,2030.0,0.0,0.0,0.0
1179.0,15.0,1504.0,4.0,1,1017.0,0.0,0.0,0.0
634.25,9.285714285714286,992.0,5.0,1,1584.0,0.0,0.0,0.0
62.75,3.0,579.0,4.0,1,86.0,24.68,15.0,0.0
79.33333333333333,2.0,760.0,4.0,1,144.0,24.27586206896552,16.0,0.0
1131.5,6.5,1219.0,4.0,0,3121.0,0.0,0.0,0.0
289.0,4.5,550.0,4.0,1,336.0,16.0,1.0,0.0
598.0,5.5,282.0,4.0,1,625.0,0.0,0.0,0.0
551.5,6.5,20.0,4.0,1,671.0,0.0,0.0,0.0
231.3333333333333,3.5,863.0,4.0,0,901.0,0.0,0.0,0.0
519.25,6.0,299.0,4.0,0,241.0,0.0,0.0,0.0
268.25,8.0,382.0,4.0,1,475.0,0.0,0.0,0.0
952.0,12.0,387.0,5.0,1,908.0,0.0,0.0,0.0
713.75,6.5,897.0,4.0,1,1890.0,0.0,0.0,0.0
1365.75,13.0,1017.0,4.0,0,1400.0,0.0,0.0,0.0
557.25,14.0,480.0,4.0,0,883.0,0.0,0.0,0.0
559.5,4.0,0.0,4.0,1,738.0,0.0,0.0,0.0
99.75,12.666666666666666,31.0,4.0,0,192.0,0.0,0.0,0.0
416.0,5.666666666666667,717.0,2.0,1,11.0,0.0,0.0,0.0
390.75,5.5,258.0,4.0,1,825.0,0.0,0.0,0.0
202.75,3.5,483.0,4.0,1,659.0,0.0,0.0,0.0
326.0,4.0,122.0,4.0,1,210.0,0.0,0.0,0.0
1015.5,9.25,2125.0,4.0,0,3972.0,0.0,0.0,0.0
20.5,1.5,668.0,4.0,1,562.0,0.0,0.0,0.0
247.0,2.5,602.0,4.0,0,14.0,0.0,0.0,0.0
1267.75,21.25,1218.0,5.0,1,110.0,0.0,0.0,0.0
601.0,6.5,94.0,4.0,0,1133.0,0.0,0.0,0.0
83.33333333333333,1.0,895.0,4.0,0,429.0,29.94736842105263,10.0,0.0
96.5,2.0,397.0,4.0,1,326.0,28.615384615384617,10.0,0.0
720.8,6.0,1052.0,4.0,0,1643.0,0.0,0.0,0.0
54.0,3.5,618.0,4.0,0,813.0,24.870967741935484,20.0,0.0
575.0,9.0,68.0,4.0,0,702.0,53.0,0.0,0.0
350.0,3.0,343.0,4.0,1,238.0,0.0,0.0,0.0
154.6,2.5,414.0,4.0,1,433.0,29.058823529411764,9.0,0.0
975.0,4.8,0.0,4.5,1,332.0,0.0,0.0,0.0
173.0,2.6666666666666665,1116.0,4.0,1,611.0,95.0,0.0,0.0
1117.0,9.5,615.0,4.0,0,1399.0,0.0,0.0,0.0
695.1666666666666,8.625,967.0,4.5,0,1764.0,0.0,0.0,0.0
1604.3333333333333,7.5,1857.0,4.5,1,348.0,0.0,0.0,0.0
837.0,5.5,2015.0,4.0,1,2724.0,0.0,0.0,0.0
478.0,6.0,97.0,4.0,1,751.0,0.0,0.0,0.0
460.0,6.333333333333333,338.0,4.0,1,169.0,0.0,0.0,0.0
382.5,3.5,516.0,4.0,1,713.0,0.0,0.0,0.0
879.1666666666666,18.5,0.0,5.0,1,2751.0,0.0,0.0,0.0
547.6666666666666,5.5,227.0,4.0,0,1193.0,0.0,0.0,0.0
1139.1666666666667,12.333333333333334,1535.0,4.0,1,1209.0,0.0,0.0,0.0
539.0,5.0,158.0,2.0,1,152.0,0.0,0.0,0.0
101.0,2.0,610.0,3.0,1,374.0,34.53846153846154,6.0,0.0
709.75,12.0,620.0,4.5,1,2500.0,0.0,0.0,0.0
315.5,4.0,275.0,4.0,0,453.0,0.0,0.0,0.0
299.0,4.0,29.0,2.0,1,3.0,0.0,0.0,0.0
372.5,2.0,469.0,4.0,1,269.0,0.0,0.0,0.0
65.25,2.5,612.0,4.5,0,787.0,0.0,0.0,0.0
1240.0,9.5,1215.0,4.0,1,218.0,0.0,0.0,0.0
215.25,4.5,174.0,4.0,1,146.0,0.0,0.0,0.0
503.3333333333333,4.0,111.0,4.0,1,193.0,0.0,0.0,0.0
424.3333333333333,8.0,305.0,4.0,1,96.0,0.0,0.0,0.0
747.1666666666666,10.4,464.0,5.0,1,2185.0,0.0,0.0,0.0
1038.8333333333333,15.0,1789.0,4.0,1,1913.0,0.0,0.0,0.0
205.0,8.75,21.0,4.0,0,544.0,0.0,0.0,0.0
584.0,5.0,245.0,4.0,1,1107.0,0.0,0.0,0.0
316.5,1.5,400.0,4.0,0,48.0,0.0,0.0,0.0
596.75,7.5,545.0,4.0,1,564.0,0.0,0.0,0.0
547.0,4.2,634.0,4.0,1,342.0,0.0,0.0,0.0
875.4,9.75,1508.0,4.0,0,465.0,0.0,0.0,0.0
30.33333333333333,1.5,560.0,4.5,1,501.0,31.77777777777778,7.0,0.0
1196.8333333333333,10.25,1515.0,4.0,1,254.0,0.0,0.0,0.0
1608.25,39.25,1297.0,5.0,1,385.0,0.0,0.0,0.0
405.0,6.0,103.0,4.0,1,407.0,0.0,0.0,0.0
55.5,1.5,222.0,4.0,1,429.0,17.833333333333332,2.0,0.0
120.0,1.5,65.0,3.5,1,407.0,49.0,1.0,0.0
451.25,5.0,130.0,4.0,1,758.0,0.0,0.0,0.0
633.75,4.5,438.0,4.0,1,734.0,0.0,0.0,0.0
941.5,16.0,563.0,5.0,1,1116.0,0.0,0.0,0.0
55.0,2.0,151.0,4.0,1,585.0,0.0,0.0,0.0
55.0,2.6666666666666665,9.0,4.0,1,968.0,29.5,1.0,0.0
669.8333333333334,6.5,758.0,4.0,1,178.0,0.0,0.0,0.0
1147.5,7.5,1157.0,4.0,1,3038.0,0.0,0.0,0.0
460.0,3.5,119.0,4.5,1,20.0,0.0,0.0,0.0
877.0,11.5,893.0,5.0,1,2644.0,0.0,0.0,0.0
452.0,4.5,344.0,4.0,1,230.0,0.0,0.0,0.0
40.5,4.0,151.0,4.0,0,511.0,0.0,0.0,0.0
844.75,5.0,2198.0,4.0,1,3189.0,0.0,0.0,0.0
597.6,5.333333333333333,761.0,4.5,0,2145.0,0.0,0.0,0.0
1207.1666666666667,6.333333333333333,149.0,4.0,1,2004.0,0.0,0.0,0.0
1180.25,8.5,30.0,4.0,1,1796.0,0.0,0.0,0.0
412.25,2.5,173.0,4.0,1,586.0,0.0,0.0,0.0
233.0,7.0,862.0,4.0,1,679.0,0.0,0.0,0.0
66.83333333333333,3.0,691.0,4.0,1,513.0,0.0,0.0,0.0
246.0,5.75,493.0,4.0,0,131.0,0.0,0.0,0.0
791.5,14.0,1036.0,4.0,1,719.0,0.0,0.0,0.0
282.0,3.0,498.0,4.0,1,131.0,0.0,0.0,0.0
672.0,6.0,916.0,4.0,1,2170.0,0.0,0.0,0.0
927.2,13.333333333333334,1396.0,4.0,1,1887.0,0.0,0.0,0.0
1219.5,7.5,498.0,4.0,0,2331.0,0.0,0.0,0.0
173.66666666666666,3.0,129.0,4.0,0,132.0,0.0,0.0,0.0
195.75,2.5,261.0,4.0,0,283.0,22.0,0.0,0.0
96.0,3.0,972.0,4.0,0,612.0,35.5,1.0,0.0
110.6,2.5,534.0,4.0,1,597.0,0.0,0.0,0.0
503.25,9.5,385.0,4.0,0,266.0,0.0,0.0,0.0
555.25,7.5,433.0,4.0,1,650.0,0.0,0.0,0.0
486.5,3.5,220.0,4.0,1,564.0,0.0,0.0,0.0
129.33333333333334,4.0,961.0,4.0,0,199.0,25.5,3.0,0.0
1219.75,29.0,728.0,4.0,1,292.0,0.0,0.0,0.0
1058.5,22.666666666666668,2072.0,5.0,1,528.0,0.0,0.0,0.0
398.0,4.5,107.0,4.0,1,1023.0,0.0,0.0,0.0
63.5,2.5,189.0,4.5,1,204.0,0.0,0.0,0.0
579.0,3.5,986.0,4.5,1,2682.0,0.0,0.0,0.0
137.25,3.5,216.0,4.0,0,17.0,0.0,0.0,0.0
214.66666666666663,3.5,284.0,4.0,1,213.0,0.0,0.0,0.0
163.66666666666666,4.0,480.0,4.0,1,272.0,0.0,0.0,0.0
1062.5,6.0,1595.0,4.0,1,3477.0,0.0,0.0,0.0
680.8333333333334,9.2,574.0,4.0,1,1535.0,0.0,0.0,0.0
351.8,4.0,339.0,2.0,0,61.0,0.0,0.0,0.0
204.25,3.5,363.0,4.0,1,359.0,0.0,0.0,0.0
1080.0,4.0,1673.0,4.0,1,3593.0,0.0,0.0,0.0
22.5,0.5,555.0,4.0,1,577.0,27.5,1.0,0.0
200.66666666666663,3.5,525.0,4.0,0,381.0,0.0,0.0,0.0
20.25,2.5,503.0,4.5,0,824.0,34.333333333333336,5.0,0.0
1637.25,15.75,456.0,4.0,1,1347.0,0.0,0.0,0.0
1085.0,5.0,1573.0,4.0,1,3485.0,0.0,0.0,0.0
6.4,2.1666666666666665,624.0,5.0,1,87.0,0.0,0.0,0.0
1058.0,15.0,759.0,4.0,1,2263.0,0.0,0.0,0.0
412.0,3.5,206.0,4.0,1,130.0,9.0,0.0,0.0
20.0,1.5,357.0,4.0,1,394.0,0.0,0.0,0.0
973.0,17.0,409.0,5.0,1,1170.0,0.0,0.0,0.0
1132.25,5.8,262.0,4.5,1,1578.0,0.0,0.0,0.0
44.0,2.0,509.0,4.0,0,939.0,0.0,0.0,0.0
992.0,19.0,571.0,5.0,1,1029.0,0.0,0.0,0.0
1077.5,8.333333333333334,1078.0,4.0,0,2888.0,0.0,0.0,0.0
867.8,4.5,2299.0,4.0,1,3435.0,0.0,0.0,0.0
397.0,3.6666666666666665,532.0,4.0,1,378.0,0.0,0.0,0.0
394.75,2.333333333333333,346.0,4.5,0,28.0,0.0,0.0,0.0
1011.25,14.0,394.0,4.0,1,730.0,0.0,0.0,0.0
592.75,8.5,389.0,4.0,1,125.0,0.0,0.0,0.0
211.0,6.0,188.0,4.0,0,551.0,0.0,0.0,0.0
217.5,4.0,121.0,4.0,0,457.0,0.0,0.0,0.0
895.5,10.5,640.0,4.0,1,658.0,0.0,0.0,0.0
594.0,9.0,211.0,4.0,1,1245.0,0.0,0.0,0.0
566.75,8.5,656.0,4.0,1,859.0,0.0,0.0,0.0
335.3333333333333,3.0,375.0,4.0,1,1470.0,0.0,0.0,0.0
26.0,1.5,718.0,4.0,0,582.0,0.0,0.0,0.0
88.66666666666667,1.0,780.0,4.0,0,377.0,20.33333333333333,4.0,0.0
136.0,3.5,622.0,4.0,1,396.0,0.0,0.0,0.0
401.3333333333333,4.0,280.0,4.0,1,130.0,0.0,0.0,0.0
40.0,2.0,350.0,4.0,1,107.0,0.0,0.0,0.0
643.0,7.5,149.0,4.0,0,248.0,0.0,0.0,0.0
322.25,3.5,176.0,4.0,0,601.0,0.0,0.0,0.0
345.8333333333333,5.0,617.0,4.0,1,693.0,0.0,0.0,0.0
625.25,7.75,1298.0,4.5,1,2126.0,0.0,0.0,0.0
27.0,2.0,131.0,4.0,1,225.0,0.0,0.0,0.0
1098.0,7.333333333333333,1491.0,4.0,1,3407.0,0.0,0.0,0.0
156.5,2.5,867.0,2.0,1,53.0,23.75,7.0,0.0
205.25,3.5,726.0,4.0,1,462.0,47.0,1.0,0.0
455.1666666666667,3.5,11.0,4.0,1,674.0,0.0,0.0,0.0
276.75,3.5,221.0,4.0,1,693.0,0.0,0.0,0.0
503.0,6.5,475.0,4.0,1,68.0,0.0,0.0,0.0
400.5,4.5,358.0,4.0,1,398.0,0.0,0.0,0.0
534.0,5.25,113.0,4.0,0,385.0,0.0,0.0,0.0
613.0,7.75,296.0,4.0,0,688.0,0.0,0.0,0.0
47.0,6.666666666666667,132.0,4.0,0,129.0,0.0,0.0,0.0
72.33333333333333,4.0,426.0,4.5,0,251.0,0.0,0.0,0.0
300.0,3.0,206.0,4.0,1,986.0,0.0,0.0,0.0
72.25,1.0,845.0,4.0,1,178.0,33.285714285714285,8.0,0.0
18.0,5.5,485.0,4.0,0,244.0,28.65,14.0,0.0
458.2,5.5,498.0,4.0,0,59.0,0.0,0.0,0.0
46.5,2.0,1282.0,4.0,0,444.0,29.21052631578948,13.0,0.0
422.75,6.5,417.0,4.0,1,156.0,0.0,0.0,0.0
126.0,3.0,362.0,4.0,1,374.0,0.0,0.0,0.0
232.5,3.5,578.0,2.0,1,9.0,0.0,0.0,0.0
132.25,7.5,580.0,4.0,0,265.0,0.0,0.0,0.0
235.25,4.0,309.0,4.0,1,148.0,0.0,0.0,0.0
538.25,6.5,101.0,4.0,1,653.0,0.0,0.0,0.0
568.5,7.0,928.0,4.0,1,1104.0,0.0,0.0,0.0
31.5,4.0,875.0,4.0,0,406.0,0.0,0.0,0.0
894.5,12.75,1713.0,4.5,1,1112.0,0.0,0.0,0.0
265.6666666666667,4.5,104.0,3.0,0,9.0,0.0,0.0,0.0
1282.0,12.25,950.0,4.0,1,1356.0,0.0,0.0,0.0
281.25,4.0,484.0,4.0,0,76.0,0.0,0.0,0.0
1298.1666666666667,24.75,1737.0,5.0,0,749.0,0.0,0.0,0.0
255.0,3.0,558.0,4.0,0,947.0,0.0,0.0,0.0
319.75,5.666666666666667,631.0,4.0,1,555.0,0.0,0.0,0.0
576.0,6.0,585.0,2.0,0,641.0,0.0,0.0,0.0
767.25,5.0,1078.0,4.0,1,416.0,0.0,0.0,0.0
423.25,4.0,220.0,2.0,1,47.0,0.0,0.0,0.0
376.0,7.0,454.0,4.0,0,520.0,0.0,0.0,0.0
375.75,6.0,548.0,4.0,1,232.0,0.0,0.0,0.0
199.66666666666663,15.75,326.0,4.0,1,216.0,0.0,0.0,0.0
63.75,3.5,133.0,4.0,0,899.0,0.0,0.0,0.0
236.66666666666663,3.0,364.0,4.0,0,227.0,33.333333333333336,4.0,0.0
176.83333333333334,2.5,776.0,4.0,1,113.0,0.0,0.0,0.0
864.0,7.0,1079.0,4.0,1,133.0,0.0,0.0,0.0
292.6666666666667,6.5,850.0,4.0,1,507.0,0.0,0.0,0.0
67.0,3.0,579.0,4.0,0,590.0,28.07692307692308,11.0,0.0
208.25,6.333333333333333,788.0,4.0,1,864.0,0.0,0.0,0.0
422.25,4.25,433.0,4.0,1,126.0,0.0,0.0,0.0
818.0,11.0,1592.0,2.0,1,1541.0,0.0,0.0,0.0
532.5,5.5,690.0,4.0,0,209.0,0.0,0.0,0.0
39.0,1.0,198.0,4.0,1,196.0,29.647058823529413,9.0,0.0
808.0,7.25,1581.0,4.0,1,129.0,0.0,0.0,0.0
651.25,5.0,96.0,4.0,1,1112.0,0.0,0.0,0.0
838.75,18.0,193.0,5.0,1,2660.0,0.0,0.0,0.0
620.8,13.5,293.0,4.0,1,1330.0,0.0,0.0,0.0
189.8333333333333,10.5,376.0,4.0,1,186.0,0.0,0.0,0.0
54.5,2.5,59.0,4.0,1,249.0,0.0,0.0,0.0
519.0,4.0,799.0,4.0,1,848.0,0.0,0.0,0.0
649.8333333333334,6.5,649.0,2.0,0,1463.0,0.0,0.0,0.0
342.5,5.5,212.0,2.0,0,49.0,6.0,0.0,0.0
629.1111111111111,7.25,83.0,4.0,1,581.0,0.0,0.0,0.0
138.0,2.5,78.0,4.0,1,154.0,0.0,0.0,0.0
44.0,1.5,460.0,4.0,1,138.0,0.0,0.0,0.0
93.75,3.0,722.0,2.0,1,62.0,97.0,0.0,0.0
718.5,15.333333333333334,496.0,4.5,1,2760.0,0.0,0.0,0.0
663.0,10.2,772.0,2.0,1,62.0,0.0,0.0,0.0
465.0,2.5,253.0,4.0,1,1438.0,0.0,0.0,0.0
119.33333333333331,3.0,411.0,4.0,1,389.0,0.0,0.0,0.0
1539.3333333333333,23.8,887.0,5.0,1,148.0,0.0,0.0,0.0
551.5,2.0,243.0,4.0,1,1188.0,0.0,0.0,0.0
157.0,2.5,320.0,4.0,1,406.0,31.416666666666668,8.0,0.0
1157.25,9.0,185.0,4.0,0,2082.0,0.0,0.0,0.0
356.0,6.4,97.0,4.0,0,658.0,0.0,0.0,0.0
293.0,2.0,241.0,4.0,1,439.0,0.0,0.0,0.0
497.0,4.0,0.0,4.0,0,651.0,0.0,0.0,0.0
82.0,2.0,352.0,4.0,1,117.0,22.916666666666668,3.0,0.0
62.0,2.5,545.0,4.0,1,341.0,32.0,11.0,0.0
1140.25,6.333333333333333,596.0,4.0,1,2477.0,0.0,0.0,0.0
31.25,1.5,582.0,4.0,1,644.0,29.75,16.0,0.0
33.333333333333336,1.5,905.0,4.5,1,729.0,0.0,0.0,0.0
238.75,5.333333333333333,663.0,4.0,1,23.0,0.0,0.0,0.0
325.5,3.5,226.0,4.0,1,176.0,34.333333333333336,2.0,0.0
134.75,8.333333333333334,361.0,4.0,1,448.0,44.0,2.0,0.0
71.5,5.5,726.0,4.0,1,269.0,31.823529411764707,9.0,0.0
257.25,3.0,299.0,4.0,0,176.0,0.0,0.0,0.0
311.25,6.0,0.0,4.0,1,288.0,0.0,0.0,0.0
848.8333333333334,15.666666666666666,978.0,5.0,1,1430.0,0.0,0.0,0.0
696.75,6.0,1152.0,4.0,1,1854.0,0.0,0.0,0.0
97.5,3.0,744.0,4.0,0,517.0,37.81818181818182,7.0,0.0
64.5,4.0,266.0,2.0,0,127.0,0.0,0.0,0.0
115.25,1.5,132.0,3.5,0,221.0,0.0,0.0,0.0
326.6666666666667,2.0,64.0,4.0,0,381.0,0.0,0.0,0.0
1506.0,12.0,575.0,4.0,1,1483.0,0.0,0.0,0.0
345.3333333333333,5.0,811.0,4.0,0,839.0,0.0,0.0,0.0
390.6666666666667,6.0,264.0,4.0,1,414.0,0.0,0.0,0.0
1107.75,9.5,1431.0,4.5,0,380.0,0.0,0.0,0.0
583.3333333333334,1.5,541.0,4.0,1,1555.0,0.0,0.0,0.0
110.66666666666669,1.5,558.0,2.6666666666666665,0,11.0,0.0,0.0,0.0
902.25,16.25,2157.0,5.0,1,197.0,0.0,0.0,0.0
319.0,2.6666666666666665,306.0,4.0,1,40.0,6.5,3.0,0.0
7.4,1.0,595.0,5.0,1,620.0,28.27272727272728,7.0,0.0
396.5,5.0,315.0,4.0,1,45.0,0.0,0.0,0.0
38.0,2.5,1142.0,4.0,0,180.0,10.666666666666666,3.0,0.0
1332.3333333333333,12.0,1183.0,5.0,0,168.0,0.0,0.0,0.0
609.75,10.0,573.0,5.0,1,1142.0,0.0,0.0,0.0
79.0,2.0,779.0,4.0,1,388.0,50.625,4.0,0.0
132.25,2.5,684.0,2.6666666666666665,1,28.0,0.0,0.0,0.0
440.25,4.0,240.0,4.0,1,948.0,0.0,0.0,0.0
698.25,6.5,1099.0,4.0,1,1866.0,0.0,0.0,0.0
73.75,2.0,237.0,4.0,0,385.0,9.5,1.0,0.0
272.0,4.0,128.0,4.0,0,335.0,37.875,5.0,0.0
346.6,6.5,234.0,2.0,1,83.0,0.0,0.0,0.0
128.66666666666666,3.5,488.0,4.0,1,186.0,0.0,0.0,0.0
389.0,2.0,406.0,4.0,1,201.0,0.0,0.0,0.0
33.333333333333336,2.0,559.0,4.5,0,566.0,5.0,1.0,0.0
41.0,1.0,557.0,4.5,1,638.0,22.33333333333333,5.0,0.0
375.75,5.5,41.0,4.0,0,159.0,0.0,0.0,0.0
477.0,6.25,190.0,4.0,1,708.0,0.0,0.0,0.0
287.4,2.5,482.0,4.0,0,644.0,0.0,0.0,0.0
312.75,5.0,751.0,4.0,1,323.0,0.0,0.0,0.0
329.25,4.0,204.0,2.0,1,98.0,0.0,0.0,0.0
1048.0,12.0,1302.0,4.0,0,3068.0,0.0,0.0,0.0
129.5,8.25,289.0,4.0,1,525.0,35.0,1.0,0.0
263.4,3.5,86.0,4.0,1,341.0,8.0,2.0,0.0
983.5,25.666666666666668,325.0,5.0,1,662.0,0.0,0.0,0.0
261.75,4.25,319.0,2.0,1,26.0,32.0,2.0,0.0
315.5,5.5,449.0,4.0,0,166.0,0.0,0.0,0.0
36.0,8.0,465.0,4.0,0,251.0,0.0,0.0,0.0
309.3333333333333,4.5,80.0,4.0,1,354.0,0.0,0.0,0.0
331.8333333333333,4.5,393.0,2.0,1,21.0,0.0,0.0,0.0
59.5,1.5,832.0,4.0,1,167.0,0.0,0.0,0.0
876.0,14.0,1884.0,4.0,1,2321.0,0.0,0.0,0.0
853.75,5.0,2221.0,4.0,1,3277.0,0.0,0.0,0.0
597.0,5.0,267.0,4.0,1,284.0,0.0,0.0,0.0
321.6666666666667,5.5,242.0,4.0,0,1111.0,0.0,0.0,0.0
308.0,3.333333333333333,354.0,4.0,1,602.0,0.0,0.0,0.0
418.75,4.5,460.0,4.0,1,550.0,0.0,0.0,0.0
239.66666666666663,4.0,779.0,4.0,1,752.0,0.0,0.0,0.0
377.0,8.0,233.0,4.0,0,111.0,0.0,0.0,0.0
6.5,1.5,498.0,4.5,0,712.0,35.7,6.0,0.0
107.5,3.75,457.0,4.0,1,202.0,22.2,7.0,0.0
114.5,2.5,422.0,4.0,1,139.0,0.0,0.0,0.0
554.5,4.0,112.0,4.0,1,200.0,0.0,0.0,0.0
427.25,6.5,339.0,4.0,1,293.0,0.0,0.0,0.0
149.0,2.5,127.0,4.0,1,282.0,0.0,0.0,0.0
311.3333333333333,7.0,916.0,4.0,1,818.0,0.0,0.0,0.0
196.0,12.75,522.0,4.0,1,520.0,0.0,0.0,0.0
348.0,3.5,897.0,4.0,1,986.0,0.0,0.0,0.0
341.2,4.5,79.0,4.0,1,489.0,0.0,0.0,0.0
379.0,3.5,27.0,4.0,1,915.0,0.0,0.0,0.0
86.5,3.5,71.0,4.0,1,106.0,27.11111111111111,10.0,0.0
11.666666666666666,1.5,366.0,4.0,1,457.0,46.27272727272727,5.0,0.0
531.6666666666666,5.5,712.0,4.0,1,895.0,0.0,0.0,0.0
868.3333333333334,10.5,1735.0,4.5,0,1335.0,0.0,0.0,0.0
340.25,5.5,312.0,2.6666666666666665,0,35.0,0.0,0.0,0.0
1465.75,19.0,675.0,5.0,0,188.0,0.0,0.0,0.0
349.75,5.666666666666667,172.0,4.0,1,469.0,17.0,0.0,0.0
379.5,4.0,54.0,4.0,1,780.0,0.0,0.0,0.0
1380.25,12.666666666666666,500.0,4.0,0,933.0,0.0,0.0,0.0
1297.3333333333333,10.0,2290.0,4.0,1,1325.0,0.0,0.0,0.0
116.0,1.5,419.0,4.0,1,118.0,34.4,3.0,0.0
150.25,1.5,121.0,4.0,1,556.0,18.285714285714285,3.0,0.0
516.25,5.5,101.0,4.0,1,465.0,0.0,0.0,0.0
57.0,4.0,442.0,4.0,0,512.0,0.0,0.0,0.0
1446.6666666666667,32.5,1340.0,2.5,0,447.0,0.0,0.0,0.0
200.0,3.0,1118.0,4.0,0,451.0,0.0,0.0,0.0
755.0,4.5,1717.0,4.0,1,2247.0,0.0,0.0,0.0
853.75,16.0,1530.0,4.0,0,209.0,0.0,0.0,0.0
529.75,5.5,232.0,4.0,1,406.0,0.0,0.0,0.0
917.25,21.25,2319.0,3.0,1,369.0,0.0,0.0,0.0
591.25,6.125,522.0,4.0,1,1006.0,0.0,0.0,0.0
529.5,19.666666666666668,500.0,5.0,0,1224.0,0.0,0.0,0.0
429.5,4.0,0.0,4.0,1,725.0,0.0,0.0,0.0
111.5,1.0,328.0,3.5,0,110.0,0.0,0.0,0.0
75.83333333333333,1.5,449.0,2.0,1,0.0,0.0,0.0,0.0
986.75,11.5,1466.0,5.0,0,636.0,0.0,0.0,0.0
594.5,6.0,35.0,4.0,1,1113.0,0.0,0.0,0.0
758.2,6.0,1002.0,4.0,1,1937.0,0.0,0.0,0.0
714.0,6.25,1342.0,4.0,1,161.0,0.0,0.0,0.0
1084.6666666666667,12.0,1549.0,4.5,1,307.0,0.0,0.0,0.0
630.5,5.5,627.0,4.0,1,372.0,0.0,0.0,0.0
376.6666666666667,5.0,520.0,4.0,1,665.0,0.0,0.0,0.0
897.75,18.0,701.0,5.0,1,914.0,0.0,0.0,0.0
547.0,8.0,57.0,4.0,1,402.0,0.0,0.0,0.0
821.5,21.0,810.0,5.0,1,1047.0,0.0,0.0,0.0
79.0,2.0,244.0,4.0,1,563.0,0.0,0.0,0.0
795.25,6.5,1860.0,4.0,1,2793.0,0.0,0.0,0.0
710.5,6.5,401.0,4.0,1,646.0,0.0,0.0,0.0
80.0,1.0,703.0,4.0,1,481.0,39.9375,10.0,0.0
67.5,4.0,918.0,4.0,0,149.0,0.0,0.0,0.0
461.5,4.0,0.0,4.0,1,678.0,0.0,0.0,0.0
574.0,4.5,0.0,4.0,1,635.0,0.0,0.0,0.0
45.5,1.0,323.0,3.5,1,218.0,22.0,6.0,0.0
690.0,10.166666666666666,883.0,4.5,1,735.0,0.0,0.0,0.0
243.3333333333333,5.5,280.0,4.0,0,945.0,0.0,0.0,0.0
40.0,4.0,528.0,4.0,0,619.0,26.416666666666668,10.0,0.0
97.25,2.0,221.0,4.0,0,285.0,24.444444444444443,6.0,0.0
542.3333333333334,4.0,11.0,2.0,0,593.0,0.0,0.0,0.0
38.0,2.0,221.0,4.0,1,319.0,15.666666666666666,6.0,0.0
465.0,5.5,0.0,4.0,1,946.0,0.0,0.0,0.0
164.0,10.0,157.0,4.0,1,772.0,0.0,0.0,0.0
87.75,2.5,392.0,4.0,0,147.0,0.0,0.0,0.0
657.25,4.5,672.0,4.0,1,661.0,0.0,0.0,0.0
433.75,4.5,58.0,4.5,0,58.0,0.0,0.0,0.0
266.5,4.0,930.0,4.0,1,128.0,0.0,0.0,0.0
207.0,3.5,283.0,4.0,1,575.0,20.6,4.0,0.0
60.5,2.0,213.0,4.0,0,363.0,25.2,18.0,0.0
644.25,10.0,803.0,2.0,1,1603.0,0.0,0.0,0.0
1436.0,19.0,351.0,4.0,1,1059.0,0.0,0.0,0.0
333.0,3.0,426.0,4.0,1,361.0,0.0,0.0,0.0
166.0,4.0,364.0,4.0,1,447.0,24.83333333333333,4.0,0.0
480.6666666666667,9.0,678.0,4.0,1,678.0,0.0,0.0,0.0
135.66666666666666,4.5,748.0,4.0,1,160.0,0.0,0.0,0.0
522.25,6.5,654.0,4.0,1,589.0,0.0,0.0,0.0
469.0,5.0,262.0,4.0,1,1152.0,0.0,0.0,0.0
2.6666666666666665,1.0,387.0,2.0,1,636.0,5.0,0.0,0.0
26.33333333333333,2.0,604.0,4.0,0,464.0,26.0,1.0,0.0
58.75,1.0,858.0,4.0,0,346.0,25.76,15.0,0.0
50.333333333333336,3.6666666666666665,413.0,3.5,0,95.0,0.0,0.0,0.0
580.75,18.33333333333333,543.0,4.0,1,1078.0,0.0,0.0,0.0
874.3333333333334,6.5,1168.0,4.0,1,3440.0,0.0,0.0,0.0
150.0,6.333333333333333,331.0,4.0,1,433.0,0.0,0.0,0.0
928.75,13.5,1288.0,4.0,1,2125.0,0.0,0.0,0.0
584.8333333333334,4.0,370.0,4.0,0,641.0,0.0,0.0,0.0
249.5,2.5,584.0,2.0,1,23.0,16.75,5.0,0.0
284.0,5.5,980.0,4.0,1,854.0,0.0,0.0,0.0
283.5,4.75,620.0,4.0,1,459.0,0.0,0.0,0.0
97.0,3.5,901.0,4.0,0,42.0,27.77777777777778,8.0,0.0
502.0,6.5,241.0,4.0,1,560.0,0.0,0.0,0.0
1007.5,4.5,2289.0,4.0,1,4177.0,0.0,0.0,0.0
573.8333333333334,5.5,100.0,4.0,1,1007.0,0.0,0.0,0.0
75.5,1.5,429.0,3.5,1,1208.0,100.0,0.0,0.0
116.5,2.5,378.0,4.0,1,312.0,0.0,0.0,0.0
123.66666666666669,4.0,123.0,4.0,1,150.0,33.875,5.0,0.0
804.75,7.0,1328.0,4.0,1,291.0,0.0,0.0,0.0
26.0,0.0,1043.0,4.0,0,916.0,0.0,0.0,0.0
615.0,7.0,97.0,4.0,1,440.0,0.0,0.0,0.0
481.3333333333333,7.5,297.0,4.0,0,112.0,0.0,0.0,0.0
918.3333333333334,14.0,1708.0,4.0,1,430.0,0.0,0.0,0.0
700.0,5.5,1037.0,4.0,1,503.0,0.0,0.0,0.0
221.5,6.25,262.0,4.0,1,597.0,0.0,0.0,0.0
315.6,9.25,781.0,4.0,1,692.0,0.0,0.0,0.0
997.6666666666666,10.5,2082.0,4.0,1,3845.0,0.0,0.0,0.0
292.6,4.5,200.0,4.0,0,1189.0,0.0,0.0,0.0
52.5,1.0,283.0,4.0,0,394.0,0.0,0.0,0.0
928.0,15.0,1489.0,4.0,1,1147.0,0.0,0.0,0.0
364.0,12.25,447.0,4.0,1,603.0,0.0,0.0,0.0
350.0,4.0,391.0,4.0,1,224.0,0.0,0.0,0.0
441.75,3.5,96.0,4.0,1,1311.0,0.0,0.0,0.0
51.0,2.333333333333333,404.0,4.0,1,420.0,0.0,0.0,0.0
611.25,3.5,644.0,4.0,1,878.0,0.0,0.0,0.0
1007.5,9.0,1427.0,4.5,1,581.0,0.0,0.0,0.0
614.25,4.0,1253.0,4.0,1,2307.0,0.0,0.0,0.0
151.66666666666666,3.5,918.0,4.0,1,589.0,16.0,2.0,0.0
516.0,3.75,281.0,4.0,0,105.0,0.0,0.0,0.0
265.75,3.5,597.0,4.0,1,186.0,0.0,0.0,0.0
18.5,1.5,200.0,4.0,1,363.0,25.85,15.0,0.0
644.5,10.0,672.0,4.0,1,221.0,0.0,0.0,0.0
1475.1666666666667,33.5,2039.0,4.5,1,173.0,0.0,0.0,0.0
264.25,4.5,285.0,4.0,1,293.0,0.0,0.0,0.0
1015.5,23.0,2084.0,4.0,1,1534.0,0.0,0.0,0.0
55.0,5.75,287.0,4.0,1,84.0,0.0,0.0,0.0
493.75,6.5,381.0,4.0,1,92.0,0.0,0.0,0.0
480.25,10.833333333333334,325.0,4.0,0,897.0,0.0,0.0,0.0
240.0,3.0,844.0,4.0,0,840.0,0.0,0.0,0.0
1125.5,28.75,557.0,4.0,1,160.0,0.0,0.0,0.0
650.75,8.0,786.0,4.0,0,986.0,0.0,0.0,0.0
99.0,2.5,478.0,4.0,1,44.0,28.8,7.0,0.0
275.6666666666667,3.0,142.0,4.0,1,215.0,0.0,0.0,0.0
836.5,6.5,887.0,4.0,0,3229.0,0.0,0.0,0.0
58.0,2.5,160.0,4.0,1,45.0,23.11111111111111,4.0,0.0
35.333333333333336,1.5,835.0,4.0,0,755.0,0.0,0.0,0.0
286.4,5.0,304.0,4.0,0,167.0,0.0,0.0,0.0
370.8333333333333,6.5,157.0,2.0,1,82.0,0.0,0.0,0.0
481.75,6.0,507.0,2.6666666666666665,1,53.0,0.0,0.0,0.0
58.75,2.5,256.0,4.0,0,345.0,21.0,8.0,0.0
687.3333333333334,8.5,1101.0,4.0,0,924.0,0.0,0.0,0.0
390.5,3.5,213.0,4.0,1,655.0,0.0,0.0,0.0
815.75,6.0,1226.0,4.0,0,3976.0,0.0,0.0,0.0
182.0,2.0,171.0,4.0,0,72.0,0.0,0.0,0.0
506.0,7.0,399.0,2.0,1,21.0,0.0,0.0,0.0
25.5,0.5,629.0,4.0,1,1004.0,0.0,0.0,0.0
403.75,8.0,162.0,4.0,1,96.0,0.0,0.0,0.0
62.0,3.5,611.0,4.0,1,535.0,0.0,0.0,0.0
1546.8,12.75,482.0,4.0,0,1470.0,0.0,0.0,0.0
327.5,3.0,79.0,4.0,1,1625.0,0.0,0.0,0.0
598.0,11.75,582.0,4.0,0,978.0,0.0,0.0,0.0
398.0,5.0,409.0,4.0,1,137.0,0.0,0.0,0.0
836.0,14.833333333333334,817.0,5.0,1,984.0,0.0,0.0,0.0
471.0,5.333333333333333,884.0,4.0,1,965.0,0.0,0.0,0.0
1617.0,20.25,223.0,4.0,1,769.0,0.0,0.0,0.0
236.8333333333333,3.0,500.0,4.0,1,100.0,0.0,0.0,0.0
52.0,5.25,193.0,4.0,0,839.0,36.57142857142857,11.0,0.0
44.0,1.5,616.0,4.0,0,1140.0,0.0,0.0,0.0
589.1666666666666,3.6,288.0,4.0,0,566.0,0.0,0.0,0.0
600.5,2.5,1486.0,4.0,0,2494.0,0.0,0.0,0.0
620.0,3.75,471.0,4.0,1,429.0,0.0,0.0,0.0
225.5,6.5,119.0,4.0,1,512.0,0.0,0.0,0.0
776.0,5.5,1498.0,4.5,0,1820.0,0.0,0.0,0.0
389.5,2.0,427.0,4.0,1,110.0,0.0,0.0,0.0
46.0,1.5,467.0,4.0,1,410.0,36.45454545454545,7.0,0.0
370.3333333333333,6.0,0.0,4.0,1,591.0,59.0,1.0,0.0
140.33333333333334,2.5,336.0,4.0,1,108.0,37.09090909090909,7.0,0.0
647.0,9.5,984.0,4.5,0,1053.0,0.0,0.0,0.0
145.5,1.5,300.0,4.0,1,188.0,0.0,0.0,0.0
363.0,11.333333333333334,140.0,4.0,0,623.0,0.0,0.0,0.0
1535.6666666666667,9.5,680.0,4.0,0,1625.0,0.0,0.0,0.0
1004.25,10.0,1392.0,4.5,0,734.0,0.0,0.0,0.0
472.6666666666667,4.666666666666667,275.0,4.0,0,177.0,0.0,0.0,0.0
623.5,2.5,292.0,4.0,1,746.0,0.0,0.0,0.0
25.0,4.8,373.0,4.0,1,333.0,18.142857142857142,10.0,0.0
700.3333333333334,9.25,877.0,4.0,1,421.0,0.0,0.0,0.0
113.33333333333331,5.666666666666667,554.0,3.0,1,23.0,0.0,0.0,0.0
465.75,9.0,207.0,2.0,0,26.0,0.0,0.0,0.0
39.0,2.5,459.0,4.0,1,109.0,22.571428571428573,6.0,0.0
479.25,4.0,224.0,4.0,1,1204.0,0.0,0.0,0.0
493.0,7.0,525.0,4.0,1,355.0,0.0,0.0,0.0
758.5,8.333333333333334,1358.0,4.0,1,116.0,0.0,0.0,0.0
704.75,9.5,1182.0,4.5,1,1946.0,0.0,0.0,0.0
97.0,1.0,833.0,3.0,1,441.0,38.63636363636363,6.0,0.0
198.0,4.333333333333333,766.0,2.6666666666666665,1,59.0,0.0,0.0,0.0
146.16666666666666,4.666666666666667,53.0,4.0,0,720.0,0.0,0.0,0.0
841.75,6.0,983.0,4.0,1,3642.0,0.0,0.0,0.0
237.0,12.0,240.0,4.0,1,379.0,0.0,0.0,0.0
177.0,2.0,389.0,2.0,1,65.0,13.0,4.0,0.0
286.5,3.0,624.0,4.0,1,350.0,0.0,0.0,0.0
1414.25,13.4,415.0,4.0,1,644.0,0.0,0.0,0.0
828.5,22.0,1549.0,4.5,1,120.0,0.0,0.0,0.0
713.0,14.5,1117.0,4.0,1,1973.0,0.0,0.0,0.0
578.0,8.5,15.0,4.0,0,1068.0,0.0,0.0,0.0
39.0,1.0,250.0,4.0,1,372.0,2.0,1.0,0.0
1547.0,32.0,1656.0,5.0,0,608.0,0.0,0.0,0.0
141.66666666666666,2.0,607.0,4.0,1,431.0,0.0,0.0,0.0
16.75,2.2,701.0,4.0,1,297.0,43.125,5.0,0.0
648.8333333333334,6.0,924.0,4.0,1,2591.0,0.0,0.0,0.0
13.5,2.0,185.0,4.5,0,740.0,0.0,0.0,0.0
1122.0,15.333333333333334,1769.0,4.0,1,1554.0,0.0,0.0,0.0
447.6666666666667,5.0,391.0,4.0,0,624.0,0.0,0.0,0.0
651.6666666666666,9.4,676.0,2.0,1,7.0,0.0,0.0,0.0
569.25,4.666666666666667,165.0,4.0,1,414.0,0.0,0.0,0.0
83.0,2.5,1149.0,4.0,0,255.0,26.25,13.0,0.0
427.8333333333333,7.0,312.0,4.0,1,644.0,0.0,0.0,0.0
1055.5,11.0,757.0,4.0,1,1852.0,0.0,0.0,0.0
546.0,3.0,165.0,4.0,1,151.0,0.0,0.0,0.0
509.5,8.0,519.0,4.0,1,378.0,0.0,0.0,0.0
505.6666666666667,4.0,196.0,4.0,1,371.0,0.0,0.0,0.0
115.5,1.5,192.0,2.0,1,71.0,0.0,0.0,0.0
217.25,4.0,23.0,4.0,1,185.0,36.66666666666666,2.0,0.0
110.0,3.0,568.0,3.5,0,233.0,44.57142857142857,8.0,0.0
373.25,3.5,487.0,4.0,1,929.0,0.0,0.0,0.0
106.8,3.5,522.0,4.0,1,94.0,0.0,0.0,0.0
818.1666666666666,5.5,1710.0,4.0,0,2884.0,0.0,0.0,0.0
287.0,5.0,303.0,2.0,0,0.0,4.5,1.0,0.0
516.75,5.0,329.0,4.0,0,265.0,0.0,0.0,0.0
1098.5,11.5,2233.0,4.0,0,1294.0,0.0,0.0,0.0
1155.25,14.75,866.0,4.0,1,878.0,0.0,0.0,0.0
428.0,3.0,216.0,4.0,0,1120.0,0.0,0.0,0.0
263.3333333333333,3.5,229.0,4.0,0,1085.0,0.0,0.0,0.0
476.0,6.25,492.0,4.0,0,260.0,0.0,0.0,0.0
185.0,5.0,791.0,4.0,1,695.0,0.0,0.0,0.0
104.25,4.0,913.0,4.0,1,665.0,0.0,0.0,0.0
489.5,5.0,137.0,4.0,1,520.0,0.0,0.0,0.0
76.66666666666667,1.5,110.0,4.0,1,124.0,37.25,2.0,0.0
39.0,1.0,1215.0,4.0,1,223.0,32.916666666666664,11.0,0.0
316.25,4.0,106.0,4.0,1,421.0,0.0,0.0,0.0
1234.75,27.0,2168.0,4.5,1,1157.0,0.0,0.0,0.0
603.0,5.0,0.0,4.0,1,606.0,0.0,0.0,0.0
460.8333333333333,4.0,0.0,4.0,1,599.0,0.0,0.0,0.0
327.0,3.5,245.0,4.0,1,575.0,0.0,0.0,0.0
166.0,4.666666666666667,596.0,4.0,0,349.0,26.565217391304348,16.0,0.0
1386.5,16.8,2113.0,4.0,0,1092.0,0.0,0.0,0.0
965.6,10.5,1124.0,4.0,1,2220.0,0.0,0.0,0.0
1017.0,22.0,2105.0,4.0,1,1833.0,0.0,0.0,0.0
431.75,2.5,45.0,4.0,1,314.0,0.0,0.0,0.0
550.5,5.5,227.0,4.0,1,292.0,0.0,0.0,0.0
167.25,2.5,363.0,4.0,1,144.0,25.666666666666668,3.0,0.0
77.5,2.5,334.0,4.0,1,458.0,25.0,4.0,0.0
1222.5,6.0,693.0,4.0,0,1265.0,0.0,0.0,0.0
166.75,11.75,339.0,4.0,1,204.0,0.0,0.0,0.0
108.0,1.0,504.0,4.0,1,768.0,33.333333333333336,2.0,0.0
189.5,13.166666666666666,127.0,4.0,1,673.0,0.0,0.0,0.0
640.25,12.0,688.0,4.0,1,944.0,0.0,0.0,0.0
291.5,5.5,36.0,4.0,0,230.0,0.0,0.0,0.0
286.75,7.0,751.0,4.0,1,424.0,0.0,0.0,0.0
481.2,5.333333333333333,289.0,4.0,0,911.0,0.0,0.0,0.0
598.6666666666666,2.0,1567.0,4.0,0,2485.0,0.0,0.0,0.0
685.0,5.5,896.0,4.0,1,308.0,0.0,0.0,0.0
90.25,2.5,942.0,4.0,1,241.0,22.142857142857142,16.0,0.0
486.6666666666667,8.0,0.0,4.0,1,368.0,0.0,0.0,0.0
440.0,6.0,168.0,3.5,1,462.0,0.0,0.0,0.0
29.666666666666668,2.5,808.0,4.0,1,364.0,39.55555555555556,7.0,0.0
32.5,1.0,502.0,4.0,0,630.0,39.6,4.0,0.0
552.25,4.5,353.0,3.0,1,452.0,0.0,0.0,0.0
548.0,7.0,454.0,4.0,1,923.0,0.0,0.0,0.0
221.0,3.25,318.0,4.0,1,486.0,0.0,0.0,0.0
473.0,7.333333333333333,384.0,4.0,1,249.0,0.0,0.0,0.0
162.75,1.5,462.0,4.0,0,194.0,0.0,0.0,0.0
54.25,1.5,756.0,4.0,1,400.0,31.4,3.0,0.0
552.6666666666666,6.0,292.0,4.0,0,972.0,0.0,0.0,0.0
1080.0,12.0,1475.0,4.0,0,1483.0,0.0,0.0,0.0
100.66666666666669,1.5,394.0,4.0,1,454.0,24.63157894736842,12.0,0.0
134.0,7.5,235.0,4.0,1,218.0,0.0,0.0,0.0
1185.25,10.0,712.0,4.0,1,2612.0,0.0,0.0,0.0
160.33333333333334,1.5,458.0,4.0,1,235.0,54.5,1.0,0.0
304.75,5.0,772.0,4.0,1,281.0,0.0,0.0,0.0
621.75,3.333333333333333,546.0,4.0,1,536.0,0.0,0.0,0.0
501.5,5.5,288.0,2.6666666666666665,1,485.0,0.0,0.0,0.0
111.5,4.75,931.0,4.0,1,278.0,0.0,0.0,0.0
6.333333333333333,1.5,315.0,4.5,1,480.0,20.23076923076923,9.0,0.0
87.25,3.5,399.0,4.0,1,84.0,34.57142857142857,8.0,0.0
503.25,6.0,90.0,4.0,1,372.0,0.0,0.0,0.0
1334.0,7.75,1231.0,4.5,0,1988.0,0.0,0.0,0.0
456.25,3.5,91.0,4.0,0,1488.0,0.0,0.0,0.0
52.66666666666666,1.5,284.0,4.0,1,232.0,30.0,2.0,0.0
161.5,1.5,686.0,4.0,1,247.0,8.0,0.0,0.0
330.6666666666667,7.166666666666667,408.0,4.0,1,111.0,0.0,0.0,0.0
474.5,5.666666666666667,177.0,4.0,1,772.0,0.0,0.0,0.0
579.25,8.0,721.0,2.0,1,659.0,0.0,0.0,0.0
496.8333333333333,5.333333333333333,238.0,4.0,1,273.0,0.0,0.0,0.0
260.5,2.5,717.0,4.0,1,111.0,0.0,0.0,0.0
512.75,5.0,503.0,4.0,1,114.0,0.0,0.0,0.0
460.25,6.0,501.0,4.0,1,200.0,0.0,0.0,0.0
905.6666666666666,18.83333333333333,2236.0,3.0,1,292.0,0.0,0.0,0.0
730.1666666666666,9.0,709.0,4.0,1,472.0,0.0,0.0,0.0
339.75,4.5,73.0,2.6666666666666665,1,17.0,23.27272727272728,7.0,0.0
1173.0,7.5,112.0,4.5,0,1696.0,0.0,0.0,0.0
817.5,7.666666666666667,2010.0,4.0,1,2918.0,0.0,0.0,0.0
28.25,1.5,993.0,4.5,0,504.0,31.384615384615383,5.0,0.0
284.6666666666667,3.0,387.0,4.0,0,574.0,0.0,0.0,0.0
458.0,4.666666666666667,371.0,2.0,1,839.0,0.0,0.0,0.0
1211.5,7.5,1131.0,4.0,1,756.0,0.0,0.0,0.0
546.0,10.0,106.0,4.5,1,1526.0,0.0,0.0,0.0
238.0,3.5,362.0,4.0,1,224.0,45.66666666666666,2.0,0.0
492.25,6.0,375.0,4.0,0,203.0,0.0,0.0,0.0
1107.0,14.0,917.0,4.0,1,1201.0,0.0,0.0,0.0
243.3333333333333,4.0,568.0,2.0,1,219.0,0.0,0.0,0.0
1285.75,7.0,1195.0,4.0,1,325.0,0.0,0.0,0.0
79.66666666666667,2.0,721.0,4.0,0,270.0,19.25,4.0,0.0
82.0,1.8,627.0,4.0,1,187.0,0.0,0.0,0.0
84.5,3.5,264.0,4.0,1,530.0,32.0,7.0,0.0
476.0,8.0,162.0,2.0,1,28.0,0.0,0.0,0.0
127.5,3.0,311.0,4.0,1,715.0,0.0,0.0,0.0
148.25,2.0,101.0,4.0,1,380.0,0.0,0.0,0.0
743.5,8.666666666666666,419.0,4.0,1,584.0,0.0,0.0,0.0
400.8333333333333,6.0,74.0,4.0,0,103.0,33.5,4.0,0.0
190.5,3.5,602.0,4.0,1,58.0,25.5,1.0,0.0
69.75,4.5,207.0,4.5,1,342.0,0.0,0.0,0.0
524.5,5.5,229.0,4.0,1,465.0,0.0,0.0,0.0
263.3333333333333,3.8,133.0,4.0,1,410.0,0.0,0.0,0.0
871.0,4.5,1163.0,4.0,1,3533.0,0.0,0.0,0.0
647.0,4.5,638.0,4.0,0,478.0,0.0,0.0,0.0
422.75,5.8,23.0,4.0,0,461.0,0.0,0.0,0.0
157.0,1.5,790.0,4.0,0,324.0,14.333333333333334,2.0,0.0
1154.75,27.83333333333333,2043.0,5.0,0,993.0,0.0,0.0,0.0
432.6666666666667,5.0,49.0,4.0,0,357.0,0.0,0.0,0.0
222.0,4.0,208.0,2.0,1,42.0,0.0,0.0,0.0
94.6,2.0,461.0,4.0,1,278.0,9.625,1.0,0.0
152.25,1.5,459.0,4.0,1,479.0,17.0,4.0,0.0
448.0,8.5,275.0,4.0,0,344.0,0.0,0.0,0.0
282.0,4.0,171.0,4.0,1,241.0,0.0,0.0,0.0
128.0,3.0,732.0,4.0,1,102.0,0.0,0.0,0.0
363.25,4.75,638.0,4.0,1,226.0,0.0,0.0,0.0
1139.25,8.333333333333334,1508.0,4.0,1,298.0,0.0,0.0,0.0
92.33333333333331,1.5,323.0,4.0,1,290.0,20.454545454545453,6.0,0.0
579.5,7.0,21.0,4.0,1,988.0,0.0,0.0,0.0
591.0,10.75,520.0,4.5,1,1064.0,0.0,0.0,0.0
1367.25,10.666666666666666,545.0,4.0,1,794.0,0.0,0.0,0.0
173.0,3.0,115.0,2.0,1,113.0,40.44444444444444,5.0,0.0
700.0,5.2,1307.0,4.0,1,1713.0,0.0,0.0,0.0
500.6666666666667,6.333333333333333,161.0,4.0,1,642.0,0.0,0.0,0.0
271.75,5.0,997.0,2.0,1,31.0,0.0,0.0,0.0
348.5,2.75,670.0,4.0,1,714.0,0.0,0.0,0.0
31.2,1.5,986.0,4.0,0,129.0,32.04761904761905,16.0,0.0
80.0,2.0,414.0,4.0,1,1256.0,29.875,10.0,0.0
852.0,4.25,930.0,4.0,1,3535.0,0.0,0.0,0.0
411.75,4.5,134.0,4.0,1,236.0,0.0,0.0,0.0
799.25,9.5,1814.0,4.0,0,1906.0,0.0,0.0,0.0
71.66666666666667,1.5,949.0,4.0,1,55.0,18.64,16.0,0.0
550.3333333333334,9.75,656.0,4.0,1,531.0,0.0,0.0,0.0
424.5,3.5,59.0,4.0,1,498.0,0.0,0.0,0.0
631.5,5.0,486.0,4.0,1,505.0,0.0,0.0,0.0
1353.75,11.666666666666666,992.0,4.0,1,1266.0,0.0,0.0,0.0
706.0,5.5,739.0,4.0,0,935.0,0.0,0.0,0.0
639.5,11.333333333333334,743.0,4.0,0,1041.0,0.0,0.0,0.0
830.75,13.6,1888.0,4.0,0,2189.0,0.0,0.0,0.0
433.3333333333333,4.0,348.0,4.0,0,161.0,0.0,0.0,0.0
141.0,5.0,168.0,4.0,1,114.0,0.0,0.0,0.0
691.75,8.0,763.0,4.0,1,1909.0,0.0,0.0,0.0
314.0,4.5,185.0,4.0,0,529.0,0.0,0.0,0.0
664.5,12.75,456.0,4.0,1,1312.0,0.0,0.0,0.0
87.83333333333333,2.25,872.0,2.0,0,34.0,0.0,0.0,0.0
89.5,1.0,791.0,4.0,1,386.0,23.444444444444443,16.0,0.0
204.0,3.333333333333333,100.0,4.0,1,220.0,0.0,0.0,0.0
413.25,5.25,637.0,2.6666666666666665,0,30.0,0.0,0.0,0.0
375.0,4.0,257.0,4.0,1,279.0,0.0,0.0,0.0
165.0,3.0,254.0,4.0,0,407.0,0.0,0.0,0.0
577.0,4.5,441.0,4.0,1,612.0,0.0,0.0,0.0
38.5,2.5,956.0,4.0,1,263.0,22.642857142857142,10.0,0.0
601.25,4.0,546.0,4.0,1,740.0,0.0,0.0,0.0
38.25,1.5,116.0,4.0,1,565.0,0.0,0.0,0.0
327.75,3.0,101.0,4.0,1,279.0,0.0,0.0,0.0
227.0,9.75,563.0,4.0,1,397.0,0.0,0.0,0.0
720.75,6.0,1103.0,4.0,0,402.0,0.0,0.0,0.0
396.0,4.0,757.0,2.0,0,284.0,0.0,0.0,0.0
677.8333333333334,11.75,832.0,4.0,1,386.0,0.0,0.0,0.0
634.6666666666666,8.0,384.0,4.0,0,998.0,0.0,0.0,0.0
836.25,5.5,2112.0,4.0,1,3087.0,0.0,0.0,0.0
1435.0,19.0,1916.0,4.5,0,1031.0,0.0,0.0,0.0
169.25,4.0,961.0,4.0,1,148.0,0.0,0.0,0.0
1182.75,11.5,1260.0,4.0,1,932.0,0.0,0.0,0.0
647.5,13.0,535.0,4.0,0,921.0,0.0,0.0,0.0
328.25,6.666666666666667,419.0,4.0,0,511.0,0.0,0.0,0.0
335.75,5.5,81.0,4.0,1,137.0,27.75,2.0,0.0
36.25,1.5,27.0,4.0,0,527.0,0.0,0.0,0.0
1202.0,8.2,1138.0,4.0,1,2911.0,0.0,0.0,0.0
119.0,4.5,537.0,4.0,1,365.0,0.0,0.0,0.0
398.75,4.5,102.0,4.0,0,1001.0,0.0,0.0,0.0
410.5,11.0,251.0,4.0,1,480.0,0.0,0.0,0.0
102.5,1.5,103.0,4.0,1,358.0,26.714285714285715,12.0,0.0
442.75,6.666666666666667,177.0,4.0,0,359.0,0.0,0.0,0.0
528.6666666666666,4.0,0.0,4.0,1,12.0,0.0,0.0,0.0
76.0,2.5,570.0,4.0,1,1072.0,40.0,6.0,0.0
382.75,3.5,769.0,4.0,0,552.0,0.0,0.0,0.0
1127.25,10.6,1000.0,4.0,1,1188.0,0.0,0.0,0.0
184.66666666666663,4.666666666666667,553.0,4.0,1,234.0,0.0,0.0,0.0
1063.5,12.5,1153.0,4.5,1,803.0,0.0,0.0,0.0
388.25,5.5,395.0,4.0,1,1230.0,0.0,0.0,0.0
313.5,4.5,945.0,4.0,1,73.0,0.0,0.0,0.0
598.75,2.0,804.0,4.0,0,1030.0,0.0,0.0,0.0
283.75,6.75,382.0,2.0,1,43.0,0.0,0.0,0.0
503.0,5.5,199.0,2.0,0,564.0,0.0,0.0,0.0
188.0,15.0,227.0,4.0,0,251.0,0.0,0.0,0.0
464.0,2.0,29.0,4.0,0,540.0,0.0,0.0,0.0
42.5,3.5,434.0,4.0,0,595.0,28.666666666666668,7.0,0.0
128.0,2.0,138.0,4.0,0,192.0,0.0,0.0,0.0
50.333333333333336,2.333333333333333,219.0,4.0,1,309.0,0.0,0.0,0.0
541.3333333333334,4.0,509.0,4.0,1,707.0,0.0,0.0,0.0
309.25,3.1666666666666665,336.0,4.0,0,10.0,0.0,0.0,0.0
337.0,3.5,325.0,4.0,0,90.0,0.0,0.0,0.0
342.55555555555554,6.0,296.0,4.0,1,233.0,0.0,0.0,0.0
823.25,12.75,1506.0,5.0,1,1588.0,0.0,0.0,0.0
326.1666666666667,4.5,324.0,4.0,1,199.0,0.0,0.0,0.0
240.5,5.0,145.0,2.6666666666666665,0,20.0,30.5,6.0,0.0
1115.5,6.75,596.0,4.0,1,2382.0,0.0,0.0,0.0
588.0,6.75,314.0,4.0,1,983.0,0.0,0.0,0.0
28.5,2.0,823.0,4.5,1,835.0,0.0,0.0,0.0
1094.5,12.0,1692.0,4.0,1,1621.0,0.0,0.0,0.0
70.0,2.5,86.0,4.0,1,153.0,23.83333333333333,10.0,0.0
405.4,3.5,182.0,4.0,1,658.0,0.0,0.0,0.0
261.75,3.5,18.0,4.0,0,861.0,0.0,0.0,0.0
787.5,6.0,1610.0,4.0,0,2467.0,0.0,0.0,0.0
566.0,10.5,291.0,5.0,0,1213.0,0.0,0.0,0.0
790.75,9.0,1580.0,4.0,1,1416.0,0.0,0.0,0.0
291.6666666666667,4.25,191.0,4.0,1,198.0,0.0,0.0,0.0
851.0,10.333333333333334,1027.0,4.0,1,3334.0,0.0,0.0,0.0
135.75,2.5,119.0,2.0,1,85.0,0.0,0.0,0.0
449.25,4.5,315.0,2.0,1,196.0,0.0,0.0,0.0
1033.3333333333333,10.0,865.0,4.0,0,1638.0,0.0,0.0,0.0
526.25,4.5,106.0,4.0,1,786.0,0.0,0.0,0.0
694.6666666666666,22.75,680.0,4.5,1,753.0,0.0,0.0,0.0
330.5,4.5,469.0,4.0,0,548.0,0.0,0.0,0.0
56.0,2.0,358.0,4.0,1,339.0,24.23809523809524,18.0,0.0
1117.1666666666667,7.25,1073.0,4.0,1,2987.0,0.0,0.0,0.0
592.75,5.75,182.0,2.6666666666666665,1,972.0,0.0,0.0,0.0
138.6,2.0,393.0,4.0,1,449.0,0.0,0.0,0.0
299.75,5.5,341.0,4.0,1,195.0,0.0,0.0,0.0
58.5,1.5,243.0,4.0,1,685.0,50.66666666666666,4.0,0.0
30.5,1.5,660.0,4.5,1,676.0,34.083333333333336,8.0,0.0
518.0,11.75,493.0,4.0,1,293.0,0.0,0.0,0.0
284.3333333333333,3.5,0.0,2.0,1,23.0,0.0,0.0,0.0
1039.75,19.8,2017.0,2.5,0,654.0,0.0,0.0,0.0
1125.5,8.0,1118.0,4.5,0,678.0,0.0,0.0,0.0
761.75,14.0,1305.0,2.0,1,1381.0,0.0,0.0,0.0
30.6,0.5,982.0,4.0,0,1002.0,0.0,0.0,0.0
915.0,14.75,1956.0,4.0,1,3420.0,0.0,0.0,0.0
85.33333333333333,1.0,839.0,4.0,1,405.0,34.75,6.0,0.0
47.333333333333336,2.0,514.0,4.0,1,607.0,30.166666666666668,4.0,0.0
117.0,1.5,380.0,4.0,0,169.0,2.0,2.0,0.0
374.3333333333333,6.0,516.0,4.0,1,339.0,0.0,0.0,0.0
590.5,7.5,757.0,4.0,1,729.0,0.0,0.0,0.0
35.5,1.0,349.0,4.0,1,719.0,31.11111111111111,3.0,0.0
152.66666666666666,2.0,733.0,4.0,1,271.0,28.666666666666668,3.0,0.0
446.0,4.0,140.0,4.0,1,931.0,0.0,0.0,0.0
57.5,1.0,738.0,4.0,0,577.0,22.70967741935484,19.0,0.0
567.25,8.6,75.0,4.0,1,1070.0,0.0,0.0,0.0
401.0,3.0,202.0,4.0,1,193.0,0.0,0.0,0.0
565.75,5.5,262.0,4.0,1,646.0,0.0,0.0,0.0
318.0,5.5,63.0,4.0,0,139.0,0.0,0.0,0.0
760.8333333333334,7.0,1206.0,4.0,1,275.0,0.0,0.0,0.0
569.5,7.5,160.0,4.0,1,642.0,0.0,0.0,0.0
145.75,2.5,1013.0,4.5,0,490.0,0.0,0.0,0.0
391.5,5.0,108.0,4.0,1,947.0,0.0,0.0,0.0
874.0,8.5,1662.0,4.0,1,2461.0,0.0,0.0,0.0
129.83333333333334,2.0,237.0,4.0,1,145.0,0.0,0.0,0.0
153.83333333333334,5.0,627.0,4.0,1,286.0,0.0,0.0,0.0
548.0,8.333333333333334,294.0,4.0,1,794.0,0.0,0.0,0.0
882.25,6.333333333333333,1305.0,4.0,1,3640.0,0.0,0.0,0.0
145.0,2.5,191.0,3.5,0,178.0,0.0,0.0,0.0
262.25,4.5,311.0,4.0,1,377.0,0.0,0.0,0.0
681.0,15.2,359.0,4.0,1,443.0,0.0,0.0,0.0
67.75,4.0,480.0,4.0,1,622.0,17.0,0.0,0.0
105.66666666666669,5.666666666666667,758.0,4.0,1,504.0,0.0,0.0,0.0
982.75,19.25,1840.0,4.0,1,837.0,0.0,0.0,0.0
728.75,11.5,543.0,4.5,0,2449.0,0.0,0.0,0.0
134.5,3.0,560.0,4.0,1,281.0,50.5,1.0,0.0
1191.75,10.333333333333334,2140.0,4.0,1,1561.0,0.0,0.0,0.0
225.0,3.0,798.0,4.0,0,764.0,0.0,0.0,0.0
79.75,4.5,546.0,4.0,1,151.0,23.214285714285715,18.0,0.0
135.75,5.5,515.0,4.0,1,194.0,102.0,0.0,0.0
971.5,10.25,2008.0,4.0,1,607.0,0.0,0.0,0.0
358.5,7.5,220.0,4.0,1,145.0,0.0,0.0,0.0
87.75,2.0,983.0,4.0,0,301.0,0.0,0.0,0.0
106.0,1.5,435.0,4.0,1,366.0,0.0,0.0,0.0
33.75,2.4,587.0,2.333333333333333,0,112.0,0.0,0.0,0.0
1291.1666666666667,12.75,872.0,5.0,1,2355.0,0.0,0.0,0.0
604.0,5.0,1101.0,4.0,1,2113.0,0.0,0.0,0.0
327.5,5.0,243.0,2.0,0,119.0,0.0,0.0,0.0
231.75,3.5,362.0,4.0,0,222.0,0.0,0.0,0.0
256.0,4.333333333333333,239.0,4.0,1,436.0,18.5,5.0,0.0
539.0,4.666666666666667,337.0,4.0,0,643.0,0.0,0.0,0.0
118.5,2.5,264.0,4.0,0,197.0,0.0,0.0,0.0
232.4,6.0,874.0,4.0,1,965.0,0.0,0.0,0.0
134.5,3.5,397.0,4.0,0,235.0,25.5,2.0,0.0
173.25,3.0,721.0,4.0,1,15.0,0.0,0.0,0.0
165.75,3.0,883.0,4.0,1,317.0,0.0,0.0,0.0
471.6666666666667,7.0,106.0,3.5,1,558.0,20.33333333333333,2.0,0.0
268.75,1.5,94.0,4.0,0,285.0,0.0,0.0,0.0
61.16666666666666,2.5,365.0,4.0,1,363.0,0.0,0.0,0.0
948.0,20.5,486.0,5.0,1,1208.0,0.0,0.0,0.0
626.25,10.75,592.0,2.0,1,910.0,0.0,0.0,0.0
151.75,2.0,201.0,4.0,0,359.0,0.0,0.0,0.0
804.5,13.833333333333334,1310.0,4.0,0,2660.0,0.0,0.0,0.0
1454.5,24.4,792.0,5.0,0,95.0,0.0,0.0,0.0
578.0,17.333333333333332,398.0,4.0,0,516.0,0.0,0.0,0.0
243.0,4.5,768.0,4.0,1,635.0,0.0,0.0,0.0
76.75,2.0,578.0,2.6666666666666665,1,76.0,0.0,0.0,0.0
748.75,13.0,1094.0,5.0,1,1133.0,0.0,0.0,0.0
55.5,2.0,972.0,4.0,1,322.0,28.428571428571427,22.0,0.0
285.6666666666667,3.0,487.0,4.0,0,488.0,0.0,0.0,0.0
359.1666666666667,4.0,97.0,2.0,1,22.0,0.0,0.0,0.0
640.3333333333334,7.0,395.0,4.0,0,1472.0,0.0,0.0,0.0
560.25,4.0,0.0,4.0,1,474.0,0.0,0.0,0.0
356.0,5.5,435.0,2.0,1,736.0,0.0,0.0,0.0
430.5,7.5,410.0,4.0,0,519.0,0.0,0.0,0.0
571.5,5.5,24.0,2.0,1,366.0,0.0,0.0,0.0
120.0,2.0,149.0,4.0,1,665.0,33.5,4.0,0.0
33.75,2.5,579.0,4.0,1,1055.0,0.0,0.0,0.0
1123.75,6.0,474.0,4.0,1,1484.0,0.0,0.0,0.0
47.0,14.666666666666666,329.0,3.0,0,870.0,0.0,0.0,0.0
702.0,6.5,225.0,4.0,1,447.0,0.0,0.0,0.0
129.2,4.5,26.0,2.0,1,33.0,0.0,0.0,0.0
427.75,7.0,529.0,4.0,1,82.0,0.0,0.0,0.0
960.3333333333334,9.0,2154.0,4.0,1,3827.0,0.0,0.0,0.0
593.0,8.0,918.0,2.0,1,914.0,0.0,0.0,0.0
814.0,10.333333333333334,1802.0,4.0,1,1830.0,0.0,0.0,0.0
567.0,8.25,166.0,4.0,1,724.0,0.0,0.0,0.0
46.0,0.5,552.0,4.0,1,448.0,13.0,2.0,0.0
707.25,5.5,424.0,4.0,1,1487.0,0.0,0.0,0.0
535.5,5.5,190.0,4.0,1,188.0,0.0,0.0,0.0
702.5,11.25,664.0,4.0,1,2000.0,0.0,0.0,0.0
642.0,12.666666666666666,356.0,4.5,0,1006.0,0.0,0.0,0.0
203.3333333333333,2.5,170.0,4.0,1,200.0,55.333333333333336,2.0,0.0
525.5,6.0,191.0,2.0,1,702.0,0.0,0.0,0.0
501.75,8.0,564.0,4.0,0,1355.0,0.0,0.0,0.0
530.75,4.5,390.0,4.0,1,185.0,0.0,0.0,0.0
140.5,1.5,453.0,4.0,0,359.0,0.0,0.0,0.0
413.6666666666667,7.0,809.0,4.0,1,951.0,0.0,0.0,0.0
622.5,7.0,286.0,4.0,1,1027.0,0.0,0.0,0.0
16.0,2.5,198.0,4.0,1,259.0,29.5,10.0,0.0
926.25,16.0,1799.0,4.0,1,3220.0,0.0,0.0,0.0
586.25,11.5,925.0,4.5,1,2584.0,0.0,0.0,0.0
440.6666666666667,4.5,408.0,4.0,0,202.0,0.0,0.0,0.0
351.5,4.0,93.0,4.0,1,356.0,10.0,0.0,0.0
472.75,4.5,62.0,4.0,1,505.0,0.0,0.0,0.0
360.0,5.5,580.0,4.0,1,709.0,0.0,0.0,0.0
890.0,12.25,2096.0,4.0,1,3523.0,0.0,0.0,0.0
44.66666666666666,1.5,1423.0,4.0,1,358.0,50.083333333333336,4.0,0.0
657.25,11.166666666666666,493.0,4.0,0,1258.0,0.0,0.0,0.0
97.5,1.5,321.0,4.0,1,136.0,32.083333333333336,19.0,0.0
353.75,3.0,0.0,4.0,1,106.0,0.0,0.0,0.0
342.4,4.0,408.0,4.0,1,164.0,0.0,0.0,0.0
287.6666666666667,6.5,239.0,4.0,1,714.0,0.0,0.0,0.0
82.33333333333333,1.5,1281.0,2.0,1,31.0,0.0,0.0,0.0
59.0,1.0,334.0,4.0,0,704.0,22.0,3.0,0.0
55.5,3.5,381.0,2.0,1,3.0,0.0,0.0,0.0
653.25,5.5,675.0,4.5,1,1451.0,0.0,0.0,0.0
120.25,1.5,317.0,2.6666666666666665,1,20.0,25.94736842105263,13.0,0.0
606.0,8.25,365.0,4.5,1,80.0,0.0,0.0,0.0
430.4,5.5,308.0,4.0,1,267.0,0.0,0.0,0.0
484.25,7.5,581.0,4.0,0,53.0,0.0,0.0,0.0
761.6,10.8,530.0,4.0,1,2070.0,0.0,0.0,0.0
68.25,1.5,371.0,2.0,1,74.0,28.94117647058824,11.0,0.0
1130.5,14.25,1606.0,4.5,1,193.0,0.0,0.0,0.0
85.33333333333333,1.0,1095.0,4.0,1,94.0,38.142857142857146,7.0,0.0
577.25,11.5,157.0,5.0,1,1266.0,0.0,0.0,0.0
540.25,3.5,412.0,4.0,0,287.0,0.0,0.0,0.0
287.75,3.6666666666666665,187.0,4.0,1,732.0,0.0,0.0,0.0
109.66666666666669,2.5,568.0,4.0,1,221.0,29.823529411764707,10.0,0.0
817.5,12.25,360.0,4.5,1,2266.0,0.0,0.0,0.0
612.25,6.25,1398.0,4.0,1,2203.0,0.0,0.0,0.0
203.3333333333333,6.0,659.0,4.0,1,160.0,0.0,0.0,0.0
512.0,4.0,99.0,4.0,1,480.0,0.0,0.0,0.0
72.25,2.5,374.0,4.0,1,593.0,0.0,0.0,0.0
544.0,4.666666666666667,801.0,4.0,1,176.0,0.0,0.0,0.0
866.0,11.4,316.0,5.0,1,2957.0,0.0,0.0,0.0
706.3333333333334,6.5,1102.0,4.0,1,466.0,0.0,0.0,0.0
35.25,3.6666666666666665,537.0,4.0,1,985.0,0.0,0.0,0.0
412.25,5.666666666666667,25.0,4.0,1,630.0,0.0,0.0,0.0
636.0,4.0,96.0,4.0,1,318.0,0.0,0.0,0.0
23.5,0.5,721.0,4.0,0,1034.0,0.0,0.0,0.0
301.0,4.0,83.0,4.0,1,1087.0,0.0,0.0,0.0
28.0,1.5,557.0,4.0,1,690.0,30.954545454545453,14.0,0.0
249.0,2.5,334.0,4.0,1,322.0,0.0,0.0,0.0
921.75,11.75,1200.0,5.0,1,1713.0,0.0,0.0,0.0
494.5,7.666666666666667,169.0,4.0,0,628.0,0.0,0.0,0.0
805.25,11.5,1134.0,4.0,0,761.0,0.0,0.0,0.0
1024.75,13.0,483.0,5.0,1,855.0,0.0,0.0,0.0
725.6666666666666,8.4,931.0,4.0,1,386.0,0.0,0.0,0.0
39.0,9.25,459.0,4.5,0,248.0,0.0,0.0,0.0
294.6666666666667,4.5,0.0,4.0,1,110.0,0.0,0.0,0.0
38.0,2.5,965.0,4.5,1,690.0,32.72727272727273,6.0,0.0
19.5,2.0,282.0,4.0,1,476.0,27.5,12.0,0.0
701.5,6.5,896.0,4.0,1,591.0,0.0,0.0,0.0
1432.25,16.0,315.0,4.0,1,783.0,0.0,0.0,0.0
1014.1666666666666,23.75,264.0,5.0,1,1011.0,0.0,0.0,0.0
50.25,2.0,209.0,4.0,1,149.0,0.0,0.0,0.0
23.5,0.5,631.0,4.0,0,981.0,0.0,0.0,0.0
77.0,2.0,709.0,2.0,1,54.0,31.38888888888889,12.0,0.0
1002.5,14.0,211.0,4.0,1,449.0,0.0,0.0,0.0
719.5,6.5,1019.0,4.0,1,1573.0,0.0,0.0,0.0
153.2,3.5,397.0,4.0,1,553.0,0.0,0.0,0.0
127.66666666666669,2.0,597.0,4.0,0,161.0,12.0,1.0,0.0
34.5,3.0,94.0,4.5,1,50.0,22.05555555555556,14.0,0.0
281.0,7.0,609.0,4.0,1,655.0,0.0,0.0,0.0
524.5,4.0,543.0,4.0,1,128.0,0.0,0.0,0.0
745.625,8.0,1380.0,4.0,1,84.0,0.0,0.0,0.0
297.2,4.0,0.0,4.0,1,204.0,0.0,0.0,0.0
711.75,13.0,431.0,4.0,1,420.0,0.0,0.0,0.0
185.25,4.5,129.0,2.0,0,28.0,0.0,0.0,0.0
80.2,1.0,18.0,4.0,1,303.0,32.666666666666664,12.0,0.0
22.5,0.5,523.0,4.0,1,640.0,0.0,0.0,0.0
94.33333333333331,1.5,699.0,4.0,1,1145.0,38.66666666666666,8.0,0.0
636.0,6.5,706.0,2.0,1,1503.0,0.0,0.0,0.0
541.0,4.25,374.0,4.0,1,888.0,0.0,0.0,0.0
35.2,1.6666666666666667,681.0,4.0,1,308.0,0.0,0.0,0.0
1104.75,13.0,2008.0,4.0,1,1813.0,0.0,0.0,0.0
286.75,3.5,246.0,2.0,0,20.0,0.0,0.0,0.0
66.66666666666667,4.0,609.0,4.0,1,226.0,0.0,0.0,0.0
1028.75,20.0,2231.0,2.5,0,402.0,0.0,0.0,0.0
501.75,6.25,436.0,4.0,1,864.0,0.0,0.0,0.0
545.8333333333334,2.25,284.0,4.0,1,988.0,0.0,0.0,0.0
251.66666666666663,4.5,341.0,4.0,0,179.0,0.0,0.0,0.0
107.25,2.0,483.0,3.5,1,386.0,32.92307692307692,8.0,0.0
158.0,2.4,604.0,2.0,1,5.0,0.0,0.0,0.0
231.5,3.5,86.0,4.0,1,239.0,0.0,0.0,0.0
373.5,5.5,846.0,4.0,1,1001.0,0.0,0.0,0.0
159.4,3.0,304.0,3.5,0,265.0,17.666666666666668,2.0,0.0
104.25,2.0,43.0,4.0,1,154.0,37.75,11.0,0.0
277.75,3.25,50.0,4.0,0,157.0,0.0,0.0,0.0
155.0,4.75,1097.0,4.0,1,421.0,0.0,0.0,0.0
1119.5,7.0,1294.0,4.0,1,3208.0,0.0,0.0,0.0
28.5,1.0,826.0,4.0,0,343.0,23.257142857142856,27.0,0.0
83.5,6.0,975.0,4.0,0,380.0,0.0,0.0,0.0
201.75,5.5,231.0,4.0,0,610.0,0.0,0.0,0.0
844.25,15.5,1745.0,4.5,1,31.0,0.0,0.0,0.0
281.25,7.0,498.0,4.0,0,125.0,0.0,0.0,0.0
135.5,3.0,500.0,2.0,1,16.0,0.0,0.0,0.0
424.0,7.0,318.0,4.0,1,474.0,0.0,0.0,0.0
1107.25,19.5,2011.0,5.0,0,339.0,0.0,0.0,0.0
182.75,4.0,503.0,4.0,0,286.0,102.0,0.0,0.0
42.75,1.5,140.0,4.0,1,207.0,33.333333333333336,4.0,0.0
230.5555555555556,6.0,899.0,4.0,1,767.0,0.0,0.0,0.0
601.4,7.666666666666667,265.0,4.0,1,168.0,0.0,0.0,0.0
453.5,5.666666666666667,842.0,4.0,1,942.0,0.0,0.0,0.0
1187.25,8.5,491.0,4.0,1,2402.0,0.0,0.0,0.0
1085.1666666666667,11.0,968.0,4.0,0,1086.0,0.0,0.0,0.0
1275.5,12.0,2392.0,4.0,0,1466.0,0.0,0.0,0.0
411.25,2.5,13.0,4.0,1,634.0,0.0,0.0,0.0
352.8,3.0,392.0,4.0,1,1353.0,0.0,0.0,0.0
425.5,9.0,663.0,4.0,1,744.0,0.0,0.0,0.0
800.5,7.333333333333333,1912.0,4.0,1,2783.0,0.0,0.0,0.0
185.5,4.0,151.0,2.6666666666666665,1,16.0,29.416666666666668,7.0,0.0
484.25,3.5,142.0,4.0,1,439.0,0.0,0.0,0.0
80.75,2.5,288.0,4.0,1,530.0,35.25,6.0,0.0
164.66666666666666,1.5,425.0,4.0,1,169.0,27.25,7.0,0.0
969.8333333333334,24.5,2055.0,4.0,0,1930.0,0.0,0.0,0.0
1553.3333333333333,17.5,2073.0,4.0,1,289.0,0.0,0.0,0.0
574.0,16.25,436.0,4.0,0,557.0,0.0,0.0,0.0
324.5,3.0,221.0,2.0,1,21.0,0.0,0.0,0.0
393.5,4.5,285.0,4.0,1,349.0,0.0,0.0,0.0
798.0,8.5,1747.0,4.5,1,2549.0,0.0,0.0,0.0
707.8,10.5,620.0,4.0,1,3161.0,0.0,0.0,0.0
1506.0,23.25,987.0,5.0,1,70.0,0.0,0.0,0.0
417.5,4.0,63.0,4.0,1,598.0,0.0,0.0,0.0
422.0,6.0,52.0,4.0,1,45.0,0.0,0.0,0.0
604.5,6.666666666666667,98.0,4.0,1,632.0,0.0,0.0,0.0
39.25,1.5,1232.0,4.0,1,102.0,29.6,10.0,0.0
161.0,2.0,432.0,2.0,1,0.0,23.3,7.0,0.0
24.25,5.333333333333333,650.0,2.0,0,120.0,0.0,0.0,0.0
899.0,12.333333333333334,703.0,5.0,0,1212.0,0.0,0.0,0.0
609.75,6.5,1134.0,4.0,1,2028.0,0.0,0.0,0.0
127.5,4.5,577.0,4.0,1,316.0,0.0,0.0,0.0
20.75,1.5,715.0,4.0,0,369.0,47.0,0.0,0.0
986.75,11.5,1483.0,4.5,1,571.0,0.0,0.0,0.0
650.5,11.333333333333334,645.0,4.0,0,1026.0,0.0,0.0,0.0
22.0,3.5,571.0,4.0,1,640.0,0.0,0.0,0.0
1050.75,19.75,2150.0,2.5,1,202.0,0.0,0.0,0.0
170.66666666666666,5.166666666666667,923.0,4.0,1,422.0,38.333333333333336,3.0,0.0
169.0,2.5,378.0,4.0,1,469.0,0.0,0.0,0.0
541.5,16.25,310.0,4.0,0,475.0,0.0,0.0,0.0
21.75,2.5,394.0,4.5,1,104.0,21.09090909090909,7.0,0.0
655.0,6.5,876.0,4.0,0,2670.0,0.0,0.0,0.0
1032.0,7.0,2174.0,4.0,1,4080.0,0.0,0.0,0.0
296.5,1.25,265.0,4.0,0,576.0,0.0,0.0,0.0
296.5,4.666666666666667,814.0,4.0,1,525.0,0.0,0.0,0.0
308.5,7.0,614.0,4.0,0,713.0,0.0,0.0,0.0
576.0,6.5,109.0,4.0,1,845.0,0.0,0.0,0.0
13.5,2.5,281.0,4.0,1,855.0,0.0,0.0,0.0
33.5,1.5,391.0,4.0,1,690.0,28.0,6.0,0.0
407.1666666666667,5.0,91.0,4.0,1,529.0,0.0,0.0,0.0
491.5,5.666666666666667,202.0,4.0,1,826.0,0.0,0.0,0.0
869.75,7.0,2050.0,4.0,0,3369.0,0.0,0.0,0.0
45.5,2.4,692.0,4.0,0,538.0,34.5,4.0,0.0
585.25,7.5,414.0,4.0,1,942.0,0.0,0.0,0.0
130.75,2.5,20.0,2.0,1,86.0,29.90909090909091,5.0,0.0
373.75,5.666666666666667,592.0,2.0,0,44.0,0.0,0.0,0.0
384.0,5.0,783.0,4.0,1,476.0,0.0,0.0,0.0
1164.8333333333333,19.75,1702.0,5.0,0,492.0,0.0,0.0,0.0
718.0,10.0,926.0,4.0,0,109.0,0.0,0.0,0.0
106.25,2.0,473.0,4.0,0,325.0,0.0,0.0,0.0
1041.25,5.5,1810.0,4.0,0,3680.0,0.0,0.0,0.0
545.1666666666666,4.0,121.0,4.0,1,263.0,0.0,0.0,0.0
1032.75,10.0,1348.0,4.0,1,3052.0,0.0,0.0,0.0
1106.5,12.5,756.0,4.0,0,1297.0,0.0,0.0,0.0
366.0,5.0,372.0,4.0,1,1130.0,0.0,0.0,0.0
409.0,4.0,71.0,4.0,1,930.0,0.0,0.0,0.0
1610.2,14.333333333333334,495.0,4.0,0,496.0,0.0,0.0,0.0
26.5,1.5,915.0,4.0,1,950.0,0.0,0.0,0.0
1206.5,6.75,621.0,4.0,1,1213.0,0.0,0.0,0.0
771.25,21.0,648.0,5.0,1,733.0,0.0,0.0,0.0
552.2,3.5,312.0,2.0,1,6.0,0.0,0.0,0.0
986.0,12.75,1795.0,4.0,1,3428.0,0.0,0.0,0.0
329.25,3.5,376.0,4.0,1,1394.0,0.0,0.0,0.0
170.5,3.0,553.0,4.0,1,188.0,27.5,3.0,0.0
75.5,2.5,712.0,4.0,1,939.0,26.46153846153846,11.0,0.0
119.0,4.5,558.0,4.0,1,619.0,0.0,0.0,0.0
24.666666666666668,1.5,359.0,2.75,0,49.0,30.0,2.0,0.0
939.6666666666666,8.5,2196.0,4.0,1,3822.0,0.0,0.0,0.0
1442.0,20.0,279.0,4.0,1,989.0,0.0,0.0,0.0
610.5,13.0,578.0,5.0,1,2208.0,0.0,0.0,0.0
193.25,2.25,381.0,4.0,1,258.0,0.0,0.0,0.0
318.75,5.5,201.0,4.0,1,820.0,0.0,0.0,0.0
169.2,4.0,95.0,4.0,1,209.0,38.45454545454545,8.0,0.0
1147.75,7.5,438.0,4.0,1,1378.0,0.0,0.0,0.0
71.5,4.0,482.0,4.0,0,245.0,0.0,0.0,0.0
330.75,3.5,201.0,2.0,1,31.0,0.0,0.0,0.0
613.25,8.0,91.0,4.0,1,465.0,0.0,0.0,0.0
369.0,4.333333333333333,0.0,4.0,0,610.0,0.0,0.0,0.0
65.5,4.5,293.0,4.5,1,406.0,0.0,0.0,0.0
361.3333333333333,10.333333333333334,292.0,4.0,0,241.0,0.0,0.0,0.0
83.0,1.5,57.0,4.0,1,301.0,28.066666666666663,10.0,0.0
46.66666666666666,4.0,552.0,4.0,0,272.0,0.0,0.0,0.0
842.3333333333334,7.0,1247.0,4.5,1,3026.0,0.0,0.0,0.0
631.5,7.5,1000.0,4.0,1,1121.0,0.0,0.0,0.0
174.5,3.0,743.0,4.0,1,171.0,0.0,0.0,0.0
452.25,3.5,155.0,4.0,1,1142.0,0.0,0.0,0.0
212.3333333333333,6.0,559.0,4.0,0,294.0,0.0,0.0,0.0
670.6666666666666,13.0,478.0,4.0,0,1489.0,0.0,0.0,0.0
16.166666666666668,3.2,534.0,4.0,1,916.0,84.0,0.0,0.0
693.0,6.0,129.0,4.0,1,364.0,0.0,0.0,0.0
55.25,1.5,1045.0,4.0,0,149.0,65.0,7.0,0.0
597.6666666666666,1.6666666666666667,1333.0,4.0,0,2306.0,0.0,0.0,0.0
113.0,10.0,37.0,4.0,1,692.0,0.0,0.0,0.0
102.5,2.0,363.0,4.0,1,207.0,0.0,0.0,0.0
1150.25,11.0,1007.0,4.0,1,792.0,0.0,0.0,0.0
145.25,3.5,177.0,4.0,1,138.0,24.0,5.0,0.0
8.2,2.0,582.0,5.0,1,584.0,15.0,0.0,0.0
132.25,4.0,30.0,2.0,1,0.0,0.0,0.0,0.0
616.3333333333334,4.5,175.0,4.0,0,112.0,0.0,0.0,0.0
733.6666666666666,13.0,509.0,4.5,1,2267.0,0.0,0.0,0.0
338.3333333333333,3.333333333333333,0.0,4.0,0,212.0,0.0,0.0,0.0
83.5,3.25,1127.0,4.0,1,325.0,0.0,0.0,0.0
297.25,5.5,277.0,4.0,1,470.0,0.0,0.0,0.0
781.5,6.0,1481.0,4.0,0,1415.0,0.0,0.0,0.0
215.5,5.0,894.0,4.0,1,594.0,0.0,0.0,0.0
219.2,7.0,929.0,4.0,1,881.0,0.0,0.0,0.0
88.75,2.5,493.0,4.0,1,512.0,12.75,2.0,0.0
2.0,1.0,662.0,0.0,0,1124.0,0.0,0.0,0.0
71.75,2.5,328.0,4.0,0,495.0,0.0,0.0,0.0
4.666666666666667,2.5,349.0,2.0,1,284.0,0.0,0.0,0.0
162.16666666666666,8.5,543.0,4.0,1,535.0,24.666666666666668,2.0,0.0
372.25,3.5,552.0,4.0,1,903.0,0.0,0.0,0.0
762.25,4.5,1775.0,4.0,1,2336.0,0.0,0.0,0.0
208.8333333333333,5.0,267.0,4.0,1,468.0,50.0,1.0,0.0
88.0,2.5,1189.0,4.0,1,165.0,24.33333333333333,2.0,0.0
1542.4,16.25,1127.0,5.0,1,63.0,0.0,0.0,0.0
1040.1666666666667,17.0,2240.0,4.5,0,707.0,0.0,0.0,0.0
70.33333333333333,3.0,372.0,4.0,0,485.0,17.642857142857142,7.0,0.0
373.5,6.0,202.0,4.0,1,1092.0,0.0,0.0,0.0
110.16666666666669,3.0,24.0,4.0,1,299.0,12.75,2.0,0.0
152.5,2.5,539.0,4.0,0,45.0,33.2,3.0,0.0
588.5,3.5,1050.0,4.0,0,2374.0,0.0,0.0,0.0
701.25,4.333333333333333,857.0,4.5,0,1623.0,0.0,0.0,0.0
538.8333333333334,4.5,721.0,4.0,1,677.0,0.0,0.0,0.0
1041.25,15.333333333333334,2135.0,4.0,1,920.0,0.0,0.0,0.0
86.25,4.0,127.0,4.0,1,256.0,30.666666666666668,5.0,0.0
348.8333333333333,5.0,423.0,4.0,1,767.0,0.0,0.0,0.0
680.0,8.5,1098.0,4.0,1,1404.0,0.0,0.0,0.0
1204.5,22.666666666666668,1528.0,2.5,1,528.0,0.0,0.0,0.0
51.5,2.5,354.0,3.5,1,148.0,0.0,0.0,0.0
35.5,2.0,1078.0,4.0,0,159.0,21.25,22.0,0.0
454.5,15.333333333333334,228.0,4.0,1,169.0,0.0,0.0,0.0
53.5,1.5,516.0,4.0,1,587.0,27.451612903225808,19.0,0.0
270.3333333333333,4.5,701.0,4.0,1,866.0,0.0,0.0,0.0
3.333333333333333,3.0,403.0,0.0,0,305.0,17.5,0.0,0.0
1093.0,11.5,898.0,4.0,1,1186.0,0.0,0.0,0.0
124.0,1.5,795.0,4.0,0,161.0,31.181818181818183,8.0,0.0
271.3333333333333,3.5,670.0,4.0,0,10.0,0.0,0.0,0.0
318.1666666666667,3.0,336.0,4.0,1,187.0,0.0,0.0,0.0
376.5,10.25,352.0,4.0,1,688.0,0.0,0.0,0.0
116.0,3.5,515.0,2.0,1,34.0,20.25,4.0,0.0
124.8,2.0,547.0,4.0,1,267.0,49.5,1.0,0.0
222.4,3.0,216.0,4.0,1,308.0,32.0,4.0,0.0
272.8,4.0,235.0,4.0,1,117.0,0.0,0.0,0.0
63.66666666666666,1.5,312.0,4.0,0,429.0,28.666666666666668,14.0,0.0
377.5,4.5,859.0,4.0,1,358.0,0.0,0.0,0.0
114.83333333333331,4.0,554.0,4.0,0,71.0,6.0,0.0,0.0
949.25,8.5,2152.0,4.0,1,3890.0,0.0,0.0,0.0
776.0,11.333333333333334,334.0,4.5,1,2447.0,0.0,0.0,0.0
16.5,4.0,793.0,4.0,0,171.0,16.307692307692307,30.0,0.0
1082.0,17.0,272.0,5.0,1,605.0,0.0,0.0,0.0
782.75,18.0,1590.0,4.0,1,816.0,0.0,0.0,0.0
1181.5,17.666666666666668,1756.0,5.0,0,433.0,0.0,0.0,0.0
568.6666666666666,11.5,13.0,4.0,1,1241.0,0.0,0.0,0.0
223.0,3.5,681.0,4.0,1,271.0,21.357142857142858,9.0,0.0
1192.75,27.4,2104.0,5.0,1,1087.0,0.0,0.0,0.0
896.8333333333334,15.25,1925.0,4.0,0,225.0,0.0,0.0,0.0
101.8,2.5,810.0,4.0,1,514.0,35.875,5.0,0.0
811.0,9.0,1099.0,4.0,1,572.0,0.0,0.0,0.0
630.0,10.5,885.0,2.0,1,933.0,0.0,0.0,0.0
68.0,2.0,671.0,4.0,1,164.0,0.0,0.0,0.0
254.75,4.5,726.0,2.0,0,12.0,0.0,0.0,0.0
493.1666666666667,7.0,558.0,2.0,1,85.0,0.0,0.0,0.0
125.75,3.5,517.0,4.0,1,78.0,33.57142857142857,5.0,0.0
103.1,2.0,724.0,3.0,1,731.0,31.9,12.0,0.0
121.5,1.5,160.0,4.0,0,217.0,0.0,0.0,0.0
928.6666666666666,14.0,1362.0,4.5,0,1639.0,0.0,0.0,0.0
613.25,6.0,196.0,4.0,1,1170.0,0.0,0.0,0.0
245.0,2.0,439.0,4.0,1,970.0,0.0,0.0,0.0
956.5,14.75,2095.0,4.5,1,4383.0,0.0,0.0,0.0
851.5,14.666666666666666,794.0,5.0,1,2535.0,0.0,0.0,0.0
234.8,7.0,786.0,4.0,1,1029.0,0.0,0.0,0.0
42.16666666666666,5.5,469.0,4.0,0,472.0,0.0,0.0,0.0
314.0,5.0,620.0,4.0,1,100.0,0.0,0.0,0.0
319.6666666666667,4.8,66.0,2.0,1,183.0,0.0,0.0,0.0
705.0,5.0,213.0,4.0,1,331.0,0.0,0.0,0.0
86.5,2.0,245.0,4.0,1,383.0,27.476190476190474,11.0,0.0
31.5,2.5,810.0,4.0,0,1131.0,0.0,0.0,0.0
387.6,4.5,453.0,2.6666666666666665,0,26.0,0.0,0.0,0.0
178.5,4.25,392.0,4.0,1,354.0,20.11111111111111,16.0,0.0
344.25,6.5,537.0,4.0,1,412.0,0.0,0.0,0.0
1461.5,12.5,962.0,5.0,1,79.0,0.0,0.0,0.0
638.0,9.666666666666666,501.0,4.0,1,1117.0,0.0,0.0,0.0
569.25,11.0,22.0,4.0,0,1219.0,0.0,0.0,0.0
921.0,21.0,609.0,5.0,1,956.0,0.0,0.0,0.0
664.6666666666666,6.5,261.0,4.0,1,533.0,0.0,0.0,0.0
634.0,13.5,366.0,4.0,1,922.0,0.0,0.0,0.0
236.5,3.5,654.0,4.0,0,108.0,0.0,0.0,0.0
325.0,6.0,313.0,4.0,1,116.0,0.0,0.0,0.0
554.3333333333334,4.0,0.0,4.0,1,5.0,0.0,0.0,0.0
323.25,4.5,175.0,4.0,0,341.0,0.0,0.0,0.0
319.75,3.5,109.0,2.0,1,40.0,23.0,4.0,0.0
424.3333333333333,4.0,35.0,4.0,0,844.0,0.0,0.0,0.0
483.0,5.666666666666667,587.0,4.0,0,177.0,0.0,0.0,0.0
366.0,6.666666666666667,186.0,4.0,0,133.0,0.0,0.0,0.0
463.25,7.5,139.0,4.0,0,1715.0,0.0,0.0,0.0
915.25,16.333333333333332,622.0,5.0,1,1091.0,0.0,0.0,0.0
444.0,5.5,208.0,4.0,1,343.0,0.0,0.0,0.0
73.0,2.75,543.0,4.0,1,456.0,20.88235294117647,13.0,0.0
243.25,4.5,689.0,4.0,0,153.0,31.25,2.0,0.0
298.5,4.0,745.0,4.0,1,306.0,0.0,0.0,0.0
629.0,8.75,734.0,5.0,1,1345.0,0.0,0.0,0.0
263.5,3.0,420.0,2.6666666666666665,1,20.0,0.0,0.0,0.0
315.5,3.6666666666666665,74.0,4.0,0,421.0,37.0,5.0,0.0
664.25,12.0,1040.0,4.0,0,632.0,0.0,0.0,0.0
1001.0,18.5,1860.0,4.0,1,937.0,0.0,0.0,0.0
691.5,15.25,852.0,4.5,1,1555.0,0.0,0.0,0.0
486.0,4.5,10.0,4.0,1,1465.0,27.5,1.0,0.0
48.833333333333336,4.666666666666667,693.0,4.0,1,444.0,0.0,0.0,0.0
341.0,4.0,270.0,4.0,1,332.0,0.0,0.0,0.0
335.25,5.333333333333333,890.0,4.0,1,249.0,0.0,0.0,0.0
809.0,7.666666666666667,1882.0,4.0,1,2915.0,0.0,0.0,0.0
1002.8333333333334,11.5,1519.0,2.0,1,1865.0,0.0,0.0,0.0
612.75,5.5,361.0,4.0,1,452.0,0.0,0.0,0.0
344.0,6.5,397.0,2.0,1,607.0,0.0,0.0,0.0
546.3333333333334,6.0,135.0,4.0,1,504.0,0.0,0.0,0.0
560.5,4.5,227.0,4.0,0,70.0,0.0,0.0,0.0
34.5,3.5,814.0,4.0,0,1146.0,43.5,1.0,0.0
749.25,13.0,475.0,5.0,0,2401.0,0.0,0.0,0.0
900.5,8.0,1561.0,4.5,1,4033.0,0.0,0.0,0.0
100.0,1.0,131.0,4.0,1,440.0,49.5,1.0,0.0
531.75,7.0,143.0,5.0,1,1804.0,0.0,0.0,0.0
165.0,5.0,673.0,4.0,0,481.0,0.0,0.0,0.0
1105.7692307692307,13.5,1114.0,4.0,0,1298.0,0.0,0.0,0.0
673.25,6.0,295.0,4.0,1,560.0,0.0,0.0,0.0
322.3333333333333,5.666666666666667,688.0,4.0,1,448.0,0.0,0.0,0.0
715.5,13.0,1142.0,4.0,0,1959.0,0.0,0.0,0.0
1298.0,15.0,918.0,4.0,0,505.0,0.0,0.0,0.0
455.3333333333333,13.75,193.0,4.0,0,446.0,0.0,0.0,0.0
876.8333333333334,4.5,938.0,4.0,1,247.0,0.0,0.0,0.0
126.16666666666669,4.5,547.0,4.0,1,465.0,0.0,0.0,0.0
72.25,5.0,759.0,4.0,0,278.0,26.15384615384616,14.0,0.0
743.0,7.5,1127.0,4.0,1,2154.0,0.0,0.0,0.0
399.0,4.5,420.0,4.0,0,612.0,0.0,0.0,0.0
568.25,4.0,0.0,4.0,1,66.0,0.0,0.0,0.0
747.75,16.75,398.0,4.5,1,2714.0,0.0,0.0,0.0
940.75,17.333333333333332,504.0,5.0,1,1019.0,0.0,0.0,0.0
1280.25,13.8,1021.0,4.5,1,197.0,0.0,0.0,0.0
516.0,5.0,251.0,4.0,1,81.0,0.0,0.0,0.0
273.25,5.4,577.0,4.0,1,630.0,0.0,0.0,0.0
152.66666666666666,3.5,293.0,4.0,1,505.0,20.5,2.0,0.0
527.8,3.5,180.0,4.0,1,629.0,0.0,0.0,0.0
319.0,3.6666666666666665,75.0,4.0,1,318.0,0.0,0.0,0.0
147.75,2.0,174.0,4.0,1,331.0,23.3125,10.0,0.0
98.0,2.5,640.0,4.0,1,179.0,0.0,0.0,0.0
567.75,4.5,98.0,4.0,0,254.0,0.0,0.0,0.0
1282.5,27.5,1488.0,4.0,1,157.0,0.0,0.0,0.0
853.6666666666666,12.0,1908.0,4.0,0,814.0,0.0,0.0,0.0
331.8333333333333,6.5,888.0,4.0,0,876.0,0.0,0.0,0.0
245.75,3.0,538.0,4.0,1,190.0,0.0,0.0,0.0
80.83333333333333,2.0,875.0,4.0,1,288.0,46.66666666666666,6.0,0.0
22.0,2.0,79.0,4.0,0,173.0,22.454545454545453,31.0,0.0
423.8,6.25,258.0,4.0,1,267.0,0.0,0.0,0.0
705.5,19.0,448.0,4.5,1,563.0,0.0,0.0,0.0
309.75,4.5,1108.0,4.0,1,953.0,0.0,0.0,0.0
350.5,5.0,0.0,4.0,1,1021.0,0.0,0.0,0.0
599.5,7.0,303.0,4.0,0,212.0,0.0,0.0,0.0
240.4,4.5,330.0,4.0,1,92.0,0.0,0.0,0.0
248.5,6.5,180.0,4.0,0,882.0,0.0,0.0,0.0
19.666666666666668,2.5,596.0,4.666666666666667,0,634.0,30.05,15.0,0.0
77.8,2.5,949.0,4.0,1,269.0,41.21428571428572,7.0,0.0
704.0,3.5,856.0,4.0,0,1548.0,0.0,0.0,0.0
822.75,12.0,1726.0,2.0,1,2031.0,0.0,0.0,0.0
590.25,9.25,312.0,4.0,0,285.0,0.0,0.0,0.0
1703.0,16.0,436.0,4.0,1,935.0,0.0,0.0,0.0
820.25,7.0,1899.0,4.0,1,2778.0,0.0,0.0,0.0
161.66666666666666,4.0,100.0,4.0,0,8.0,0.0,0.0,0.0
443.8333333333333,6.5,421.0,4.0,0,425.0,0.0,0.0,0.0
257.5,4.0,73.0,4.0,0,110.0,0.0,0.0,0.0
701.0,6.0,1196.0,2.0,1,1943.0,0.0,0.0,0.0
496.5,4.666666666666667,410.0,2.0,1,0.0,0.0,0.0,0.0
1177.0,10.5,1063.0,4.0,0,901.0,0.0,0.0,0.0
78.5,2.0,685.0,4.0,1,488.0,28.714285714285715,9.0,0.0
228.25,3.75,600.0,4.0,0,32.0,0.0,0.0,0.0
749.5,7.0,1364.0,4.0,1,2043.0,0.0,0.0,0.0
1246.75,20.5,1951.0,4.5,1,949.0,0.0,0.0,0.0
125.25,2.5,630.0,2.0,0,110.0,0.0,0.0,0.0
414.0,7.5,208.0,2.0,1,1034.0,0.0,0.0,0.0
621.0,4.0,431.0,4.0,1,391.0,0.0,0.0,0.0
533.25,3.5,292.0,4.0,0,149.0,0.0,0.0,0.0
75.5,1.5,852.0,4.0,1,389.0,29.4,13.0,0.0
1270.0,12.25,884.0,4.0,1,1671.0,0.0,0.0,0.0
1488.0,19.5,115.0,4.0,1,888.0,0.0,0.0,0.0
330.25,6.0,689.0,4.0,1,237.0,0.0,0.0,0.0
235.0,5.0,411.0,4.0,1,325.0,0.0,0.0,0.0
553.25,4.5,253.0,2.0,1,447.0,0.0,0.0,0.0
656.5,9.75,967.0,4.0,1,520.0,0.0,0.0,0.0
414.75,6.8,612.0,2.0,1,39.0,0.0,0.0,0.0
341.0,3.5,193.0,2.0,1,93.0,0.0,0.0,0.0
198.5,2.5,685.0,4.0,1,281.0,0.0,0.0,0.0
1082.75,3.5,1689.0,4.0,0,3606.0,0.0,0.0,0.0
99.5,3.5,847.0,4.0,1,62.0,39.0,1.0,0.0
495.0,9.0,130.0,4.0,1,443.0,0.0,0.0,0.0
37.0,1.5,905.0,4.0,0,564.0,0.0,0.0,0.0
263.25,13.25,292.0,4.0,1,420.0,0.0,0.0,0.0
23.666666666666668,3.6666666666666665,294.0,4.0,1,10.0,18.25,18.0,0.0
671.75,7.0,350.0,5.0,1,2187.0,0.0,0.0,0.0
21.6,1.5,294.0,4.0,1,377.0,22.63636363636364,15.0,0.0
1138.5,8.0,1108.0,4.0,1,691.0,0.0,0.0,0.0
484.0,7.75,875.0,4.0,1,896.0,0.0,0.0,0.0
277.75,5.0,1102.0,4.0,1,390.0,0.0,0.0,0.0
323.5,4.0,127.0,2.0,1,55.0,0.0,0.0,0.0
1011.25,10.25,1749.0,4.0,1,3437.0,0.0,0.0,0.0
663.25,11.5,356.0,5.0,0,2247.0,0.0,0.0,0.0
256.5,3.6666666666666665,637.0,4.0,1,848.0,0.0,0.0,0.0
1534.5,34.5,1830.0,5.0,1,204.0,0.0,0.0,0.0
754.25,9.5,809.0,4.0,1,475.0,0.0,0.0,0.0
20.5,1.0,411.0,4.0,0,513.0,26.6,14.0,0.0
357.6666666666667,13.666666666666666,455.0,4.0,0,664.0,0.0,0.0,0.0
1165.5,13.75,1819.0,5.0,0,368.0,0.0,0.0,0.0
110.5,1.5,587.0,2.0,1,42.0,20.933333333333334,18.0,0.0
268.3333333333333,4.0,436.0,4.0,0,314.0,20.0,2.0,0.0
273.75,3.5,476.0,4.0,0,667.0,0.0,0.0,0.0
536.6666666666666,5.0,451.0,4.0,1,546.0,0.0,0.0,0.0
642.0,5.0,454.0,4.0,1,163.0,0.0,0.0,0.0
1300.6666666666667,8.333333333333334,1015.0,4.0,1,1603.0,0.0,0.0,0.0
29.5,2.5,638.0,4.0,1,1036.0,0.0,0.0,0.0
83.0,1.5,176.0,4.0,0,291.0,29.444444444444443,10.0,0.0
387.5,3.2,403.0,4.0,0,321.0,0.0,0.0,0.0
332.25,3.5,0.0,4.0,1,1067.0,0.0,0.0,0.0
849.75,7.5,1562.0,4.0,1,3196.0,0.0,0.0,0.0
487.5,8.0,283.0,4.0,1,537.0,0.0,0.0,0.0
182.5,3.5,529.0,4.0,0,337.0,0.0,0.0,0.0
660.0,7.0,1055.0,4.0,1,2155.0,0.0,0.0,0.0
2.0,0.5,798.0,0.0,0,1266.0,0.0,0.0,0.0
963.0,22.25,405.0,5.0,1,977.0,0.0,0.0,0.0
352.3333333333333,5.0,644.0,4.0,1,636.0,0.0,0.0,0.0
44.0,3.5,406.0,4.0,0,702.0,28.151515151515152,15.0,0.0
24.0,1.5,382.0,4.0,1,136.0,0.0,0.0,0.0
426.5,12.0,515.0,2.0,1,81.0,0.0,0.0,0.0
592.5,5.333333333333333,0.0,4.0,1,1051.0,0.0,0.0,0.0
825.5,15.5,194.0,4.5,1,2562.0,0.0,0.0,0.0
452.5,4.0,93.0,2.0,1,267.0,0.0,0.0,0.0
139.25,3.5,56.0,2.0,0,3.0,24.3,7.0,0.0
116.0,2.0,379.0,2.6666666666666665,1,59.0,112.0,0.0,0.0
517.25,5.5,1.0,3.5,1,675.0,0.0,0.0,0.0
411.8333333333333,5.5,369.0,4.0,1,152.0,0.0,0.0,0.0
89.4,3.0,1110.0,4.0,0,462.0,0.0,0.0,0.0
542.0,11.5,28.0,5.0,1,1648.0,0.0,0.0,0.0
236.66666666666663,3.0,1025.0,4.0,1,71.0,0.0,0.0,0.0
113.0,3.5,568.0,4.0,1,181.0,0.0,0.0,0.0
268.75,2.5,168.0,4.0,0,896.0,0.0,0.0,0.0
347.75,5.5,455.0,4.0,1,185.0,0.0,0.0,0.0
355.25,4.0,291.0,4.0,1,436.0,0.0,0.0,0.0
79.83333333333333,2.5,77.0,4.0,1,208.0,33.0,4.0,0.0
1433.0,23.666666666666668,884.0,4.0,0,1600.0,0.0,0.0,0.0
27.5,0.5,984.0,4.0,0,910.0,0.0,0.0,0.0
730.75,19.25,548.0,4.5,1,600.0,0.0,0.0,0.0
1154.25,9.0,281.0,4.0,1,2182.0,0.0,0.0,0.0
400.25,5.0,532.0,4.0,1,249.0,0.0,0.0,0.0
717.5,6.5,1167.0,4.0,1,1715.0,0.0,0.0,0.0
645.5,10.8,880.0,4.0,1,1303.0,0.0,0.0,0.0
463.25,7.0,759.0,4.0,1,700.0,0.0,0.0,0.0
755.3333333333334,5.5,1505.0,2.0,1,2460.0,0.0,0.0,0.0
865.5,4.0,1015.0,4.0,1,233.0,0.0,0.0,0.0
766.5,9.0,1289.0,4.0,1,1730.0,0.0,0.0,0.0
344.25,9.0,658.0,4.0,0,504.0,0.0,0.0,0.0
292.75,3.75,101.0,4.0,1,416.0,0.0,0.0,0.0
230.25,3.0,699.0,4.0,1,47.0,0.0,0.0,0.0
533.5,8.0,125.0,5.0,0,1705.0,0.0,0.0,0.0
688.1666666666666,6.5,598.0,4.0,1,1686.0,0.0,0.0,0.0
982.1666666666666,7.75,2050.0,4.0,1,4242.0,0.0,0.0,0.0
124.5,2.5,475.0,4.0,1,320.0,28.6,6.0,0.0
308.6,8.5,440.0,4.0,1,773.0,0.0,0.0,0.0
145.0,1.5,1.0,4.0,0,344.0,0.0,0.0,0.0
112.5,2.0,149.0,4.0,1,194.0,0.0,0.0,0.0
119.16666666666669,1.5,480.0,4.0,0,261.0,3.0,1.0,0.0
470.75,5.666666666666667,571.0,2.0,1,139.0,0.0,0.0,0.0
1028.0,12.75,1555.0,4.5,0,392.0,0.0,0.0,0.0
193.5,5.5,220.0,4.0,0,45.0,10.375,3.0,0.0
35.25,4.666666666666667,433.0,4.0,0,101.0,27.1875,12.0,0.0
606.75,8.0,424.0,4.0,1,236.0,0.0,0.0,0.0
602.75,2.5,1264.0,4.0,0,2272.0,0.0,0.0,0.0
707.8333333333334,11.0,725.0,4.0,0,173.0,0.0,0.0,0.0
92.75,1.5,1100.0,4.0,1,542.0,31.0,6.0,0.0
255.0,2.5,202.0,4.0,1,352.0,0.0,0.0,0.0
361.6666666666667,3.5,0.0,4.0,1,110.0,12.0,1.0,0.0
115.77777777777776,2.0,482.0,4.0,0,263.0,28.166666666666668,3.0,0.0
548.3333333333334,18.75,425.0,5.0,0,1483.0,0.0,0.0,0.0
264.6666666666667,4.5,360.0,2.0,1,68.0,0.0,0.0,0.0
284.5,3.5,60.0,2.0,1,43.0,0.0,0.0,0.0
574.0,2.5,321.0,4.0,1,885.0,0.0,0.0,0.0
129.75,3.8,457.0,4.0,0,141.0,0.0,0.0,0.0
562.5,7.0,731.0,4.0,1,239.0,0.0,0.0,0.0
520.0,4.0,0.0,2.0,0,337.0,0.0,0.0,0.0
117.25,2.5,168.0,4.0,1,272.0,21.4,4.0,0.0
71.5,1.5,336.0,4.0,1,191.0,35.5,4.0,0.0
255.75,6.666666666666667,760.0,4.0,1,1027.0,0.0,0.0,0.0
466.25,8.25,801.0,4.0,1,603.0,0.0,0.0,0.0
355.25,4.5,622.0,4.0,1,730.0,0.0,0.0,0.0
278.0,4.5,449.0,4.0,1,43.0,0.0,0.0,0.0
1130.75,24.33333333333333,1870.0,5.0,0,159.0,0.0,0.0,0.0
137.75,3.0,660.0,4.0,1,259.0,25.75,3.0,0.0
262.3333333333333,3.5,825.0,2.0,0,73.0,0.0,0.0,0.0
1622.75,18.5,1525.0,5.0,0,414.0,0.0,0.0,0.0
227.5,6.0,845.0,4.0,1,840.0,16.0,1.0,0.0
624.1666666666666,9.0,85.0,4.0,1,491.0,0.0,0.0,0.0
686.0,7.5,903.0,2.0,1,1797.0,0.0,0.0,0.0
18.5,1.5,411.0,4.5,1,48.0,0.0,0.0,0.0
700.5,14.2,1070.0,4.5,1,847.0,0.0,0.0,0.0
46.0,3.0,131.0,4.0,1,122.0,0.0,0.0,0.0
59.0,2.333333333333333,173.0,4.0,1,124.0,32.0,4.0,0.0
29.8,2.5,900.0,4.5,0,432.0,34.8,6.0,0.0
852.0,15.5,203.0,5.0,1,2759.0,0.0,0.0,0.0
540.0,3.5,319.0,4.0,0,211.0,0.0,0.0,0.0
111.0,2.0,152.0,4.0,1,109.0,0.0,0.0,0.0
575.5,4.0,0.0,4.0,1,602.0,0.0,0.0,0.0
470.0,5.0,472.0,4.0,1,132.0,0.0,0.0,0.0
445.25,4.5,143.0,4.0,1,832.0,0.0,0.0,0.0
41.75,2.5,544.0,4.666666666666667,1,423.0,57.0,0.0,0.0
819.75,7.0,935.0,4.0,1,3664.0,0.0,0.0,0.0
732.75,7.75,1101.0,4.0,1,533.0,0.0,0.0,0.0
375.25,6.25,316.0,4.0,1,405.0,0.0,0.0,0.0
292.8333333333333,3.0,432.0,4.0,0,171.0,27.1,8.0,0.0
524.5,4.0,11.0,4.0,0,604.0,0.0,0.0,0.0
171.66666666666666,3.0,606.0,4.0,1,145.0,31.0,17.0,0.0
39.25,2.5,948.0,4.0,1,229.0,11.75,9.0,0.0
286.75,6.0,1028.0,2.0,1,22.0,0.0,0.0,0.0
666.5,10.25,634.0,2.0,1,1274.0,0.0,0.0,0.0
1257.3333333333333,7.5,955.0,4.5,1,2552.0,0.0,0.0,0.0
769.6666666666666,9.5,1618.0,4.0,1,2319.0,0.0,0.0,0.0
78.5,1.5,10.0,4.0,0,99.0,33.666666666666664,4.0,0.0
200.3333333333333,4.2,666.0,4.0,1,406.0,0.0,0.0,0.0
93.0,4.0,249.0,4.0,1,259.0,22.09090909090909,8.0,0.0
798.0,11.5,1674.0,4.0,1,2115.0,0.0,0.0,0.0
859.8333333333334,5.0,1243.0,4.0,1,3830.0,0.0,0.0,0.0
493.625,4.0,298.0,4.0,1,494.0,0.0,0.0,0.0
1631.5,35.75,1396.0,4.5,1,473.0,0.0,0.0,0.0
1048.3333333333333,10.333333333333334,1178.0,4.0,0,2854.0,0.0,0.0,0.0
420.5,6.25,296.0,4.0,1,342.0,0.0,0.0,0.0
66.75,2.0,774.0,4.0,1,33.0,25.11111111111111,5.0,0.0
828.25,14.0,801.0,4.5,1,2436.0,0.0,0.0,0.0
65.33333333333333,3.5,68.0,4.0,0,225.0,32.266666666666666,11.0,0.0
401.3333333333333,6.5,598.0,4.0,0,650.0,0.0,0.0,0.0
410.0,11.0,177.0,4.0,1,382.0,0.0,0.0,0.0
59.5,2.0,617.0,4.0,1,586.0,21.0,25.0,0.0
79.83333333333333,4.0,1079.0,4.0,1,476.0,0.0,0.0,0.0
589.6666666666666,6.5,376.0,2.0,0,1149.0,0.0,0.0,0.0
391.75,4.666666666666667,462.0,4.0,1,394.0,0.0,0.0,0.0
294.5,2.0,399.0,4.0,1,686.0,0.0,0.0,0.0
37.0,2.0,221.0,4.0,0,418.0,24.27272727272728,8.0,0.0
86.75,3.75,847.0,2.0,0,2.0,0.0,0.0,0.0
497.0,8.0,480.0,2.0,1,14.0,0.0,0.0,0.0
557.5,6.0,423.0,4.0,1,629.0,0.0,0.0,0.0
34.666666666666664,3.5,217.0,4.0,1,177.0,0.0,0.0,0.0
1828.25,14.0,1100.0,4.5,1,332.0,0.0,0.0,0.0
561.25,6.5,35.0,4.0,1,603.0,0.0,0.0,0.0
1017.25,11.5,1475.0,2.0,1,1767.0,0.0,0.0,0.0
1128.0,15.333333333333334,793.0,4.0,1,918.0,0.0,0.0,0.0
560.25,4.5,459.0,2.0,1,663.0,0.0,0.0,0.0
500.5,10.0,555.0,4.0,0,589.0,0.0,0.0,0.0
46.5,1.0,242.0,4.5,0,321.0,27.357142857142858,6.0,0.0
406.25,6.0,183.0,4.0,1,139.0,0.0,0.0,0.0
638.25,14.5,435.0,4.0,0,826.0,0.0,0.0,0.0
104.0,2.5,530.0,4.0,1,525.0,0.0,0.0,0.0
344.5,4.0,181.0,4.0,0,391.0,0.0,0.0,0.0
166.5,4.0,684.0,4.0,1,425.0,25.15384615384616,23.0,0.0
196.25,2.5,288.0,4.0,1,24.0,34.5,3.0,0.0
123.0,3.0,390.0,4.0,1,86.0,31.0,2.0,0.0
75.33333333333333,3.0,689.0,4.0,1,591.0,50.5,1.0,0.0
552.75,5.666666666666667,359.0,2.6666666666666665,1,727.0,0.0,0.0,0.0
143.0,2.5,562.0,4.0,1,96.0,0.0,0.0,0.0
603.5,8.5,426.0,4.0,1,137.0,0.0,0.0,0.0
517.5,3.75,967.0,4.5,1,1652.0,0.0,0.0,0.0
674.75,17.6,998.0,5.0,0,1859.0,0.0,0.0,0.0
400.0,3.5,290.0,4.0,0,459.0,0.0,0.0,0.0
263.25,5.5,284.0,4.0,1,195.0,0.0,0.0,0.0
551.5,5.0,780.0,4.0,1,118.0,0.0,0.0,0.0
69.0,3.0,158.0,4.0,1,173.0,33.5,4.0,0.0
386.25,4.5,702.0,4.0,0,572.0,0.0,0.0,0.0
286.5,3.5,180.0,4.0,1,157.0,0.0,0.0,0.0
120.0,1.5,656.0,4.0,1,239.0,48.66666666666666,0.0,0.0
867.0,4.5,2222.0,4.0,1,3404.0,0.0,0.0,0.0
521.75,4.0,390.0,4.0,1,256.0,0.0,0.0,0.0
818.5,14.0,1773.0,4.0,1,2115.0,0.0,0.0,0.0
594.75,1.5,778.0,4.5,0,1831.0,0.0,0.0,0.0
592.5,4.5,111.0,4.0,1,1111.0,0.0,0.0,0.0
245.0,4.0,389.0,4.0,1,233.0,0.0,0.0,0.0
253.0,2.5,423.0,4.0,1,1137.0,0.0,0.0,0.0
135.5,2.0,229.0,4.0,1,101.0,0.0,0.0,0.0
56.333333333333336,4.0,859.0,4.0,1,213.0,30.928571428571427,11.0,0.0
147.33333333333334,2.5,237.0,4.0,1,110.0,36.45454545454545,8.0,0.0
1029.0,20.0,313.0,5.0,1,905.0,0.0,0.0,0.0
54.333333333333336,2.0,455.0,4.0,0,140.0,31.0,8.0,0.0
301.6666666666667,5.5,348.0,2.0,1,66.0,0.0,0.0,0.0
715.0,8.0,624.0,4.0,0,551.0,0.0,0.0,0.0
1356.8333333333333,12.0,825.0,4.5,1,183.0,0.0,0.0,0.0
449.5,6.0,108.0,3.0,1,430.0,0.0,0.0,0.0
406.8333333333333,3.5,102.0,4.0,1,446.0,0.0,0.0,0.0
689.25,16.166666666666668,348.0,4.0,1,641.0,0.0,0.0,0.0
875.25,13.0,351.0,5.0,1,3071.0,0.0,0.0,0.0
324.25,5.666666666666667,686.0,4.0,1,639.0,0.0,0.0,0.0
849.0,5.5,1884.0,4.0,0,2602.0,0.0,0.0,0.0
808.5,11.666666666666666,221.0,4.5,1,2384.0,0.0,0.0,0.0
1003.0,11.666666666666666,1839.0,4.0,1,3537.0,0.0,0.0,0.0
214.66666666666663,5.5,497.0,4.0,1,311.0,0.0,0.0,0.0
206.25,4.0,1333.0,4.0,1,486.0,0.0,0.0,0.0
222.25,5.5,680.0,4.0,0,1156.0,0.0,0.0,0.0
625.2857142857143,8.4,802.0,4.0,1,1229.0,0.0,0.0,0.0
547.0,4.5,855.0,4.0,1,790.0,0.0,0.0,0.0
775.0,10.0,1594.0,4.0,1,2219.0,0.0,0.0,0.0
776.0,10.0,1228.0,4.5,0,1541.0,0.0,0.0,0.0
118.25,1.5,606.0,4.0,1,337.0,0.0,0.0,0.0
65.25,1.0,187.0,4.5,0,967.0,18.875,3.0,0.0
122.0,5.0,221.0,2.0,0,68.0,0.0,0.0,0.0
341.5,4.0,193.0,4.0,1,305.0,2.0,0.0,0.0
1232.75,27.25,849.0,4.0,1,588.0,0.0,0.0,0.0
126.5,1.5,378.0,3.5,1,195.0,43.25,5.0,0.0
49.0,2.0,1171.0,4.0,1,495.0,29.310344827586206,21.0,0.0
935.0,11.8,1808.0,4.0,1,442.0,0.0,0.0,0.0
61.5,1.0,500.0,4.0,1,263.0,23.07692307692308,7.0,0.0
283.5,4.0,936.0,4.0,1,107.0,0.0,0.0,0.0
159.0,3.0,647.0,4.0,1,359.0,27.0,3.0,0.0
1405.5,15.0,492.0,4.0,0,1072.0,0.0,0.0,0.0
97.66666666666669,3.5,332.0,4.0,1,268.0,0.0,0.0,0.0
484.25,19.0,255.0,4.0,0,437.0,0.0,0.0,0.0
579.0,12.0,434.0,4.5,0,1002.0,0.0,0.0,0.0
655.8333333333334,13.666666666666666,982.0,4.5,1,1563.0,0.0,0.0,0.0
96.0,2.0,609.0,4.0,1,285.0,24.724137931034484,20.0,0.0
216.0,3.5,628.0,2.0,0,22.0,0.0,0.0,0.0
948.0,10.8,2071.0,4.5,1,112.0,0.0,0.0,0.0
46.25,2.333333333333333,509.0,4.0,1,1039.0,0.0,0.0,0.0
214.75,2.5,84.0,4.0,0,101.0,0.0,0.0,0.0
33.0,1.5,85.0,4.0,1,497.0,52.0,0.0,0.0
522.0,3.5,2.0,3.0,1,421.0,0.0,0.0,0.0
598.75,9.75,569.0,4.5,0,1170.0,0.0,0.0,0.0
1106.1666666666667,6.0,912.0,4.0,1,2778.0,0.0,0.0,0.0
539.6666666666666,3.5,579.0,4.0,0,534.0,0.0,0.0,0.0
816.5,10.0,902.0,4.5,1,846.0,0.0,0.0,0.0
96.25,2.0,326.0,4.0,1,367.0,48.2,3.0,0.0
1203.0,27.5,595.0,4.0,1,295.0,0.0,0.0,0.0
1076.1666666666667,25.666666666666668,2464.0,4.0,1,807.0,0.0,0.0,0.0
557.0,5.0,91.0,4.0,1,169.0,0.0,0.0,0.0
449.25,5.5,433.0,4.0,1,28.0,0.0,0.0,0.0
38.5,1.5,229.0,4.0,1,75.0,0.0,0.0,0.0
666.75,5.5,805.0,4.0,0,1890.0,0.0,0.0,0.0
89.5,1.0,883.0,4.0,0,483.0,22.40740740740741,16.0,0.0
55.5,2.333333333333333,8.0,4.0,0,302.0,0.0,0.0,0.0
101.5,0.5,482.0,4.0,1,922.0,21.058823529411764,10.0,0.0
694.5,10.6,1061.0,4.5,1,1850.0,0.0,0.0,0.0
1283.0,19.5,1356.0,4.0,1,147.0,0.0,0.0,0.0
348.8,4.5,300.0,2.0,0,21.0,0.0,0.0,0.0
103.0,13.0,75.0,4.0,1,943.0,0.0,0.0,0.0
219.75,4.666666666666667,983.0,4.0,1,788.0,0.0,0.0,0.0
26.0,0.0,1037.0,4.0,1,1045.0,0.0,0.0,0.0
81.0,2.333333333333333,1184.0,4.0,1,179.0,0.0,0.0,0.0
73.25,1.5,28.0,4.0,1,164.0,0.0,0.0,0.0
1474.25,19.0,778.0,5.0,0,117.0,0.0,0.0,0.0
698.75,10.0,1201.0,2.0,0,1441.0,0.0,0.0,0.0
393.25,5.0,721.0,4.0,1,188.0,0.0,0.0,0.0
357.6666666666667,3.5,128.0,4.0,0,454.0,0.0,0.0,0.0
1251.0,20.0,834.0,4.5,0,1866.0,0.0,0.0,0.0
230.0,1.5,60.0,4.0,1,229.0,0.0,0.0,0.0
23.0,1.0,370.0,4.0,1,416.0,50.0,3.0,0.0
1128.75,7.0,1379.0,4.0,1,3253.0,0.0,0.0,0.0
222.8333333333333,2.5,120.0,2.0,0,31.0,0.0,0.0,0.0
575.8333333333334,8.333333333333334,503.0,4.0,1,550.0,0.0,0.0,0.0
97.66666666666669,1.5,350.0,4.0,1,570.0,0.0,0.0,0.0
563.5,7.0,485.0,2.0,1,545.0,0.0,0.0,0.0
1415.75,13.25,657.0,4.5,1,258.0,0.0,0.0,0.0
424.75,5.333333333333333,0.0,4.0,0,420.0,0.0,0.0,0.0
318.75,6.0,947.0,4.0,1,701.0,0.0,0.0,0.0
585.0,11.5,349.0,5.0,0,1437.0,0.0,0.0,0.0
28.0,0.5,611.0,4.0,1,760.0,0.0,0.0,0.0
165.4,11.25,410.0,4.0,1,187.0,0.0,0.0,0.0
460.6666666666667,7.333333333333333,242.0,4.0,1,169.0,0.0,0.0,0.0
730.0,6.0,1030.0,4.0,1,2064.0,0.0,0.0,0.0
60.5,13.5,0.0,4.5,1,511.0,0.0,0.0,0.0
299.25,6.666666666666667,898.0,4.0,1,144.0,0.0,0.0,0.0
1248.25,8.0,1052.0,4.0,0,1024.0,0.0,0.0,0.0
135.75,1.5,437.0,4.0,1,148.0,0.0,0.0,0.0
978.75,10.0,998.0,4.0,1,2125.0,0.0,0.0,0.0
84.0,1.5,286.0,2.0,0,19.0,25.7,7.0,0.0
405.25,3.0,205.0,4.0,1,144.0,0.0,0.0,0.0
165.5,4.0,277.0,4.0,1,547.0,49.0,0.0,0.0
654.75,5.0,558.0,4.0,1,794.0,0.0,0.0,0.0
143.0,4.333333333333333,836.0,4.0,1,340.0,0.0,0.0,0.0
402.0,5.75,0.0,4.0,0,419.0,0.0,0.0,0.0
843.3333333333334,11.25,387.0,4.5,1,2945.0,0.0,0.0,0.0
365.75,3.5,433.0,2.6666666666666665,0,59.0,0.0,0.0,0.0
413.3333333333333,5.5,406.0,2.0,0,69.0,0.0,0.0,0.0
1165.1666666666667,7.5,473.0,4.0,1,2389.0,0.0,0.0,0.0
384.0,5.2,389.0,4.0,1,136.0,0.0,0.0,0.0
55.5,2.5,260.0,4.0,1,144.0,0.0,0.0,0.0
479.75,6.0,531.0,4.0,1,96.0,0.0,0.0,0.0
116.33333333333331,2.5,348.0,4.0,1,165.0,52.5,1.0,0.0
419.5,4.0,429.0,3.5,1,328.0,0.0,0.0,0.0
556.5,6.5,53.0,4.0,1,599.0,0.0,0.0,0.0
83.25,1.5,217.0,4.0,1,402.0,18.727272727272727,6.0,0.0
347.4,3.0,140.0,2.0,1,88.0,0.0,0.0,0.0
78.0,0.5,520.0,4.0,1,643.0,0.0,0.0,0.0
5.5,1.0,152.0,4.0,1,160.0,29.166666666666668,8.0,0.0
1311.75,9.666666666666666,976.0,4.0,1,392.0,0.0,0.0,0.0
640.75,13.5,279.0,4.5,0,1053.0,0.0,0.0,0.0
588.3333333333334,3.5,0.0,2.0,1,1027.0,0.0,0.0,0.0
184.5,3.5,532.0,4.0,1,376.0,0.0,0.0,0.0
1108.25,24.166666666666668,1746.0,2.5,0,583.0,0.0,0.0,0.0
427.6666666666667,3.5,374.0,4.0,1,382.0,0.0,0.0,0.0
454.25,4.5,242.0,2.0,1,393.0,0.0,0.0,0.0
256.75,3.0,233.0,4.0,1,173.0,0.0,0.0,0.0
588.5,5.333333333333333,307.0,2.0,1,1023.0,0.0,0.0,0.0
22.0,2.5,804.0,4.5,0,601.0,15.181818181818182,6.0,0.0
783.75,14.0,642.0,4.0,1,2131.0,0.0,0.0,0.0
1570.6666666666667,18.75,788.0,4.5,1,233.0,0.0,0.0,0.0
129.0,2.5,626.0,4.0,0,74.0,27.0,13.0,0.0
187.75,12.5,28.0,4.0,0,676.0,0.0,0.0,0.0
76.25,2.5,481.0,4.0,1,752.0,33.333333333333336,2.0,0.0
549.1666666666666,4.5,0.0,4.0,1,407.0,0.0,0.0,0.0
141.5,2.0,55.0,3.5,0,445.0,27.0,1.0,0.0
796.1666666666666,23.6,601.0,5.0,1,736.0,0.0,0.0,0.0
475.75,7.666666666666667,525.0,4.0,0,1005.0,0.0,0.0,0.0
61.0,2.5,528.0,4.0,1,511.0,20.142857142857142,4.0,0.0
1.3333333333333333,0.0,498.0,0.0,0,919.0,0.0,0.0,0.0
745.25,7.0,1292.0,4.0,1,182.0,0.0,0.0,0.0
514.25,19.75,427.0,5.0,0,1535.0,0.0,0.0,0.0
196.75,5.5,187.0,4.0,1,316.0,0.0,0.0,0.0
366.25,9.0,460.0,2.0,1,375.0,0.0,0.0,0.0
617.3333333333334,4.0,392.0,4.0,1,783.0,0.0,0.0,0.0
69.66666666666667,2.0,797.0,4.0,0,170.0,25.95238095238096,12.0,0.0
449.5,4.0,15.0,4.0,0,1618.0,50.0,1.0,0.0
523.75,3.5,515.0,4.0,1,350.0,0.0,0.0,0.0
264.0,4.5,616.0,4.0,1,741.0,0.0,0.0,0.0
783.0,5.5,1518.0,4.5,1,2521.0,0.0,0.0,0.0
547.5,3.0,12.0,4.0,1,244.0,0.0,0.0,0.0
535.3333333333334,3.5,327.0,4.0,1,704.0,0.0,0.0,0.0
128.5,4.0,545.0,2.0,1,20.0,0.0,0.0,0.0
1009.25,10.5,981.0,4.5,1,1527.0,0.0,0.0,0.0
1464.25,29.75,1632.0,5.0,1,747.0,0.0,0.0,0.0
1113.5,14.0,1555.0,4.0,1,1403.0,0.0,0.0,0.0
82.33333333333333,3.5,339.0,4.0,0,681.0,0.0,0.0,0.0
260.25,4.5,0.0,4.0,1,101.0,0.0,0.0,0.0
489.5,7.666666666666667,245.0,4.0,1,288.0,0.0,0.0,0.0
508.25,3.6666666666666665,83.0,4.0,1,419.0,0.0,0.0,0.0
397.0,5.5,667.0,4.0,1,222.0,0.0,0.0,0.0
960.0,15.0,1642.0,5.0,0,3732.0,0.0,0.0,0.0
95.0,3.5,784.0,2.6666666666666665,1,24.0,44.0,0.0,0.0
899.75,7.333333333333333,2033.0,4.0,1,3609.0,0.0,0.0,0.0
59.0,2.5,499.0,4.0,1,497.0,33.2,3.0,0.0
409.25,4.0,205.0,4.0,0,601.0,0.0,0.0,0.0
373.6666666666667,1.5,539.0,4.0,1,190.0,0.0,0.0,0.0
261.25,7.5,18.0,4.0,0,658.0,0.0,0.0,0.0
29.75,5.8,563.0,4.0,0,224.0,0.0,0.0,0.0
938.5,9.0,2286.0,4.0,1,3869.0,0.0,0.0,0.0
84.5,3.0,586.0,2.0,1,26.0,0.0,0.0,0.0
353.5,8.666666666666666,247.0,4.0,1,116.0,0.0,0.0,0.0
997.5,6.5,2320.0,4.0,0,4170.0,0.0,0.0,0.0
242.0,2.5,159.0,4.0,1,258.0,0.0,0.0,0.0
112.0,4.0,201.0,4.0,1,320.0,0.0,0.0,0.0
929.7,18.0,515.0,4.5,1,737.0,0.0,0.0,0.0
210.5,6.0,682.0,4.0,1,244.0,26.22222222222222,8.0,0.0
288.0,2.5,487.0,4.0,1,546.0,0.0,0.0,0.0
288.55555555555554,4.5,0.0,4.0,0,946.0,0.0,0.0,0.0
279.0,4.5,176.0,4.0,1,757.0,0.0,0.0,0.0
553.3333333333334,3.5,96.0,4.0,1,126.0,0.0,0.0,0.0
1186.75,7.0,1160.0,4.0,0,2982.0,0.0,0.0,0.0
82.75,3.5,508.0,4.0,0,290.0,35.75,4.0,0.0
393.75,4.5,276.0,4.0,1,245.0,0.0,0.0,0.0
295.0,2.0,578.0,4.0,0,549.0,0.0,0.0,0.0
592.1666666666666,8.25,215.0,4.0,0,1081.0,0.0,0.0,0.0
920.0,8.5,604.0,4.0,1,310.0,0.0,0.0,0.0
921.5,5.0,656.0,4.0,1,192.0,0.0,0.0,0.0
289.75,6.0,1062.0,4.0,1,812.0,0.0,0.0,0.0
252.16666666666663,5.0,587.0,4.0,1,60.0,0.0,0.0,0.0
336.5,5.0,568.0,4.0,1,758.0,0.0,0.0,0.0
429.0,5.5,202.0,4.0,1,1314.0,0.0,0.0,0.0
508.75,6.0,521.0,2.0,1,330.0,0.0,0.0,0.0
39.75,1.5,133.0,4.0,0,401.0,34.27272727272727,7.0,0.0
310.5,4.5,463.0,4.0,1,80.0,0.0,0.0,0.0
386.0,4.5,141.0,4.0,0,123.0,0.0,0.0,0.0
345.0,7.4,428.0,4.0,1,772.0,0.0,0.0,0.0
620.8333333333334,5.0,686.0,4.0,1,1375.0,0.0,0.0,0.0
448.5,7.0,575.0,4.0,1,652.0,0.0,0.0,0.0
311.25,3.0,388.0,4.0,1,83.0,0.0,0.0,0.0
403.3333333333333,5.0,404.0,4.0,1,868.0,0.0,0.0,0.0
96.0,1.5,1228.0,4.0,1,182.0,0.0,0.0,0.0
622.25,5.0,1324.0,4.0,1,2436.0,0.0,0.0,0.0
151.75,1.3333333333333333,264.0,4.0,1,578.0,0.0,0.0,0.0
280.5,2.5,285.0,4.0,1,133.0,0.0,0.0,0.0
406.5,2.5,75.0,4.0,1,535.0,0.0,0.0,0.0
289.3333333333333,4.5,0.0,4.0,1,1024.0,0.0,0.0,0.0
436.25,4.5,240.0,4.0,0,1447.0,0.0,0.0,0.0
425.5,5.75,427.0,4.0,1,105.0,0.0,0.0,0.0
902.25,7.333333333333333,35.0,5.0,1,2796.0,0.0,0.0,0.0
305.0,3.5,381.0,4.0,1,147.0,0.0,0.0,0.0
45.2,3.0,772.0,4.0,1,614.0,11.833333333333334,4.0,0.0
50.5,2.5,62.0,4.0,1,211.0,0.0,0.0,0.0
602.0,6.75,273.0,4.0,0,403.0,0.0,0.0,0.0
216.0,3.5,61.0,4.0,1,255.0,0.0,0.0,0.0
612.2,8.4,816.0,4.0,0,818.0,0.0,0.0,0.0
389.0,2.5,262.0,4.0,1,359.0,0.0,0.0,0.0
152.5,8.0,606.0,2.0,1,76.0,0.0,0.0,0.0
461.0,3.5,571.0,4.0,1,223.0,0.0,0.0,0.0
930.0,13.666666666666666,961.0,5.0,1,1485.0,0.0,0.0,0.0
343.0,5.5,38.0,4.0,1,52.0,33.333333333333336,2.0,0.0
146.75,3.0,316.0,4.0,1,181.0,31.307692307692307,8.0,0.0
237.0,3.0,338.0,4.0,0,88.0,0.0,0.0,0.0
674.75,10.0,1036.0,4.0,1,1353.0,0.0,0.0,0.0
736.0,9.0,724.0,4.0,1,1756.0,0.0,0.0,0.0
667.3333333333334,7.0,398.0,4.0,1,575.0,0.0,0.0,0.0
21.83333333333333,1.0,600.0,4.0,0,398.0,0.0,0.0,0.0
402.0,3.5,393.0,2.0,1,289.0,0.0,0.0,0.0
986.75,13.5,906.0,5.0,1,1388.0,0.0,0.0,0.0
397.5,3.5,642.0,4.0,1,263.0,0.0,0.0,0.0
570.0,5.5,300.0,4.0,0,414.0,0.0,0.0,0.0
259.25,4.0,489.0,4.0,1,134.0,31.4,5.0,0.0
381.25,3.5,744.0,4.0,1,882.0,0.0,0.0,0.0
846.5,6.5,1086.0,4.0,1,327.0,0.0,0.0,0.0
342.5,6.0,748.0,4.0,1,745.0,0.0,0.0,0.0
254.25,4.0,160.0,4.0,1,198.0,34.888888888888886,6.0,0.0
115.0,2.5,597.0,4.0,1,734.0,0.0,0.0,0.0
635.5,9.333333333333334,696.0,4.0,1,738.0,0.0,0.0,0.0
586.6666666666666,4.0,398.0,2.0,1,895.0,0.0,0.0,0.0
57.25,1.0,855.0,4.0,1,325.0,21.166666666666668,13.0,0.0
484.0,4.666666666666667,127.0,4.0,0,1289.0,0.0,0.0,0.0
565.0,6.0,300.0,4.0,1,441.0,0.0,0.0,0.0
458.0,4.0,189.0,4.0,1,633.0,0.0,0.0,0.0
539.75,6.0,433.0,4.0,1,423.0,0.0,0.0,0.0
402.6,8.0,229.0,2.0,1,12.0,0.0,0.0,0.0
214.25,4.0,269.0,4.0,1,205.0,0.0,0.0,0.0
682.5,6.0,408.0,4.0,1,334.0,0.0,0.0,0.0
107.8,2.0,140.0,4.0,1,485.0,26.764705882352946,10.0,0.0
72.0,1.5,526.0,2.6666666666666665,1,13.0,19.875,6.0,0.0
114.33333333333331,1.5,80.0,4.0,1,106.0,25.75,8.0,0.0
560.75,10.25,168.0,4.0,1,1044.0,0.0,0.0,0.0
533.25,11.25,971.0,4.5,0,1765.0,0.0,0.0,0.0
236.75,3.5,360.0,2.0,1,69.0,0.0,0.0,0.0
1001.3333333333334,3.5,2334.0,4.0,1,4377.0,0.0,0.0,0.0
79.33333333333333,6.5,0.0,4.0,0,565.0,37.0,2.0,0.0
1262.0,25.5,818.0,4.0,1,287.0,0.0,0.0,0.0
23.5,0.5,759.0,4.0,0,741.0,0.0,0.0,0.0
1003.6666666666666,3.5,2388.0,4.0,1,4277.0,0.0,0.0,0.0
333.25,6.0,326.0,4.0,1,212.0,0.0,0.0,0.0
405.75,6.25,215.0,4.0,1,964.0,0.0,0.0,0.0
237.0,3.5,111.0,4.0,0,292.0,0.0,0.0,0.0
1315.75,8.666666666666666,1146.0,4.5,1,1858.0,0.0,0.0,0.0
1709.25,17.0,443.0,4.0,1,838.0,0.0,0.0,0.0
446.75,5.6,226.0,4.0,1,625.0,0.0,0.0,0.0
1128.5,24.5,1657.0,5.0,1,59.0,0.0,0.0,0.0
456.6666666666667,4.0,106.0,4.0,1,1165.0,0.0,0.0,0.0
761.0,11.833333333333334,1465.0,4.0,1,1115.0,0.0,0.0,0.0
616.0,6.75,1103.0,4.0,0,2035.0,0.0,0.0,0.0
448.0,6.0,33.0,3.5,0,427.0,0.0,0.0,0.0
538.75,4.666666666666667,473.0,5.0,1,1152.0,0.0,0.0,0.0
582.0,20.5,720.0,5.0,1,2142.0,0.0,0.0,0.0
102.66666666666669,1.0,312.0,4.0,1,417.0,26.933333333333334,18.0,0.0
220.5,10.666666666666666,331.0,4.0,1,376.0,0.0,0.0,0.0
334.5,4.5,293.0,4.0,0,305.0,0.0,0.0,0.0
339.1666666666667,4.0,252.0,4.0,1,391.0,38.0,2.0,0.0
217.2,4.0,1067.0,4.0,1,701.0,0.0,0.0,0.0
317.25,6.333333333333333,148.0,4.0,0,24.0,0.0,0.0,0.0
825.75,9.0,1814.0,4.5,1,1601.0,0.0,0.0,0.0
54.0,8.5,372.0,4.0,0,350.0,0.0,0.0,0.0
372.25,6.5,175.0,4.0,1,291.0,0.0,0.0,0.0
645.5,13.0,441.0,4.5,1,968.0,0.0,0.0,0.0
564.75,5.5,0.0,2.0,1,384.0,0.0,0.0,0.0
1025.25,8.0,1616.0,4.0,0,3349.0,0.0,0.0,0.0
1341.0,16.333333333333332,2110.0,4.0,1,907.0,0.0,0.0,0.0
206.66666666666663,14.333333333333334,474.0,4.0,1,337.0,0.0,0.0,0.0
550.2,4.5,102.0,4.0,1,221.0,0.0,0.0,0.0
354.25,4.0,241.0,4.0,0,1245.0,0.0,0.0,0.0
681.5,8.5,164.0,4.0,1,1148.0,0.0,0.0,0.0
687.0,4.5,395.0,4.0,1,760.0,0.0,0.0,0.0
424.5,5.5,381.0,3.5,1,266.0,0.0,0.0,0.0
1302.6666666666667,12.0,830.0,5.0,1,2159.0,0.0,0.0,0.0
45.4,2.0,36.0,4.0,1,262.0,42.0,1.0,0.0
438.1666666666667,6.5,69.0,4.0,1,36.0,0.0,0.0,0.0
338.0,4.5,119.0,4.0,0,176.0,0.0,0.0,0.0
1224.5,6.5,639.0,4.0,1,2449.0,0.0,0.0,0.0
396.25,5.0,257.0,4.0,1,738.0,0.0,0.0,0.0
407.5,6.5,547.0,2.0,0,45.0,22.33333333333333,2.0,0.0
534.0,6.0,313.0,2.0,0,1146.0,0.0,0.0,0.0
355.0,5.0,301.0,4.0,1,346.0,0.0,0.0,0.0
66.25,4.0,425.0,4.0,1,529.0,0.0,0.0,0.0
94.0,4.333333333333333,110.0,4.0,1,214.0,0.0,0.0,0.0
501.6666666666667,8.5,571.0,4.0,1,652.0,0.0,0.0,0.0
532.25,6.0,428.0,4.0,0,224.0,0.0,0.0,0.0
350.5,12.0,422.0,2.0,1,39.0,0.0,0.0,0.0
220.0,2.5,307.0,4.0,1,178.0,0.0,0.0,0.0
508.25,4.333333333333333,426.0,4.0,0,1493.0,0.0,0.0,0.0
42.0,7.833333333333333,304.0,4.0,1,733.0,36.84615384615385,8.0,0.0
109.0,4.0,534.0,4.0,1,204.0,39.8,3.0,0.0
75.5,2.0,507.0,2.0,1,1.0,0.0,0.0,0.0
326.5,6.666666666666667,275.0,4.0,0,112.0,0.0,0.0,0.0
85.75,3.0,1200.0,4.0,0,142.0,30.0,8.0,0.0
145.25,6.0,525.0,4.0,0,392.0,0.0,0.0,0.0
409.0,2.0,644.0,4.0,0,517.0,0.0,0.0,0.0
367.0,4.0,6.0,4.0,1,137.0,0.0,0.0,0.0
408.0,4.25,52.0,4.0,1,960.0,0.0,0.0,0.0
23.5,2.5,888.0,2.0,1,179.0,0.0,0.0,0.0
55.833333333333336,5.0,387.0,4.0,0,1209.0,25.0,1.0,0.0
338.75,5.666666666666667,274.0,4.0,0,87.0,0.0,0.0,0.0
436.75,4.5,75.0,4.0,1,276.0,0.0,0.0,0.0
40.333333333333336,2.0,737.0,4.0,0,45.0,6.75,2.0,0.0
392.6666666666667,3.5,407.0,4.0,0,517.0,0.0,0.0,0.0
132.25,3.0,497.0,2.0,1,2.0,0.0,0.0,0.0
421.5,7.833333333333333,508.0,2.6666666666666665,0,20.0,0.0,0.0,0.0
434.25,3.0,421.0,4.0,1,69.0,0.0,0.0,0.0
107.5,2.5,681.0,4.0,1,316.0,29.681818181818183,13.0,0.0
387.5,3.0,411.0,4.0,1,642.0,0.0,0.0,0.0
367.0,10.333333333333334,402.0,4.0,0,383.0,0.0,0.0,0.0
690.75,6.0,895.0,4.333333333333333,0,1918.0,0.0,0.0,0.0
46.25,2.5,0.0,4.0,0,83.0,0.0,0.0,0.0
250.16666666666663,4.5,191.0,2.6666666666666665,0,14.0,0.0,0.0,0.0
1003.4444444444443,11.5,1275.0,4.5,0,1021.0,0.0,0.0,0.0
536.6666666666666,2.5,491.0,4.0,1,326.0,0.0,0.0,0.0
34.0,2.0,262.0,2.0,1,10.0,24.5,6.0,0.0
665.0,8.75,607.0,4.0,0,1556.0,0.0,0.0,0.0
277.6666666666667,4.5,1101.0,4.0,1,462.0,0.0,0.0,0.0
119.5,3.0,208.0,4.0,0,140.0,23.714285714285715,6.0,0.0
319.5,4.5,363.0,4.0,1,128.0,0.0,0.0,0.0
1533.25,15.2,501.0,4.0,1,362.0,0.0,0.0,0.0
540.0,4.0,349.0,4.0,1,481.0,0.0,0.0,0.0
492.55555555555554,5.5,321.0,4.0,1,148.0,0.0,0.0,0.0
368.6666666666667,3.5,47.0,4.0,1,141.0,0.0,0.0,0.0
1149.0,32.25,1904.0,5.0,0,869.0,0.0,0.0,0.0
5.5,2.5,626.0,4.5,1,641.0,18.846153846153847,7.0,0.0
803.0,8.5,1080.0,5.0,1,1369.0,0.0,0.0,0.0
749.25,13.333333333333334,1429.0,4.0,1,74.0,0.0,0.0,0.0
51.75,2.0,404.0,4.0,1,222.0,0.0,0.0,0.0
162.33333333333334,1.75,279.0,4.0,1,388.0,0.0,0.0,0.0
225.5,3.5,202.0,4.0,0,100.0,0.0,0.0,0.0
72.5,3.0,547.0,4.0,1,654.0,26.5,7.0,0.0
192.75,2.5,553.0,4.0,1,205.0,50.0,0.0,0.0
382.5,6.0,195.0,4.0,1,297.0,0.0,0.0,0.0
487.8333333333333,8.333333333333334,378.0,4.0,1,558.0,0.0,0.0,0.0
143.75,2.5,977.0,2.0,1,74.0,20.5,6.0,0.0
51.2,3.5,363.0,4.0,1,1261.0,0.0,0.0,0.0
461.25,5.5,84.0,4.0,1,358.0,0.0,0.0,0.0
448.0,3.333333333333333,27.0,4.0,0,1687.0,39.0,2.0,0.0
630.5,9.0,294.0,4.0,0,1305.0,0.0,0.0,0.0
421.25,5.5,226.0,2.0,0,280.0,0.0,0.0,0.0
795.5,6.333333333333333,1712.0,4.0,1,2699.0,0.0,0.0,0.0
511.3333333333333,13.5,172.0,4.0,1,379.0,0.0,0.0,0.0
359.25,6.0,111.0,4.0,1,225.0,0.0,0.0,0.0
1172.3333333333333,14.0,2539.0,4.0,0,1405.0,0.0,0.0,0.0
35.0,1.5,1045.0,4.0,0,248.0,22.53125,23.0,0.0
335.75,3.0,321.0,4.0,1,99.0,0.0,0.0,0.0
65.5,2.0,713.0,4.0,1,88.0,33.666666666666664,4.0,0.0
1062.2,10.0,862.0,4.0,1,1363.0,0.0,0.0,0.0
157.0,1.0,361.0,4.0,1,261.0,0.0,0.0,0.0
19.5,2.5,283.0,4.5,1,461.0,22.214285714285715,13.0,0.0
132.25,2.5,517.0,4.0,0,126.0,32.166666666666664,3.0,0.0
641.25,5.0,411.0,4.0,1,833.0,0.0,0.0,0.0
1177.4,12.0,1207.0,4.5,0,605.0,0.0,0.0,0.0
803.0,12.333333333333334,584.0,4.5,1,2231.0,0.0,0.0,0.0
1246.75,9.25,700.0,4.0,1,1632.0,0.0,0.0,0.0
505.25,6.0,575.0,4.0,1,370.0,0.0,0.0,0.0
636.0,4.666666666666667,713.0,5.0,0,1282.0,0.0,0.0,0.0
98.0,13.0,195.0,4.0,0,786.0,0.0,0.0,0.0
275.25,8.75,99.0,4.0,1,750.0,0.0,0.0,0.0
556.0,5.5,164.0,4.0,1,524.0,0.0,0.0,0.0
175.5,4.25,298.0,4.0,0,159.0,0.0,0.0,0.0
891.5,11.0,1572.0,5.0,1,1584.0,0.0,0.0,0.0
229.5,6.5,341.0,4.0,1,613.0,0.0,0.0,0.0
332.77777777777777,5.75,534.0,4.0,0,657.0,0.0,0.0,0.0
156.66666666666666,6.5,600.0,2.0,1,5.0,0.0,0.0,0.0
101.66666666666669,2.5,679.0,4.0,0,346.0,30.23529411764705,8.0,0.0
167.25,1.5,142.0,4.0,1,21.0,0.0,0.0,0.0
128.25,6.5,369.0,2.0,1,114.0,0.0,0.0,0.0
351.25,4.333333333333333,331.0,4.0,0,387.0,0.0,0.0,0.0
548.0,3.2,474.0,4.0,0,810.0,0.0,0.0,0.0
450.25,3.0,130.0,4.0,0,661.0,0.0,0.0,0.0
79.75,5.25,1035.0,4.0,1,388.0,0.0,0.0,0.0
26.8,1.5,896.0,4.5,0,735.0,18.666666666666668,2.0,0.0
461.0,5.0,381.0,4.0,0,929.0,0.0,0.0,0.0
785.5,14.0,1560.0,4.0,1,1832.0,0.0,0.0,0.0
139.5,1.5,375.0,4.0,1,177.0,0.0,0.0,0.0
123.5,1.5,272.0,4.0,1,120.0,20.5,4.0,0.0
98.33333333333331,3.5,685.0,2.0,1,44.0,18.0,1.0,0.0
1113.3333333333333,8.0,944.0,4.5,0,879.0,0.0,0.0,0.0
359.3333333333333,4.5,781.0,4.0,0,126.0,0.0,0.0,0.0
235.5,3.5,301.0,2.0,1,51.0,0.0,0.0,0.0
443.25,5.5,108.0,4.0,1,481.0,0.0,0.0,0.0
25.0,1.0,885.0,4.0,1,807.0,0.0,0.0,0.0
831.3333333333334,5.5,2010.0,4.0,1,3007.0,0.0,0.0,0.0
1190.0,11.0,841.0,4.0,0,2725.0,0.0,0.0,0.0
219.0,4.0,323.0,2.0,1,58.0,0.0,0.0,0.0
122.0,2.5,590.0,4.0,1,97.0,25.8125,12.0,0.0
104.25,2.0,580.0,4.0,1,446.0,39.46153846153846,11.0,0.0
486.0,7.5,175.0,4.0,1,915.0,0.0,0.0,0.0
672.0,7.0,568.0,4.5,1,554.0,0.0,0.0,0.0
407.5,6.5,127.0,4.0,0,214.0,0.0,0.0,0.0
349.25,6.0,893.0,4.0,1,193.0,0.0,0.0,0.0
403.0,10.0,432.0,2.0,1,679.0,0.0,0.0,0.0
776.0,4.0,984.0,4.0,1,2148.0,0.0,0.0,0.0
1104.0,27.5,2241.0,4.5,1,919.0,0.0,0.0,0.0
1339.0,29.25,1555.0,2.5,1,674.0,0.0,0.0,0.0
203.5,4.6,174.0,4.0,0,243.0,34.666666666666664,2.0,0.0
296.0,6.5,1088.0,2.0,1,4.0,0.0,0.0,0.0
1036.0,21.5,625.0,4.5,1,1013.0,0.0,0.0,0.0
634.1666666666666,5.5,583.0,4.5,0,1409.0,0.0,0.0,0.0
137.0,2.5,508.0,4.0,1,339.0,0.0,0.0,0.0
653.25,14.75,460.0,4.0,1,1226.0,0.0,0.0,0.0
604.75,7.25,698.0,4.0,1,1088.0,0.0,0.0,0.0
68.6,3.5,488.0,3.0,0,505.0,27.166666666666668,15.0,0.0
151.0,7.2,151.0,4.0,0,775.0,26.75,3.0,0.0
413.25,6.0,46.0,4.0,1,1091.0,0.0,0.0,0.0
524.5,4.5,101.0,4.0,1,425.0,0.0,0.0,0.0
391.0,4.0,393.0,4.0,1,787.0,0.0,0.0,0.0
386.3333333333333,2.5,311.0,4.0,0,682.0,0.0,0.0,0.0
1059.090909090909,10.0,1162.0,2.0,0,1483.0,0.0,0.0,0.0
80.25,1.0,352.0,4.0,0,239.0,10.5,1.0,0.0
816.5,18.25,188.0,5.0,1,2816.0,0.0,0.0,0.0
160.0,5.5,443.0,4.0,1,301.0,0.0,0.0,0.0
530.25,4.5,65.0,2.0,1,416.0,0.0,0.0,0.0
528.5,4.333333333333333,567.0,4.0,1,310.0,0.0,0.0,0.0
498.25,11.333333333333334,479.0,4.0,1,379.0,0.0,0.0,0.0
3.0,1.0,491.0,0.0,1,446.0,0.0,0.0,0.0
735.0,5.0,1302.0,4.0,1,2114.0,0.0,0.0,0.0
324.75,5.0,183.0,2.0,1,77.0,0.0,0.0,0.0
120.0,2.5,505.0,4.0,1,655.0,0.0,0.0,0.0
1184.75,12.666666666666666,2339.0,4.0,0,1605.0,0.0,0.0,0.0
953.1428571428572,6.2,1908.0,4.0,1,474.0,0.0,0.0,0.0
1175.0,11.0,1307.0,4.5,1,508.0,0.0,0.0,0.0
822.3333333333334,5.5,1810.0,4.0,1,2922.0,0.0,0.0,0.0
462.0,4.5,501.0,4.0,1,316.0,0.0,0.0,0.0
625.75,15.25,341.0,4.0,0,983.0,0.0,0.0,0.0
59.0,2.5,114.0,4.0,1,555.0,25.15384615384616,4.0,0.0
31.33333333333333,2.0,626.0,4.5,0,587.0,21.76923076923077,9.0,0.0
1087.5,17.333333333333332,2227.0,4.0,1,1659.0,0.0,0.0,0.0
495.0,3.0,224.0,4.0,1,520.0,0.0,0.0,0.0
50.5,2.75,188.0,4.0,1,604.0,18.285714285714285,4.0,0.0
650.5,11.75,335.0,4.0,1,844.0,0.0,0.0,0.0
486.25,12.25,456.0,4.0,1,404.0,0.0,0.0,0.0
499.5,6.5,465.0,4.0,0,117.0,0.0,0.0,0.0
1014.4,11.0,1956.0,4.0,1,3759.0,0.0,0.0,0.0
1006.5,11.0,1893.0,4.0,0,3647.0,0.0,0.0,0.0
758.25,5.0,1163.0,4.0,1,1967.0,0.0,0.0,0.0
462.0,5.0,342.0,4.0,0,843.0,0.0,0.0,0.0
40.5,1.5,215.0,4.0,1,588.0,22.2,3.0,0.0
127.0,4.0,218.0,4.0,1,159.0,0.0,0.0,0.0
593.0,5.5,140.0,4.0,1,1000.0,0.0,0.0,0.0
83.25,3.6666666666666665,665.0,3.5,1,777.0,0.0,0.0,0.0
662.25,9.5,886.0,2.0,1,1698.0,0.0,0.0,0.0
23.25,1.5,626.0,4.5,1,311.0,0.0,0.0,0.0
59.75,1.6666666666666667,801.0,4.0,1,498.0,25.916666666666668,12.0,0.0
847.0,8.0,1129.0,4.0,1,252.0,0.0,0.0,0.0
91.16666666666669,2.0,353.0,4.0,1,627.0,57.0,1.0,0.0
545.5,5.75,499.0,4.0,1,891.0,0.0,0.0,0.0
113.83333333333331,4.0,384.0,4.0,0,499.0,24.526315789473685,13.0,0.0
576.5,7.5,853.0,4.0,1,1128.0,0.0,0.0,0.0
507.0,5.0,65.0,4.0,1,330.0,0.0,0.0,0.0
819.75,5.5,2002.0,4.0,0,2963.0,0.0,0.0,0.0
84.0,3.5,571.0,3.0,1,623.0,33.25,5.0,0.0
57.66666666666666,3.0,76.0,3.5,1,438.0,0.0,0.0,0.0
881.0,23.0,753.0,5.0,1,1298.0,0.0,0.0,0.0
263.5,5.0,459.0,4.0,1,165.0,0.0,0.0,0.0
34.0,1.5,1143.0,4.5,0,583.0,8.0,1.0,0.0
162.33333333333334,2.0,481.0,4.0,1,66.0,33.666666666666664,2.0,0.0
1611.5,31.666666666666668,1186.0,5.0,0,250.0,0.0,0.0,0.0
325.0,1.0,173.0,4.0,0,600.0,0.0,0.0,0.0
1569.25,37.0,1087.0,5.0,1,167.0,0.0,0.0,0.0
1265.75,21.33333333333333,1265.0,4.0,1,130.0,0.0,0.0,0.0
204.25,5.25,144.0,4.0,0,480.0,0.0,0.0,0.0
119.5,1.6,283.0,4.0,1,599.0,28.4,4.0,0.0
224.0,3.0,623.0,4.0,1,11.0,0.0,0.0,0.0
326.5,6.5,525.0,4.0,1,718.0,0.0,0.0,0.0
272.5,5.333333333333333,622.0,4.0,1,301.0,0.0,0.0,0.0
196.0,7.333333333333333,239.0,4.0,0,521.0,0.0,0.0,0.0
677.5,7.0,695.0,4.0,1,1632.0,0.0,0.0,0.0
623.0,7.0,680.0,4.0,0,721.0,0.0,0.0,0.0
115.33333333333331,2.5,258.0,4.0,1,422.0,0.0,0.0,0.0
384.0,3.5,754.0,4.0,0,309.0,0.0,0.0,0.0
549.5,3.5,80.0,4.0,1,657.0,0.0,0.0,0.0
124.66666666666669,3.6666666666666665,41.0,4.0,1,326.0,0.0,0.0,0.0
102.5,1.5,332.0,4.0,0,369.0,34.5,4.0,0.0
58.75,8.333333333333334,337.0,4.0,0,423.0,0.0,0.0,0.0
73.0,1.5,320.0,4.0,1,177.0,27.5,8.0,0.0
757.75,9.5,820.0,4.0,1,574.0,0.0,0.0,0.0
137.5,2.0,743.0,4.0,0,283.0,0.0,0.0,0.0
846.3333333333334,3.0,598.0,4.0,1,3135.0,0.0,0.0,0.0
110.83333333333331,4.0,248.0,4.0,1,200.0,63.0,1.0,0.0
499.0,5.666666666666667,486.0,4.0,0,1004.0,0.0,0.0,0.0
754.25,5.5,1133.0,4.0,1,343.0,0.0,0.0,0.0
572.75,8.0,183.0,4.0,1,828.0,0.0,0.0,0.0
784.0,4.5,1520.0,4.0,1,2532.0,0.0,0.0,0.0
207.3333333333333,6.5,79.0,4.0,0,152.0,0.0,0.0,0.0
520.5,6.4,341.0,4.0,1,549.0,0.0,0.0,0.0
667.6666666666666,6.8,51.0,2.0,1,21.0,0.0,0.0,0.0
191.25,3.5,129.0,4.0,1,206.0,30.0,6.0,0.0
453.0,4.5,498.0,4.0,1,267.0,0.0,0.0,0.0
83.0,2.0,417.0,4.0,1,603.0,26.05263157894737,15.0,0.0
399.0,3.0,547.0,4.0,1,175.0,0.0,0.0,0.0
577.5,5.0,589.0,4.0,1,720.0,0.0,0.0,0.0
306.5,6.5,264.0,2.0,1,18.0,0.0,0.0,0.0
621.75,5.5,472.0,4.5,1,157.0,0.0,0.0,0.0
435.25,10.0,153.0,4.0,0,634.0,0.0,0.0,0.0
607.2222222222222,7.666666666666667,191.0,4.0,1,1064.0,0.0,0.0,0.0
494.1666666666667,4.0,27.0,4.0,0,588.0,0.0,0.0,0.0
500.5,4.75,148.0,4.0,1,379.0,0.0,0.0,0.0
110.0,2.5,491.0,4.0,1,574.0,0.0,0.0,0.0
637.25,4.5,508.0,4.0,1,439.0,0.0,0.0,0.0
591.3333333333334,9.0,162.0,4.0,1,1269.0,0.0,0.0,0.0
128.75,2.5,152.0,4.0,1,26.0,0.0,0.0,0.0
183.5,4.0,91.0,2.6666666666666665,0,93.0,0.0,0.0,0.0
789.3333333333334,10.4,1369.0,5.0,1,1196.0,0.0,0.0,0.0
486.0,9.5,628.0,4.0,1,1042.0,0.0,0.0,0.0
64.25,5.0,481.0,4.0,1,194.0,0.0,0.0,0.0
290.75,4.5,647.0,4.0,1,262.0,0.0,0.0,0.0
98.0,1.0,859.0,4.0,1,1069.0,32.77777777777778,5.0,0.0
762.5,5.0,1337.0,4.0,1,1994.0,0.0,0.0,0.0
23.666666666666668,1.5,382.0,4.5,1,501.0,30.476190476190474,14.0,0.0
86.75,3.0,218.0,4.0,1,158.0,29.5,15.0,0.0
560.25,8.166666666666666,155.0,4.0,1,973.0,36.5,1.0,0.0
467.5,4.5,67.0,4.0,1,635.0,0.0,0.0,0.0
167.5,1.5,816.0,4.0,1,39.0,28.142857142857142,9.0,0.0
76.66666666666667,2.25,405.0,4.0,0,111.0,0.0,0.0,0.0
194.75,3.0,291.0,4.0,1,95.0,0.0,0.0,0.0
355.5,7.75,304.0,4.0,1,422.0,0.0,0.0,0.0
28.0,2.5,436.0,4.5,0,245.0,21.071428571428573,10.0,0.0
388.5,4.5,273.0,2.0,1,153.0,0.0,0.0,0.0
788.25,6.0,1918.0,4.0,1,2694.0,0.0,0.0,0.0
98.75,2.0,585.0,4.0,1,123.0,0.0,0.0,0.0
307.0,4.5,1053.0,4.0,1,937.0,0.0,0.0,0.0
255.3333333333333,2.5,117.0,4.0,0,429.0,0.0,0.0,0.0
856.8333333333334,9.4,931.0,4.5,1,2942.0,0.0,0.0,0.0
47.0,2.0,102.0,4.0,1,211.0,0.0,0.0,0.0
302.5,3.5,355.0,2.0,1,265.0,0.0,0.0,0.0
731.5,14.5,1106.0,4.5,0,16.0,0.0,0.0,0.0
492.5,10.5,933.0,4.0,1,691.0,0.0,0.0,0.0
141.0,2.5,467.0,4.0,1,192.0,25.25,3.0,0.0
145.25,6.5,698.0,4.0,1,198.0,0.0,0.0,0.0
55.25,2.5,218.0,4.0,0,886.0,26.33333333333333,11.0,0.0
41.25,2.0,242.0,2.0,1,70.0,30.75,8.0,0.0
72.0,2.0,719.0,4.0,0,634.0,31.55555555555556,7.0,0.0
372.0,3.0,551.0,4.0,1,703.0,0.0,0.0,0.0
597.6666666666666,5.5,679.0,4.0,1,1051.0,0.0,0.0,0.0
409.4,7.0,414.0,4.0,1,967.0,0.0,0.0,0.0
68.66666666666667,2.0,633.0,4.0,1,132.0,0.0,0.0,0.0
878.5,23.5,711.0,5.0,1,815.0,0.0,0.0,0.0
585.25,3.0,578.0,4.0,1,1587.0,0.0,0.0,0.0
160.5,5.0,74.0,4.0,0,360.0,28.83333333333333,3.0,0.0
125.5,2.5,539.0,4.0,1,61.0,40.888888888888886,5.0,0.0
175.75,4.0,803.0,4.0,1,547.0,0.0,0.0,0.0
63.5,3.75,708.0,4.0,1,478.0,36.375,3.0,0.0
212.0,3.0,83.0,4.0,1,407.0,0.0,0.0,0.0
94.0,1.0,420.0,4.0,0,261.0,25.444444444444443,14.0,0.0
331.0,6.0,413.0,4.0,0,484.0,0.0,0.0,0.0
210.44444444444449,16.0,601.0,4.0,1,247.0,0.0,0.0,0.0
576.5,1.0,1251.0,4.0,1,2646.0,0.0,0.0,0.0
52.5,2.0,1085.0,4.0,1,368.0,26.53333333333333,23.0,0.0
737.25,10.5,713.0,4.0,1,1874.0,0.0,0.0,0.0
80.75,3.0,571.0,2.0,0,14.0,0.0,0.0,0.0
1102.75,9.5,976.0,4.0,0,889.0,0.0,0.0,0.0
422.5,4.5,65.0,4.0,1,1124.0,27.0,2.0,0.0
543.6666666666666,3.5,640.0,4.0,1,448.0,0.0,0.0,0.0
500.3333333333333,2.5,74.0,4.0,1,231.0,0.0,0.0,0.0
66.25,2.0,624.0,2.6666666666666665,1,36.0,23.714285714285715,3.0,0.0
16.5,1.5,265.0,4.5,0,719.0,0.0,0.0,0.0
797.25,3.5,1703.0,3.0,1,2676.0,0.0,0.0,0.0
418.0,5.5,281.0,4.0,1,192.0,0.0,0.0,0.0
221.0,3.0,500.0,4.0,0,3.0,0.0,0.0,0.0
376.0,4.0,810.0,4.0,1,621.0,0.0,0.0,0.0
104.5,16.75,248.0,4.0,0,739.0,0.0,0.0,0.0
959.3333333333334,20.8,515.0,5.0,1,1109.0,0.0,0.0,0.0
844.0,4.0,669.0,4.0,1,3130.0,0.0,0.0,0.0
1027.5,15.5,794.0,4.5,1,1230.0,0.0,0.0,0.0
72.0,2.0,272.0,4.0,0,350.0,0.0,0.0,0.0
103.0,3.0,837.0,4.0,1,59.0,0.0,0.0,0.0
781.0,14.0,1099.0,4.0,1,909.0,0.0,0.0,0.0
1210.5,7.0,217.0,4.0,1,2104.0,0.0,0.0,0.0
1142.5,8.75,157.0,4.0,1,1878.0,0.0,0.0,0.0
971.0,4.833333333333333,0.0,4.5,1,410.0,0.0,0.0,0.0
250.4,1.5,666.0,4.0,1,429.0,0.0,0.0,0.0
413.0,2.5,346.0,4.0,0,1190.0,0.0,0.0,0.0
1109.0,10.0,1529.0,4.5,1,281.0,0.0,0.0,0.0
178.0,4.5,478.0,4.0,1,169.0,27.0,5.0,0.0
685.25,7.0,18.0,4.0,1,224.0,0.0,0.0,0.0
93.66666666666669,1.5,699.0,4.0,1,1221.0,29.9,6.0,0.0
232.5,3.6666666666666665,245.0,4.0,0,145.0,0.0,0.0,0.0
58.833333333333336,2.5,537.0,4.0,1,574.0,35.0,4.0,0.0
93.25,2.5,309.0,4.0,0,315.0,22.147058823529413,13.0,0.0
1321.6666666666667,6.0,1245.0,4.5,1,1896.0,0.0,0.0,0.0
897.7777777777778,11.0,1608.0,4.0,1,437.0,0.0,0.0,0.0
869.2,18.666666666666668,760.0,5.0,1,1003.0,0.0,0.0,0.0
518.75,5.0,202.0,2.0,0,12.0,0.0,0.0,0.0
397.25,4.0,377.0,2.0,0,74.0,0.0,0.0,0.0
79.0,1.5,204.0,4.0,0,476.0,0.0,0.0,0.0
391.75,5.5,329.0,4.0,1,169.0,0.0,0.0,0.0
364.75,4.0,751.0,4.0,1,240.0,0.0,0.0,0.0
477.0,3.5,323.0,4.0,1,1121.0,0.0,0.0,0.0
551.25,8.0,271.0,4.0,0,503.0,0.0,0.0,0.0
34.0,1.5,1074.0,4.0,1,108.0,31.25,10.0,0.0
946.5,10.5,871.0,5.0,1,1394.0,0.0,0.0,0.0
330.8,3.5,0.0,2.6666666666666665,0,39.0,22.545454545454547,5.0,0.0
404.25,6.5,378.0,4.0,1,186.0,0.0,0.0,0.0
603.5,6.0,98.0,4.0,1,1081.0,0.0,0.0,0.0
95.5,3.5,347.0,4.0,1,354.0,22.176470588235293,13.0,0.0
70.5,2.0,852.0,4.0,0,125.0,26.857142857142858,5.0,0.0
833.8888888888889,4.444444444444445,740.0,4.5,0,2930.0,0.0,0.0,0.0
149.66666666666666,2.0,935.0,4.5,0,470.0,31.181818181818183,7.0,0.0
122.75,3.333333333333333,467.0,4.0,1,343.0,0.0,0.0,0.0
22.5,0.5,759.0,4.0,1,644.0,0.0,0.0,0.0
784.3333333333334,6.75,1462.0,4.0,1,133.0,0.0,0.0,0.0
961.875,11.8,292.0,5.0,1,816.0,0.0,0.0,0.0
12.0,4.0,213.0,5.0,1,332.0,21.46153846153846,19.0,0.0
140.33333333333334,2.0,264.0,4.0,0,185.0,0.0,0.0,0.0
840.0,7.0,1879.0,4.0,1,2247.0,0.0,0.0,0.0
872.5,11.0,1671.0,5.0,1,1614.0,0.0,0.0,0.0
343.8333333333333,3.5,219.0,2.0,1,19.0,0.0,0.0,0.0
238.0,5.0,418.0,4.0,0,175.0,0.0,0.0,0.0
1307.25,17.0,913.0,5.0,1,113.0,0.0,0.0,0.0
919.25,21.5,1696.0,4.0,1,1033.0,0.0,0.0,0.0
828.0,15.5,870.0,5.0,1,1364.0,0.0,0.0,0.0
135.25,2.333333333333333,553.0,4.0,1,159.0,0.0,0.0,0.0
1038.4,20.2,1727.0,4.5,1,86.0,0.0,0.0,0.0
506.25,13.5,548.0,4.0,1,1088.0,0.0,0.0,0.0
815.75,8.75,294.0,4.5,1,2547.0,0.0,0.0,0.0
409.75,3.0,608.0,4.0,1,329.0,0.0,0.0,0.0
358.25,7.0,127.0,4.0,0,424.0,0.0,0.0,0.0
572.25,9.0,788.0,4.0,1,1041.0,0.0,0.0,0.0
645.0,8.666666666666666,479.0,5.0,1,2289.0,0.0,0.0,0.0
579.6666666666666,2.5,221.0,4.0,1,1023.0,0.0,0.0,0.0
61.66666666666666,2.5,694.0,2.0,1,89.0,32.27272727272727,6.0,0.0
76.83333333333333,3.25,388.0,2.0,1,43.0,0.0,0.0,0.0
142.0,2.0,17.0,4.0,0,376.0,0.0,0.0,0.0
1060.6666666666667,19.0,2221.0,4.0,1,1644.0,0.0,0.0,0.0
93.5,2.0,1325.0,4.0,1,85.0,0.0,0.0,0.0
602.5,8.5,423.0,4.0,1,976.0,0.0,0.0,0.0
225.66666666666663,3.0,82.0,4.0,0,436.0,0.0,0.0,0.0
391.75,7.666666666666667,34.0,4.0,1,319.0,0.0,0.0,0.0
136.0,4.0,78.0,4.0,0,799.0,0.0,0.0,0.0
103.5,2.5,206.0,4.0,1,122.0,33.714285714285715,3.0,0.0
1485.0,14.333333333333334,376.0,4.0,0,1271.0,0.0,0.0,0.0
2.0,0.5,443.0,2.0,0,368.0,27.375,7.0,0.0
914.75,13.5,1657.0,4.0,1,2924.0,0.0,0.0,0.0
82.0,1.0,602.0,4.0,0,436.0,33.94117647058823,9.0,0.0
48.0,1.5,387.0,4.5,0,328.0,0.0,0.0,0.0
349.3333333333333,5.0,520.0,4.0,1,774.0,0.0,0.0,0.0
373.8333333333333,6.5,139.0,2.0,0,132.0,0.0,0.0,0.0
463.0,6.0,279.0,4.0,1,253.0,0.0,0.0,0.0
592.75,5.5,7.0,4.0,1,995.0,0.0,0.0,0.0
22.0,0.5,500.0,4.0,0,641.0,27.46153846153846,10.0,0.0
1176.8333333333333,8.4,0.0,4.0,1,1891.0,0.0,0.0,0.0
1414.75,18.0,1859.0,4.0,1,433.0,0.0,0.0,0.0
165.33333333333334,2.5,836.0,4.0,1,231.0,22.02272727272728,28.0,0.0
578.25,6.0,781.0,4.0,1,879.0,0.0,0.0,0.0
576.3333333333334,8.0,742.0,4.0,1,98.0,0.0,0.0,0.0
478.0,6.0,265.0,2.0,1,48.0,0.0,0.0,0.0
622.5,5.5,655.0,4.0,1,198.0,0.0,0.0,0.0
482.3333333333333,6.333333333333333,497.0,4.0,0,231.0,0.0,0.0,0.0
389.75,4.0,457.0,4.0,1,234.0,0.0,0.0,0.0
1245.0,22.75,1457.0,2.5,1,531.0,0.0,0.0,0.0
406.3333333333333,4.5,448.0,4.0,1,1382.0,0.0,0.0,0.0
348.25,4.0,721.0,4.0,1,197.0,0.0,0.0,0.0
88.75,2.5,1033.0,4.0,1,791.0,20.181818181818183,18.0,0.0
113.0,3.5,677.0,4.0,1,151.0,0.0,0.0,0.0
604.0,4.0,184.0,4.0,1,410.0,0.0,0.0,0.0
357.5,11.5,801.0,4.0,1,674.0,0.0,0.0,0.0
1406.8333333333333,19.0,1973.0,4.0,1,1067.0,0.0,0.0,0.0
339.3333333333333,6.333333333333333,202.0,4.0,1,479.0,0.0,0.0,0.0
502.25,6.5,341.0,4.0,1,171.0,0.0,0.0,0.0
438.0,5.333333333333333,160.0,4.0,1,351.0,0.0,0.0,0.0
97.0,3.0,464.0,4.0,1,181.0,0.0,0.0,0.0
392.75,5.0,195.0,2.0,1,189.0,0.0,0.0,0.0
223.25,3.5,244.0,4.0,0,68.0,0.0,0.0,0.0
178.5,2.5,456.0,4.0,0,219.0,0.0,0.0,0.0
816.25,11.5,1366.0,2.0,0,1165.0,0.0,0.0,0.0
1076.6666666666667,14.75,846.0,4.0,1,1218.0,0.0,0.0,0.0
15.666666666666666,2.0,387.0,4.5,0,749.0,0.0,0.0,0.0
814.5,9.5,1877.0,4.0,1,1927.0,0.0,0.0,0.0
474.0,7.0,325.0,2.6666666666666665,1,46.0,0.0,0.0,0.0
85.25,2.5,1220.0,4.0,0,279.0,0.0,0.0,0.0
94.0,2.0,1005.0,4.0,1,147.0,0.0,0.0,0.0
386.6666666666667,4.5,682.0,4.0,0,149.0,0.0,0.0,0.0
835.25,4.0,1369.0,4.0,1,3145.0,0.0,0.0,0.0
724.25,6.5,745.0,4.0,1,1631.0,0.0,0.0,0.0
86.0,4.5,796.0,2.6666666666666665,1,44.0,1.0,0.0,0.0
309.0,5.5,23.0,4.0,1,102.0,34.0,2.0,0.0
194.0,2.5,81.0,3.5,0,221.0,0.0,0.0,0.0
164.66666666666666,4.5,848.0,4.0,1,413.0,0.0,0.0,0.0
642.3333333333334,14.5,498.0,4.5,0,1467.0,0.0,0.0,0.0
718.75,6.4,1380.0,2.0,1,2100.0,0.0,0.0,0.0
480.75,6.5,337.0,4.0,1,444.0,0.0,0.0,0.0
214.66666666666663,3.6,418.0,4.0,1,407.0,0.0,0.0,0.0
587.25,5.0,399.0,2.0,1,813.0,0.0,0.0,0.0
546.0,4.0,442.0,2.6666666666666665,1,670.0,0.0,0.0,0.0
450.8,4.0,110.0,4.0,1,440.0,0.0,0.0,0.0
81.66666666666667,1.0,461.0,4.0,1,219.0,0.0,0.0,0.0
101.75,2.5,411.0,4.0,1,64.0,16.5,2.0,0.0
455.25,7.0,125.0,4.0,1,78.0,0.0,0.0,0.0
306.5,3.5,482.0,4.0,1,371.0,33.333333333333336,2.0,0.0
63.333333333333336,2.5,421.0,4.0,1,114.0,22.0,1.0,0.0
595.0,2.5,1528.0,4.0,1,2482.0,0.0,0.0,0.0
529.3333333333334,6.0,440.0,2.0,1,321.0,0.0,0.0,0.0
527.6666666666666,10.0,279.0,4.0,1,251.0,0.0,0.0,0.0
66.75,1.5,545.0,4.0,0,97.0,20.0,5.0,0.0
211.5,3.5,174.0,4.0,1,126.0,0.0,0.0,0.0
1622.5,23.0,891.0,4.5,1,159.0,0.0,0.0,0.0
97.0,1.5,799.0,3.0,0,504.0,35.57142857142857,9.0,0.0
614.2,2.5,498.0,4.0,1,676.0,0.0,0.0,0.0
223.2,3.0,224.0,4.0,1,145.0,22.307692307692307,9.0,0.0
72.25,2.5,359.0,4.0,1,162.0,20.666666666666668,3.0,0.0
345.25,5.0,375.0,2.0,1,0.0,0.0,0.0,0.0
100.75,1.5,440.0,3.25,1,247.0,17.90909090909091,7.0,0.0
573.5,3.5,521.0,2.0,1,795.0,0.0,0.0,0.0
164.75,4.0,202.0,4.0,1,470.0,0.0,0.0,0.0
1330.0,14.0,1665.0,4.0,1,636.0,0.0,0.0,0.0
550.6666666666666,4.5,153.0,2.0,0,367.0,0.0,0.0,0.0
407.25,3.5,593.0,4.0,0,145.0,0.0,0.0,0.0
750.75,7.0,1246.0,4.0,1,214.0,0.0,0.0,0.0
51.66666666666666,2.0,304.0,4.0,0,497.0,0.0,0.0,0.0
633.5,6.0,943.0,4.0,1,2012.0,0.0,0.0,0.0
22.33333333333333,1.5,576.0,4.0,1,464.0,0.0,0.0,0.0
218.0,2.6666666666666665,637.0,4.0,0,256.0,0.0,0.0,0.0
452.25,12.75,216.0,4.0,0,369.0,0.0,0.0,0.0
91.0,2.5,1129.0,4.0,1,331.0,28.08695652173913,14.0,0.0
1570.75,7.333333333333333,476.0,4.0,0,427.0,0.0,0.0,0.0
157.2,7.0,710.0,4.0,1,335.0,0.0,0.0,0.0
119.0,5.5,770.0,4.0,1,316.0,0.0,0.0,0.0
148.5,2.5,202.0,3.5,0,372.0,37.45454545454545,7.0,0.0
492.3333333333333,2.5,216.0,4.0,1,524.0,0.0,0.0,0.0
162.33333333333334,3.5,630.0,4.0,1,220.0,0.0,0.0,0.0
214.25,4.0,123.0,4.0,1,173.0,26.25,2.0,0.0
1224.4,8.5,1315.0,4.0,1,310.0,0.0,0.0,0.0
96.25,2.0,515.0,4.0,0,231.0,28.4,14.0,0.0
302.5,4.5,37.0,4.0,1,312.0,0.0,0.0,0.0
65.25,2.0,1053.0,4.0,1,255.0,25.529411764705884,14.0,0.0
206.25,5.0,1086.0,4.0,1,899.0,54.5,1.0,0.0
653.25,9.0,429.0,4.0,1,1494.0,0.0,0.0,0.0
1377.5,25.666666666666668,1371.0,2.5,1,482.0,0.0,0.0,0.0
366.75,7.0,482.0,4.0,1,165.0,0.0,0.0,0.0
403.25,5.5,281.0,4.0,1,538.0,0.0,0.0,0.0
658.75,10.0,495.0,4.0,1,1444.0,0.0,0.0,0.0
166.0,8.75,527.0,4.0,0,110.0,0.0,0.0,0.0
412.75,6.0,131.0,4.0,1,210.0,0.0,0.0,0.0
3.75,3.0,0.0,2.5,0,862.0,24.566666666666663,20.0,0.0
10.25,3.5,994.0,4.0,1,88.0,49.125,3.0,0.0
886.75,7.333333333333333,1379.0,4.0,1,3739.0,0.0,0.0,0.0
906.7,8.5,514.0,5.0,1,1039.0,0.0,0.0,0.0
481.8333333333333,5.0,285.0,4.0,0,322.0,0.0,0.0,0.0
206.0,3.333333333333333,325.0,4.0,1,74.0,0.0,0.0,0.0
295.0,5.0,326.0,4.0,1,411.0,0.0,0.0,0.0
622.25,6.0,528.0,4.0,1,342.0,0.0,0.0,0.0
555.0,17.333333333333332,518.0,4.0,0,530.0,0.0,0.0,0.0
883.0,15.0,2059.0,3.0,1,203.0,0.0,0.0,0.0
287.75,2.5,283.0,4.0,0,216.0,0.0,0.0,0.0
451.75,3.5,368.0,2.6666666666666665,1,12.0,0.0,0.0,0.0
362.5,6.0,337.0,4.0,1,591.0,0.0,0.0,0.0
57.0,1.0,818.0,4.0,0,595.0,26.0,13.0,0.0
292.6,2.5,912.0,4.0,1,553.0,0.0,0.0,0.0
128.75,4.25,614.0,2.0,1,25.0,0.0,0.0,0.0
7.5,1.0,879.0,4.0,1,572.0,24.166666666666668,13.0,0.0
255.75,3.0,666.0,4.0,1,25.0,0.0,0.0,0.0
465.0,7.25,409.0,2.0,1,12.0,0.0,0.0,0.0
134.25,5.0,374.0,4.0,1,324.0,0.0,0.0,0.0
576.0,2.0,1083.0,4.5,1,2726.0,0.0,0.0,0.0
465.5,5.5,169.0,4.0,0,325.0,0.0,0.0,0.0
1385.0,11.333333333333334,633.0,4.0,1,1104.0,0.0,0.0,0.0
97.0,4.0,372.0,4.0,1,490.0,25.90909090909091,8.0,0.0
448.25,3.0,230.0,4.0,0,849.0,0.0,0.0,0.0
470.5,11.0,287.0,4.0,1,227.0,0.0,0.0,0.0
417.75,3.5,155.0,4.0,1,384.0,0.0,0.0,0.0
177.0,2.5,279.0,4.0,0,50.0,19.5,1.0,0.0
41.25,2.5,1373.0,4.0,0,498.0,31.11111111111111,6.0,0.0
179.0,2.5,236.0,4.0,0,128.0,27.0,5.0,0.0
360.75,11.0,23.0,4.0,1,1153.0,0.0,0.0,0.0
185.66666666666663,3.5,815.0,2.0,1,25.0,21.91304347826087,18.0,0.0
474.75,10.25,220.0,4.5,0,1731.0,0.0,0.0,0.0
1152.75,6.75,532.0,4.0,1,1278.0,0.0,0.0,0.0
425.5,4.0,574.0,4.0,1,206.0,0.0,0.0,0.0
249.0,7.0,839.0,4.0,1,955.0,0.0,0.0,0.0
607.75,6.0,98.0,4.0,1,384.0,0.0,0.0,0.0
60.0,1.5,958.0,4.0,1,247.0,28.0,14.0,0.0
80.5,1.5,120.0,4.0,1,394.0,20.09375,25.0,0.0
54.4,1.0,0.0,4.0,0,314.0,0.0,0.0,0.0
1366.5,10.5,703.0,4.0,0,1057.0,0.0,0.0,0.0
315.0,5.0,289.0,4.0,0,327.0,0.0,0.0,0.0
176.83333333333334,4.0,260.0,4.0,1,68.0,0.0,0.0,0.0
47.0,4.25,90.0,4.0,0,505.0,0.0,0.0,0.0
1109.25,23.0,1756.0,5.0,0,86.0,0.0,0.0,0.0
499.5,5.0,315.0,4.0,1,380.0,0.0,0.0,0.0
724.0,8.5,1377.0,4.0,1,925.0,0.0,0.0,0.0
86.5,3.5,448.0,4.0,1,109.0,0.0,0.0,0.0
149.5,4.0,707.0,2.0,0,77.0,0.0,0.0,0.0
509.75,6.0,101.0,3.5,1,665.0,0.0,0.0,0.0
616.75,5.0,253.0,2.0,1,574.0,0.0,0.0,0.0
221.0,2.0,0.0,4.0,0,365.0,0.0,0.0,0.0
140.33333333333334,2.5,774.0,4.0,0,244.0,0.0,0.0,0.0
191.0,4.0,629.0,4.0,1,129.0,0.0,0.0,0.0
1071.25,15.666666666666666,624.0,4.0,1,2188.0,0.0,0.0,0.0
1244.5,9.0,807.0,4.0,0,1319.0,0.0,0.0,0.0
420.77777777777777,8.0,386.0,4.0,1,461.0,0.0,0.0,0.0
1061.6666666666667,3.5,1873.0,4.0,1,3785.0,0.0,0.0,0.0
326.75,2.5,86.0,4.0,0,136.0,0.0,0.0,0.0
536.0,4.5,597.0,5.0,1,1255.0,0.0,0.0,0.0
7.666666666666667,2.0,91.0,3.0,1,138.0,13.0,1.0,0.0
761.5,25.0,891.0,5.0,0,963.0,0.0,0.0,0.0
240.25,3.5,420.0,2.0,0,20.0,0.0,0.0,0.0
1165.888888888889,14.5,1607.0,4.5,1,224.0,0.0,0.0,0.0
80.25,2.5,592.0,4.0,0,588.0,26.125,14.0,0.0
231.5,2.5,140.0,4.0,1,366.0,0.0,0.0,0.0
1212.8333333333333,9.5,2031.0,4.0,0,1421.0,0.0,0.0,0.0
600.0,12.2,265.0,4.0,1,783.0,0.0,0.0,0.0
142.5,1.5,37.0,4.0,1,441.0,0.0,0.0,0.0
278.0,3.5,138.0,4.0,1,1006.0,0.0,0.0,0.0
80.5,2.0,108.0,4.0,0,429.0,0.0,0.0,0.0
88.0,9.25,47.0,4.0,0,733.0,0.0,0.0,0.0
998.0,22.33333333333333,1797.0,5.0,1,112.0,0.0,0.0,0.0
105.5,5.0,603.0,4.0,1,96.0,1.0,0.0,0.0
277.1666666666667,3.5,220.0,4.0,1,1009.0,0.0,0.0,0.0
684.0,7.0,794.0,2.0,1,1049.0,0.0,0.0,0.0
218.75,5.5,167.0,4.0,1,564.0,50.0,1.0,0.0
99.0,2.5,865.0,4.0,1,142.0,20.666666666666668,4.0,0.0
527.75,6.75,378.0,4.5,1,989.0,0.0,0.0,0.0
846.6666666666666,2.0,881.0,4.0,1,3328.0,0.0,0.0,0.0
1.0,0.5,938.0,0.0,0,1308.0,0.0,0.0,0.0
657.25,18.0,798.0,5.0,0,1723.0,0.0,0.0,0.0
128.83333333333334,4.0,267.0,4.0,1,298.0,22.75,3.0,0.0
411.25,6.5,76.0,4.0,0,281.0,0.0,0.0,0.0
546.0,4.75,249.0,4.0,1,461.0,0.0,0.0,0.0
1470.5,19.6,215.0,4.0,1,753.0,0.0,0.0,0.0
546.5,14.25,519.0,4.0,1,1178.0,0.0,0.0,0.0
429.75,5.75,354.0,4.0,1,536.0,0.0,0.0,0.0
214.25,2.6,31.0,4.0,0,453.0,0.0,0.0,0.0
384.6666666666667,4.0,0.0,4.0,1,987.0,0.0,0.0,0.0
572.0,13.75,641.0,4.0,0,728.0,0.0,0.0,0.0
120.66666666666669,2.5,546.0,2.0,0,14.0,0.0,0.0,0.0
392.25,4.0,722.0,4.0,0,324.0,0.0,0.0,0.0
362.25,9.333333333333334,226.0,4.0,1,421.0,0.0,0.0,0.0
98.25,2.5,380.0,4.0,1,403.0,0.0,0.0,0.0
37.25,6.5,500.0,4.5,0,533.0,28.3,7.0,0.0
688.75,8.666666666666666,618.0,4.0,0,942.0,0.0,0.0,0.0
259.6666666666667,5.0,855.0,2.0,1,60.0,0.0,0.0,0.0
483.2,7.0,128.0,4.0,0,517.0,0.0,0.0,0.0
265.3333333333333,4.5,779.0,4.0,0,128.0,0.0,0.0,0.0
550.5,7.0,304.0,5.0,0,1788.0,0.0,0.0,0.0
634.5,12.5,570.0,4.0,1,1006.0,0.0,0.0,0.0
686.25,5.0,315.0,4.0,1,662.0,0.0,0.0,0.0
412.6666666666667,3.5,392.0,4.0,1,22.0,0.0,0.0,0.0
383.0,7.5,30.0,4.0,1,275.0,0.0,0.0,0.0
70.25,3.333333333333333,554.0,4.0,1,646.0,19.066666666666663,17.0,0.0
1060.2,10.0,973.0,4.0,1,1170.0,0.0,0.0,0.0
1183.0,18.25,2347.0,4.5,1,1117.0,0.0,0.0,0.0
423.0,5.0,358.0,2.0,1,198.0,0.0,0.0,0.0
552.5,7.0,119.0,4.0,1,765.0,0.0,0.0,0.0
457.25,10.5,187.0,4.0,1,237.0,0.0,0.0,0.0
622.75,5.0,233.0,4.0,1,518.0,0.0,0.0,0.0
22.5,0.5,544.0,4.0,0,935.0,0.0,0.0,0.0
551.75,4.5,163.0,4.0,1,658.0,0.0,0.0,0.0
249.66666666666663,2.0,646.0,4.0,1,1014.0,0.0,0.0,0.0
262.6666666666667,2.5,870.0,4.0,0,73.0,0.0,0.0,0.0
127.25,4.5,472.0,4.0,1,62.0,35.36363636363637,7.0,0.0
106.0,1.0,103.0,4.0,0,555.0,23.761904761904763,13.0,0.0
183.5,5.666666666666667,82.0,2.0,0,51.0,0.0,0.0,0.0
54.66666666666666,2.0,360.0,4.0,1,288.0,31.666666666666668,4.0,0.0
583.0,5.75,420.0,4.0,1,510.0,0.0,0.0,0.0
140.5,14.75,333.0,4.0,1,546.0,55.0,1.0,0.0
513.5,5.0,325.0,4.0,1,133.0,0.0,0.0,0.0
23.0,0.5,604.0,4.0,1,547.0,0.0,0.0,0.0
392.0,8.0,208.0,2.0,1,44.0,0.0,0.0,0.0
103.66666666666669,2.5,372.0,4.0,1,144.0,0.0,0.0,0.0
751.0,7.0,1196.0,4.0,1,1866.0,0.0,0.0,0.0
329.25,2.0,33.0,4.0,0,375.0,27.75,3.0,0.0
461.0,5.0,98.0,3.5,1,539.0,0.0,0.0,0.0
601.0,6.25,0.0,4.0,1,555.0,0.0,0.0,0.0
1124.5,12.666666666666666,1985.0,4.0,0,1722.0,0.0,0.0,0.0
815.75,8.0,393.0,4.0,1,2637.0,0.0,0.0,0.0
1579.5,11.5,2125.0,4.0,1,433.0,0.0,0.0,0.0
15.5,4.75,473.0,2.0,1,148.0,20.65384615384616,19.0,0.0
170.83333333333334,1.5,412.0,4.0,0,269.0,0.0,0.0,0.0
649.5,17.75,258.0,5.0,0,2161.0,0.0,0.0,0.0
1122.5,8.5,379.0,4.0,1,2178.0,0.0,0.0,0.0
173.66666666666666,3.5,315.0,4.0,1,268.0,0.0,0.0,0.0
76.66666666666667,4.333333333333333,315.0,2.0,0,78.0,0.0,0.0,0.0
366.8333333333333,6.5,390.0,4.0,1,423.0,0.0,0.0,0.0
895.0,10.5,1611.0,4.5,1,1393.0,0.0,0.0,0.0
229.66666666666663,5.0,211.0,4.0,0,83.0,0.0,0.0,0.0
306.75,5.5,11.0,4.0,0,202.0,0.0,0.0,0.0
273.6666666666667,2.5,97.0,4.0,1,266.0,33.333333333333336,6.0,0.0
245.75,4.0,525.0,4.0,1,331.0,0.0,0.0,0.0
307.0,6.0,164.0,2.0,0,63.0,0.0,0.0,0.0
81.0,1.5,755.0,4.0,0,435.0,26.217391304347824,15.0,0.0
1313.5,6.333333333333333,1169.0,4.0,0,1765.0,0.0,0.0,0.0
771.5,13.0,1455.0,4.0,0,1579.0,0.0,0.0,0.0
299.75,4.5,964.0,4.0,1,746.0,0.0,0.0,0.0
85.5,2.5,201.0,4.0,1,239.0,33.8235294117647,12.0,0.0
983.3333333333334,12.6,1157.0,4.0,1,1820.0,0.0,0.0,0.0
549.0,1.0,62.0,4.0,1,1196.0,0.0,0.0,0.0
546.25,4.0,371.0,4.0,0,290.0,0.0,0.0,0.0
168.5,3.0,291.0,4.0,1,50.0,43.285714285714285,4.0,0.0
135.5,2.5,42.0,4.0,1,330.0,0.0,0.0,0.0
58.333333333333336,2.5,323.0,4.0,1,486.0,17.0,2.0,0.0
308.3333333333333,6.5,575.0,4.0,1,624.0,0.0,0.0,0.0
505.5,4.0,61.0,4.0,1,741.0,0.0,0.0,0.0
103.66666666666669,5.5,994.0,4.0,0,220.0,0.0,0.0,0.0
75.5,2.0,266.0,4.0,1,524.0,0.0,0.0,0.0
301.25,3.5,409.0,2.0,1,50.0,24.2,1.0,0.0
437.0,5.666666666666667,133.0,4.0,1,308.0,0.0,0.0,0.0
179.5,2.5,271.0,4.0,0,105.0,0.0,0.0,0.0
742.0,7.25,732.0,4.0,1,1741.0,0.0,0.0,0.0
1076.25,23.33333333333333,251.0,4.0,1,280.0,0.0,0.0,0.0
170.0,3.5,617.0,4.0,1,281.0,0.0,0.0,0.0
864.5,17.5,1874.0,4.0,0,1753.0,0.0,0.0,0.0
683.8333333333334,9.0,241.0,4.0,1,1134.0,0.0,0.0,0.0
64.25,1.5,530.0,4.5,0,723.0,27.42105263157895,10.0,0.0
237.5,5.4,735.0,4.0,1,378.0,0.0,0.0,0.0
512.1666666666666,7.0,575.0,4.0,0,403.0,0.0,0.0,0.0
448.75,5.0,216.0,2.0,0,102.0,0.0,0.0,0.0
113.0,1.5,92.0,2.0,0,55.0,0.0,0.0,0.0
189.16666666666663,3.0,1220.0,4.0,1,909.0,7.0,1.0,0.0
1039.25,12.0,385.0,5.0,1,761.0,0.0,0.0,0.0
449.6666666666667,4.0,271.0,4.0,1,429.0,0.0,0.0,0.0
629.3333333333334,9.5,623.0,2.0,1,735.0,0.0,0.0,0.0
494.6666666666667,6.5,195.0,2.0,0,186.0,11.5,1.0,0.0
44.833333333333336,1.5,341.0,4.0,1,103.0,0.0,0.0,0.0
974.75,9.0,2142.0,4.0,1,4116.0,0.0,0.0,0.0
460.25,3.5,24.0,2.0,0,217.0,0.0,0.0,0.0
351.75,4.0,191.0,4.0,0,226.0,34.9,6.0,0.0
24.0,2.5,504.0,4.0,1,128.0,0.0,0.0,0.0
407.1666666666667,5.6,118.0,4.0,1,579.0,0.0,0.0,0.0
420.2,5.5,408.0,4.0,1,255.0,0.0,0.0,0.0
686.5,11.5,792.0,5.0,1,695.0,0.0,0.0,0.0
1561.75,33.5,1630.0,5.0,0,541.0,0.0,0.0,0.0
563.0,6.0,613.0,4.0,0,724.0,0.0,0.0,0.0
82.75,2.5,502.0,4.0,1,665.0,27.5,14.0,0.0
1195.5,7.0,428.0,4.0,1,1410.0,0.0,0.0,0.0
1065.3333333333333,15.0,586.0,4.0,0,2091.0,0.0,0.0,0.0
544.25,7.5,214.0,4.0,0,1162.0,0.0,0.0,0.0
450.0,3.0,155.0,4.0,0,1042.0,0.0,0.0,0.0
416.5,4.0,450.0,4.0,1,237.0,0.0,0.0,0.0
529.5,8.0,261.0,4.0,0,724.0,0.0,0.0,0.0
70.66666666666667,2.25,489.0,4.5,0,622.0,0.0,0.0,0.0
90.66666666666669,2.5,1031.0,4.0,0,215.0,0.0,0.0,0.0
110.0,2.5,367.0,3.5,0,362.0,34.23529411764706,8.0,0.0
81.0,1.5,76.0,4.0,0,193.0,26.77777777777778,4.0,0.0
732.25,12.0,1171.0,4.0,1,1357.0,0.0,0.0,0.0
404.5,9.0,214.0,4.0,1,68.0,0.0,0.0,0.0
336.25,6.5,523.0,4.0,1,720.0,0.0,0.0,0.0
141.5,1.5,465.0,4.0,1,246.0,0.0,0.0,0.0
92.0,1.5,950.0,4.0,0,884.0,31.125,5.0,0.0
943.1666666666666,11.5,1895.0,4.5,1,4256.0,0.0,0.0,0.0
391.6666666666667,6.5,419.0,2.0,0,26.0,0.0,0.0,0.0
545.5,5.0,299.0,2.0,0,253.0,0.0,0.0,0.0
55.5,3.0,613.0,4.0,1,485.0,24.8,3.0,0.0
439.6666666666667,3.0,0.0,4.0,1,513.0,0.0,0.0,0.0
87.0,2.0,297.0,2.6666666666666665,1,47.0,0.0,0.0,0.0
516.75,6.0,512.0,4.0,1,952.0,0.0,0.0,0.0
50.0,2.0,1233.0,4.0,1,221.0,49.0,3.0,0.0
860.75,13.5,247.0,5.0,1,2858.0,0.0,0.0,0.0
542.0,4.5,93.0,4.0,1,123.0,0.0,0.0,0.0
123.0,3.5,133.0,4.0,1,110.0,0.0,0.0,0.0
385.25,4.5,507.0,4.0,1,208.0,0.0,0.0,0.0
432.5,4.5,0.0,4.0,0,99.0,0.0,0.0,0.0
1099.0,18.0,693.0,4.0,1,845.0,0.0,0.0,0.0
76.75,3.25,644.0,2.6666666666666665,1,108.0,26.181818181818183,10.0,0.0
133.66666666666666,7.75,449.0,3.5,0,167.0,0.0,0.0,0.0
154.75,5.0,450.0,4.0,0,142.0,0.0,0.0,0.0
867.75,17.5,1810.0,4.0,0,1654.0,0.0,0.0,0.0
20.0,1.5,270.0,4.0,1,317.0,30.647058823529413,13.0,0.0
216.75,4.333333333333333,780.0,4.0,1,340.0,0.0,0.0,0.0
176.5,4.5,273.0,4.0,0,308.0,0.0,0.0,0.0
622.1111111111111,3.5,503.0,4.0,1,739.0,0.0,0.0,0.0
730.75,7.0,1056.0,4.0,1,1740.0,0.0,0.0,0.0
511.5,4.0,663.0,4.0,0,471.0,0.0,0.0,0.0
312.8,4.0,385.0,4.0,1,245.0,0.0,0.0,0.0
473.75,9.0,232.0,4.5,0,1651.0,0.0,0.0,0.0
246.3333333333333,3.5,703.0,4.0,1,708.0,0.0,0.0,0.0
690.5,21.5,598.0,5.0,0,1500.0,0.0,0.0,0.0
531.0,9.5,277.0,4.5,0,1003.0,0.0,0.0,0.0
326.5,4.0,294.0,4.0,0,372.0,0.0,0.0,0.0
358.8,4.0,128.0,4.0,1,501.0,0.0,0.0,0.0
1129.0,5.5,1196.0,4.0,0,3109.0,0.0,0.0,0.0
924.75,15.0,1681.0,2.0,0,2131.0,0.0,0.0,0.0
399.5,4.25,375.0,2.0,1,273.0,0.0,0.0,0.0
1607.5,11.5,465.0,4.0,1,1468.0,0.0,0.0,0.0
708.1666666666666,10.0,1055.0,4.0,1,599.0,0.0,0.0,0.0
162.33333333333334,6.5,310.0,4.0,1,115.0,20.0,1.0,0.0
175.75,2.5,619.0,4.0,1,306.0,24.9,12.0,0.0
4.0,2.5,249.0,2.0,1,348.0,36.0,4.0,0.0
8.166666666666666,1.5,53.0,4.0,1,133.0,32.09090909090909,6.0,0.0
505.0,4.5,153.0,4.0,0,263.0,40.0,2.0,0.0
800.25,10.333333333333334,1736.0,4.0,1,1807.0,0.0,0.0,0.0
1228.5,13.75,1349.0,4.0,1,749.0,0.0,0.0,0.0
400.4,2.0,707.0,4.0,1,11.0,0.0,0.0,0.0
54.0,1.5,667.0,2.0,1,53.0,35.25,6.0,0.0
79.0,2.0,442.0,4.0,1,179.0,64.0,1.0,0.0
408.8333333333333,5.5,0.0,4.0,1,1242.0,0.0,0.0,0.0
5.0,1.0,536.0,4.0,0,283.0,29.071428571428573,7.0,0.0
868.5,18.75,7.0,5.0,1,2601.0,0.0,0.0,0.0
1194.25,8.0,917.0,4.0,0,920.0,0.0,0.0,0.0
892.75,11.5,1934.0,4.0,1,3229.0,0.0,0.0,0.0
444.75,5.5,127.0,4.0,1,1496.0,0.0,0.0,0.0
749.0,9.0,919.0,4.0,1,1830.0,0.0,0.0,0.0
542.5,8.333333333333334,289.0,4.5,0,1080.0,0.0,0.0,0.0
577.0,4.5,610.0,4.0,1,776.0,0.0,0.0,0.0
474.1666666666667,11.75,631.0,2.0,0,310.0,0.0,0.0,0.0
824.25,12.0,951.0,5.0,1,1393.0,0.0,0.0,0.0
617.0,8.0,927.0,4.0,1,1080.0,0.0,0.0,0.0
592.5,7.0,460.0,4.0,0,648.0,0.0,0.0,0.0
130.75,3.5,785.0,4.0,1,288.0,0.0,0.0,0.0
923.0,14.0,648.0,5.0,1,1171.0,0.0,0.0,0.0
514.0,5.5,573.0,4.0,1,869.0,0.0,0.0,0.0
367.5,7.0,243.0,4.0,0,263.0,0.0,0.0,0.0
752.0,10.0,1571.0,4.5,1,2346.0,0.0,0.0,0.0
720.25,6.333333333333333,1461.0,4.0,1,58.0,0.0,0.0,0.0
136.6,2.8,371.0,2.333333333333333,0,27.0,0.0,0.0,0.0
584.0,6.0,151.0,2.0,1,563.0,0.0,0.0,0.0
526.0,20.5,454.0,5.0,1,1452.0,0.0,0.0,0.0
501.75,4.5,0.0,4.0,1,164.0,0.0,0.0,0.0
627.6666666666666,2.5,419.0,4.0,1,540.0,0.0,0.0,0.0
172.0,4.5,1182.0,4.0,1,718.0,0.0,0.0,0.0
147.0,4.333333333333333,172.0,4.0,0,266.0,0.0,0.0,0.0
413.25,4.5,517.0,3.5,1,243.0,0.0,0.0,0.0
489.5,6.25,352.0,2.0,1,45.0,0.0,0.0,0.0
530.5,6.0,703.0,4.0,1,887.0,0.0,0.0,0.0
698.0,6.166666666666667,1054.0,4.0,1,1884.0,0.0,0.0,0.0
80.75,5.5,488.0,4.5,0,576.0,32.17391304347826,14.0,0.0
666.5,7.0,974.0,4.0,0,2232.0,0.0,0.0,0.0
667.5,8.428571428571429,930.0,2.0,1,1233.0,0.0,0.0,0.0
795.25,10.0,828.0,4.5,1,886.0,0.0,0.0,0.0
365.0,6.5,482.0,4.0,1,265.0,0.0,0.0,0.0
386.5,5.0,348.0,4.0,1,752.0,0.0,0.0,0.0
290.75,3.25,156.0,4.0,1,557.0,0.0,0.0,0.0
859.3333333333334,21.0,233.0,5.0,1,3039.0,0.0,0.0,0.0
302.5,4.75,377.0,4.0,1,208.0,0.0,0.0,0.0
651.25,7.0,622.0,4.0,1,1012.0,0.0,0.0,0.0
658.25,10.5,944.0,4.0,0,829.0,0.0,0.0,0.0
614.0,5.5,657.0,4.0,0,157.0,0.0,0.0,0.0
77.5,2.0,331.0,4.0,1,594.0,0.0,0.0,0.0
399.0,5.25,214.0,3.0,1,287.0,0.0,0.0,0.0
480.5,5.5,580.0,4.0,1,1068.0,0.0,0.0,0.0
476.75,5.5,185.0,4.0,1,463.0,0.0,0.0,0.0
117.5,1.3333333333333333,314.0,4.0,0,294.0,0.0,0.0,0.0
438.5,5.333333333333333,608.0,2.0,1,2.0,0.0,0.0,0.0
137.33333333333334,5.75,245.0,4.0,1,510.0,20.0,1.0,0.0
81.0,3.0,411.0,4.0,1,258.0,0.0,0.0,0.0
638.6,3.6,1011.0,4.0,0,2654.0,0.0,0.0,0.0
452.4,4.5,583.0,2.6666666666666665,1,0.0,0.0,0.0,0.0
108.5,3.0,701.0,4.0,0,81.0,36.8125,10.0,0.0
193.0,6.5,201.0,4.0,0,386.0,0.0,0.0,0.0
37.0,3.5,216.0,4.0,1,112.0,0.0,0.0,0.0
1673.25,12.0,1432.0,5.0,0,318.0,0.0,0.0,0.0
455.25,4.6,0.0,4.0,1,425.0,0.0,0.0,0.0
55.0,1.0,209.0,4.0,1,1071.0,20.5,9.0,0.0
42.0,2.5,881.0,4.0,1,164.0,20.133333333333333,19.0,0.0
455.75,7.0,112.0,4.0,1,354.0,0.0,0.0,0.0
1309.25,6.5,1107.0,4.0,1,1636.0,0.0,0.0,0.0
425.5,4.5,358.0,4.0,1,1010.0,0.0,0.0,0.0
514.6666666666666,5.0,929.0,4.0,0,1977.0,0.0,0.0,0.0
583.75,5.5,118.0,4.0,1,113.0,0.0,0.0,0.0
908.5,10.333333333333334,1410.0,4.0,1,2234.0,0.0,0.0,0.0
402.0,5.0,373.0,4.0,1,234.0,0.0,0.0,0.0
467.0,3.5,0.0,4.0,0,699.0,0.0,0.0,0.0
406.5,10.5,339.0,2.0,1,579.0,0.0,0.0,0.0
92.75,2.5,789.0,4.0,1,158.0,22.166666666666668,2.0,0.0
77.25,3.0,408.0,4.0,1,382.0,66.66666666666667,2.0,0.0
390.3333333333333,5.0,821.0,4.0,1,428.0,0.0,0.0,0.0
591.25,4.0,388.0,4.0,0,1049.0,0.0,0.0,0.0
1078.75,14.25,2018.0,5.0,1,845.0,0.0,0.0,0.0
601.5,5.0,216.0,4.0,0,1253.0,0.0,0.0,0.0
366.25,4.0,120.0,4.0,0,218.0,0.0,0.0,0.0
239.0,5.0,237.0,4.0,1,164.0,0.0,0.0,0.0
525.3333333333334,4.0,351.0,2.6666666666666665,1,469.0,0.0,0.0,0.0
556.5,9.0,486.0,4.0,0,907.0,0.0,0.0,0.0
111.25,2.5,301.0,4.0,0,358.0,0.0,0.0,0.0
112.0,3.0,378.0,4.0,1,568.0,28.63157894736842,10.0,0.0
481.75,19.75,292.0,4.0,1,433.0,0.0,0.0,0.0
294.125,3.5,493.0,4.0,1,359.0,0.0,0.0,0.0
569.5,5.0,0.0,4.0,0,1050.0,0.0,0.0,0.0
34.0,2.0,612.0,4.0,1,385.0,0.0,0.0,0.0
198.4,4.0,504.0,2.0,1,34.0,27.8,13.0,0.0
321.6666666666667,5.666666666666667,481.0,4.0,0,313.0,0.0,0.0,0.0
594.75,6.5,556.0,4.5,1,1842.0,0.0,0.0,0.0
83.6,1.5,277.0,4.0,1,138.0,0.0,0.0,0.0
672.25,10.5,654.0,4.0,0,199.0,0.0,0.0,0.0
500.25,6.0,183.0,4.0,0,283.0,0.0,0.0,0.0
498.25,13.5,353.0,4.0,1,204.0,0.0,0.0,0.0
611.75,4.5,173.0,4.0,0,475.0,0.0,0.0,0.0
319.75,6.0,58.0,4.0,1,272.0,0.0,0.0,0.0
272.0,3.5,523.0,4.0,1,861.0,0.0,0.0,0.0
636.5,7.5,819.0,4.0,0,674.0,0.0,0.0,0.0
578.25,6.0,214.0,4.0,1,949.0,0.0,0.0,0.0
940.5,13.0,1453.0,4.0,1,2720.0,0.0,0.0,0.0
280.6,2.0,155.0,4.5,1,48.0,26.0,1.0,0.0
234.0,5.0,496.0,4.0,1,163.0,0.0,0.0,0.0
6.5,2.75,606.0,2.0,0,1096.0,0.0,0.0,0.0
120.0,1.5,385.0,4.0,0,143.0,25.5,7.0,0.0
126.0,3.333333333333333,21.0,2.0,0,13.0,18.33333333333333,3.0,0.0
1067.5,6.333333333333333,1421.0,4.0,1,3281.0,0.0,0.0,0.0
980.75,10.5,194.0,4.5,1,607.0,0.0,0.0,0.0
1239.25,8.5,1189.0,4.0,0,811.0,0.0,0.0,0.0
310.5,6.75,303.0,4.0,1,161.0,0.0,0.0,0.0
395.0,6.25,440.0,2.0,0,84.0,0.0,0.0,0.0
1115.75,13.25,802.0,4.0,1,1060.0,0.0,0.0,0.0
18.0,1.5,404.0,4.0,1,243.0,0.0,0.0,0.0
51.5,1.5,184.0,4.0,1,407.0,0.0,0.0,0.0
522.25,7.0,596.0,4.0,1,536.0,0.0,0.0,0.0
16.0,3.0,899.0,4.0,1,93.0,26.75,3.0,0.0
675.5,13.0,458.0,4.0,0,1399.0,0.0,0.0,0.0
295.1666666666667,5.5,422.0,4.0,0,170.0,0.0,0.0,0.0
315.0,4.5,909.0,2.0,1,25.0,0.0,0.0,0.0
330.57142857142856,3.0,254.0,4.0,1,81.0,0.0,0.0,0.0
103.66666666666669,2.0,340.0,4.0,0,466.0,22.48275862068965,18.0,0.0
467.5,22.5,508.0,4.0,0,180.0,0.0,0.0,0.0
479.0,7.5,276.0,4.0,0,262.0,0.0,0.0,0.0
375.0,5.666666666666667,449.0,4.0,1,610.0,0.0,0.0,0.0
1600.75,10.333333333333334,1976.0,4.0,1,366.0,0.0,0.0,0.0
22.0,2.5,696.0,4.5,0,658.0,21.55555555555556,13.0,0.0
1242.5,8.0,669.0,4.0,0,1513.0,0.0,0.0,0.0
33.333333333333336,2.571428571428572,626.0,2.75,0,41.0,0.0,0.0,0.0
333.3333333333333,5.0,659.0,4.0,1,548.0,0.0,0.0,0.0
585.0,15.333333333333334,635.0,4.5,0,1178.0,0.0,0.0,0.0
41.5,1.5,618.0,4.0,1,840.0,24.0,1.0,0.0
593.0,7.0,695.0,4.0,1,721.0,0.0,0.0,0.0
776.5,7.5,1449.0,4.0,1,127.0,0.0,0.0,0.0
688.25,10.0,628.0,4.0,0,164.0,0.0,0.0,0.0
594.25,5.75,94.0,2.0,1,1.0,0.0,0.0,0.0
380.25,3.0,352.0,4.0,1,510.0,0.0,0.0,0.0
623.5,6.5,808.0,4.0,1,1044.0,0.0,0.0,0.0
192.3333333333333,3.5,410.0,4.0,1,371.0,0.0,0.0,0.0
148.0,3.5,556.0,4.0,0,148.0,0.0,0.0,0.0
586.0,3.75,355.0,4.0,1,1747.0,0.0,0.0,0.0
139.0,2.0,961.0,4.0,1,441.0,0.0,0.0,0.0
396.25,3.5,718.0,4.0,0,546.0,0.0,0.0,0.0
382.3333333333333,2.5,127.0,4.0,1,874.0,0.0,0.0,0.0
573.1666666666666,6.75,111.0,4.5,1,1904.0,0.0,0.0,0.0
1225.0,8.0,1156.0,4.0,0,786.0,0.0,0.0,0.0
359.25,7.5,613.0,4.0,0,586.0,0.0,0.0,0.0
36.6,1.5,592.0,4.666666666666667,0,648.0,26.444444444444443,6.0,0.0
1086.5,12.0,1815.0,4.0,1,1745.0,0.0,0.0,0.0
177.0,3.0,502.0,4.0,1,197.0,25.0,2.0,0.0
38.333333333333336,1.5,251.0,2.0,0,34.0,0.0,0.0,0.0
186.0,3.75,1050.0,4.0,1,427.0,0.0,0.0,0.0
366.5,4.5,16.0,4.0,1,795.0,0.0,0.0,0.0
71.0,1.0,745.0,4.0,0,236.0,32.8,7.0,0.0
385.75,6.5,114.0,2.0,1,113.0,0.0,0.0,0.0
66.33333333333333,0.5,473.0,4.5,0,643.0,26.07692307692308,15.0,0.0
23.0,1.5,494.0,4.0,0,419.0,0.0,0.0,0.0
846.5,6.0,1851.0,4.0,1,2505.0,0.0,0.0,0.0
1012.5,16.25,1738.0,5.0,1,196.0,0.0,0.0,0.0
244.5,3.5,439.0,2.6666666666666665,1,131.0,0.0,0.0,0.0
120.5,4.0,683.0,4.0,1,184.0,31.5,3.0,0.0
1082.0,11.666666666666666,728.0,4.0,0,1485.0,0.0,0.0,0.0
320.6666666666667,5.5,182.0,4.0,0,1049.0,0.0,0.0,0.0
112.0,1.5,560.0,4.0,1,93.0,35.0,6.0,0.0
82.5,3.0,584.0,4.0,1,445.0,31.45,11.0,0.0
496.3333333333333,3.0,0.0,4.0,1,226.0,0.0,0.0,0.0
776.75,10.5,1415.0,4.333333333333333,1,518.0,0.0,0.0,0.0
207.5,4.0,382.0,4.0,1,205.0,0.0,0.0,0.0
1004.3333333333334,9.666666666666666,1396.0,4.5,1,821.0,0.0,0.0,0.0
202.5,4.75,389.0,4.0,1,261.0,0.0,0.0,0.0
460.0,6.25,402.0,4.0,1,100.0,0.0,0.0,0.0
269.3333333333333,4.5,627.0,4.0,1,507.0,0.0,0.0,0.0
237.0,3.0,127.0,4.0,1,230.0,0.0,0.0,0.0
607.25,6.5,330.0,4.0,1,357.0,0.0,0.0,0.0
570.5,3.0,1192.0,4.5,0,2722.0,0.0,0.0,0.0
931.25,12.25,1261.0,5.0,1,1768.0,0.0,0.0,0.0
281.25,2.5,297.0,4.0,1,75.0,0.0,0.0,0.0
37.6,1.5,503.0,4.666666666666667,1,548.0,28.0,1.0,0.0
319.75,3.5,300.0,4.0,0,1431.0,0.0,0.0,0.0
449.0,3.5,37.0,4.0,1,1518.0,0.0,0.0,0.0
1020.25,23.33333333333333,2191.0,4.0,1,1734.0,0.0,0.0,0.0
591.75,5.5,200.0,2.0,1,532.0,0.0,0.0,0.0
457.6,5.5,8.0,4.0,1,430.0,0.0,0.0,0.0
1066.0,19.666666666666668,2108.0,5.0,0,311.0,0.0,0.0,0.0
46.8,1.0,352.0,4.0,1,128.0,0.0,0.0,0.0
434.25,6.5,91.0,4.0,0,168.0,58.5,1.0,0.0
605.5,5.5,147.0,2.0,1,57.0,0.0,0.0,0.0
491.8333333333333,7.25,404.0,4.0,1,263.0,0.0,0.0,0.0
6.25,1.5,459.0,4.0,1,145.0,0.0,0.0,0.0
31.0,0.5,52.0,4.0,0,535.0,31.692307692307693,4.0,0.0
161.5,4.0,212.0,4.0,1,91.0,15.333333333333334,4.0,0.0
532.3333333333334,4.5,358.0,4.5,0,1753.0,0.0,0.0,0.0
346.4,3.5,329.0,4.0,1,256.0,0.0,0.0,0.0
1415.0,23.666666666666668,983.0,4.0,1,1686.0,0.0,0.0,0.0
288.25,4.0,96.0,4.0,1,21.0,0.0,0.0,0.0
148.0,2.5,291.0,3.5,0,87.0,0.0,0.0,0.0
1219.25,7.5,717.0,4.0,1,2547.0,0.0,0.0,0.0
595.25,20.33333333333333,861.0,5.0,0,1567.0,0.0,0.0,0.0
15.666666666666666,2.0,1085.0,4.0,1,178.0,0.0,0.0,0.0
31.0,1.0,174.0,4.0,0,403.0,0.0,0.0,0.0
488.25,6.25,691.0,2.0,1,438.0,0.0,0.0,0.0
614.1666666666666,13.0,834.0,5.0,0,2489.0,0.0,0.0,0.0
622.5,6.5,740.0,4.0,1,1300.0,0.0,0.0,0.0
443.75,3.5,228.0,2.0,1,374.0,0.0,0.0,0.0
941.0,10.0,1843.0,4.0,1,224.0,0.0,0.0,0.0
307.0,6.666666666666667,13.0,4.0,1,169.0,0.0,0.0,0.0
236.0,5.0,402.0,4.0,1,234.0,0.0,0.0,0.0
429.0,3.0,126.0,4.0,1,355.0,0.0,0.0,0.0
395.25,7.0,520.0,4.0,1,158.0,0.0,0.0,0.0
313.25,3.5,383.0,4.0,1,1186.0,0.0,0.0,0.0
277.77777777777777,4.5,417.0,4.0,1,256.0,0.0,0.0,0.0
668.25,10.166666666666666,840.0,4.0,1,2530.0,0.0,0.0,0.0
895.0,9.0,1569.0,4.0,1,2445.0,0.0,0.0,0.0
74.33333333333333,1.5,419.0,5.0,0,564.0,0.0,0.0,0.0
259.25,7.666666666666667,180.0,4.0,1,885.0,0.0,0.0,0.0
179.6,2.0,859.0,4.0,1,156.0,0.0,0.0,0.0
677.25,6.0,804.0,2.0,1,1700.0,0.0,0.0,0.0
441.6666666666667,10.0,733.0,4.0,0,644.0,0.0,0.0,0.0
832.25,7.333333333333333,1406.0,5.0,1,1410.0,0.0,0.0,0.0
858.5,4.5,2289.0,4.0,0,3308.0,0.0,0.0,0.0
337.6666666666667,5.0,0.0,4.0,0,120.0,23.0,5.0,0.0
226.5,3.5,881.0,4.0,0,444.0,8.5,2.0,0.0
798.9,12.4,1512.0,4.0,1,1895.0,0.0,0.0,0.0
420.75,4.5,423.0,4.0,0,455.0,0.0,0.0,0.0
356.3333333333333,2.5,87.0,4.0,1,134.0,40.66666666666666,3.0,0.0
242.6,3.5,476.0,4.0,1,248.0,0.0,0.0,0.0
50.25,2.5,23.0,4.0,1,118.0,24.916666666666668,11.0,0.0
314.6666666666667,4.666666666666667,265.0,4.0,1,909.0,0.0,0.0,0.0
543.75,4.666666666666667,62.0,4.0,0,278.0,0.0,0.0,0.0
1661.5,30.0,1296.0,5.0,1,175.0,0.0,0.0,0.0
1100.25,5.5,1175.0,4.0,0,3080.0,0.0,0.0,0.0
490.3333333333333,5.0,478.0,2.0,1,973.0,0.0,0.0,0.0
99.25,1.5,463.0,4.0,1,291.0,30.5,11.0,0.0
208.5,4.5,712.0,4.0,0,1085.0,0.0,0.0,0.0
525.6666666666666,8.666666666666666,458.0,4.0,0,1709.0,0.0,0.0,0.0
517.25,6.75,528.0,2.0,1,350.0,0.0,0.0,0.0
162.5,2.5,355.0,4.0,1,266.0,40.0,1.0,0.0
762.0,5.0,1642.0,4.0,1,2486.0,0.0,0.0,0.0
163.25,14.6,431.0,4.0,1,485.0,0.0,0.0,0.0
70.33333333333333,1.5,1087.0,4.0,1,83.0,39.38461538461539,4.0,0.0
324.6666666666667,5.0,786.0,4.0,1,161.0,0.0,0.0,0.0
178.66666666666666,4.666666666666667,220.0,4.0,0,227.0,0.0,0.0,0.0
647.6666666666666,4.5,1109.0,4.0,1,2363.0,0.0,0.0,0.0
828.5,6.0,1242.0,4.0,1,264.0,0.0,0.0,0.0
877.5,24.25,711.0,5.0,1,829.0,0.0,0.0,0.0
518.1666666666666,3.5,148.0,4.0,0,509.0,0.0,0.0,0.0
812.75,7.0,1809.0,4.0,1,2666.0,0.0,0.0,0.0
349.6666666666667,7.333333333333333,499.0,4.0,1,407.0,0.0,0.0,0.0
403.6,9.5,701.0,4.0,0,509.0,0.0,0.0,0.0
646.6666666666666,6.0,407.0,4.0,1,358.0,0.0,0.0,0.0
1280.6666666666667,14.5,1139.0,4.0,0,1067.0,0.0,0.0,0.0
115.0,2.0,69.0,4.0,1,289.0,0.0,0.0,0.0
758.25,6.5,667.0,4.0,1,1953.0,0.0,0.0,0.0
89.5,3.0,599.0,4.0,1,1108.0,33.77777777777778,6.0,0.0
73.5,3.0,279.0,4.5,0,428.0,0.0,0.0,0.0
498.3333333333333,5.5,341.0,4.0,1,75.0,0.0,0.0,0.0
994.75,4.5,2267.0,4.0,1,4309.0,0.0,0.0,0.0
397.5,4.0,484.0,4.0,1,562.0,0.0,0.0,0.0
218.0,3.0,883.0,4.0,1,246.0,0.0,0.0,0.0
527.5,16.333333333333332,584.0,4.0,1,1097.0,0.0,0.0,0.0
836.0,13.0,1553.0,4.0,1,1361.0,0.0,0.0,0.0
786.3333333333334,10.0,729.0,4.5,1,887.0,0.0,0.0,0.0
721.5,5.5,1244.0,4.0,1,271.0,0.0,0.0,0.0
1112.0,8.0,1040.0,4.5,0,779.0,0.0,0.0,0.0
352.0,4.0,451.0,4.0,1,105.0,0.0,0.0,0.0
193.75,4.5,196.0,4.0,0,145.0,0.0,0.0,0.0
325.0,1.5,196.0,4.0,1,165.0,102.0,0.0,0.0
975.5,9.555555555555555,93.0,4.0,1,466.0,0.0,0.0,0.0
464.75,7.0,12.0,4.0,1,263.0,0.0,0.0,0.0
1655.5,26.33333333333333,1004.0,4.5,1,110.0,0.0,0.0,0.0
545.3333333333334,5.5,137.0,2.0,1,207.0,0.0,0.0,0.0
622.3333333333334,8.5,555.0,2.0,1,635.0,0.0,0.0,0.0
524.0,9.5,451.0,4.0,1,205.0,0.0,0.0,0.0
358.25,5.0,325.0,4.0,0,233.0,0.0,0.0,0.0
351.75,9.333333333333334,387.0,4.0,0,465.0,0.0,0.0,0.0
630.25,13.0,657.0,5.0,0,1250.0,0.0,0.0,0.0
1188.3333333333333,5.25,253.0,4.5,1,1723.0,0.0,0.0,0.0
46.333333333333336,1.0,413.0,4.0,0,254.0,0.0,0.0,0.0
191.0,4.5,290.0,4.0,1,77.0,0.0,0.0,0.0
723.5,22.75,821.0,5.0,1,864.0,0.0,0.0,0.0
1454.6666666666667,20.666666666666668,394.0,4.0,1,1200.0,0.0,0.0,0.0
192.25,3.0,661.0,4.0,1,276.0,0.0,0.0,0.0
75.0,1.5,229.0,4.0,1,177.0,32.76923076923077,9.0,0.0
364.1666666666667,3.5,99.0,4.0,1,162.0,0.0,0.0,0.0
124.5,2.5,360.0,4.0,0,324.0,15.0,6.0,0.0
357.5,7.0,100.0,4.0,1,747.0,0.0,0.0,0.0
484.25,8.666666666666666,379.0,4.0,1,459.0,0.0,0.0,0.0
456.0,5.5,8.0,3.0,0,522.0,0.0,0.0,0.0
890.5,28.0,729.0,5.0,1,1319.0,0.0,0.0,0.0
24.5,1.5,560.0,4.0,0,513.0,0.0,0.0,0.0
1379.0,14.333333333333334,970.0,4.0,0,1447.0,0.0,0.0,0.0
475.5,4.5,196.0,2.0,1,79.0,0.0,0.0,0.0
366.75,2.5,635.0,4.0,0,406.0,0.0,0.0,0.0
386.75,13.0,365.0,4.0,1,560.0,0.0,0.0,0.0
31.0,1.5,616.0,4.0,1,140.0,0.0,0.0,0.0
654.8,17.25,551.0,5.0,0,2159.0,0.0,0.0,0.0
214.25,2.5,209.0,4.0,1,120.0,0.0,0.0,0.0
452.25,5.166666666666667,143.0,4.0,1,317.0,0.0,0.0,0.0
350.1666666666667,7.0,568.0,4.0,0,496.0,0.0,0.0,0.0
765.5,13.5,1378.0,2.0,1,1480.0,0.0,0.0,0.0
714.5,12.5,522.0,5.0,1,2672.0,0.0,0.0,0.0
609.25,19.25,787.0,5.0,1,2238.0,0.0,0.0,0.0
428.6666666666667,2.5,70.0,4.0,1,410.0,0.0,0.0,0.0
484.6666666666667,5.5,294.0,2.0,1,68.0,0.0,0.0,0.0
690.0,6.0,1153.0,4.0,1,1490.0,0.0,0.0,0.0
798.3333333333334,9.333333333333334,1620.0,4.0,1,1615.0,0.0,0.0,0.0
306.75,4.5,869.0,4.0,1,206.0,0.0,0.0,0.0
896.3333333333334,9.5,2290.0,4.0,1,3634.0,0.0,0.0,0.0
817.5,10.75,1435.0,5.0,0,1269.0,0.0,0.0,0.0
398.5,4.5,486.0,4.0,0,711.0,0.0,0.0,0.0
603.8333333333334,4.5,727.0,4.0,1,996.0,0.0,0.0,0.0
12.333333333333334,1.5,81.0,4.0,1,1054.0,0.0,0.0,0.0
155.83333333333334,2.5,490.0,4.0,1,144.0,33.666666666666664,2.0,0.0
654.75,14.75,554.0,5.0,1,2347.0,0.0,0.0,0.0
648.5,10.0,148.0,4.0,1,553.0,0.0,0.0,0.0
858.0,15.0,1448.0,4.0,0,866.0,0.0,0.0,0.0
17.75,3.0,494.0,4.0,1,144.0,50.625,4.0,0.0
120.5,3.0,373.0,4.0,1,197.0,0.0,0.0,0.0
274.5,3.6666666666666665,320.0,4.0,1,106.0,0.0,0.0,0.0
1057.25,14.666666666666666,1752.0,4.0,1,1815.0,0.0,0.0,0.0
748.5,5.333333333333333,1597.0,4.0,0,2210.0,0.0,0.0,0.0
97.66666666666669,1.5,513.0,4.0,1,319.0,25.05,13.0,0.0
195.0,2.5,457.0,2.0,0,35.0,20.096774193548388,19.0,0.0
384.0,5.5,93.0,4.0,1,175.0,0.0,0.0,0.0
974.25,15.0,1266.0,5.0,0,1221.0,0.0,0.0,0.0
42.5,1.0,235.0,4.5,1,298.0,30.285714285714285,12.0,0.0
269.5,3.5,0.0,2.0,1,4.0,0.0,0.0,0.0
934.0,14.0,1271.0,4.0,0,2025.0,0.0,0.0,0.0
705.0,6.5,1204.0,4.0,1,346.0,0.0,0.0,0.0
1654.0,14.0,237.0,4.0,1,1081.0,0.0,0.0,0.0
296.5,6.333333333333333,1131.0,4.0,1,85.0,0.0,0.0,0.0
928.5,16.25,2014.0,4.0,0,366.0,0.0,0.0,0.0
1111.5,9.0,471.0,4.5,0,1695.0,0.0,0.0,0.0
84.25,1.5,971.0,4.0,1,188.0,39.0,5.0,0.0
606.0,6.6,699.0,4.0,1,1021.0,0.0,0.0,0.0
436.1666666666667,3.0,148.0,4.0,1,1517.0,0.0,0.0,0.0
547.1666666666666,6.0,282.0,4.0,0,710.0,26.25,3.0,0.0
181.8333333333333,3.0,410.0,4.0,1,75.0,0.0,0.0,0.0
829.5,12.0,1643.0,4.5,1,1896.0,0.0,0.0,0.0
574.75,7.75,933.0,4.0,1,1086.0,0.0,0.0,0.0
518.5,6.666666666666667,699.0,4.0,1,751.0,0.0,0.0,0.0
388.75,4.5,0.0,4.0,1,1058.0,0.0,0.0,0.0
289.0,6.0,1121.0,2.0,1,46.0,0.0,0.0,0.0
765.1666666666666,13.0,908.0,4.0,0,404.0,0.0,0.0,0.0
419.5,5.333333333333333,73.0,4.0,0,652.0,0.0,0.0,0.0
353.0,4.5,537.0,4.0,1,634.0,0.0,0.0,0.0
80.33333333333333,2.5,1145.0,4.0,1,164.0,28.125,11.0,0.0
407.3333333333333,3.6,693.0,4.0,1,282.0,0.0,0.0,0.0
819.0,8.5,1698.0,4.0,1,755.0,0.0,0.0,0.0
167.5,6.25,382.0,4.0,1,437.0,0.0,0.0,0.0
76.4,3.0,481.0,4.0,1,654.0,26.23076923076923,16.0,0.0
36.0,1.5,513.0,4.0,1,143.0,0.0,0.0,0.0
613.25,7.0,542.0,2.0,0,788.0,0.0,0.0,0.0
65.4,1.5,699.0,4.0,1,824.0,25.72222222222222,7.0,0.0
370.6,6.666666666666667,391.0,4.0,1,303.0,0.0,0.0,0.0
526.0,3.5,87.0,4.0,1,621.0,0.0,0.0,0.0
1696.8333333333333,23.666666666666668,864.0,4.5,0,235.0,0.0,0.0,0.0
846.5,6.0,889.0,4.0,1,3542.0,0.0,0.0,0.0
394.0,4.5,446.0,4.0,1,1304.0,0.0,0.0,0.0
25.0,0.5,628.0,4.0,1,945.0,0.0,0.0,0.0
211.3333333333333,7.5,903.0,4.0,1,823.0,0.0,0.0,0.0
854.6666666666666,14.666666666666666,1211.0,5.0,1,1552.0,0.0,0.0,0.0
27.0,2.5,321.0,3.5,1,385.0,31.21052631578948,12.0,0.0
642.75,5.75,262.0,4.0,1,532.0,0.0,0.0,0.0
820.0,7.5,836.0,4.0,1,3565.0,0.0,0.0,0.0
338.0,4.0,258.0,4.0,0,405.0,0.0,0.0,0.0
244.25,2.5,807.0,4.0,1,329.0,0.0,0.0,0.0
507.25,4.0,272.0,4.0,1,390.0,0.0,0.0,0.0
430.0,3.5,0.0,4.0,0,823.0,0.0,0.0,0.0
509.5,7.5,617.0,4.0,1,728.0,0.0,0.0,0.0
168.5,4.5,457.0,4.0,1,347.0,6.0,0.0,0.0
620.25,7.0,403.0,4.0,1,1153.0,0.0,0.0,0.0
854.0,3.0,978.0,4.0,0,3530.0,0.0,0.0,0.0
675.8333333333334,7.0,124.0,4.0,1,1201.0,0.0,0.0,0.0
1143.25,9.0,177.0,4.0,1,1978.0,0.0,0.0,0.0
116.25,4.5,479.0,4.0,1,250.0,43.75,3.0,0.0
263.8333333333333,5.25,496.0,4.0,1,70.0,0.0,0.0,0.0
275.5,4.5,343.0,4.0,1,113.0,23.33333333333333,2.0,0.0
114.0,1.5,120.0,4.0,1,16.0,25.75,2.0,0.0
293.75,2.5,433.0,4.0,0,269.0,51.66666666666666,3.0,0.0
320.3333333333333,3.5,397.0,4.0,1,91.0,0.0,0.0,0.0
951.25,18.33333333333333,498.0,5.0,1,1105.0,0.0,0.0,0.0
314.0,6.0,425.0,4.0,1,571.0,0.0,0.0,0.0
73.0,2.5,735.0,4.0,0,849.0,30.375,9.0,0.0
137.33333333333334,3.0,178.0,4.0,1,199.0,33.666666666666664,2.0,0.0
1422.1666666666667,16.0,325.0,4.0,1,847.0,0.0,0.0,0.0
386.25,6.0,48.0,4.0,1,57.0,0.0,0.0,0.0
750.75,10.0,1265.0,4.0,0,1238.0,0.0,0.0,0.0
1003.0,19.0,2170.0,5.0,1,215.0,0.0,0.0,0.0
667.0,15.333333333333334,421.0,5.0,1,1097.0,0.0,0.0,0.0
46.0,4.666666666666667,499.0,4.0,1,142.0,0.0,0.0,0.0
145.2,1.5,731.0,4.0,1,143.0,19.357142857142858,9.0,0.0
1026.5555555555557,23.75,252.0,5.0,1,1020.0,0.0,0.0,0.0
570.25,5.5,47.0,4.0,1,481.0,0.0,0.0,0.0
407.5,4.0,206.0,4.0,1,517.0,0.0,0.0,0.0
451.75,9.0,235.0,4.0,1,194.0,0.0,0.0,0.0
464.25,2.5,13.0,4.0,1,435.0,0.0,0.0,0.0
359.0,6.5,109.0,4.0,1,125.0,35.5,4.0,0.0
168.0,3.0,381.0,4.0,1,127.0,0.0,0.0,0.0
143.0,3.75,364.0,2.75,1,0.0,0.0,0.0,0.0
381.75,3.5,749.0,4.0,1,636.0,0.0,0.0,0.0
504.25,15.2,696.0,2.0,1,408.0,0.0,0.0,0.0
241.66666666666663,21.0,406.0,4.0,1,243.0,0.0,0.0,0.0
1023.25,22.0,1953.0,4.0,1,1235.0,0.0,0.0,0.0
270.25,5.0,1119.0,4.0,1,672.0,0.0,0.0,0.0
678.25,5.0,119.0,4.0,1,377.0,0.0,0.0,0.0
335.25,3.0,34.0,4.0,1,1420.0,0.0,0.0,0.0
113.25,1.0,218.0,4.0,0,237.0,0.0,0.0,0.0
839.0,14.666666666666666,1078.0,5.0,1,1508.0,0.0,0.0,0.0
370.3333333333333,5.5,564.0,4.0,0,323.0,0.0,0.0,0.0
712.75,7.0,1463.0,2.0,0,1936.0,0.0,0.0,0.0
225.0,2.333333333333333,121.0,4.0,1,104.0,0.0,0.0,0.0
132.33333333333334,5.0,150.0,2.0,1,98.0,33.0,1.0,0.0
253.25,6.0,728.0,4.0,1,159.0,0.0,0.0,0.0
670.8333333333334,5.75,847.0,4.5,0,1661.0,0.0,0.0,0.0
93.0,3.0,78.0,4.0,1,124.0,25.5,3.0,0.0
260.5,4.5,609.0,4.0,1,488.0,0.0,0.0,0.0
267.6666666666667,4.5,563.0,4.0,0,779.0,0.0,0.0,0.0
35.0,1.5,607.0,4.0,1,738.0,25.08333333333333,7.0,0.0
1061.3333333333333,12.0,663.0,4.0,1,1970.0,0.0,0.0,0.0
843.25,11.0,1051.0,4.0,1,3241.0,0.0,0.0,0.0
596.75,4.0,501.0,4.0,1,769.0,0.0,0.0,0.0
69.14285714285714,1.0,723.0,4.0,1,640.0,23.875,17.0,0.0
310.25,4.5,93.0,4.0,1,248.0,0.0,0.0,0.0
238.0,4.5,565.0,4.0,1,321.0,0.0,0.0,0.0
7.666666666666667,7.666666666666667,438.0,0.0,0,911.0,0.0,0.0,0.0
656.25,10.0,868.0,4.0,1,420.0,0.0,0.0,0.0
414.75,7.75,254.0,4.0,1,75.0,0.0,0.0,0.0
700.75,7.5,894.0,4.0,0,1854.0,0.0,0.0,0.0
123.0,1.5,461.0,4.0,1,167.0,20.5,1.0,0.0
403.4,5.333333333333333,373.0,4.5,0,120.0,0.0,0.0,0.0
631.25,9.5,884.0,4.5,1,957.0,0.0,0.0,0.0
241.0,2.5,97.0,4.0,1,352.0,0.0,0.0,0.0
121.0,1.5,323.0,4.0,1,298.0,31.0,0.0,0.0
1068.75,16.0,944.0,4.0,1,2558.0,0.0,0.0,0.0
832.5,14.4,1870.0,4.0,1,1857.0,0.0,0.0,0.0
286.5,3.6666666666666665,287.0,4.0,1,659.0,0.0,0.0,0.0
492.5,5.5,667.0,4.0,1,231.0,0.0,0.0,0.0
157.5,4.0,674.0,4.0,1,212.0,0.0,0.0,0.0
1010.0,20.5,257.0,5.0,1,1002.0,0.0,0.0,0.0
317.25,5.0,1028.0,4.0,1,991.0,0.0,0.0,0.0
586.5,4.0,491.0,4.0,1,1681.0,0.0,0.0,0.0
146.4,1.5,706.0,4.0,1,432.0,23.1,7.0,0.0
806.75,6.0,1815.0,4.0,1,2803.0,0.0,0.0,0.0
10.25,2.0,701.0,4.0,0,211.0,28.5,5.0,0.0
710.75,6.0,1198.0,2.0,0,881.0,0.0,0.0,0.0
297.0,7.5,109.0,4.0,1,557.0,0.0,0.0,0.0
1382.5,11.75,959.0,5.0,0,58.0,0.0,0.0,0.0
573.25,15.75,467.0,4.5,0,1072.0,0.0,0.0,0.0
296.0,4.5,510.0,4.0,1,110.0,0.0,0.0,0.0
94.25,3.5,946.0,4.0,0,49.0,30.944444444444443,12.0,0.0
486.0,5.5,178.0,4.0,1,722.0,0.0,0.0,0.0
289.0,3.0,53.0,4.0,0,379.0,0.0,0.0,0.0
774.5,8.5,1342.0,4.5,0,418.0,0.0,0.0,0.0
819.75,9.0,1367.0,4.0,1,125.0,0.0,0.0,0.0
531.0,5.0,162.0,4.0,0,234.0,0.0,0.0,0.0
48.0,0.5,669.0,4.0,1,511.0,0.0,0.0,0.0
1207.5,12.333333333333334,1351.0,4.0,1,847.0,0.0,0.0,0.0
12.5,3.5,596.0,3.5,0,482.0,0.0,0.0,0.0
528.0,6.5,590.0,4.0,0,170.0,0.0,0.0,0.0
743.0,7.75,1473.0,4.5,1,2246.0,0.0,0.0,0.0
507.0,2.5,103.0,4.0,1,541.0,0.0,0.0,0.0
1359.75,39.75,1846.0,4.0,1,260.0,0.0,0.0,0.0
288.75,7.5,1010.0,4.0,1,904.0,0.0,0.0,0.0
370.0,7.0,233.0,4.0,1,121.0,0.0,0.0,0.0
151.0,5.5,1034.0,4.0,1,325.0,0.0,0.0,0.0
115.5,2.0,0.0,4.0,1,206.0,17.0,0.0,0.0
62.5,0.0,402.0,4.0,1,212.0,27.4,11.0,0.0
654.75,7.5,156.0,4.0,1,424.0,0.0,0.0,0.0
261.5,6.4,850.0,4.0,1,203.0,0.0,0.0,0.0
127.75,5.0,460.0,4.0,1,230.0,24.5,1.0,0.0
293.0,3.2,0.0,2.0,1,44.0,0.0,0.0,0.0
1054.0,17.5,356.0,4.0,1,497.0,0.0,0.0,0.0
586.0,5.25,783.0,4.0,1,1046.0,0.0,0.0,0.0
476.25,6.333333333333333,112.0,4.0,1,254.0,0.0,0.0,0.0
594.0,7.5,870.0,4.0,1,963.0,0.0,0.0,0.0
472.6666666666667,8.5,307.0,4.0,1,393.0,0.0,0.0,0.0
140.75,2.5,520.0,2.0,1,70.0,0.0,0.0,0.0
261.5,3.5,400.0,4.0,0,273.0,0.0,0.0,0.0
734.0,7.5,1106.0,4.0,1,1665.0,0.0,0.0,0.0
609.5555555555555,7.5,848.0,4.0,1,828.0,0.0,0.0,0.0
976.125,13.0,1047.0,5.0,1,1529.0,0.0,0.0,0.0
451.5,5.0,413.0,4.0,1,130.0,0.0,0.0,0.0
901.0,13.0,1743.0,2.0,1,2207.0,0.0,0.0,0.0
104.66666666666669,2.0,692.0,4.0,1,564.0,22.666666666666668,7.0,0.0
152.0,4.666666666666667,284.0,4.0,0,334.0,101.0,0.0,0.0
631.5,5.5,1250.0,4.0,1,2363.0,0.0,0.0,0.0
1210.8333333333333,5.333333333333333,745.0,4.0,1,1139.0,0.0,0.0,0.0
37.0,2.5,150.0,2.333333333333333,1,53.0,0.0,0.0,0.0
184.0,3.0,646.0,4.0,0,271.0,0.0,0.0,0.0
312.6666666666667,11.75,257.0,4.0,1,25.0,0.0,0.0,0.0
529.25,10.0,261.0,4.0,1,976.0,0.0,0.0,0.0
209.0,2.5,30.0,4.0,1,270.0,0.0,0.0,0.0
1043.1666666666667,21.25,2424.0,4.0,1,708.0,0.0,0.0,0.0
376.75,5.0,95.0,4.0,0,208.0,36.0,2.0,0.0
141.0,3.6666666666666665,74.0,4.0,1,314.0,0.0,0.0,0.0
622.75,4.5,483.0,4.0,0,1300.0,0.0,0.0,0.0
235.3333333333333,5.0,474.0,4.0,1,401.0,0.0,0.0,0.0
219.25,3.5,63.0,4.0,1,220.0,0.0,0.0,0.0
62.0,2.0,470.0,4.0,1,665.0,31.214285714285715,9.0,0.0
34.5,5.8,78.0,4.0,0,1104.0,0.0,0.0,0.0
92.75,2.5,716.0,4.0,1,249.0,27.90909090909091,13.0,0.0
39.0,2.5,1112.0,4.0,1,676.0,22.357142857142858,10.0,0.0
175.0,3.75,1018.0,4.0,1,669.0,0.0,0.0,0.0
646.25,8.0,683.0,4.0,0,1500.0,0.0,0.0,0.0
785.5,13.5,1503.0,4.0,1,1847.0,0.0,0.0,0.0
101.33333333333331,4.0,1045.0,4.0,1,120.0,0.0,0.0,0.0
693.6666666666666,8.0,1195.0,4.0,1,1338.0,0.0,0.0,0.0
244.25,12.666666666666666,153.0,4.0,1,477.0,0.0,0.0,0.0
278.75,5.5,146.0,4.0,1,439.0,39.0,0.0,0.0
141.5,5.0,1058.0,4.0,1,296.0,23.666666666666668,11.0,0.0
504.25,6.5,175.0,2.0,1,101.0,0.0,0.0,0.0
1211.0,11.0,1149.0,4.0,0,722.0,0.0,0.0,0.0
1078.75,4.5,1575.0,4.0,1,3480.0,0.0,0.0,0.0
429.5,6.5,83.0,4.0,1,1421.0,0.0,0.0,0.0
699.25,6.5,1215.0,2.0,1,1880.0,0.0,0.0,0.0
218.0,4.0,142.0,4.0,1,249.0,0.0,0.0,0.0
884.6666666666666,8.0,2168.0,4.0,1,3501.0,0.0,0.0,0.0
104.83333333333331,1.0,91.0,4.0,1,456.0,23.48148148148148,22.0,0.0
401.25,5.5,634.0,4.0,1,262.0,0.0,0.0,0.0
549.3333333333334,4.0,274.0,4.0,1,1099.0,0.0,0.0,0.0
81.5,1.5,678.0,4.0,1,132.0,28.15,18.0,0.0
771.0,5.5,1471.0,4.5,1,2511.0,0.0,0.0,0.0
97.0,3.0,378.0,3.5,0,152.0,24.4,2.0,0.0
585.5,4.0,168.0,4.0,1,201.0,0.0,0.0,0.0
392.8333333333333,5.5,454.0,4.0,0,215.0,0.0,0.0,0.0
519.75,3.5,582.0,4.0,1,630.0,0.0,0.0,0.0
449.6666666666667,5.5,137.0,4.5,0,370.0,0.0,0.0,0.0
205.75,3.0,480.0,4.0,1,134.0,0.0,0.0,0.0
97.0,1.5,318.0,4.0,0,474.0,8.0,2.0,0.0
19.0,2.5,173.0,4.0,1,346.0,32.1875,11.0,0.0
743.0,7.666666666666667,1357.0,4.0,1,1938.0,0.0,0.0,0.0
992.0,15.0,266.0,5.0,1,305.0,0.0,0.0,0.0
145.5,2.5,759.0,4.0,1,469.0,0.0,0.0,0.0
893.75,11.0,1557.0,4.0,1,1777.0,0.0,0.0,0.0
27.0,0.5,540.0,4.0,0,418.0,23.869565217391305,25.0,0.0
1096.5,10.5,930.0,4.0,0,1007.0,0.0,0.0,0.0
725.25,7.0,870.0,4.0,1,1654.0,0.0,0.0,0.0
861.25,5.0,1335.0,4.0,1,3930.0,0.0,0.0,0.0
136.0,2.5,0.0,2.0,1,0.0,0.0,0.0,0.0
338.25,3.0,25.0,4.0,1,1010.0,0.0,0.0,0.0
483.3333333333333,8.0,410.0,4.0,1,93.0,0.0,0.0,0.0
443.5,3.0,178.0,4.0,0,825.0,0.0,0.0,0.0
469.25,4.5,1.0,4.0,1,306.0,0.0,0.0,0.0
59.333333333333336,2.5,757.0,2.0,0,0.0,18.26829268292683,23.0,0.0
237.0,3.5,409.0,4.0,1,125.0,0.0,0.0,0.0
1123.2,15.5,2546.0,4.0,1,1106.0,0.0,0.0,0.0
555.5,5.5,238.0,4.0,1,377.0,0.0,0.0,0.0
633.0,5.333333333333333,398.0,4.0,1,81.0,0.0,0.0,0.0
240.75,4.0,430.0,4.0,0,70.0,0.0,0.0,0.0
28.25,2.5,545.0,4.0,1,183.0,34.25,3.0,0.0
73.75,2.0,935.0,4.0,1,193.0,33.07142857142857,9.0,0.0
286.0,4.0,497.0,4.0,1,180.0,0.0,0.0,0.0
410.5,9.75,624.0,2.0,0,10.0,0.0,0.0,0.0
53.0,1.5,283.0,4.0,1,487.0,0.0,0.0,0.0
715.25,7.0,839.0,4.0,1,1887.0,0.0,0.0,0.0
763.75,7.5,1365.0,4.0,1,1222.0,0.0,0.0,0.0
279.5,4.5,409.0,2.6666666666666665,1,0.0,0.0,0.0,0.0
323.6666666666667,2.5,15.0,2.0,0,39.0,22.0,5.0,0.0
192.25,4.0,1123.0,4.0,1,924.0,50.0,1.0,0.0
143.25,6.5,534.0,4.0,1,282.0,0.0,0.0,0.0
226.3333333333333,4.0,337.0,4.0,1,68.0,23.0,4.0,0.0
703.5,10.4,617.0,5.0,0,1368.0,0.0,0.0,0.0
677.25,13.0,573.0,4.5,0,1334.0,0.0,0.0,0.0
130.75,4.5,178.0,4.0,1,719.0,23.0,1.0,0.0
432.75,4.0,19.0,4.0,0,221.0,0.0,0.0,0.0
908.0,12.666666666666666,1719.0,4.5,1,889.0,0.0,0.0,0.0
362.0,2.75,544.0,4.0,1,122.0,0.0,0.0,0.0
550.1666666666666,16.75,322.0,4.0,1,387.0,0.0,0.0,0.0
640.2,9.0,958.0,2.0,1,1191.0,0.0,0.0,0.0
369.0,3.5,343.0,2.6666666666666665,1,70.0,21.6,3.0,0.0
645.6666666666666,4.5,64.0,4.0,1,925.0,0.0,0.0,0.0
535.75,4.5,58.0,4.0,1,442.0,0.0,0.0,0.0
309.25,5.0,212.0,4.0,1,49.0,0.0,0.0,0.0
399.25,4.5,531.0,4.0,1,540.0,0.0,0.0,0.0
162.75,2.5,629.0,4.0,0,179.0,0.0,0.0,0.0
79.0,2.5,622.0,2.6666666666666665,1,32.0,28.41176470588235,9.0,0.0
565.0,9.0,582.0,2.0,1,534.0,0.0,0.0,0.0
232.0,5.333333333333333,501.0,4.0,0,112.0,0.0,0.0,0.0
283.0,7.0,193.0,4.0,0,425.0,0.0,0.0,0.0
101.5,0.5,410.0,4.0,1,824.0,21.33333333333333,2.0,0.0
38.5,2.6666666666666665,426.0,4.5,0,240.0,21.6,8.0,0.0
270.0,2.5,115.0,4.0,1,202.0,0.0,0.0,0.0
142.5,8.5,404.0,3.5,0,149.0,0.0,0.0,0.0
1440.0,13.75,1006.0,5.0,1,123.0,0.0,0.0,0.0
146.0,4.5,747.0,4.0,1,152.0,0.0,0.0,0.0
6.0,2.5,0.0,3.0,0,227.0,0.0,1.0,0.0
528.25,5.0,665.0,4.0,1,401.0,0.0,0.0,0.0
149.75,3.5,161.0,4.0,0,60.0,0.0,0.0,0.0
927.8333333333334,8.5,2108.0,4.0,0,3796.0,0.0,0.0,0.0
827.75,21.25,1094.0,4.5,1,2575.0,0.0,0.0,0.0
713.3333333333334,3.5,922.0,4.0,1,1504.0,0.0,0.0,0.0
25.75,1.8333333333333333,705.0,4.0,1,667.0,0.0,0.0,0.0
493.2,3.333333333333333,60.0,4.0,1,339.0,0.0,0.0,0.0
350.75,4.5,168.0,4.0,1,326.0,0.0,0.0,0.0
296.5,8.0,363.0,4.0,0,722.0,0.0,0.0,0.0
273.0,2.333333333333333,183.0,4.0,1,290.0,38.0,2.0,0.0
764.5,22.0,563.0,5.0,1,617.0,0.0,0.0,0.0
333.6666666666667,6.5,643.0,4.0,1,470.0,0.0,0.0,0.0
509.5,4.0,281.0,4.0,1,102.0,0.0,0.0,0.0
458.0,4.75,324.0,4.0,0,537.0,0.0,0.0,0.0
776.25,6.5,1470.0,4.0,0,1315.0,0.0,0.0,0.0
385.25,5.75,445.0,4.0,1,698.0,0.0,0.0,0.0
1206.75,15.75,1628.0,5.0,1,311.0,0.0,0.0,0.0
956.8333333333334,11.5,1659.0,4.0,1,3120.0,0.0,0.0,0.0
169.5,4.5,725.0,2.0,1,25.0,0.0,0.0,0.0
256.5,4.5,517.0,4.0,1,93.0,0.0,0.0,0.0
667.0,8.666666666666666,869.0,2.0,1,42.0,0.0,0.0,0.0
29.33333333333333,1.5,114.0,4.0,0,300.0,0.0,0.0,0.0
103.5,2.5,337.0,4.0,1,2.0,14.4,3.0,0.0
626.0,3.5,133.0,2.0,1,442.0,0.0,0.0,0.0
1362.3333333333333,8.5,620.0,4.0,0,657.0,0.0,0.0,0.0
538.5,6.0,39.0,4.0,1,558.0,0.0,0.0,0.0
946.0,12.0,1255.0,4.5,1,1747.0,0.0,0.0,0.0
691.8333333333334,9.5,711.0,4.0,1,243.0,0.0,0.0,0.0
497.0,17.6,297.0,4.0,1,324.0,0.0,0.0,0.0
395.0,8.5,40.0,4.0,1,320.0,0.0,0.0,0.0
598.5,2.0,1455.0,4.0,0,2442.0,0.0,0.0,0.0
12.0,3.0,388.0,4.5,1,245.0,26.09090909090909,12.0,0.0
290.5,9.5,468.0,4.0,1,691.0,0.0,0.0,0.0
566.6666666666666,5.25,14.0,4.0,1,894.0,0.0,0.0,0.0
339.8333333333333,8.0,257.0,4.0,1,321.0,0.0,0.0,0.0
547.25,5.333333333333333,90.0,4.0,1,690.0,0.0,0.0,0.0
335.75,6.0,971.0,4.0,1,782.0,0.0,0.0,0.0
439.4,3.0,0.0,4.0,0,613.0,0.0,0.0,0.0
288.75,3.5,193.0,4.0,1,107.0,0.0,0.0,0.0
32.0,0.5,266.0,4.0,1,311.0,34.0,8.0,0.0
486.75,6.5,242.0,4.0,1,168.0,0.0,0.0,0.0
183.0,8.25,319.0,2.0,1,17.0,0.0,0.0,0.0
5.0,1.5,719.0,2.5,0,575.0,25.63636363636364,6.0,0.0
729.0,6.666666666666667,1009.0,4.0,1,2021.0,0.0,0.0,0.0
48.75,2.0,123.0,4.0,1,194.0,22.23529411764705,11.0,0.0
170.75,3.5,677.0,4.0,1,44.0,0.0,0.0,0.0
773.0,4.5,1488.0,4.0,1,2216.0,0.0,0.0,0.0
59.75,3.5,262.0,4.0,1,287.0,30.63636363636364,6.0,0.0
926.25,17.5,580.0,5.0,1,1308.0,0.0,0.0,0.0
1479.0,21.25,139.0,4.0,1,976.0,0.0,0.0,0.0
159.25,2.6666666666666665,327.0,2.0,1,55.0,29.0,0.0,0.0
465.6666666666667,7.5,741.0,2.0,1,792.0,0.0,0.0,0.0
191.0,4.25,577.0,2.0,1,65.0,0.0,0.0,0.0
8.25,3.5,135.0,4.5,0,773.0,8.5,2.0,0.0
466.5,6.5,220.0,4.0,1,442.0,0.0,0.0,0.0
446.6666666666667,9.75,448.0,4.0,0,914.0,0.0,0.0,0.0
1250.0,9.0,967.0,4.0,1,1123.0,0.0,0.0,0.0
23.4,3.0,1091.0,4.5,0,227.0,25.625,18.0,0.0
578.0,9.666666666666666,443.0,4.0,1,145.0,0.0,0.0,0.0
169.2,5.333333333333333,729.0,4.0,1,487.0,0.0,0.0,0.0
550.75,4.5,242.0,4.0,1,756.0,0.0,0.0,0.0
410.75,9.5,24.0,2.0,1,251.0,0.0,0.0,0.0
979.5,9.5,2116.0,4.0,1,3835.0,0.0,0.0,0.0
528.75,9.75,361.0,4.5,1,1058.0,0.0,0.0,0.0
546.0,4.5,244.0,4.0,1,842.0,0.0,0.0,0.0
57.333333333333336,7.25,226.0,4.0,1,1053.0,0.0,0.0,0.0
39.333333333333336,3.0,526.0,3.5,0,237.0,0.0,0.0,0.0
423.75,4.5,205.0,2.0,0,14.0,0.0,0.0,0.0
2.5,1.0,617.0,0.0,0,747.0,0.0,0.0,0.0
597.1666666666666,3.0,175.0,4.0,1,875.0,0.0,0.0,0.0
608.75,5.5,255.0,4.0,0,1322.0,0.0,0.0,0.0
69.16666666666667,2.0,125.0,4.5,0,638.0,0.0,0.0,0.0
616.0,8.166666666666666,822.0,5.0,1,1432.0,0.0,0.0,0.0
137.0,1.5,578.0,3.0,0,26.0,0.0,0.0,0.0
67.0,1.5,330.0,4.0,1,229.0,20.0,0.0,0.0
765.75,12.0,419.0,5.0,1,2357.0,0.0,0.0,0.0
673.1666666666666,8.666666666666666,1065.0,2.0,1,0.0,0.0,0.0,0.0
39.0,1.5,738.0,4.0,0,752.0,51.0,1.0,0.0
68.5,2.0,44.0,4.0,1,103.0,0.0,0.0,0.0
124.75,10.0,441.0,4.0,1,318.0,7.428571428571429,3.0,0.0
807.75,12.0,1407.0,5.0,1,1536.0,0.0,0.0,0.0
19.0,2.0,894.0,4.0,1,277.0,0.0,0.0,0.0
197.5,3.5,419.0,4.0,1,359.0,0.0,0.0,0.0
404.25,4.5,102.0,4.0,1,1119.0,0.0,0.0,0.0
565.3333333333334,3.5,5.0,4.0,1,204.0,0.0,0.0,0.0
829.0,11.666666666666666,1309.0,4.0,1,361.0,0.0,0.0,0.0
1374.75,10.0,774.0,4.0,1,1139.0,0.0,0.0,0.0
380.75,5.333333333333333,637.0,4.0,1,146.0,0.0,0.0,0.0
326.25,4.5,65.0,4.0,0,1038.0,0.0,0.0,0.0
331.5,6.0,412.0,4.0,1,107.0,0.0,0.0,0.0
1035.3333333333333,6.5,1991.0,4.0,1,3877.0,0.0,0.0,0.0
207.0,3.5,578.0,2.6666666666666665,1,21.0,0.0,0.0,0.0
778.2,7.0,927.0,4.0,1,3718.0,0.0,0.0,0.0
462.0,3.0,170.0,4.0,0,1578.0,0.0,0.0,0.0
331.25,3.5,749.0,4.0,1,278.0,0.0,0.0,0.0
845.5,26.25,651.0,5.0,1,777.0,0.0,0.0,0.0
14.833333333333334,2.0,113.0,4.5,1,351.0,21.423076923076923,18.0,0.0
28.666666666666668,0.5,856.0,4.0,1,829.0,0.0,0.0,0.0
294.8333333333333,9.0,481.0,4.0,1,131.0,0.0,0.0,0.0
342.8333333333333,2.5,207.0,4.0,1,1369.0,0.0,0.0,0.0
603.25,6.333333333333333,672.0,4.0,0,91.0,0.0,0.0,0.0
326.0,6.5,255.0,4.0,1,215.0,0.0,0.0,0.0
723.5,6.5,972.0,4.0,1,1588.0,0.0,0.0,0.0
303.3333333333333,2.5,379.0,4.0,1,582.0,0.0,0.0,0.0
163.0,4.0,427.0,4.0,1,84.0,35.5,1.0,0.0
117.0,1.0,269.0,4.0,1,455.0,27.0,5.0,0.0
524.25,5.5,651.0,4.0,0,495.0,0.0,0.0,0.0
121.0,2.0,36.0,4.0,1,66.0,0.0,0.0,0.0
384.75,2.25,290.0,4.0,1,1311.0,0.0,0.0,0.0
391.3333333333333,5.0,455.0,4.0,1,561.0,0.0,0.0,0.0
596.0,4.5,221.0,4.0,0,488.0,0.0,0.0,0.0
6.0,0.3333333333333333,248.0,4.0,0,564.0,18.0,5.0,0.0
505.25,4.5,0.0,4.0,0,26.0,0.0,0.0,0.0
86.0,3.5,163.0,4.0,1,413.0,34.166666666666664,8.0,0.0
513.25,6.0,122.0,4.0,1,603.0,0.0,0.0,0.0
216.0,4.333333333333333,68.0,4.0,0,145.0,0.0,0.0,0.0
832.0,9.0,1839.0,4.0,0,853.0,0.0,0.0,0.0
459.0,5.6,360.0,4.0,1,184.0,0.0,0.0,0.0
106.5,17.25,250.0,4.0,1,633.0,0.0,0.0,0.0
514.0,6.666666666666667,456.0,4.0,1,270.0,0.0,0.0,0.0
1309.1666666666667,7.0,1059.0,4.0,1,1508.0,0.0,0.0,0.0
165.5,1.5,643.0,4.0,1,126.0,25.83333333333333,17.0,0.0
807.5,23.75,871.0,5.0,1,1062.0,0.0,0.0,0.0
40.75,1.5,816.0,4.0,1,123.0,13.0,0.0,0.0
1160.0,12.8,1278.0,4.0,1,1032.0,0.0,0.0,0.0
114.5,2.0,180.0,2.6666666666666665,1,6.0,21.11111111111111,11.0,0.0
380.6,7.5,308.0,4.0,1,630.0,0.0,0.0,0.0
28.75,9.5,438.0,4.0,0,1088.0,27.0,0.0,0.0
268.75,4.5,197.0,4.0,0,239.0,42.0,3.0,0.0
859.25,11.25,1505.0,5.0,1,1865.0,0.0,0.0,0.0
490.75,9.0,203.0,4.0,0,247.0,0.0,0.0,0.0
586.25,6.0,533.0,4.0,1,985.0,0.0,0.0,0.0
326.5,1.0,172.0,4.0,1,515.0,0.0,0.0,0.0
857.75,22.75,808.0,5.0,1,1327.0,0.0,0.0,0.0
66.0,1.5,580.0,4.0,0,157.0,25.09090909090909,6.0,0.0
160.33333333333334,3.0,969.0,4.0,0,203.0,25.26315789473684,13.0,0.0
57.25,2.5,314.0,2.0,1,99.0,38.0,3.0,0.0
568.0,6.0,96.0,4.0,1,802.0,0.0,0.0,0.0
121.0,3.5,470.0,4.0,1,133.0,33.333333333333336,4.0,0.0
720.25,13.5,979.0,5.0,1,918.0,0.0,0.0,0.0
260.0,4.0,277.0,4.0,0,1133.0,0.0,0.0,0.0
562.75,7.5,341.0,4.0,1,663.0,0.0,0.0,0.0
157.0,4.5,126.0,4.0,0,497.0,19.5,1.0,0.0
148.0,1.5,41.0,4.0,1,457.0,0.0,0.0,0.0
361.6666666666667,11.25,242.0,4.0,1,507.0,0.0,0.0,0.0
280.25,2.5,1072.0,2.0,1,7.0,0.0,0.0,0.0
681.5,6.5,897.0,4.0,1,136.0,0.0,0.0,0.0
441.6666666666667,5.0,114.0,2.0,1,7.0,0.0,0.0,0.0
951.75,10.0,1788.0,4.5,1,257.0,0.0,0.0,0.0
275.25,6.0,695.0,4.0,1,265.0,0.0,0.0,0.0
309.0,4.333333333333333,290.0,2.0,1,16.0,0.0,0.0,0.0
189.3333333333333,4.0,447.0,4.0,1,196.0,0.0,0.0,0.0
501.75,5.5,310.0,2.0,0,21.0,0.0,0.0,0.0
1063.5,11.0,1123.0,4.0,0,887.0,0.0,0.0,0.0
156.83333333333334,3.5,60.0,4.0,0,67.0,0.0,0.0,0.0
444.6666666666667,5.5,245.0,4.0,1,469.0,0.0,0.0,0.0
66.75,1.5,836.0,4.0,1,476.0,33.07692307692308,9.0,0.0
266.25,2.5,965.0,4.0,1,59.0,0.0,0.0,0.0
81.66666666666667,2.0,75.0,4.0,0,190.0,1.0,1.0,0.0
1047.3333333333333,7.0,2073.0,4.0,1,3984.0,0.0,0.0,0.0
73.57142857142857,3.5,763.0,3.5,1,502.0,50.0,2.0,0.0
96.83333333333331,6.5,858.0,4.0,1,503.0,0.0,0.0,0.0
76.0,1.0,423.0,4.0,1,346.0,26.8,11.0,0.0
380.0,6.0,170.0,4.0,1,497.0,0.0,0.0,0.0
848.0,9.25,1179.0,4.0,1,181.0,0.0,0.0,0.0
544.75,6.5,152.0,2.0,1,339.0,0.0,0.0,0.0
423.8,4.5,275.0,4.0,1,180.0,0.0,0.0,0.0
1209.5,8.5,1328.0,4.5,0,568.0,0.0,0.0,0.0
1556.0,7.333333333333333,479.0,4.0,0,405.0,0.0,0.0,0.0
311.3333333333333,6.0,62.0,4.0,1,88.0,0.0,0.0,0.0
407.75,4.0,33.0,4.0,1,376.0,0.0,0.0,0.0
85.66666666666667,1.0,676.0,4.0,1,208.0,30.77272727272728,19.0,0.0
1147.75,6.0,577.0,4.0,1,2481.0,0.0,0.0,0.0
129.75,2.5,417.0,2.6666666666666665,1,43.0,0.0,0.0,0.0
113.75,2.0,489.0,4.0,1,166.0,35.72727272727273,9.0,0.0
91.5,3.0,341.0,4.0,1,394.0,28.166666666666668,13.0,0.0
73.5,2.0,1057.0,4.0,1,220.0,35.23529411764706,8.0,0.0
179.5,2.5,424.0,4.0,1,289.0,24.22222222222222,11.0,0.0
242.5,4.0,599.0,4.0,1,190.0,31.75,4.0,0.0
206.5,4.5,758.0,4.0,1,453.0,0.0,0.0,0.0
302.5,3.0,433.0,4.0,1,755.0,0.0,0.0,0.0
1022.0,17.0,2121.0,4.0,0,831.0,0.0,0.0,0.0
76.5,1.5,324.0,4.0,1,360.0,25.454545454545453,11.0,0.0
13.333333333333334,2.0,3.0,4.0,0,993.0,60.333333333333336,2.0,0.0
139.25,4.0,451.0,4.0,1,411.0,0.0,0.0,0.0
601.5,2.5,667.0,4.0,1,889.0,0.0,0.0,0.0
1020.75,15.0,373.0,5.0,1,802.0,0.0,0.0,0.0
630.5,11.833333333333334,1062.0,4.5,1,1642.0,0.0,0.0,0.0
12.333333333333334,1.5,0.0,4.0,1,1063.0,0.0,0.0,0.0
106.0,1.5,538.0,3.5,1,854.0,33.4,8.0,0.0
384.6666666666667,5.0,357.0,4.0,1,461.0,0.0,0.0,0.0
939.0,13.333333333333334,1295.0,4.0,1,2420.0,0.0,0.0,0.0
336.8333333333333,4.5,221.0,4.0,1,165.0,0.0,0.0,0.0
40.6,1.5,356.0,2.0,1,42.0,61.0,0.0,0.0
514.5,7.0,405.0,4.0,1,200.0,0.0,0.0,0.0
424.0,6.5,103.0,4.0,1,1361.0,0.0,0.0,0.0
118.33333333333331,3.25,330.0,4.0,0,179.0,0.0,0.0,0.0
92.5,2.0,783.0,4.0,0,102.0,0.0,0.0,0.0
1111.0,8.5,1413.0,4.0,1,3319.0,0.0,0.0,0.0
21.0,1.0,416.0,4.0,0,754.0,61.0,0.0,0.0
127.25,3.5,686.0,2.0,1,154.0,30.428571428571427,5.0,0.0
795.25,23.5,897.0,5.0,1,1079.0,0.0,0.0,0.0
55.66666666666666,1.5,967.0,4.0,0,345.0,28.2,16.0,0.0
405.75,4.75,479.0,4.0,1,225.0,0.0,0.0,0.0
603.1666666666666,3.5,1117.0,4.0,1,2082.0,0.0,0.0,0.0
1018.25,10.0,1043.0,4.0,1,1328.0,0.0,0.0,0.0
260.25,5.25,453.0,4.0,1,583.0,0.0,0.0,0.0
1256.75,12.25,791.0,4.0,1,1649.0,0.0,0.0,0.0
149.0,3.0,29.0,4.0,1,407.0,0.0,0.0,0.0
145.66666666666666,7.75,380.0,4.0,1,135.0,0.0,0.0,0.0
559.0,6.0,49.0,4.0,1,400.0,0.0,0.0,0.0
672.25,8.25,135.0,4.0,1,645.0,0.0,0.0,0.0
751.8333333333334,8.5,480.0,5.0,1,3169.0,0.0,0.0,0.0
538.3333333333334,5.0,0.0,2.0,1,545.0,0.0,0.0,0.0
864.3333333333334,22.25,737.0,5.0,1,825.0,0.0,0.0,0.0
652.5,5.0,84.0,4.0,1,1060.0,0.0,0.0,0.0
433.8333333333333,5.666666666666667,311.0,4.0,1,421.0,0.0,0.0,0.0
976.5,14.333333333333334,1229.0,5.0,0,1321.0,0.0,0.0,0.0
42.5,4.333333333333333,1129.0,4.0,0,444.0,0.0,0.0,0.0
225.0,4.0,283.0,4.0,1,137.0,0.0,0.0,0.0
283.25,4.5,920.0,2.0,1,74.0,0.0,0.0,0.0
572.5,5.0,100.0,4.0,1,562.0,34.5,2.0,0.0
417.8333333333333,7.5,203.0,4.0,0,579.0,0.0,0.0,0.0
1314.0,16.5,1808.0,5.0,1,833.0,0.0,0.0,0.0
427.25,5.0,161.0,2.0,1,1132.0,0.0,0.0,0.0
265.25,5.0,982.0,4.0,1,280.0,0.0,0.0,0.0
86.25,2.0,674.0,4.0,1,1092.0,31.176470588235293,11.0,0.0
11.25,3.0,103.0,3.0,0,930.0,29.071428571428573,9.0,0.0
518.5,6.0,689.0,4.0,1,375.0,0.0,0.0,0.0
662.75,5.0,859.0,4.0,0,1950.0,0.0,0.0,0.0
53.5,2.0,561.0,4.0,0,841.0,25.416666666666668,10.0,0.0
96.5,4.0,351.0,4.0,1,396.0,32.92857142857143,9.0,0.0
19.0,3.0,411.0,4.0,0,450.0,0.0,0.0,0.0
304.5,5.5,1037.0,4.0,1,73.0,0.0,0.0,0.0
319.25,3.5,297.0,2.0,1,78.0,34.666666666666664,2.0,0.0
148.5,12.75,177.0,4.0,0,198.0,0.0,0.0,0.0
604.6666666666666,5.0,140.0,4.0,1,1218.0,0.0,0.0,0.0
911.5,18.0,1890.0,4.5,0,350.0,0.0,0.0,0.0
130.42857142857142,2.333333333333333,574.0,4.0,1,471.0,0.0,0.0,0.0
918.75,18.0,633.0,5.0,1,965.0,0.0,0.0,0.0
1459.75,18.75,2143.0,4.0,1,678.0,0.0,0.0,0.0
510.75,22.25,399.0,5.0,1,1620.0,0.0,0.0,0.0
70.5,1.5,721.0,4.0,0,688.0,7.571428571428571,1.0,0.0
378.2,6.5,0.0,4.0,1,237.0,0.0,0.0,0.0
27.25,2.0,946.0,4.0,0,1048.0,0.0,0.0,0.0
811.25,9.333333333333334,1844.0,4.5,1,2649.0,0.0,0.0,0.0
641.0,5.0,188.0,4.0,1,258.0,0.0,0.0,0.0
798.0,5.5,1787.0,4.0,1,2825.0,0.0,0.0,0.0
173.0,3.0,473.0,4.0,1,410.0,0.0,0.0,0.0
666.0,10.5,522.0,4.0,1,1578.0,0.0,0.0,0.0
74.25,1.5,945.0,4.0,0,154.0,25.4,7.0,0.0
986.5,26.0,299.0,5.0,1,849.0,0.0,0.0,0.0
5.333333333333333,1.5,625.0,2.5,0,663.0,27.25,4.0,0.0
94.75,3.0,384.0,4.0,1,156.0,0.0,0.0,0.0
380.25,5.4,0.0,4.0,1,87.0,38.16666666666666,4.0,0.0
33.0,1.5,637.0,4.0,1,600.0,35.72727272727273,8.0,0.0
63.0,2.6666666666666665,600.0,4.0,1,337.0,36.36363636363637,6.0,0.0
45.25,4.0,501.0,4.0,0,187.0,0.0,0.0,0.0
827.75,8.25,1861.0,4.5,0,1782.0,0.0,0.0,0.0
659.0,4.5,87.0,4.0,1,152.0,0.0,0.0,0.0
217.0,3.0,709.0,4.0,1,71.0,0.0,0.0,0.0
222.0,3.0,160.0,4.0,1,220.0,0.0,0.0,0.0
126.33333333333331,2.5,262.0,4.0,0,189.0,27.33333333333333,3.0,0.0
390.0,6.6,304.0,4.0,1,222.0,0.0,0.0,0.0
304.75,3.25,0.0,2.0,1,16.0,0.0,0.0,0.0
211.25,6.0,723.0,2.0,1,11.0,0.0,0.0,0.0
361.0,3.0,724.0,4.0,1,461.0,0.0,0.0,0.0
132.0,4.5,392.0,4.0,1,136.0,21.0,6.0,0.0
838.75,4.0,747.0,4.0,1,3128.0,0.0,0.0,0.0
60.333333333333336,2.5,760.0,2.0,1,110.0,28.166666666666668,5.0,0.0
105.25,4.0,602.0,2.6666666666666665,1,56.0,0.0,0.0,0.0
769.5,4.5,1780.0,4.0,1,2519.0,0.0,0.0,0.0
389.0,14.0,479.0,4.0,1,287.0,0.0,0.0,0.0
186.5,3.0,203.0,4.0,1,173.0,0.0,0.0,0.0
500.25,5.0,383.0,4.0,1,180.0,0.0,0.0,0.0
285.0,5.0,682.0,4.0,1,440.0,0.0,0.0,0.0
37.333333333333336,2.0,210.0,4.0,1,249.0,23.642857142857142,11.0,0.0
396.25,4.0,579.0,4.0,1,87.0,0.0,0.0,0.0
693.75,7.5,431.0,4.0,1,534.0,0.0,0.0,0.0
419.5,4.0,324.0,4.0,1,262.0,0.0,0.0,0.0
428.0,4.5,259.0,2.0,1,1102.0,0.0,0.0,0.0
229.75,5.5,275.0,4.0,1,730.0,0.0,0.0,0.0
235.75,3.0,531.0,4.0,1,737.0,0.0,0.0,0.0
532.5,6.0,275.0,4.0,1,638.0,0.0,0.0,0.0
319.75,7.5,187.0,4.0,0,115.0,0.0,0.0,0.0
629.5,9.0,301.0,4.0,1,1313.0,0.0,0.0,0.0
833.0,7.5,1494.0,5.0,1,1423.0,0.0,0.0,0.0
523.8,6.0,0.0,4.0,0,266.0,0.0,0.0,0.0
315.5,6.0,23.0,4.0,1,385.0,0.0,0.0,0.0
264.75,3.5,771.0,4.0,0,78.0,0.0,0.0,0.0
500.0,4.5,575.0,4.0,1,197.0,0.0,0.0,0.0
333.75,3.0,115.0,4.0,1,205.0,56.0,0.0,0.0
49.333333333333336,2.75,287.0,4.0,0,704.0,26.08695652173913,21.0,0.0
432.25,6.0,608.0,4.0,1,77.0,0.0,0.0,0.0
389.4,3.5,551.0,4.0,1,49.0,0.0,0.0,0.0
787.5,13.6,1294.0,5.0,1,1313.0,0.0,0.0,0.0
433.3333333333333,4.5,251.0,4.0,0,236.0,0.0,0.0,0.0
290.25,2.0,192.0,4.0,1,354.0,0.0,0.0,0.0
34.5,2.0,737.0,4.5,1,807.0,24.8125,11.0,0.0
559.0,7.0,84.0,2.0,1,709.0,0.0,0.0,0.0
852.5,10.333333333333334,1771.0,4.5,0,632.0,0.0,0.0,0.0
234.6,4.0,793.0,4.0,1,303.0,28.75,6.0,0.0
720.5,7.333333333333333,1308.0,4.5,0,2047.0,0.0,0.0,0.0
1251.6,10.5,631.0,4.5,1,2117.0,0.0,0.0,0.0
598.0,8.5,165.0,4.0,1,245.0,0.0,0.0,0.0
25.33333333333333,1.5,412.0,4.0,1,200.0,0.0,0.0,0.0
304.0,5.5,256.0,2.0,1,0.0,34.0,1.0,0.0
125.0,3.0,350.0,4.0,0,152.0,0.0,0.0,0.0
287.75,4.0,0.0,4.0,1,138.0,0.0,0.0,0.0
71.83333333333333,2.0,128.0,4.0,1,244.0,28.176470588235293,13.0,0.0
513.25,5.0,383.0,4.5,1,1578.0,0.0,0.0,0.0
153.75,4.5,62.0,4.0,1,376.0,0.0,0.0,0.0
1016.3333333333334,15.666666666666666,57.0,4.0,1,177.0,0.0,0.0,0.0
526.25,4.0,29.0,4.0,1,207.0,0.0,0.0,0.0
416.0,4.0,350.0,4.0,1,26.0,0.0,0.0,0.0
548.5,17.75,525.0,4.5,0,1985.0,0.0,0.0,0.0
122.0,1.5,413.0,4.0,1,160.0,69.0,8.0,0.0
80.0,1.0,139.0,2.6666666666666665,1,34.0,29.363636363636363,9.0,0.0
61.75,2.0,65.0,4.0,1,22.0,22.46153846153846,9.0,0.0
138.5,6.25,442.0,4.0,1,291.0,0.0,0.0,0.0
862.5,5.0,863.0,4.0,1,533.0,0.0,0.0,0.0
216.75,3.5,780.0,4.0,1,1101.0,0.0,0.0,0.0
253.75,3.75,500.0,2.0,0,59.0,0.0,0.0,0.0
353.5,3.5,187.0,4.0,1,84.0,0.0,0.0,0.0
162.75,6.0,247.0,4.0,0,73.0,0.0,0.0,0.0
361.1666666666667,4.0,86.0,2.0,1,62.0,0.0,0.0,0.0
55.75,3.5,395.0,4.0,0,620.0,23.939393939393938,28.0,0.0
1498.0,21.25,452.0,4.0,1,407.0,0.0,0.0,0.0
451.5,19.25,600.0,2.0,0,178.0,0.0,0.0,0.0
509.0,2.5,0.0,4.0,1,358.0,0.0,0.0,0.0
1528.25,32.0,1725.0,5.0,1,224.0,0.0,0.0,0.0
154.25,5.5,659.0,3.0,1,2.0,0.0,0.0,0.0
264.75,5.0,613.0,4.0,1,224.0,0.0,0.0,0.0
978.3333333333334,11.666666666666666,1533.0,4.5,0,621.0,0.0,0.0,0.0
181.25,6.5,526.0,4.0,1,468.0,0.0,0.0,0.0
344.75,4.5,257.0,4.0,1,250.0,0.0,0.0,0.0
252.5,4.4,413.0,4.0,1,237.0,0.0,0.0,0.0
570.5,15.75,472.0,4.0,1,628.0,0.0,0.0,0.0
286.25,3.5,311.0,4.0,1,269.0,1.0,1.0,0.0
324.6666666666667,6.0,546.0,4.0,1,562.0,0.0,0.0,0.0
1235.5,8.5,852.0,4.0,0,2595.0,0.0,0.0,0.0
367.6666666666667,5.0,414.0,4.0,0,1087.0,0.0,0.0,0.0
1152.25,11.666666666666666,1406.0,4.0,0,392.0,0.0,0.0,0.0
332.5,4.25,347.0,4.0,0,131.0,42.333333333333336,2.0,0.0
391.25,4.5,23.0,4.0,1,926.0,0.0,0.0,0.0
178.66666666666666,1.5,192.0,2.0,1,52.0,12.0,1.0,0.0
248.2,5.5,486.0,4.0,1,458.0,0.0,0.0,0.0
816.75,9.666666666666666,1765.0,4.0,1,1240.0,0.0,0.0,0.0
343.25,8.75,359.0,4.0,0,412.0,0.0,0.0,0.0
187.66666666666663,3.0,1155.0,4.0,1,826.0,26.77777777777778,6.0,0.0
710.5,5.5,384.0,4.0,1,1333.0,0.0,0.0,0.0
934.5,11.5,1674.0,4.5,0,4047.0,0.0,0.0,0.0
430.75,4.5,71.0,2.0,1,110.0,0.0,0.0,0.0
205.66666666666663,4.75,317.0,4.0,0,164.0,0.0,0.0,0.0
475.0,7.0,625.0,4.0,1,953.0,0.0,0.0,0.0
111.0,2.5,184.0,2.6666666666666665,1,23.0,5.8,3.0,0.0
141.0,2.0,864.0,2.0,1,45.0,28.125,10.0,0.0
1234.5,12.5,2410.0,4.0,1,1504.0,0.0,0.0,0.0
158.8,9.0,557.0,4.0,1,247.0,52.0,1.0,0.0
463.0,7.5,775.0,4.0,1,833.0,0.0,0.0,0.0
63.16666666666666,1.5,456.0,4.0,1,558.0,31.857142857142858,13.0,0.0
91.5,3.0,925.0,4.0,0,201.0,0.0,0.0,0.0
216.75,5.25,139.0,4.0,1,607.0,0.0,0.0,0.0
143.5,2.0,171.0,4.0,1,411.0,0.0,0.0,0.0
520.0,3.0,65.0,4.0,1,525.0,0.0,0.0,0.0
509.75,17.0,606.0,4.5,0,1395.0,0.0,0.0,0.0
378.25,4.0,754.0,4.0,0,234.0,0.0,0.0,0.0
423.5,3.0,345.0,4.0,1,101.0,23.0,3.0,0.0
1177.4,9.0,173.0,4.0,0,2091.0,0.0,0.0,0.0
446.0,6.666666666666667,430.0,4.0,1,382.0,0.0,0.0,0.0
1016.75,11.0,1800.0,4.0,1,3548.0,0.0,0.0,0.0
47.5,1.0,477.0,4.0,1,350.0,0.0,0.0,0.0
101.3,2.0,762.0,3.5,1,794.0,37.0,4.0,0.0
221.75,15.5,227.0,4.0,0,602.0,0.0,0.0,0.0
406.75,2.5,169.0,4.0,0,1048.0,0.0,0.0,0.0
463.75,4.0,108.0,4.0,1,591.0,0.0,0.0,0.0
325.5,5.5,207.0,4.0,1,545.0,0.0,0.0,0.0
1389.25,25.25,1765.0,4.0,1,351.0,0.0,0.0,0.0
709.75,10.0,1174.0,2.0,0,1356.0,0.0,0.0,0.0
532.0,11.0,330.0,4.0,1,376.0,0.0,0.0,0.0
174.5,14.333333333333334,481.0,4.0,1,310.0,0.0,0.0,0.0
43.66666666666666,5.0,357.0,4.0,0,1274.0,37.45454545454545,3.0,0.0
66.33333333333333,2.0,489.0,4.0,0,987.0,55.0,0.0,0.0
354.0,8.0,269.0,4.0,0,811.0,0.0,0.0,0.0
882.75,18.75,1727.0,4.0,0,131.0,0.0,0.0,0.0
510.0,3.0,1022.0,4.0,0,1964.0,0.0,0.0,0.0
62.75,2.0,1012.0,4.0,1,188.0,23.61111111111111,11.0,0.0
319.0,2.0,302.0,4.0,1,128.0,0.0,0.0,0.0
47.5,5.333333333333333,285.0,3.0,1,43.0,0.0,0.0,0.0
229.5,4.0,324.0,4.0,1,102.0,0.0,0.0,0.0
120.5,1.5,242.0,2.6666666666666665,1,17.0,30.4,3.0,0.0
422.25,11.0,723.0,4.0,1,977.0,0.0,0.0,0.0
992.75,14.0,167.0,5.0,1,318.0,0.0,0.0,0.0
271.0,8.5,453.0,4.0,1,574.0,0.0,0.0,0.0
803.75,13.333333333333334,1886.0,4.0,1,2597.0,0.0,0.0,0.0
590.5,4.25,152.0,4.0,1,748.0,0.0,0.0,0.0
290.5,1.5,302.0,4.0,0,394.0,0.0,0.0,0.0
104.0,3.5,133.0,4.0,0,321.0,0.0,0.0,0.0
357.75,5.5,237.0,2.0,1,15.0,0.0,0.0,0.0
266.5,4.0,720.0,4.0,1,49.0,0.0,0.0,0.0
104.0,2.0,671.0,4.0,0,546.0,0.0,0.0,0.0
275.75,4.5,665.0,4.0,0,138.0,0.0,0.0,0.0
1520.8333333333333,26.75,1724.0,4.5,0,763.0,0.0,0.0,0.0
594.0,5.0,38.0,4.0,0,946.0,0.0,0.0,0.0
242.25,5.0,1.0,4.0,0,192.0,0.0,0.0,0.0
222.5,3.5,841.0,4.0,1,721.0,0.0,0.0,0.0
246.0,1.5,352.0,4.0,1,866.0,0.0,0.0,0.0
414.25,6.0,430.0,4.0,1,538.0,0.0,0.0,0.0
57.0,1.0,677.0,4.0,1,559.0,30.7,13.0,0.0
260.3333333333333,3.5,701.0,4.0,1,210.0,0.0,0.0,0.0
217.0,4.6,676.0,4.0,0,13.0,0.0,0.0,0.0
93.5,2.5,1054.0,4.0,1,330.0,36.63636363636363,7.0,0.0
157.0,4.0,0.0,4.0,1,67.0,0.0,0.0,0.0
428.25,8.5,71.0,4.0,1,391.0,33.666666666666664,2.0,0.0
407.25,5.5,618.0,4.0,1,639.0,0.0,0.0,0.0
506.25,4.5,596.0,4.0,1,389.0,0.0,0.0,0.0
434.5,3.5,0.0,4.0,1,712.0,0.0,0.0,0.0
465.0,3.5,0.0,4.0,0,609.0,0.0,0.0,0.0
334.75,5.0,221.0,2.0,1,0.0,0.0,0.0,0.0
21.666666666666668,2.5,950.0,4.0,1,484.0,19.16,14.0,0.0
9.75,3.5,173.0,4.5,1,286.0,24.82758620689655,20.0,0.0
173.0,2.5,484.0,4.0,1,483.0,0.0,0.0,0.0
326.5,3.0,21.0,4.0,1,360.0,0.0,0.0,0.0
83.5,4.5,990.0,4.0,0,288.0,15.75,2.0,0.0
693.75,6.0,534.0,4.0,0,843.0,0.0,0.0,0.0
298.75,6.0,567.0,4.0,0,736.0,0.0,0.0,0.0
522.1666666666666,5.333333333333333,360.0,4.5,1,1665.0,0.0,0.0,0.0
267.5,4.5,927.0,2.0,1,5.0,0.0,0.0,0.0
168.5,3.5,454.0,4.0,1,328.0,0.0,0.0,0.0
1323.3333333333333,16.333333333333332,1881.0,5.0,1,921.0,0.0,0.0,0.0
432.8333333333333,6.0,319.0,4.0,1,573.0,0.0,0.0,0.0
174.16666666666666,2.0,352.0,4.0,1,87.0,29.0,1.0,0.0
167.0,6.0,272.0,3.0,0,115.0,0.0,0.0,0.0
1387.3333333333333,23.75,1000.0,4.0,1,1639.0,0.0,0.0,0.0
537.6666666666666,6.0,190.0,4.0,1,279.0,0.0,0.0,0.0
304.8333333333333,7.0,71.0,2.0,1,64.0,0.0,0.0,0.0
67.33333333333333,0.5,654.0,4.0,0,697.0,23.38888888888889,7.0,0.0
123.0,7.6,323.0,4.0,0,187.0,4.0,1.0,0.0
50.66666666666666,1.5,229.0,4.0,1,310.0,0.0,0.0,0.0
345.0,7.666666666666667,161.0,2.0,1,47.0,0.0,0.0,0.0
334.0,3.75,343.0,2.0,0,103.0,0.0,0.0,0.0
57.66666666666666,4.5,358.0,4.0,1,449.0,0.0,0.0,0.0
331.0,7.5,623.0,4.0,1,621.0,0.0,0.0,0.0
225.0,7.4,650.0,4.0,1,988.0,0.0,0.0,0.0
624.5,4.0,674.0,4.0,1,861.0,0.0,0.0,0.0
663.75,3.25,536.0,4.0,0,1611.0,0.0,0.0,0.0
675.0,9.25,803.0,4.0,1,148.0,0.0,0.0,0.0
740.25,10.5,1324.0,4.0,0,659.0,0.0,0.0,0.0
984.6666666666666,11.5,831.0,5.0,0,1326.0,0.0,0.0,0.0
1125.6666666666667,25.25,372.0,4.0,1,298.0,0.0,0.0,0.0
579.5,3.0,122.0,4.0,0,1082.0,0.0,0.0,0.0
365.0,9.0,407.0,4.0,1,455.0,0.0,0.0,0.0
112.66666666666669,3.5,776.0,4.0,0,598.0,0.0,0.0,0.0
652.2,17.666666666666668,359.0,4.0,1,1356.0,0.0,0.0,0.0
266.0,3.0,82.0,4.0,0,292.0,40.125,5.0,0.0
497.75,7.5,69.0,4.0,1,259.0,0.0,0.0,0.0
580.0,5.5,376.0,4.0,1,812.0,0.0,0.0,0.0
199.5,2.5,476.0,4.0,1,249.0,0.0,0.0,0.0
638.2,8.0,581.0,2.0,1,0.0,0.0,0.0,0.0
242.25,4.0,572.0,4.0,0,165.0,0.0,0.0,0.0
140.75,2.0,175.0,4.0,1,169.0,29.0,4.0,0.0
443.75,7.333333333333333,322.0,2.0,1,7.0,0.0,0.0,0.0
365.0,2.5,687.0,4.0,1,547.0,0.0,0.0,0.0
30.75,3.333333333333333,252.0,2.75,0,39.0,0.0,0.0,0.0
362.75,5.5,675.0,4.0,1,808.0,0.0,0.0,0.0
254.75,2.5,539.0,2.0,1,65.0,31.0,2.0,0.0
44.0,2.0,82.0,4.0,1,67.0,0.0,0.0,0.0
25.5,0.5,905.0,4.0,1,948.0,0.0,0.0,0.0
166.0,3.0,250.0,4.0,0,186.0,19.0,2.0,0.0
318.0,5.5,372.0,4.0,1,761.0,0.0,0.0,0.0
493.75,5.0,227.0,4.0,1,1323.0,6.0,1.0,0.0
87.0,3.0,571.0,4.0,1,410.0,53.5,0.0,0.0
358.0,7.0,162.0,4.0,0,162.0,0.0,0.0,0.0
891.25,8.5,1535.0,4.0,1,2346.0,0.0,0.0,0.0
282.6,5.25,403.0,4.0,1,59.0,0.0,0.0,0.0
244.5,2.5,590.0,2.0,1,17.0,22.0,1.0,0.0
195.75,3.5,518.0,4.0,0,274.0,31.0,1.0,0.0
620.25,7.0,1069.0,5.0,1,1667.0,0.0,0.0,0.0
447.25,4.5,227.0,2.0,1,381.0,0.0,0.0,0.0
694.0,6.75,1120.0,4.0,1,1847.0,0.0,0.0,0.0
679.5,14.0,298.0,5.0,1,1246.0,0.0,0.0,0.0
210.75,4.0,84.0,4.0,1,56.0,0.0,0.0,0.0
102.66666666666669,3.5,595.0,4.0,1,961.0,0.0,0.0,0.0
78.5,3.0,823.0,4.0,1,369.0,30.384615384615383,10.0,0.0
138.25,1.5,536.0,4.0,1,97.0,65.0,1.0,0.0
230.75,3.5,9.0,4.0,1,135.0,0.0,0.0,0.0
300.0,4.5,240.0,2.0,1,0.0,0.0,0.0,0.0
687.75,6.0,793.0,4.0,1,2003.0,0.0,0.0,0.0
133.8,1.5,738.0,4.5,1,273.0,0.0,0.0,0.0
1097.5,17.0,694.0,4.0,1,919.0,0.0,0.0,0.0
523.75,4.5,419.0,2.0,1,190.0,0.0,0.0,0.0
50.25,2.5,310.0,4.0,0,793.0,22.892857142857142,22.0,0.0
785.75,9.2,1414.0,4.5,0,439.0,0.0,0.0,0.0
334.8,4.5,341.0,4.0,1,617.0,0.0,0.0,0.0
753.5,22.5,962.0,5.0,1,982.0,0.0,0.0,0.0
1621.75,19.5,157.0,4.0,1,863.0,0.0,0.0,0.0
563.6666666666666,17.5,50.0,4.5,0,2050.0,0.0,0.0,0.0
236.75,3.0,923.0,4.0,0,976.0,0.0,0.0,0.0
477.0,3.5,422.0,4.0,1,1041.0,0.0,0.0,0.0
379.75,4.0,631.0,4.0,1,102.0,0.0,0.0,0.0
451.6666666666667,4.5,363.0,4.0,1,78.0,0.0,0.0,0.0
958.6666666666666,19.75,2408.0,3.0,1,530.0,0.0,0.0,0.0
388.6666666666667,4.5,809.0,4.0,1,966.0,0.0,0.0,0.0
542.25,7.0,692.0,2.0,1,519.0,0.0,0.0,0.0
237.3333333333333,6.5,700.0,4.0,1,1018.0,0.0,0.0,0.0
558.25,4.5,208.0,4.0,1,340.0,0.0,0.0,0.0
432.0,4.0,5.0,4.0,1,512.0,0.0,0.0,0.0
375.5,3.5,0.0,4.0,0,737.0,0.0,0.0,0.0
386.0,5.0,178.0,4.0,1,180.0,0.0,0.0,0.0
875.0,13.666666666666666,811.0,5.0,1,2835.0,0.0,0.0,0.0
1010.3333333333334,10.0,1227.0,4.0,1,2731.0,0.0,0.0,0.0
144.5,2.5,867.0,4.0,1,500.0,0.0,0.0,0.0
212.5,10.5,359.0,4.0,1,164.0,0.0,0.0,0.0
462.5,16.75,237.0,4.0,1,301.0,0.0,0.0,0.0
228.16666666666663,4.666666666666667,335.0,4.0,1,654.0,0.0,0.0,0.0
507.3333333333333,5.5,66.0,4.0,1,424.0,0.0,0.0,0.0
465.25,4.75,547.0,2.6666666666666665,1,205.0,0.0,0.0,0.0
685.0,8.0,606.0,4.0,1,1202.0,0.0,0.0,0.0
525.4,3.0,93.0,4.0,1,581.0,0.0,0.0,0.0
968.75,9.166666666666666,265.0,4.5,1,205.0,0.0,0.0,0.0
401.5,5.0,549.0,4.0,1,410.0,0.0,0.0,0.0
822.75,6.333333333333333,400.0,4.0,1,2737.0,0.0,0.0,0.0
1139.5,17.5,2465.0,4.0,1,1002.0,0.0,0.0,0.0
32.375,1.5,900.0,4.5,0,529.0,43.3,7.0,0.0
25.5,1.0,807.0,4.5,1,808.0,0.0,0.0,0.0
173.5,6.5,297.0,4.0,1,244.0,0.0,0.0,0.0
60.66666666666666,3.0,553.0,4.0,0,274.0,32.583333333333336,6.0,0.0
305.1666666666667,3.0,183.0,4.0,1,1156.0,0.0,0.0,0.0
66.25,2.0,895.0,2.0,1,66.0,2.0,0.0,0.0
75.8,10.75,237.0,4.0,0,509.0,0.0,0.0,0.0
364.1666666666667,7.5,94.0,4.0,0,167.0,0.0,0.0,0.0
615.25,3.5,417.0,4.0,1,691.0,0.0,0.0,0.0
846.75,17.75,427.0,5.0,1,3188.0,0.0,0.0,0.0
486.25,5.5,203.0,2.0,1,20.0,0.0,0.0,0.0
362.1666666666667,7.75,67.0,4.0,1,492.0,23.0,0.0,0.0
182.3333333333333,4.75,716.0,2.0,1,88.0,0.0,0.0,0.0
715.5,5.0,1007.0,4.0,0,1624.0,0.0,0.0,0.0
116.0,1.5,518.0,4.0,1,329.0,8.0,1.0,0.0
539.8333333333334,5.0,382.0,2.0,1,624.0,32.0,0.0,0.0
1092.1666666666667,23.5,280.0,4.0,1,213.0,0.0,0.0,0.0
623.75,5.25,360.0,2.0,0,27.0,0.0,0.0,0.0
651.5555555555555,5.5,980.0,4.0,1,2513.0,0.0,0.0,0.0
864.5,6.333333333333333,1832.0,4.0,1,2677.0,0.0,0.0,0.0
736.2222222222222,8.5,1190.0,4.5,1,2247.0,0.0,0.0,0.0
411.8,3.5,84.0,4.0,1,444.0,0.0,0.0,0.0
244.0,5.0,272.0,4.0,1,256.0,22.0,2.0,0.0
166.33333333333334,1.5,609.0,4.0,1,139.0,36.26315789473684,12.0,0.0
314.25,5.5,263.0,2.0,0,50.0,0.0,0.0,0.0
136.25,9.0,44.0,4.0,0,761.0,0.0,0.0,0.0
151.75,4.0,534.0,4.0,1,397.0,0.0,0.0,0.0
468.8333333333333,4.0,367.0,4.0,0,824.0,0.0,0.0,0.0
1059.375,10.25,1068.0,4.5,1,1418.0,0.0,0.0,0.0
330.25,3.0,213.0,4.0,1,148.0,0.0,0.0,0.0
234.75,3.5,747.0,4.0,1,789.0,0.0,0.0,0.0
23.0,3.0,1295.0,4.0,0,637.0,32.0,10.0,0.0
1222.0,10.666666666666666,526.0,4.0,1,1993.0,0.0,0.0,0.0
562.5,5.5,1159.0,4.5,0,2603.0,0.0,0.0,0.0
407.8333333333333,6.75,477.0,4.0,1,883.0,0.0,0.0,0.0
705.0,4.5,892.0,4.0,1,1450.0,0.0,0.0,0.0
435.0,10.5,251.0,4.0,0,716.0,0.0,0.0,0.0
124.0,1.5,479.0,4.0,1,194.0,32.0,5.0,0.0
260.25,4.5,387.0,4.0,1,122.0,0.0,0.0,0.0
312.0,6.5,359.0,4.0,1,612.0,0.0,0.0,0.0
487.5,4.0,51.0,4.0,1,509.0,0.0,0.0,0.0
222.25,5.0,580.0,4.0,1,1164.0,0.0,0.0,0.0
252.5,3.5,533.0,4.0,0,97.0,0.0,0.0,0.0
189.75,14.333333333333334,545.0,4.0,0,248.0,0.0,0.0,0.0
677.25,8.5,575.0,4.0,1,956.0,0.0,0.0,0.0
605.75,5.5,293.0,4.0,1,1098.0,0.0,0.0,0.0
277.5,3.0,576.0,4.0,0,776.0,0.0,0.0,0.0
52.25,1.5,292.0,4.0,0,668.0,29.55555555555556,5.0,0.0
984.0,15.666666666666666,339.0,4.5,1,411.0,0.0,0.0,0.0
435.75,3.75,491.0,2.0,1,0.0,0.0,0.0,0.0
77.33333333333333,2.5,701.0,3.5,1,639.0,0.0,0.0,0.0
1008.0,15.2,49.0,4.0,1,234.0,0.0,0.0,0.0
340.6666666666667,6.0,403.0,4.0,1,302.0,0.0,0.0,0.0
1341.5,13.333333333333334,926.0,5.0,0,2084.0,0.0,0.0,0.0
834.8333333333334,25.0,652.0,5.0,1,746.0,0.0,0.0,0.0
352.6666666666667,6.0,0.0,4.0,0,325.0,0.0,0.0,0.0
275.0,3.0,501.0,4.0,1,4.0,0.0,0.0,0.0
128.75,1.5,307.0,4.0,1,371.0,0.0,0.0,0.0
281.0,3.5,183.0,4.0,1,146.0,0.0,0.0,0.0
968.5,23.75,1791.0,4.0,1,1030.0,0.0,0.0,0.0
99.75,2.5,377.0,4.0,1,340.0,26.692307692307693,9.0,0.0
42.75,2.5,333.0,4.5,0,457.0,32.6,11.0,0.0
614.5,7.5,768.0,4.0,1,924.0,0.0,0.0,0.0
64.66666666666667,1.5,609.0,4.0,0,417.0,26.291666666666668,11.0,0.0
382.25,10.0,793.0,4.0,0,520.0,0.0,0.0,0.0
178.0,3.5,770.0,2.6666666666666665,0,22.0,19.21052631578948,10.0,0.0
23.0,1.5,663.0,4.0,0,524.0,0.0,0.0,0.0
1421.75,24.75,1895.0,4.0,0,388.0,0.0,0.0,0.0
485.3333333333333,9.5,778.0,4.0,1,777.0,0.0,0.0,0.0
109.83333333333331,3.5,35.0,4.0,1,130.0,0.0,0.0,0.0
479.6666666666667,6.0,290.0,4.0,0,207.0,0.0,0.0,0.0
471.75,11.5,125.0,4.0,0,700.0,0.0,0.0,0.0
17.75,8.6,182.0,4.0,0,1207.0,0.0,0.0,0.0
64.5,1.5,88.0,4.5,0,947.0,40.0,0.0,0.0
573.5,5.75,0.0,4.0,1,937.0,0.0,0.0,0.0
1756.75,13.0,795.0,4.0,1,409.0,0.0,0.0,0.0
57.333333333333336,2.5,486.0,4.0,1,233.0,27.24324324324324,20.0,0.0
500.6666666666667,5.666666666666667,111.0,4.0,1,578.0,0.0,0.0,0.0
10.5,2.0,1.0,4.5,0,360.0,25.2,12.0,0.0
342.3333333333333,6.5,514.0,4.0,1,335.0,0.0,0.0,0.0
98.0,3.0,623.0,4.0,1,142.0,26.0,1.0,0.0
1400.25,15.0,1827.0,4.0,1,492.0,0.0,0.0,0.0
205.3333333333333,5.0,285.0,4.0,1,109.0,15.0,1.0,0.0
78.83333333333333,2.5,907.0,4.0,1,284.0,35.833333333333336,12.0,0.0
55.0,3.0,164.0,4.0,0,205.0,8.0,0.0,0.0
75.25,2.5,394.0,4.0,1,691.0,0.0,0.0,0.0
314.3333333333333,4.0,237.0,4.0,0,379.0,0.0,0.0,0.0
1333.25,11.5,2198.0,4.0,0,1048.0,0.0,0.0,0.0
856.5,16.666666666666668,1589.0,2.0,1,1261.0,0.0,0.0,0.0
536.5,6.0,427.0,4.0,1,323.0,0.0,0.0,0.0
1578.5,10.0,507.0,4.0,1,1521.0,0.0,0.0,0.0
647.75,6.5,505.0,4.5,1,355.0,0.0,0.0,0.0
379.6666666666667,11.25,771.0,4.0,0,580.0,0.0,0.0,0.0
321.6666666666667,5.5,166.0,4.0,1,918.0,0.0,0.0,0.0
1.5,0.5,347.0,2.0,0,290.0,24.88888888888889,25.0,0.0
2.5,1.0,387.0,0.0,0,724.0,0.0,0.0,0.0
265.6666666666667,3.0,434.0,4.0,1,541.0,0.0,0.0,0.0
722.8888888888889,9.0,708.0,4.0,1,372.0,0.0,0.0,0.0
37.5,1.5,765.0,4.0,0,127.0,23.318181818181817,17.0,0.0
25.0,1.0,460.0,4.5,1,85.0,26.703703703703702,15.0,0.0
1174.3333333333333,20.0,1361.0,5.0,1,13.0,0.0,0.0,0.0
525.3333333333334,3.5,129.0,4.0,0,546.0,0.0,0.0,0.0
719.25,12.5,525.0,4.5,0,3118.0,0.0,0.0,0.0
325.2,4.0,409.0,4.0,0,220.0,0.0,0.0,0.0
267.5,5.0,124.0,2.6666666666666665,0,10.0,0.0,0.0,0.0
489.25,6.333333333333333,477.0,4.0,1,661.0,0.0,0.0,0.0
284.0,6.0,194.0,4.0,1,456.0,0.0,0.0,0.0
411.5,3.5,274.0,4.0,1,336.0,0.0,0.0,0.0
410.5,9.0,709.0,4.0,1,990.0,0.0,0.0,0.0
224.0,4.333333333333333,827.0,4.0,1,969.0,0.0,0.0,0.0
73.5,1.5,270.0,4.0,1,171.0,42.71428571428572,4.0,0.0
384.0,6.333333333333333,376.0,4.0,1,221.0,0.0,0.0,0.0
92.0,2.5,677.0,4.0,1,133.0,34.166666666666664,4.0,0.0
763.3333333333334,10.0,581.0,4.0,1,2052.0,0.0,0.0,0.0
872.4,10.0,1708.0,4.5,1,1427.0,0.0,0.0,0.0
601.0,4.25,1005.0,4.5,1,2063.0,0.0,0.0,0.0
435.0,3.5,156.0,2.0,0,1166.0,0.0,0.0,0.0
230.5,5.0,540.0,4.0,0,297.0,0.0,0.0,0.0
815.6666666666666,6.0,537.0,4.5,1,2331.0,0.0,0.0,0.0
1239.5,8.5,1273.0,4.0,1,716.0,0.0,0.0,0.0
508.25,4.666666666666667,410.0,4.0,0,209.0,0.0,0.0,0.0
159.5,2.5,227.0,2.0,1,38.0,0.0,0.0,0.0
309.25,6.0,639.0,4.0,1,599.0,0.0,0.0,0.0
53.5,6.5,308.0,4.0,0,1292.0,28.714285714285715,4.0,0.0
202.66666666666663,2.5,172.0,3.5,1,109.0,0.0,0.0,0.0
15.8,1.5,291.0,4.5,1,104.0,17.5,0.0,0.0
36.66666666666666,1.5,343.0,4.0,1,178.0,22.666666666666668,7.0,0.0
38.66666666666666,1.0,286.0,4.0,1,301.0,31.15384615384616,8.0,0.0
298.5,3.5,392.0,4.0,1,384.0,0.0,0.0,0.0
321.6,2.0,296.0,4.0,1,65.0,100.0,0.0,0.0
115.0,1.5,130.0,4.0,0,388.0,0.0,0.0,0.0
44.0,2.0,806.0,4.0,1,90.0,23.428571428571427,8.0,0.0
177.75,2.5,288.0,4.0,1,122.0,0.0,0.0,0.0
1717.5,19.33333333333333,517.0,4.0,1,645.0,0.0,0.0,0.0
355.25,4.5,27.0,4.0,1,423.0,0.0,0.0,0.0
26.0,1.0,282.0,4.0,1,483.0,27.77777777777778,15.0,0.0
724.0,6.75,630.0,5.0,1,1413.0,0.0,0.0,0.0
661.0,4.4,410.0,4.0,1,1472.0,0.0,0.0,0.0
283.3333333333333,2.0,255.0,2.0,1,14.0,20.666666666666668,11.0,0.0
366.0,5.5,354.0,4.0,1,1179.0,0.0,0.0,0.0
420.5,6.333333333333333,544.0,4.0,1,79.0,0.0,0.0,0.0
23.0,1.5,917.0,4.0,1,148.0,102.0,0.0,0.0
108.33333333333331,1.0,569.0,4.0,1,631.0,27.823529411764707,11.0,0.0
44.0,1.5,238.0,4.0,0,302.0,21.285714285714285,6.0,0.0
476.5,6.333333333333333,469.0,4.0,0,1157.0,0.0,0.0,0.0
1160.8,14.5,2447.0,4.0,1,1502.0,0.0,0.0,0.0
367.75,5.5,416.0,4.0,1,438.0,0.0,0.0,0.0
262.5,3.0,31.0,4.0,0,303.0,0.0,0.0,0.0
483.25,3.5,180.0,4.0,1,536.0,0.0,0.0,0.0
880.5,14.5,1857.0,4.5,1,842.0,0.0,0.0,0.0
67.25,2.0,695.0,4.0,1,615.0,28.36842105263158,12.0,0.0
215.0,3.0,887.0,4.0,1,1062.0,0.0,0.0,0.0
24.0,1.0,669.0,4.0,1,603.0,0.0,0.0,0.0
366.0,3.5,688.0,4.0,1,334.0,0.0,0.0,0.0
41.0,2.5,339.0,4.0,0,410.0,21.105263157894736,12.0,0.0
1153.0,15.333333333333334,2588.0,4.0,0,1305.0,0.0,0.0,0.0
13.0,1.5,451.0,4.5,0,430.0,25.6,16.0,0.0
458.25,7.0,183.0,4.0,1,72.0,0.0,0.0,0.0
166.0,2.0,142.0,4.0,1,62.0,0.0,0.0,0.0
355.5,6.5,113.0,4.0,1,92.0,33.25,4.0,0.0
1607.3333333333333,9.0,1878.0,4.0,1,434.0,0.0,0.0,0.0
154.2,3.0,390.0,3.5,0,102.0,0.0,0.0,0.0
44.5,1.0,394.0,4.5,1,168.0,0.0,0.0,0.0
145.25,9.666666666666666,577.0,4.0,1,140.0,30.0,1.0,0.0
1023.25,9.0,1255.0,4.0,1,931.0,0.0,0.0,0.0
330.25,5.5,431.0,4.0,1,284.0,0.0,0.0,0.0
211.6,5.333333333333333,69.0,2.0,1,79.0,0.0,0.0,0.0
132.25,2.6666666666666665,560.0,4.0,0,189.0,0.0,0.0,0.0
501.5,6.0,726.0,4.0,1,648.0,0.0,0.0,0.0
682.0,5.0,676.0,4.0,1,1301.0,0.0,0.0,0.0
214.75,6.0,641.0,4.0,1,111.0,30.923076923076923,9.0,0.0
780.0,15.0,1376.0,2.0,1,1396.0,0.0,0.0,0.0
818.75,9.833333333333334,1964.0,4.5,1,2469.0,0.0,0.0,0.0
49.5,5.0,1083.0,4.0,0,353.0,8.866666666666667,11.0,0.0
167.0,2.0,618.0,4.0,1,281.0,6.0,1.0,0.0
94.75,2.5,295.0,4.0,0,407.0,18.02380952380953,15.0,0.0
785.0,6.333333333333333,1041.0,4.0,1,2262.0,0.0,0.0,0.0
1215.0,5.5,650.0,4.0,0,1236.0,0.0,0.0,0.0
1061.4,10.5,820.0,4.0,1,1460.0,0.0,0.0,0.0
420.0,5.5,417.0,4.0,1,485.0,0.0,0.0,0.0
577.1666666666666,17.666666666666668,658.0,5.0,0,1635.0,0.0,0.0,0.0
519.75,5.5,523.0,2.0,1,236.0,0.0,0.0,0.0
159.75,3.5,602.0,4.0,1,127.0,0.0,0.0,0.0
557.3333333333334,5.5,914.0,4.0,1,888.0,0.0,0.0,0.0
525.0,10.0,281.0,4.0,0,701.0,0.0,0.0,0.0
620.25,4.25,265.0,2.0,0,73.0,0.0,0.0,0.0
35.5,1.5,405.0,4.0,0,472.0,0.0,0.0,0.0
229.75,5.5,480.0,4.0,0,1086.0,0.0,0.0,0.0
333.25,9.8,673.0,4.0,0,504.0,0.0,0.0,0.0
742.75,5.25,1498.0,4.5,0,2247.0,0.0,0.0,0.0
381.25,4.0,690.0,2.0,0,51.0,0.0,0.0,0.0
259.5,6.5,312.0,4.0,1,469.0,0.0,0.0,0.0
17.5,4.0,517.0,4.5,1,56.0,20.55555555555556,13.0,0.0
149.25,4.333333333333333,517.0,4.5,0,43.0,31.22222222222222,5.0,0.0
666.25,9.333333333333334,1113.0,2.0,1,1413.0,0.0,0.0,0.0
60.0,1.0,400.0,4.0,0,202.0,25.4,6.0,0.0
129.0,3.5,290.0,4.0,1,102.0,0.0,0.0,0.0
109.0,3.5,643.0,4.0,1,245.0,0.0,0.0,0.0
137.0,1.5,436.0,4.0,1,184.0,32.0,5.0,0.0
874.5,9.5,1623.0,4.0,1,3388.0,0.0,0.0,0.0
172.25,4.0,500.0,4.0,1,356.0,0.0,0.0,0.0
672.5,11.0,787.0,4.0,1,2611.0,0.0,0.0,0.0
46.0,4.5,340.0,2.6666666666666665,1,20.0,0.0,0.0,0.0
181.5,6.5,435.0,4.0,1,443.0,20.0,0.0,0.0
135.5,2.5,135.0,4.0,1,233.0,0.0,0.0,0.0
747.25,4.5,584.0,4.0,1,3383.0,0.0,0.0,0.0
287.25,4.5,371.0,2.0,0,106.0,0.0,0.0,0.0
235.75,5.5,795.0,4.0,1,812.0,0.0,0.0,0.0
632.0,7.0,557.0,4.0,1,136.0,0.0,0.0,0.0
170.75,3.333333333333333,304.0,4.0,1,169.0,0.0,0.0,0.0
936.6,12.333333333333334,1357.0,4.0,1,1837.0,0.0,0.0,0.0
137.0,2.0,781.0,2.0,1,3.0,30.0,0.0,0.0
44.16666666666666,1.5,523.0,2.333333333333333,0,45.0,33.9,7.0,0.0
49.6,0.5,212.0,4.5,0,192.0,33.75,10.0,0.0
44.25,1.5,1263.0,4.0,1,128.0,26.43478260869565,10.0,0.0
923.5,14.5,1346.0,4.0,1,2325.0,0.0,0.0,0.0
597.0,3.5,380.0,2.0,1,1120.0,0.0,0.0,0.0
824.25,11.333333333333334,1908.0,4.0,1,2281.0,0.0,0.0,0.0
1175.5,13.0,1107.0,4.0,1,703.0,0.0,0.0,0.0
639.0,11.0,447.0,4.0,1,1514.0,0.0,0.0,0.0
139.0,2.5,478.0,2.0,1,35.0,0.0,0.0,0.0
14.75,2.0,391.0,4.0,0,149.0,0.0,0.0,0.0
330.5,8.333333333333334,649.0,4.0,0,564.0,0.0,0.0,0.0
634.5,3.5,33.0,2.0,1,320.0,0.0,0.0,0.0
337.0,5.5,467.0,4.0,1,578.0,0.0,0.0,0.0
563.5,9.2,70.0,5.0,1,1236.0,0.0,0.0,0.0
108.66666666666669,2.0,190.0,4.0,1,199.0,0.0,0.0,0.0
125.0,3.0,140.0,4.0,1,62.0,12.8,2.0,0.0
490.6666666666667,6.0,12.0,4.0,1,1555.0,0.0,0.0,0.0
413.5,6.666666666666667,136.0,4.0,1,540.0,0.0,0.0,0.0
383.75,5.0,544.0,4.0,1,667.0,0.0,0.0,0.0
1271.5,11.25,1355.0,4.0,1,556.0,0.0,0.0,0.0
21.83333333333333,7.75,506.0,4.0,1,371.0,22.473684210526315,10.0,0.0
464.75,5.0,401.0,4.0,1,409.0,0.0,0.0,0.0
378.3333333333333,6.0,610.0,4.0,1,942.0,0.0,0.0,0.0
163.75,1.5,43.0,4.0,1,9.0,0.0,0.0,0.0
377.5,3.0,443.0,4.0,0,832.0,0.0,0.0,0.0
804.75,9.0,1018.0,4.0,1,663.0,0.0,0.0,0.0
555.3333333333334,2.5,116.0,4.5,0,1388.0,0.0,0.0,0.0
236.0,4.0,615.0,4.0,1,57.0,26.0,5.0,0.0
217.0,3.5,754.0,4.0,1,630.0,0.0,0.0,0.0
985.5,7.0,2203.0,4.0,1,4212.0,0.0,0.0,0.0
630.25,3.0,92.0,4.0,1,877.0,0.0,0.0,0.0
266.0,2.5,12.0,4.0,1,438.0,24.666666666666668,4.0,0.0
864.0,17.5,2084.0,4.0,1,2049.0,0.0,0.0,0.0
375.25,4.5,180.0,2.0,1,25.0,0.0,0.0,0.0
396.75,5.5,205.0,4.0,1,298.0,0.0,0.0,0.0
161.5,3.5,867.0,4.0,0,320.0,31.4,8.0,0.0
1136.6666666666667,5.666666666666667,909.0,4.0,0,888.0,0.0,0.0,0.0
129.25,3.4,712.0,2.0,1,57.0,0.0,0.0,0.0
895.6,18.2,225.0,5.0,0,3014.0,0.0,0.0,0.0
101.5,1.5,309.0,4.0,1,226.0,26.058823529411764,11.0,0.0
1074.0,3.5,1778.0,4.0,0,3698.0,0.0,0.0,0.0
826.0,12.833333333333334,1154.0,5.0,1,1426.0,0.0,0.0,0.0
634.6,3.5,388.0,4.0,1,654.0,0.0,0.0,0.0
446.5,4.5,144.0,4.0,1,1260.0,0.0,0.0,0.0
96.5,10.0,80.0,4.0,0,662.0,0.0,0.0,0.0
117.75,1.5,30.0,4.0,0,407.0,0.0,0.0,0.0
173.0,9.0,442.0,4.0,1,208.0,0.0,0.0,0.0
458.6666666666667,6.333333333333333,785.0,4.0,0,875.0,0.0,0.0,0.0
740.0,7.6,992.0,4.0,1,316.0,0.0,0.0,0.0
17.75,2.5,728.0,4.5,0,469.0,29.125,4.0,0.0
84.0,1.0,496.0,4.0,0,129.0,34.0,8.0,0.0
481.0,7.0,75.0,4.0,0,876.0,0.0,0.0,0.0
481.25,7.5,487.0,4.0,0,107.0,0.0,0.0,0.0
1187.75,15.2,1723.0,5.0,0,335.0,0.0,0.0,0.0
1676.75,12.5,1446.0,5.0,0,326.0,0.0,0.0,0.0
100.66666666666669,2.5,758.0,4.0,1,581.0,19.96153846153846,10.0,0.0
843.5,10.0,1235.0,4.5,1,130.0,0.0,0.0,0.0
34.0,1.5,1044.0,5.0,0,662.0,46.55555555555556,4.0,0.0
72.75,4.0,472.0,4.0,0,539.0,20.375,7.0,0.0
911.5,11.0,1053.0,5.0,1,1572.0,0.0,0.0,0.0
51.66666666666666,1.5,169.0,4.0,1,98.0,20.666666666666668,5.0,0.0
21.0,1.0,469.0,4.0,0,894.0,0.0,0.0,0.0
85.66666666666667,3.0,1062.0,4.0,1,399.0,0.0,0.0,0.0
181.75,4.5,634.0,4.0,1,159.0,22.5,14.0,0.0
1128.4,16.0,1654.0,4.0,1,1428.0,0.0,0.0,0.0
97.0,1.5,875.0,3.5,1,645.0,51.85714285714285,6.0,0.0
629.75,3.5,404.0,4.0,1,628.0,0.0,0.0,0.0
106.66666666666669,18.0,244.0,4.0,0,711.0,0.0,0.0,0.0
5.25,7.0,193.0,2.0,0,133.0,40.38461538461539,16.0,0.0
529.75,4.0,622.0,4.0,1,641.0,0.0,0.0,0.0
417.8,3.75,213.0,4.0,1,411.0,0.0,0.0,0.0
297.5,2.5,514.0,4.0,1,560.0,0.0,0.0,0.0
597.25,11.25,363.0,4.0,0,599.0,0.0,0.0,0.0
101.8,3.0,861.0,4.0,1,30.0,25.40740740740741,18.0,0.0
275.5,3.0,518.0,4.0,0,867.0,0.0,0.0,0.0
180.66666666666663,3.6666666666666665,400.0,4.0,0,204.0,0.0,0.0,0.0
33.333333333333336,2.0,148.0,4.0,1,401.0,123.0,0.0,0.0
16.5,3.0,856.0,4.5,1,426.0,36.07692307692308,8.0,0.0
68.25,3.0,619.0,4.0,1,676.0,28.31578947368421,10.0,0.0
452.5,5.0,320.0,4.0,1,207.0,0.0,0.0,0.0
570.75,19.25,440.0,5.0,0,2023.0,0.0,0.0,0.0
51.75,14.5,137.0,3.0,0,647.0,0.0,0.0,0.0
539.0,6.333333333333333,625.0,2.0,1,766.0,0.0,0.0,0.0
181.25,3.0,916.0,4.0,1,239.0,0.0,0.0,0.0
787.25,10.75,722.0,4.0,1,2128.0,0.0,0.0,0.0
96.6,1.0,906.0,4.0,1,1002.0,24.5,1.0,0.0
1059.8333333333333,22.33333333333333,152.0,5.0,1,921.0,0.0,0.0,0.0
316.25,6.25,198.0,4.0,1,116.0,0.0,0.0,0.0
100.25,1.5,261.0,2.6666666666666665,1,27.0,0.0,0.0,0.0
2.0,1.0,284.0,3.0,1,621.0,14.514285714285714,26.0,0.0
1232.0,20.666666666666668,949.0,4.0,1,591.0,0.0,0.0,0.0
499.75,3.5,665.0,4.0,1,297.0,0.0,0.0,0.0
877.6666666666666,5.0,1339.0,4.0,0,3829.0,0.0,0.0,0.0
232.5,4.0,597.0,4.0,1,174.0,0.0,0.0,0.0
470.5,7.0,530.0,4.0,1,37.0,0.0,0.0,0.0
755.0,8.333333333333334,876.0,4.0,1,774.0,0.0,0.0,0.0
1515.875,34.5,1533.0,5.0,1,615.0,0.0,0.0,0.0
353.0,3.5,292.0,4.0,0,1402.0,0.0,0.0,0.0
253.0,6.0,1145.0,4.0,1,690.0,0.0,0.0,0.0
162.5,4.666666666666667,1234.0,4.0,1,615.0,56.5,1.0,0.0
971.5,25.0,2052.0,4.0,1,1630.0,0.0,0.0,0.0
94.0,1.5,989.0,4.0,1,332.0,46.85714285714285,4.0,0.0
507.75,15.0,388.0,4.0,0,281.0,0.0,0.0,0.0
583.0,10.25,370.0,4.0,0,238.0,0.0,0.0,0.0
603.8,8.5,427.0,3.0,0,1241.0,0.0,0.0,0.0
317.5,1.0,304.0,4.0,1,28.0,0.0,0.0,0.0
269.0,3.5,68.0,4.0,1,331.0,0.0,0.0,0.0
610.75,5.5,384.0,4.0,1,1211.0,0.0,0.0,0.0
587.5,6.5,409.0,4.0,1,1776.0,0.0,0.0,0.0
365.5,5.5,316.0,4.0,1,392.0,0.0,0.0,0.0
718.75,6.5,1316.0,2.0,1,2161.0,0.0,0.0,0.0
98.25,3.0,530.0,4.0,1,342.0,0.0,0.0,0.0
258.5,3.0,137.0,4.0,1,146.0,0.0,0.0,0.0
189.5,6.166666666666667,220.0,4.0,0,42.0,30.0,3.0,0.0
106.0,3.0,367.0,4.0,1,260.0,0.0,0.0,0.0
158.25,4.75,260.0,2.0,0,63.0,35.6,3.0,0.0
99.66666666666669,1.5,704.0,3.0,0,435.0,30.75,6.0,0.0
144.4,1.5,998.0,4.0,1,432.0,26.63636363636364,13.0,0.0
109.5,2.5,736.0,4.0,1,486.0,18.375,7.0,0.0
47.333333333333336,1.0,256.0,4.0,1,225.0,0.0,0.0,0.0
1095.8333333333333,23.33333333333333,2506.0,4.0,1,907.0,0.0,0.0,0.0
1150.1666666666667,20.75,2378.0,4.0,1,1005.0,0.0,0.0,0.0
917.0,11.0,1402.0,4.5,1,1907.0,0.0,0.0,0.0
515.75,4.5,193.0,4.0,1,550.0,0.0,0.0,0.0
453.0,5.333333333333333,20.0,4.0,1,1634.0,0.0,0.0,0.0
462.0,3.5,0.0,4.0,1,313.0,0.0,0.0,0.0
92.0,3.0,378.0,4.0,0,140.0,0.0,0.0,0.0
465.75,4.5,9.0,4.0,1,369.0,0.0,0.0,0.0
1207.25,8.5,439.0,4.0,1,2315.0,0.0,0.0,0.0
565.0,12.333333333333334,1078.0,4.5,0,2505.0,0.0,0.0,0.0
356.0,3.5,212.0,2.0,0,419.0,0.0,0.0,0.0
584.75,10.25,156.0,4.0,1,1193.0,0.0,0.0,0.0
60.5,1.0,541.0,4.0,1,411.0,35.0,5.0,0.0
545.3333333333334,4.0,542.0,4.0,1,426.0,0.0,0.0,0.0
281.25,2.5,1124.0,4.0,0,47.0,0.0,0.0,0.0
60.75,2.0,697.0,4.0,1,303.0,27.73684210526316,16.0,0.0
543.0,5.0,0.0,4.0,1,417.0,0.0,0.0,0.0
764.75,9.5,369.0,4.5,1,2215.0,0.0,0.0,0.0
579.6666666666666,2.0,1250.0,4.0,1,2559.0,0.0,0.0,0.0
442.25,5.5,400.0,4.0,1,299.0,0.0,0.0,0.0
516.0,4.0,474.0,4.0,1,605.0,0.0,0.0,0.0
1584.25,22.6,1841.0,4.5,1,270.0,0.0,0.0,0.0
188.25,3.6666666666666665,651.0,2.0,1,0.0,0.0,0.0,0.0
559.6666666666666,9.333333333333334,518.0,4.0,1,473.0,0.0,0.0,0.0
164.0,6.0,368.0,4.0,0,203.0,0.0,0.0,0.0
558.0,5.666666666666667,392.0,4.0,1,558.0,0.0,0.0,0.0
105.0,1.5,199.0,4.0,0,201.0,0.0,0.0,0.0
404.44444444444446,3.5,125.0,4.0,0,739.0,0.0,0.0,0.0
524.25,4.5,367.0,4.0,1,378.0,0.0,0.0,0.0
674.5,7.0,1090.0,4.0,0,1600.0,0.0,0.0,0.0
417.0,5.5,459.0,4.0,1,830.0,0.0,0.0,0.0
226.25,10.333333333333334,99.0,4.0,1,577.0,0.0,0.0,0.0
60.0,1.0,852.0,4.0,1,138.0,0.0,0.0,0.0
385.5,5.5,196.0,0.0,0,93.0,0.0,0.0,0.0
470.25,4.666666666666667,85.0,4.0,1,528.0,0.0,0.0,0.0
618.75,3.5,496.0,4.0,1,722.0,0.0,0.0,0.0
494.0,4.333333333333333,709.0,4.0,0,385.0,0.0,0.0,0.0
476.0,3.5,486.0,4.0,1,218.0,0.0,0.0,0.0
1122.0,7.5,848.0,4.0,1,978.0,0.0,0.0,0.0
1094.25,5.0,1185.0,4.0,0,3077.0,0.0,0.0,0.0
564.5,5.5,128.0,4.0,1,169.0,0.0,0.0,0.0
834.25,9.5,1766.0,4.0,1,759.0,0.0,0.0,0.0
937.25,19.75,547.0,5.0,1,1028.0,0.0,0.0,0.0
60.0,1.5,130.0,4.5,1,176.0,0.0,0.0,0.0
585.6666666666666,4.75,364.0,4.0,1,717.0,0.0,0.0,0.0
188.2,1.0,274.0,3.5,0,187.0,0.0,0.0,0.0
899.0,12.25,1614.0,4.0,1,635.0,0.0,0.0,0.0
744.25,7.666666666666667,1399.0,4.0,1,2183.0,0.0,0.0,0.0
1090.0,10.666666666666666,833.0,4.0,1,1285.0,0.0,0.0,0.0
25.5,0.6666666666666666,772.0,4.5,1,732.0,0.0,0.0,0.0
471.0,5.5,0.0,4.0,0,157.0,0.0,0.0,0.0
271.1666666666667,6.333333333333333,686.0,4.0,1,432.0,0.0,0.0,0.0
478.75,5.0,69.0,4.0,1,127.0,0.0,0.0,0.0
415.5,5.333333333333333,345.0,2.0,1,155.0,0.0,0.0,0.0
203.75,3.5,785.0,4.0,1,318.0,0.0,0.0,0.0
86.0,2.0,693.0,2.6666666666666665,1,404.0,30.5625,11.0,0.0
985.25,9.5,974.0,4.0,1,2025.0,0.0,0.0,0.0
325.3333333333333,7.5,525.0,4.0,0,669.0,0.0,0.0,0.0
107.33333333333331,2.0,343.0,4.0,1,160.0,9.0,0.0,0.0
690.25,6.25,808.0,4.0,1,1424.0,0.0,0.0,0.0
265.1666666666667,3.0,21.0,4.0,1,728.0,0.0,0.0,0.0
122.4,3.6666666666666665,13.0,4.0,1,413.0,0.0,0.0,0.0
291.0,3.0,816.0,4.0,1,281.0,0.0,0.0,0.0
65.5,1.5,747.0,4.0,1,340.0,35.333333333333336,0.0,0.0
606.25,6.0,600.0,4.0,0,573.0,0.0,0.0,0.0
83.0,2.5,853.0,4.0,1,299.0,39.66666666666666,9.0,0.0
841.8,10.25,1761.0,4.5,0,1743.0,0.0,0.0,0.0
65.25,2.5,132.0,4.0,1,229.0,17.5,1.0,0.0
194.3333333333333,2.6666666666666665,469.0,2.0,1,27.0,0.0,0.0,0.0
1083.6666666666667,3.5,1678.0,4.0,1,3599.0,0.0,0.0,0.0
64.25,1.5,620.0,4.0,1,430.0,39.0,4.0,0.0
359.0,7.0,161.0,2.0,1,63.0,0.0,0.0,0.0
623.25,7.25,497.0,4.0,1,535.0,0.0,0.0,0.0
944.75,11.5,980.0,5.0,1,1491.0,0.0,0.0,0.0
36.75,1.5,272.0,4.0,1,348.0,23.0,16.0,0.0
532.75,4.0,234.0,4.0,1,594.0,0.0,0.0,0.0
832.4285714285714,4.5,2049.0,4.0,1,3060.0,0.0,0.0,0.0
863.0,24.5,798.0,5.0,1,1337.0,0.0,0.0,0.0
494.5,4.5,754.0,4.0,1,320.0,0.0,0.0,0.0
1516.25,18.75,2010.0,4.0,1,715.0,0.0,0.0,0.0
60.0,1.5,599.0,4.0,1,212.0,0.0,0.0,0.0
1111.0,9.0,884.0,4.0,0,988.0,0.0,0.0,0.0
836.25,7.0,667.0,4.0,0,3354.0,0.0,0.0,0.0
242.75,4.5,1188.0,4.0,1,650.0,0.0,0.0,0.0
889.25,6.666666666666667,1753.0,4.0,1,3512.0,0.0,0.0,0.0
494.6666666666667,18.33333333333333,558.0,4.5,1,1292.0,0.0,0.0,0.0
547.25,5.4,706.0,4.0,1,821.0,0.0,0.0,0.0
1103.3333333333333,8.5,453.0,4.0,1,2182.0,0.0,0.0,0.0
504.25,8.0,839.0,4.0,1,595.0,0.0,0.0,0.0
56.5,2.5,792.0,4.0,0,182.0,19.666666666666668,2.0,0.0
81.0,0.5,617.0,4.0,0,568.0,24.9,5.0,0.0
990.0,12.166666666666666,193.0,4.0,1,530.0,0.0,0.0,0.0
297.25,3.5,297.0,2.0,1,195.0,0.0,0.0,0.0
997.8333333333334,11.0,1175.0,4.5,0,1220.0,0.0,0.0,0.0
255.0,4.666666666666667,732.0,4.0,0,242.0,0.0,0.0,0.0
220.75,5.0,607.0,4.0,0,216.0,0.0,0.0,0.0
61.0,1.5,138.0,4.5,0,981.0,24.8,2.0,0.0
534.0,5.5,256.0,2.0,1,625.0,0.0,0.0,0.0
79.75,2.0,273.0,4.0,1,489.0,29.13636363636364,15.0,0.0
70.75,2.0,124.0,4.5,0,96.0,0.0,0.0,0.0
132.33333333333334,4.0,159.0,4.0,1,526.0,28.2,8.0,0.0
353.0,6.0,693.0,4.0,0,634.0,0.0,0.0,0.0
97.5,2.0,388.0,4.0,1,667.0,20.0,2.0,0.0
57.25,2.0,1049.0,4.0,1,93.0,27.647058823529413,12.0,0.0
600.25,2.0,1359.0,4.0,1,2356.0,0.0,0.0,0.0
316.0,2.5,160.0,4.0,0,311.0,0.0,0.0,0.0
925.5,13.5,1479.0,4.0,1,2624.0,0.0,0.0,0.0
1037.0,10.0,1198.0,2.0,0,1559.0,0.0,0.0,0.0
820.5,9.5,1590.0,4.0,1,353.0,0.0,0.0,0.0
511.5,3.5,209.0,4.0,0,416.0,0.0,0.0,0.0
141.33333333333334,2.0,202.0,4.0,0,306.0,17.0,1.0,0.0
555.5,4.5,453.0,3.0,1,479.0,0.0,0.0,0.0
913.75,15.333333333333334,603.0,4.5,1,1030.0,0.0,0.0,0.0
458.0,3.5,129.0,4.0,0,413.0,0.0,0.0,0.0
22.5,0.5,720.0,4.0,0,535.0,0.0,0.0,0.0
530.6666666666666,6.5,361.0,2.0,1,49.0,0.0,0.0,0.0
447.75,3.5,515.0,4.0,1,59.0,0.0,0.0,0.0
315.5,4.0,774.0,4.0,1,612.0,0.0,0.0,0.0
902.0,14.0,1821.0,4.0,1,2272.0,0.0,0.0,0.0
241.25,4.666666666666667,593.0,4.0,0,32.0,0.0,0.0,0.0
37.75,3.0,353.0,2.0,0,99.0,20.181818181818183,5.0,0.0
244.0,3.5,487.0,2.0,0,184.0,0.0,0.0,0.0
144.0,8.0,632.0,4.0,1,152.0,30.0,4.0,0.0
498.3333333333333,3.5,492.0,4.0,0,1330.0,0.0,0.0,0.0
1000.8333333333334,12.0,1103.0,4.5,0,1420.0,0.0,0.0,0.0
329.25,5.0,413.0,4.0,1,384.0,0.0,0.0,0.0
378.3333333333333,5.333333333333333,321.0,4.0,0,344.0,0.0,0.0,0.0
505.3333333333333,6.0,483.0,4.0,1,635.0,0.0,0.0,0.0
822.5,6.333333333333333,1525.0,4.0,1,3004.0,0.0,0.0,0.0
377.2,7.0,108.0,4.0,1,432.0,0.0,0.0,0.0
345.8333333333333,3.0,156.0,4.0,0,28.0,0.0,0.0,0.0
21.0,3.5,440.0,4.5,1,226.0,24.571428571428573,12.0,0.0
659.5,7.0,791.0,4.5,1,1591.0,0.0,0.0,0.0
138.0,4.5,431.0,2.6666666666666665,1,43.0,0.0,0.0,0.0
89.5,4.0,191.0,4.0,1,207.0,18.666666666666668,1.0,0.0
453.75,4.0,272.0,4.0,1,977.0,0.0,0.0,0.0
720.5,10.0,1339.0,4.0,1,1553.0,0.0,0.0,0.0
513.0,5.5,334.0,2.0,0,0.0,0.0,0.0,0.0
768.0,6.0,1506.0,4.0,1,2558.0,0.0,0.0,0.0
530.75,8.75,39.0,4.5,1,1624.0,0.0,0.0,0.0
746.5,9.5,518.0,4.0,1,696.0,0.0,0.0,0.0
494.0,3.0,78.0,4.0,1,385.0,0.0,0.0,0.0
111.0,2.0,284.0,4.0,0,260.0,29.5,2.0,0.0
307.3333333333333,2.5,209.0,4.0,1,1229.0,0.0,0.0,0.0
456.5,5.0,159.0,4.0,0,348.0,0.0,0.0,0.0
23.5,3.0,254.0,4.0,1,255.0,2.0,0.0,0.0
250.66666666666663,2.0,377.0,4.0,0,1064.0,0.0,0.0,0.0
217.66666666666663,3.5,86.0,4.0,1,378.0,0.0,0.0,0.0
276.25,3.5,115.0,4.0,1,968.0,0.0,0.0,0.0
183.3333333333333,5.4,1124.0,4.0,1,516.0,0.0,0.0,0.0
1691.25,27.5,723.0,4.0,1,357.0,0.0,0.0,0.0
758.0,8.5,1496.0,4.0,1,2227.0,0.0,0.0,0.0
218.66666666666663,4.333333333333333,83.0,4.0,0,122.0,0.0,0.0,0.0
415.3333333333333,6.0,82.0,4.0,1,139.0,0.0,0.0,0.0
684.1666666666666,8.0,428.0,4.0,1,690.0,0.0,0.0,0.0
685.0,6.25,992.0,4.0,1,118.0,0.0,0.0,0.0
266.0,3.5,115.0,4.0,1,175.0,0.0,0.0,0.0
261.25,3.5,315.0,2.6666666666666665,0,10.0,0.0,0.0,0.0
81.5,2.0,340.0,4.0,1,553.0,24.07692307692308,8.0,0.0
980.3333333333334,24.0,2327.0,2.5,0,411.0,0.0,0.0,0.0
399.5,3.5,302.0,4.0,1,99.0,0.0,0.0,0.0
436.0,3.5,61.0,4.0,1,315.0,0.0,0.0,0.0
790.0,13.333333333333334,1667.0,4.5,0,1026.0,0.0,0.0,0.0
255.5,5.6,1038.0,4.0,0,395.0,25.0,2.0,0.0
99.0,1.5,87.0,4.0,0,167.0,16.142857142857142,1.0,0.0
787.5,5.5,1819.0,4.0,1,2649.0,0.0,0.0,0.0
956.0,17.0,1622.0,2.0,1,2052.0,0.0,0.0,0.0
432.5,15.5,480.0,4.0,0,149.0,0.0,0.0,0.0
48.5,3.0,245.0,4.0,1,769.0,0.0,0.0,0.0
1079.5,13.4,1039.0,4.0,1,2773.0,0.0,0.0,0.0
207.16666666666663,3.5,328.0,2.0,1,54.0,0.0,0.0,0.0
26.0,1.0,281.0,4.0,1,515.0,27.53333333333333,9.0,0.0
389.6,8.0,261.0,4.0,1,222.0,0.0,0.0,0.0
334.5,3.5,271.0,4.0,0,174.0,21.666666666666668,2.0,0.0
427.0,5.5,283.0,4.0,0,1358.0,0.0,0.0,0.0
424.75,6.0,112.0,4.0,1,496.0,0.0,0.0,0.0
392.25,6.5,291.0,4.0,0,319.0,18.0,0.0,0.0
249.25,5.5,1107.0,4.0,1,519.0,0.0,0.0,0.0
205.75,3.5,383.0,4.0,1,666.0,0.0,0.0,0.0
231.3333333333333,3.0,727.0,4.0,0,726.0,0.0,0.0,0.0
149.75,2.5,1075.0,4.0,1,96.0,25.75,13.0,0.0
706.75,8.0,943.0,4.0,1,1550.0,0.0,0.0,0.0
905.6666666666666,6.5,742.0,4.0,1,229.0,0.0,0.0,0.0
132.25,5.0,368.0,4.0,1,147.0,0.0,0.0,0.0
1579.3333333333333,17.0,180.0,4.0,1,741.0,0.0,0.0,0.0
710.5,22.0,546.0,4.5,1,769.0,0.0,0.0,0.0
1555.0,11.75,276.0,4.0,1,625.0,0.0,0.0,0.0
372.25,4.0,248.0,4.0,1,48.0,0.0,0.0,0.0
391.75,5.5,383.0,4.0,1,252.0,0.0,0.0,0.0
391.5,5.5,731.0,4.0,1,514.0,0.0,0.0,0.0
240.75,3.5,545.0,4.0,1,69.0,0.0,0.0,0.0
795.25,15.0,1700.0,2.0,1,1922.0,0.0,0.0,0.0
303.2,5.75,697.0,2.0,1,93.0,0.0,0.0,0.0
378.5,5.5,290.0,4.0,1,151.0,0.0,0.0,0.0
1602.0,6.666666666666667,2000.0,4.0,1,431.0,0.0,0.0,0.0
795.25,7.0,1018.0,4.0,1,630.0,0.0,0.0,0.0
155.25,5.0,153.0,4.0,1,270.0,0.0,0.0,0.0
375.0,4.5,530.0,4.0,1,727.0,0.0,0.0,0.0
39.0,1.5,772.0,4.0,1,654.0,21.2,4.0,0.0
1645.6666666666667,24.25,445.0,4.0,1,599.0,0.0,0.0,0.0
662.0,9.75,711.0,4.0,1,85.0,0.0,0.0,0.0
519.25,3.6666666666666665,102.0,4.0,1,518.0,0.0,0.0,0.0
988.3333333333334,10.666666666666666,1061.0,4.0,1,1920.0,0.0,0.0,0.0
248.16666666666663,8.333333333333334,403.0,4.0,1,205.0,0.0,0.0,0.0
320.25,4.75,173.0,4.0,1,186.0,0.0,0.0,0.0
330.3333333333333,7.75,621.0,4.0,0,422.0,0.0,0.0,0.0
294.75,2.5,933.0,4.0,1,649.0,0.0,0.0,0.0
83.0,3.5,1064.0,4.0,1,383.0,29.176470588235293,9.0,0.0
5.5,1.0,302.0,2.0,0,639.0,27.928571428571427,9.0,0.0
885.0,18.5,2083.0,4.0,0,1938.0,0.0,0.0,0.0
70.125,3.0,705.0,4.0,1,461.0,1.0,0.0,0.0
133.5,3.5,408.0,4.0,1,249.0,33.666666666666664,2.0,0.0
192.0,4.0,616.0,4.0,1,190.0,18.125,4.0,0.0
849.75,5.0,1020.0,4.0,1,3634.0,0.0,0.0,0.0
220.25,2.5,270.0,4.0,1,222.0,7.0,2.0,0.0
799.5,9.25,670.0,4.5,1,2228.0,0.0,0.0,0.0
532.25,8.0,353.0,4.0,1,166.0,0.0,0.0,0.0
1008.0,10.0,958.0,4.0,1,1726.0,0.0,0.0,0.0
824.0,7.5,286.0,4.5,1,2364.0,0.0,0.0,0.0
1264.5,8.5,1993.0,4.0,1,1187.0,0.0,0.0,0.0
49.5,1.0,741.0,4.0,1,439.0,17.0,1.0,0.0
44.0,1.5,1454.0,4.0,1,315.0,32.68181818181818,11.0,0.0
386.3333333333333,4.0,563.0,4.0,0,496.0,0.0,0.0,0.0
453.75,3.5,176.0,4.0,1,268.0,0.0,0.0,0.0
161.25,2.0,262.0,4.0,1,289.0,0.0,0.0,0.0
541.6666666666666,2.5,508.0,4.0,1,372.0,0.0,0.0,0.0
172.16666666666666,2.0,718.0,4.0,0,218.0,29.23529411764705,12.0,0.0
997.5,4.5,2344.0,4.0,1,4280.0,0.0,0.0,0.0
396.75,4.0,373.0,2.0,1,174.0,0.0,0.0,0.0
27.666666666666668,1.0,803.0,4.0,0,805.0,0.0,0.0,0.0
1686.3333333333333,20.0,345.0,4.0,1,866.0,0.0,0.0,0.0
441.5,5.0,197.0,4.0,1,153.0,0.0,0.0,0.0
526.75,4.0,111.0,4.0,1,511.0,0.0,0.0,0.0
570.8333333333334,4.5,364.0,4.0,1,531.0,0.0,0.0,0.0
664.0,12.333333333333334,1102.0,5.0,1,1910.0,0.0,0.0,0.0
1065.75,21.75,2193.0,4.5,1,821.0,0.0,0.0,0.0
319.25,4.5,352.0,4.0,1,724.0,0.0,0.0,0.0
497.25,6.5,144.0,4.0,1,606.0,0.0,0.0,0.0
121.5,2.5,140.0,4.0,0,48.0,0.0,0.0,0.0
877.5,8.5,1699.0,4.0,0,2559.0,0.0,0.0,0.0
565.5,6.333333333333333,484.0,2.0,0,584.0,0.0,0.0,0.0
713.0,6.0,802.0,4.0,1,1555.0,0.0,0.0,0.0
440.4,5.0,174.0,4.0,0,128.0,0.0,0.0,0.0
1272.75,27.0,1599.0,2.5,0,656.0,0.0,0.0,0.0
600.0,3.5,581.0,4.0,1,825.0,0.0,0.0,0.0
522.125,5.0,500.0,4.0,1,760.0,0.0,0.0,0.0
253.0,4.0,600.0,2.0,1,442.0,20.0,3.0,0.0
425.75,2.5,77.0,4.0,1,445.0,0.0,0.0,0.0
15.833333333333334,8.25,471.0,4.0,0,1041.0,0.0,0.0,0.0
296.3333333333333,5.0,477.0,4.0,0,832.0,0.0,0.0,0.0
14.666666666666666,2.0,486.0,4.0,0,649.0,0.0,0.0,0.0
96.5,3.0,78.0,4.0,1,100.0,31.6,3.0,0.0
272.25,1.5,148.0,4.0,0,195.0,5.0,0.0,0.0
856.0,6.5,1155.0,4.0,1,157.0,0.0,0.0,0.0
43.0,1.5,423.0,4.0,1,149.0,0.0,0.0,0.0
838.25,6.5,1093.0,4.0,1,3152.0,0.0,0.0,0.0
373.25,3.5,143.0,4.0,1,183.0,0.0,0.0,0.0
150.0,2.0,178.0,4.0,1,297.0,0.0,0.0,0.0
754.25,4.0,1615.0,4.0,1,2348.0,0.0,0.0,0.0
1176.25,27.75,749.0,4.0,1,656.0,0.0,0.0,0.0
1168.0,8.333333333333334,874.0,4.0,1,2794.0,0.0,0.0,0.0
94.0,1.0,1013.0,3.5,0,444.0,37.2,7.0,0.0
97.9,1.5,866.0,4.0,0,928.0,30.0,8.0,0.0
942.0,12.333333333333334,1395.0,4.0,1,2620.0,0.0,0.0,0.0
681.75,11.0,712.0,4.0,1,1356.0,0.0,0.0,0.0
1436.8333333333333,19.0,763.0,5.0,1,91.0,0.0,0.0,0.0
849.25,6.5,927.0,4.0,1,533.0,0.0,0.0,0.0
92.33333333333331,4.0,777.0,2.6666666666666665,1,42.0,0.0,0.0,0.0
551.5,7.25,77.0,5.0,1,1507.0,0.0,0.0,0.0
752.75,11.5,1375.0,2.6666666666666665,0,630.0,0.0,0.0,0.0
169.25,3.5,645.0,4.0,1,88.0,15.5,2.0,0.0
531.5,3.5,123.0,4.0,1,359.0,0.0,0.0,0.0
834.0,13.0,1502.0,2.0,1,1261.0,0.0,0.0,0.0
547.25,4.0,27.0,4.0,1,246.0,0.0,0.0,0.0
323.5,5.5,153.0,2.0,1,63.0,0.0,0.0,0.0
211.5,4.0,483.0,4.0,0,597.0,0.0,0.0,0.0
794.0,16.0,1571.0,4.0,0,717.0,0.0,0.0,0.0
549.0,7.75,536.0,2.6666666666666665,0,63.0,0.0,0.0,0.0
641.0,19.5,252.0,5.0,0,2063.0,0.0,0.0,0.0
643.25,4.0,0.0,4.0,1,1030.0,0.0,0.0,0.0
671.5,11.75,742.0,4.0,1,296.0,0.0,0.0,0.0
96.5,2.0,924.0,4.0,1,74.0,15.5,2.0,0.0
7.2,3.5,43.0,4.5,0,866.0,33.69230769230769,11.0,0.0
433.5,11.5,350.0,4.0,1,803.0,0.0,0.0,0.0
380.0,3.5,425.0,4.0,1,179.0,49.5,2.0,0.0
10.0,3.5,233.0,3.0,1,682.0,0.0,0.0,0.0
645.75,5.0,524.0,4.0,1,256.0,0.0,0.0,0.0
529.75,8.2,579.0,2.0,0,325.0,0.0,0.0,0.0
27.83333333333333,1.5,807.0,4.0,0,440.0,22.454545454545453,21.0,0.0
493.5,6.333333333333333,740.0,4.0,1,484.0,0.0,0.0,0.0
56.75,2.5,674.0,2.0,1,16.0,21.571428571428573,4.0,0.0
308.3333333333333,6.5,82.0,4.0,1,74.0,0.0,0.0,0.0
1151.75,16.0,1852.0,4.0,1,1498.0,0.0,0.0,0.0
365.6666666666667,5.5,771.0,4.0,1,907.0,0.0,0.0,0.0
1035.0,16.333333333333332,2312.0,4.0,1,846.0,0.0,0.0,0.0
235.25,2.5,457.0,4.0,1,229.0,0.0,0.0,0.0
295.25,5.0,743.0,4.0,1,481.0,0.0,0.0,0.0
44.66666666666666,2.5,113.0,4.0,1,189.0,0.0,0.0,0.0
8.6,5.0,563.0,2.0,0,1132.0,0.0,0.0,0.0
23.0,2.0,836.0,4.0,1,278.0,0.0,0.0,0.0
470.0,6.0,385.0,4.0,1,664.0,0.0,0.0,0.0
1259.5,10.0,2200.0,4.0,1,1398.0,0.0,0.0,0.0
264.0,15.0,221.0,4.0,1,380.0,0.0,0.0,0.0
216.3333333333333,3.5,968.0,4.0,1,924.0,20.0,1.0,0.0
1347.75,15.25,1681.0,4.0,1,573.0,0.0,0.0,0.0
906.25,10.333333333333334,1440.0,4.0,1,2333.0,0.0,0.0,0.0
145.5,3.0,190.0,3.0,0,223.0,0.0,0.0,0.0
565.8888888888889,15.75,672.0,5.0,0,1447.0,0.0,0.0,0.0
1190.0,7.0,335.0,4.0,1,1509.0,0.0,0.0,0.0
30.0,12.0,431.0,4.0,1,640.0,15.0,13.0,0.0
523.4,5.333333333333333,413.0,2.0,1,105.0,0.0,0.0,0.0
714.75,10.75,668.0,5.0,1,1378.0,0.0,0.0,0.0
571.6666666666666,5.5,169.0,4.0,1,565.0,0.0,0.0,0.0
245.66666666666663,3.5,260.0,4.0,1,97.0,0.0,0.0,0.0
14.25,7.5,415.0,2.0,0,347.0,18.5,9.0,0.0
776.2,6.0,783.0,4.0,1,2028.0,0.0,0.0,0.0
266.75,4.666666666666667,717.0,4.0,1,213.0,0.0,0.0,0.0
1156.1666666666667,12.25,707.0,4.0,1,1092.0,0.0,0.0,0.0
572.5,4.5,0.0,4.0,1,109.0,0.0,0.0,0.0
112.0,3.0,45.0,4.0,1,611.0,0.0,0.0,0.0
413.6666666666667,3.5,280.0,4.0,1,304.0,0.0,0.0,0.0
111.33333333333331,1.5,488.0,4.0,0,582.0,36.285714285714285,8.0,0.0
787.5,13.333333333333334,948.0,5.0,1,1272.0,0.0,0.0,0.0
1.5,1.0,752.0,0.0,0,1200.0,0.0,0.0,0.0
52.66666666666666,1.0,120.0,4.0,1,252.0,0.0,0.0,0.0
98.5,1.0,226.0,4.0,1,452.0,8.75,0.0,0.0
292.0,6.5,219.0,4.0,1,351.0,0.0,0.0,0.0
1246.75,5.333333333333333,1133.0,4.0,1,2593.0,0.0,0.0,0.0
523.6666666666666,10.5,227.0,4.0,1,343.0,0.0,0.0,0.0
151.8,2.5,391.0,3.5,0,12.0,0.0,0.0,0.0
23.0,1.5,631.0,4.0,1,692.0,33.666666666666664,2.0,0.0
22.5,0.5,953.0,4.0,1,358.0,0.0,0.0,0.0
460.0,5.0,563.0,2.6666666666666665,1,64.0,0.0,0.0,0.0
16.333333333333332,1.25,120.0,4.5,0,852.0,0.0,0.0,0.0
89.25,2.5,538.0,2.0,1,17.0,0.0,0.0,0.0
536.8,3.5,180.0,4.0,0,263.0,0.0,0.0,0.0
1217.25,30.0,749.0,4.0,1,574.0,0.0,0.0,0.0
1197.75,9.5,1413.0,4.0,1,440.0,0.0,0.0,0.0
122.33333333333331,4.0,165.0,4.0,0,235.0,12.0,5.0,0.0
275.5,2.75,143.0,2.0,1,36.0,0.0,0.0,0.0
44.25,2.0,29.0,4.0,1,164.0,31.4,6.0,0.0
557.0,4.0,104.0,4.0,1,404.0,0.0,0.0,0.0
521.75,4.666666666666667,303.0,4.0,0,123.0,0.0,0.0,0.0
155.25,3.0,600.0,2.0,1,44.0,40.0,3.0,0.0
78.2,2.5,0.0,4.0,1,216.0,33.333333333333336,2.0,0.0
1096.0,13.333333333333334,597.0,4.5,0,1594.0,0.0,0.0,0.0
142.5,3.0,209.0,4.0,1,518.0,0.0,0.0,0.0
252.75,4.666666666666667,261.0,4.0,0,482.0,0.0,0.0,0.0
194.75,2.5,585.0,4.0,1,252.0,0.0,0.0,0.0
222.25,2.0,518.0,4.0,0,538.0,0.0,0.0,0.0
55.66666666666666,1.5,214.0,4.0,0,559.0,0.0,0.0,0.0
807.75,9.333333333333334,939.0,5.0,1,1406.0,0.0,0.0,0.0
736.3333333333334,7.5,1231.0,4.0,0,1842.0,0.0,0.0,0.0
1612.75,31.75,1183.0,5.0,1,192.0,0.0,0.0,0.0
1301.75,10.333333333333334,899.0,4.0,0,819.0,0.0,0.0,0.0
764.75,13.0,1008.0,4.0,1,886.0,0.0,0.0,0.0
41.333333333333336,1.5,246.0,4.0,1,215.0,32.23076923076923,12.0,0.0
467.0,7.0,0.0,4.0,1,592.0,0.0,0.0,0.0
503.5,6.0,25.0,4.0,0,685.0,0.0,0.0,0.0
71.33333333333333,13.666666666666666,121.0,4.0,0,933.0,23.33333333333333,1.0,0.0
632.5,3.0,214.0,4.0,1,751.0,0.0,0.0,0.0
56.0,1.5,84.0,4.0,1,442.0,0.0,0.0,0.0
991.75,18.8,352.0,5.0,1,1135.0,0.0,0.0,0.0
642.3333333333334,7.333333333333333,534.0,4.5,1,1545.0,0.0,0.0,0.0
766.25,16.5,562.0,4.5,1,705.0,0.0,0.0,0.0
1360.25,10.666666666666666,639.0,4.0,0,969.0,0.0,0.0,0.0
1060.5,14.0,2079.0,4.0,0,1073.0,0.0,0.0,0.0
196.66666666666663,2.5,389.0,4.0,0,188.0,0.0,0.0,0.0
1466.8,33.75,1436.0,2.5,1,540.0,0.0,0.0,0.0
34.333333333333336,1.5,14.0,4.0,1,239.0,0.0,0.0,0.0
24.0,1.0,859.0,4.0,0,726.0,0.0,0.0,0.0
517.75,2.5,548.0,4.0,1,731.0,0.0,0.0,0.0
142.33333333333334,3.75,180.0,4.0,1,333.0,30.55555555555556,7.0,0.0
141.25,2.5,670.0,4.0,1,358.0,30.75,4.0,0.0
561.8333333333334,11.0,625.0,4.0,1,675.0,0.0,0.0,0.0
707.5,8.0,1032.0,4.0,1,1585.0,0.0,0.0,0.0
97.5,3.0,343.0,4.0,1,74.0,0.0,0.0,0.0
780.3333333333334,5.0,1831.0,4.0,1,2560.0,0.0,0.0,0.0
339.5,5.5,538.0,4.0,1,675.0,0.0,0.0,0.0
1591.75,11.75,1935.0,4.0,1,572.0,0.0,0.0,0.0
727.75,6.0,1060.0,4.0,1,2111.0,0.0,0.0,0.0
282.75,3.0,248.0,4.0,1,143.0,0.0,0.0,0.0
698.25,16.5,457.0,4.0,1,469.0,0.0,0.0,0.0
343.0,3.5,957.0,4.0,1,961.0,0.0,0.0,0.0
931.75,15.75,591.0,5.0,1,1040.0,0.0,0.0,0.0
170.5,4.25,183.0,4.0,0,78.0,0.0,0.0,0.0
1689.3333333333333,23.0,380.0,4.0,1,767.0,0.0,0.0,0.0
321.5,6.0,217.0,2.6666666666666665,0,25.0,0.0,0.0,0.0
632.6666666666666,5.5,723.0,4.0,1,953.0,0.0,0.0,0.0
5.75,0.5,459.0,5.0,1,102.0,0.0,0.0,0.0
327.5,5.5,754.0,4.0,1,360.0,0.0,0.0,0.0
121.5,1.5,57.0,4.0,1,491.0,3.0,0.0,0.0
83.75,2.5,382.0,4.0,1,470.0,13.357142857142858,9.0,0.0
169.0,7.0,749.0,4.0,1,472.0,0.0,0.0,0.0
106.66666666666669,3.5,520.0,4.0,1,162.0,25.63636363636364,7.0,0.0
359.3333333333333,4.0,771.0,4.0,0,367.0,0.0,0.0,0.0
1003.0,16.166666666666668,2408.0,4.0,1,627.0,0.0,0.0,0.0
514.25,3.0,385.0,4.0,0,542.0,0.0,0.0,0.0
394.6666666666667,3.5,170.0,4.0,1,638.0,0.0,0.0,0.0
64.75,1.5,773.0,4.0,1,538.0,23.571428571428573,17.0,0.0
268.75,2.5,940.0,2.0,0,34.0,0.0,0.0,0.0
751.25,16.5,1069.0,4.0,0,112.0,0.0,0.0,0.0
730.6,7.0,1336.0,2.0,1,2299.0,0.0,0.0,0.0
519.5,3.5,156.0,4.0,1,552.0,0.0,0.0,0.0
584.5,4.0,0.0,4.0,1,912.0,0.0,0.0,0.0
305.0,14.25,335.0,4.0,1,2.0,0.0,0.0,0.0
278.6666666666667,3.0,957.0,4.0,1,235.0,0.0,0.0,0.0
759.25,15.0,1491.0,4.0,1,815.0,0.0,0.0,0.0
1502.0,23.0,1001.0,5.0,1,99.0,0.0,0.0,0.0
172.0,3.4,495.0,4.0,1,262.0,0.0,0.0,0.0
388.5,8.0,171.0,4.0,1,257.0,0.0,0.0,0.0
369.5,4.5,216.0,4.0,1,292.0,0.0,0.0,0.0
433.5,6.0,247.0,4.0,0,128.0,0.0,0.0,0.0
287.2,4.333333333333333,233.0,4.0,0,306.0,0.0,0.0,0.0
43.0,2.5,1274.0,4.0,0,497.0,33.78947368421053,9.0,0.0
270.25,3.0,33.0,4.0,1,465.0,0.0,0.0,0.0
1149.0,9.333333333333334,709.0,4.0,1,1086.0,0.0,0.0,0.0
96.25,2.5,879.0,4.0,1,146.0,22.46153846153846,5.0,0.0
6.4,1.0,558.0,4.0,0,243.0,25.90909090909091,13.0,0.0
560.4,3.0,0.0,4.0,1,620.0,0.0,0.0,0.0
532.1666666666666,3.5,691.0,4.0,1,391.0,0.0,0.0,0.0
269.25,2.5,117.0,4.0,1,989.0,0.0,0.0,0.0
56.25,3.0,411.0,4.0,1,940.0,0.0,0.0,0.0
1327.0,28.25,1229.0,2.5,1,347.0,0.0,0.0,0.0
330.75,4.0,347.0,4.0,0,414.0,0.0,0.0,0.0
138.25,4.0,303.0,4.0,1,39.0,0.0,0.0,0.0
24.0,3.0,492.0,4.5,1,198.0,6.0,1.0,0.0
348.3333333333333,7.25,656.0,4.0,1,692.0,0.0,0.0,0.0
400.5,6.0,74.0,2.6666666666666665,1,9.0,0.0,0.0,0.0
1325.75,10.0,2292.0,4.0,1,1188.0,0.0,0.0,0.0
322.5,10.25,770.0,4.0,1,310.0,0.0,0.0,0.0
277.3333333333333,3.0,476.0,4.0,0,686.0,0.0,0.0,0.0
559.3333333333334,7.0,200.0,4.0,1,943.0,0.0,0.0,0.0
14.25,13.75,337.0,4.0,1,856.0,19.8,2.0,0.0
552.1666666666666,27.0,268.0,5.0,0,1750.0,0.0,0.0,0.0
5.4,1.0,673.0,2.0,1,123.0,29.181818181818183,4.0,0.0
503.5,4.5,714.0,4.0,1,496.0,0.0,0.0,0.0
387.0,3.5,696.0,4.0,1,650.0,0.0,0.0,0.0
939.0,13.333333333333334,1218.0,4.0,1,2220.0,0.0,0.0,0.0
594.0,10.25,578.0,5.0,0,1061.0,0.0,0.0,0.0
244.75,3.0,260.0,4.0,0,754.0,0.0,0.0,0.0
357.5,7.0,72.0,4.0,1,555.0,0.0,0.0,0.0
51.0,1.0,762.0,4.0,1,303.0,18.75,4.0,0.0
45.0,1.0,720.0,4.0,0,645.0,17.666666666666668,10.0,0.0
409.75,10.5,471.0,4.0,0,142.0,0.0,0.0,0.0
998.0,12.666666666666666,765.0,5.0,0,1247.0,0.0,0.0,0.0
141.66666666666666,5.4,165.0,4.0,1,307.0,0.0,0.0,0.0
271.3333333333333,3.5,208.0,4.0,0,217.0,28.181818181818183,7.0,0.0
469.75,4.333333333333333,353.0,4.0,1,1361.0,0.0,0.0,0.0
1349.6666666666667,13.666666666666666,1105.0,5.0,0,118.0,0.0,0.0,0.0
822.3333333333334,10.5,1289.0,5.0,1,1411.0,0.0,0.0,0.0
611.75,5.75,741.0,4.0,1,499.0,0.0,0.0,0.0
229.0,4.5,209.0,2.0,0,50.0,0.0,0.0,0.0
1431.8333333333333,14.5,918.0,5.0,1,43.0,0.0,0.0,0.0
6.666666666666667,1.5,600.0,4.0,1,280.0,26.0,5.0,0.0
29.8,1.5,380.0,4.5,1,104.0,26.666666666666668,11.0,0.0
524.0,4.5,49.0,4.0,0,372.0,0.0,0.0,0.0
980.0,12.0,1174.0,4.0,1,2524.0,0.0,0.0,0.0
154.2,2.0,751.0,4.0,1,339.0,34.0,2.0,0.0
255.25,1.5,247.0,4.0,1,235.0,0.0,0.0,0.0
162.0,12.4,435.0,4.0,1,476.0,0.0,0.0,0.0
55.75,2.5,114.0,4.0,1,192.0,24.571428571428573,4.0,0.0
1122.5,19.25,1709.0,2.5,1,652.0,0.0,0.0,0.0
2.0,1.5,0.0,2.0,1,90.0,7.533333333333333,7.0,0.0
759.0,14.5,910.0,4.0,1,314.0,0.0,0.0,0.0
233.66666666666663,5.666666666666667,209.0,2.0,0,68.0,0.0,0.0,0.0
252.5,6.5,81.0,4.0,1,813.0,0.0,0.0,0.0
416.3333333333333,7.0,219.0,4.0,0,345.0,0.0,0.0,0.0
5.5,2.0,851.0,3.0,1,289.0,27.77777777777778,7.0,0.0
195.5,3.0,507.0,4.0,1,151.0,0.0,0.0,0.0
1306.25,19.5,1449.0,4.0,1,212.0,0.0,0.0,0.0
523.0,7.666666666666667,510.0,4.0,1,203.0,0.0,0.0,0.0
272.75,2.5,283.0,2.6666666666666665,1,83.0,0.0,0.0,0.0
407.25,2.5,267.0,4.0,0,1137.0,0.0,0.0,0.0
91.25,1.5,947.0,4.0,1,166.0,34.333333333333336,2.0,0.0
161.0,3.5,961.0,4.0,1,251.0,28.05,15.0,0.0
895.5,9.75,1387.0,4.5,1,3562.0,0.0,0.0,0.0
115.0,3.0,624.0,4.0,1,216.0,0.0,0.0,0.0
440.4,3.0,369.0,4.0,1,62.0,0.0,0.0,0.0
267.3333333333333,4.5,200.0,4.0,1,269.0,0.0,0.0,0.0
1482.75,12.5,476.0,4.0,1,1342.0,0.0,0.0,0.0
702.0,6.0,598.0,4.0,1,833.0,0.0,0.0,0.0
286.25,3.5,317.0,2.6666666666666665,0,0.0,0.0,0.0,0.0
305.0,4.5,55.0,4.0,1,280.0,0.0,0.0,0.0
233.5,3.5,167.0,4.0,1,189.0,0.0,0.0,0.0
270.5,7.0,96.0,4.0,1,311.0,0.0,0.0,0.0
406.0,8.0,171.0,4.0,1,416.0,41.0,1.0,0.0
753.0,4.5,1558.0,2.0,1,2402.0,0.0,0.0,0.0
18.83333333333333,2.5,942.0,4.5,1,344.0,16.666666666666668,1.0,0.0
570.0,13.333333333333334,449.0,4.0,1,1088.0,0.0,0.0,0.0
277.6,4.5,100.0,4.0,0,90.0,0.0,0.0,0.0
461.25,6.0,197.0,4.0,1,1200.0,0.0,0.0,0.0
415.5,5.5,323.0,4.0,1,290.0,0.0,0.0,0.0
179.5,3.5,449.0,4.0,1,87.0,0.0,0.0,0.0
1099.0,25.75,350.0,4.0,1,353.0,0.0,0.0,0.0
24.0,0.5,744.0,4.0,1,110.0,0.0,0.0,0.0
1023.0,8.0,2105.0,4.0,1,3980.0,0.0,0.0,0.0
299.3333333333333,5.75,241.0,4.0,1,218.0,0.0,0.0,0.0
546.8333333333334,15.0,1070.0,4.5,1,2388.0,0.0,0.0,0.0
294.6666666666667,3.5,441.0,4.0,0,75.0,0.0,0.0,0.0
445.0,2.0,62.0,4.0,0,1466.0,40.0,2.0,0.0
522.0,4.75,547.0,4.0,1,702.0,0.0,0.0,0.0
1205.5,7.5,937.0,4.0,0,949.0,0.0,0.0,0.0
164.25,2.0,749.0,2.6666666666666665,1,10.0,26.966666666666665,20.0,0.0
475.6666666666667,6.666666666666667,454.0,4.0,1,1220.0,0.0,0.0,0.0
89.16666666666667,3.5,532.0,4.0,0,332.0,27.8,9.0,0.0
540.25,7.5,236.0,5.0,1,1793.0,0.0,0.0,0.0
406.6666666666667,6.5,324.0,2.0,0,0.0,0.0,0.0,0.0
944.5,12.5,1191.0,4.0,1,2120.0,0.0,0.0,0.0
78.25,1.5,793.0,4.0,0,395.0,29.0,12.0,0.0
98.66666666666669,3.0,846.0,4.0,1,373.0,40.0,3.0,0.0
661.75,5.0,741.0,4.0,1,397.0,0.0,0.0,0.0
10.166666666666666,1.5,91.0,4.0,1,233.0,30.46153846153846,11.0,0.0
945.5,9.0,2064.0,4.0,1,3858.0,0.0,0.0,0.0
321.5,5.0,217.0,4.0,1,751.0,0.0,0.0,0.0
66.2,2.5,413.0,4.0,1,324.0,0.0,0.0,0.0
1571.75,7.0,576.0,4.0,1,329.0,0.0,0.0,0.0
53.5,1.0,592.0,4.0,0,331.0,20.829787234042552,25.0,0.0
979.0,17.75,573.0,5.0,1,984.0,0.0,0.0,0.0
771.75,15.75,1513.0,4.0,0,716.0,0.0,0.0,0.0
950.7,11.25,784.0,5.0,1,1305.0,0.0,0.0,0.0
602.0,5.333333333333333,275.0,2.0,1,489.0,0.0,0.0,0.0
353.3333333333333,3.5,13.0,4.0,1,522.0,0.0,0.0,0.0
940.0,7.5,523.0,4.0,1,151.0,0.0,0.0,0.0
19.0,1.5,194.0,4.0,1,252.0,33.55555555555556,5.0,0.0
99.0,2.5,503.0,4.0,1,66.0,0.0,0.0,0.0
14.0,11.25,469.0,2.5,0,1047.0,27.625,16.0,0.0
887.0,6.75,1309.0,4.5,1,3550.0,0.0,0.0,0.0
447.5,7.0,260.0,4.0,1,162.0,0.0,0.0,0.0
77.33333333333333,2.5,331.0,4.5,0,490.0,0.0,0.0,0.0
552.5,4.0,205.0,4.0,1,444.0,0.0,0.0,0.0
720.3333333333334,6.0,1255.0,2.0,1,2199.0,0.0,0.0,0.0
17.333333333333332,1.0,184.0,4.0,1,1017.0,86.0,0.0,0.0
558.5,5.5,367.0,4.5,1,551.0,0.0,0.0,0.0
974.5,11.0,1543.0,4.5,1,538.0,0.0,0.0,0.0
864.5,20.0,773.0,5.0,1,1161.0,0.0,0.0,0.0
169.25,9.5,507.0,4.0,1,103.0,0.0,0.0,0.0
113.75,1.5,506.0,4.0,1,66.0,15.4,4.0,0.0
873.5,4.5,1238.0,4.0,0,3633.0,0.0,0.0,0.0
23.75,1.5,259.0,2.333333333333333,1,42.0,34.0,2.0,0.0
77.25,2.5,288.0,4.0,1,113.0,0.0,0.0,0.0
149.75,1.5,708.0,4.0,1,402.0,29.5,2.0,0.0
413.8,6.0,322.0,4.0,0,123.0,0.0,0.0,0.0
151.75,6.333333333333333,536.0,4.0,1,514.0,0.0,0.0,0.0
279.75,3.0,252.0,4.0,1,201.0,0.0,0.0,0.0
389.0,5.0,760.0,2.0,1,126.0,0.0,0.0,0.0
1608.6666666666667,15.75,400.0,4.0,1,584.0,0.0,0.0,0.0
644.25,5.5,258.0,4.0,0,439.0,0.0,0.0,0.0
245.25,5.5,1098.0,4.0,1,742.0,0.0,0.0,0.0
459.5,7.333333333333333,338.0,2.0,1,192.0,0.0,0.0,0.0
846.5,6.75,1400.0,4.0,1,3242.0,0.0,0.0,0.0
443.75,3.0,114.0,4.0,1,583.0,0.0,0.0,0.0
67.75,2.5,151.0,4.5,1,139.0,0.0,0.0,0.0
47.25,1.6666666666666667,461.0,2.333333333333333,0,7.0,0.0,0.0,0.0
659.5,8.0,185.0,4.0,1,579.0,0.0,0.0,0.0
395.75,4.0,103.0,4.0,1,543.0,0.0,0.0,0.0
50.0,1.5,587.0,4.0,1,700.0,27.307692307692307,10.0,0.0
533.25,3.5,220.0,4.0,1,350.0,0.0,0.0,0.0
21.0,1.5,291.0,4.0,1,346.0,29.0,11.0,0.0
1075.3333333333333,13.0,1647.0,4.5,1,216.0,0.0,0.0,0.0
77.0,1.5,303.0,4.0,1,495.0,0.0,0.0,0.0
442.3333333333333,6.25,295.0,2.0,1,88.0,33.333333333333336,2.0,0.0
499.25,5.5,376.0,4.0,1,75.0,0.0,0.0,0.0
550.3333333333334,1.0,282.0,4.0,0,1088.0,0.0,0.0,0.0
712.0,11.333333333333334,1007.0,4.5,1,33.0,0.0,0.0,0.0
126.25,4.5,337.0,4.0,1,116.0,31.666666666666668,2.0,0.0
675.0,6.0,826.0,2.6666666666666665,1,1677.0,0.0,0.0,0.0
261.75,3.5,82.0,4.0,0,291.0,32.25,5.0,0.0
885.8,8.0,1319.0,5.0,1,1767.0,0.0,0.0,0.0
312.25,6.0,943.0,4.0,1,677.0,0.0,0.0,0.0
1359.25,21.6,1637.0,4.0,1,363.0,0.0,0.0,0.0
386.0,3.0,251.0,4.0,1,566.0,0.0,0.0,0.0
107.75,4.0,914.0,4.0,0,476.0,0.0,0.0,0.0
52.0,1.5,243.0,4.0,0,290.0,8.0,1.0,0.0
633.0,9.0,542.0,4.5,1,1246.0,0.0,0.0,0.0
857.25,9.0,1408.0,4.0,0,568.0,0.0,0.0,0.0
1460.0,19.5,2188.0,4.0,1,755.0,0.0,0.0,0.0
408.5,6.0,510.0,4.0,1,149.0,0.0,0.0,0.0
458.25,8.0,133.0,4.0,0,719.0,0.0,0.0,0.0
426.25,5.0,39.0,4.0,1,1150.0,0.0,0.0,0.0
1386.5,10.0,515.0,4.0,1,635.0,0.0,0.0,0.0
209.5,2.5,284.0,3.333333333333333,1,153.0,0.0,0.0,0.0
839.75,17.0,88.0,5.0,0,2688.0,0.0,0.0,0.0
960.25,11.5,1257.0,4.0,1,2520.0,0.0,0.0,0.0
1281.0,14.0,1089.0,4.0,1,1163.0,0.0,0.0,0.0
49.5,4.5,993.0,4.0,0,330.0,14.1875,28.0,0.0
149.5,2.5,137.0,4.0,1,140.0,0.0,0.0,0.0
124.66666666666669,2.0,699.0,4.5,1,423.0,19.0,7.0,0.0
34.0,1.5,1142.0,4.5,0,449.0,37.66666666666666,2.0,0.0
482.5,8.0,220.0,2.0,1,59.0,29.5,1.0,0.0
267.6666666666667,3.5,0.0,2.0,1,247.0,0.0,0.0,0.0
279.75,9.5,293.0,4.0,1,328.0,0.0,0.0,0.0
573.0,5.25,223.0,4.0,0,497.0,0.0,0.0,0.0
140.75,5.0,545.0,4.0,1,182.0,101.0,0.0,0.0
217.3333333333333,5.833333333333333,522.0,4.0,1,171.0,49.6,3.0,0.0
21.75,3.5,406.0,4.5,1,160.0,19.428571428571427,6.0,0.0
838.0,7.5,858.0,4.0,0,3552.0,0.0,0.0,0.0
238.66666666666663,7.0,436.0,4.0,1,166.0,0.0,0.0,0.0
426.6666666666667,6.5,19.0,4.0,1,187.0,0.0,0.0,0.0
60.25,2.5,160.0,4.0,1,151.0,23.416666666666668,7.0,0.0
498.75,4.0,489.0,4.0,1,97.0,0.0,0.0,0.0
659.1666666666666,8.166666666666666,821.0,4.0,1,852.0,0.0,0.0,0.0
55.0,2.5,185.0,4.0,1,100.0,0.0,0.0,0.0
57.0,1.5,138.0,4.0,0,535.0,0.0,0.0,0.0
20.5,2.5,596.0,4.666666666666667,0,732.0,27.75,14.0,0.0
16.0,2.5,349.0,4.0,1,929.0,38.833333333333336,3.0,0.0
371.0,1.5,549.0,4.0,1,331.0,0.0,0.0,0.0
522.75,6.0,359.0,2.0,1,32.0,0.0,0.0,0.0
588.6666666666666,13.25,166.0,4.0,0,769.0,0.0,0.0,0.0
182.0,3.5,503.0,4.0,1,507.0,0.0,0.0,0.0
1159.8,9.666666666666666,307.0,4.0,1,1491.0,0.0,0.0,0.0
367.25,5.0,344.0,4.0,0,498.0,0.0,0.0,0.0
513.75,4.5,196.0,4.0,1,417.0,0.0,0.0,0.0
790.75,13.0,1297.0,5.0,1,1401.0,0.0,0.0,0.0
81.33333333333333,1.0,559.0,4.0,1,209.0,0.0,0.0,0.0
632.5,6.0,47.0,4.0,1,362.0,0.0,0.0,0.0
41.75,1.5,1039.0,2.0,0,48.0,31.30434782608696,12.0,0.0
88.0,2.5,593.0,4.0,1,579.0,40.2,3.0,0.0
316.2,5.0,206.0,4.0,1,519.0,0.0,0.0,0.0
401.75,5.75,399.0,4.0,1,373.0,51.0,1.0,0.0
921.25,11.0,1460.0,4.0,1,1951.0,0.0,0.0,0.0
197.3333333333333,4.0,626.0,4.0,1,312.0,0.0,0.0,0.0
375.25,5.0,554.0,4.0,0,362.0,0.0,0.0,0.0
550.6666666666666,5.0,440.0,4.0,0,379.0,0.0,0.0,0.0
1259.75,10.5,1256.0,4.0,1,534.0,0.0,0.0,0.0
557.0,4.5,127.0,4.0,1,245.0,0.0,0.0,0.0
47.5,4.0,448.0,4.0,0,656.0,24.94736842105263,11.0,0.0
741.6,8.0,1107.0,4.0,1,2113.0,0.0,0.0,0.0
638.0,4.75,0.0,4.5,0,1018.0,0.0,0.0,0.0
614.25,13.6,754.0,5.0,1,1341.0,0.0,0.0,0.0
147.25,2.5,1051.0,2.6666666666666665,1,12.0,26.08333333333333,8.0,0.0
540.5,6.0,251.0,4.0,1,364.0,0.0,0.0,0.0
127.33333333333331,4.0,102.0,4.0,0,503.0,28.5,2.0,0.0
402.8333333333333,5.5,241.0,4.0,1,262.0,22.0,2.0,0.0
113.5,3.6666666666666665,368.0,4.0,1,129.0,0.0,0.0,0.0
114.66666666666669,2.5,723.0,4.0,0,117.0,0.0,0.0,0.0
487.25,6.333333333333333,336.0,2.0,0,241.0,0.0,0.0,0.0
1018.5,16.75,206.0,5.0,1,415.0,0.0,0.0,0.0
1153.5,12.0,1180.0,4.0,1,1015.0,0.0,0.0,0.0
850.5,7.0,1737.0,4.0,0,3164.0,0.0,0.0,0.0
634.8333333333334,8.0,121.0,4.0,0,504.0,0.0,0.0,0.0
893.0,9.5,1653.0,4.0,0,2643.0,0.0,0.0,0.0
589.8333333333334,7.333333333333333,104.0,4.0,1,1107.0,0.0,0.0,0.0
190.0,4.0,235.0,2.0,0,28.0,16.142857142857142,2.0,0.0
510.6666666666667,5.5,550.0,4.0,1,171.0,0.0,0.0,0.0
132.25,2.2,361.0,4.0,1,164.0,0.0,0.0,0.0
770.0,14.5,304.0,5.0,0,2946.0,0.0,0.0,0.0
45.5,3.0,192.0,2.333333333333333,1,94.0,0.0,0.0,0.0
458.25,4.25,86.0,4.0,1,1044.0,0.0,0.0,0.0
553.0,6.5,163.0,4.5,0,1888.0,0.0,0.0,0.0
19.0,1.5,288.0,4.0,0,153.0,24.0625,9.0,0.0
754.6666666666666,10.5,491.0,4.0,1,2092.0,0.0,0.0,0.0
691.75,6.666666666666667,774.0,4.0,1,1314.0,0.0,0.0,0.0
586.25,6.5,138.0,2.0,1,438.0,0.0,0.0,0.0
585.0,6.5,322.0,4.0,1,674.0,0.0,0.0,0.0
1303.5,8.166666666666666,1004.0,4.0,1,294.0,0.0,0.0,0.0
250.25,6.5,108.0,4.0,1,592.0,0.0,0.0,0.0
667.5,10.0,514.0,4.0,0,1125.0,0.0,0.0,0.0
525.75,5.5,312.0,4.0,1,1672.0,0.0,0.0,0.0
254.25,5.0,446.0,4.0,1,44.0,0.0,0.0,0.0
568.75,7.5,267.0,4.0,0,930.0,0.0,0.0,0.0
481.5,6.0,0.0,4.5,1,662.0,0.0,0.0,0.0
680.6666666666666,6.5,816.0,4.333333333333333,0,1819.0,0.0,0.0,0.0
31.0,1.5,506.0,4.5,1,407.0,26.4,6.0,0.0
287.5,5.5,612.0,4.0,1,401.0,0.0,0.0,0.0
4.0,1.5,533.0,2.5,1,753.0,22.357142857142858,17.0,0.0
369.5,4.0,456.0,4.0,0,1003.0,0.0,0.0,0.0
696.75,13.5,616.0,4.5,1,2723.0,0.0,0.0,0.0
69.0,2.5,419.0,3.5,1,1222.0,35.333333333333336,4.0,0.0
42.5,4.25,1043.0,4.0,0,348.0,19.352941176470587,13.0,0.0
39.5,1.0,35.0,3.0,1,101.0,36.0,4.0,0.0
515.25,12.5,648.0,4.0,1,477.0,0.0,0.0,0.0
524.75,6.5,396.0,2.0,1,127.0,0.0,0.0,0.0
287.6,2.5,333.0,4.0,0,272.0,0.0,0.0,0.0
379.0,7.0,147.0,4.0,1,1287.0,0.0,0.0,0.0
66.66666666666667,4.5,24.0,4.0,1,178.0,40.0,0.0,0.0
883.0,8.333333333333334,2266.0,4.0,1,3544.0,0.0,0.0,0.0
432.5,9.0,175.0,4.0,1,268.0,0.0,0.0,0.0
351.6666666666667,10.25,332.0,4.0,0,408.0,0.0,0.0,0.0
551.5,7.5,424.0,4.0,1,600.0,0.0,0.0,0.0
378.3333333333333,10.25,164.0,4.0,1,601.0,0.0,0.0,0.0
458.5,5.0,292.0,4.0,1,166.0,0.0,0.0,0.0
471.5,4.5,97.0,4.0,1,732.0,0.0,0.0,0.0
302.0,7.5,381.0,4.0,0,101.0,0.0,0.0,0.0
33.4,3.0,702.0,4.0,0,153.0,22.07692307692308,23.0,0.0
1269.25,16.25,1124.0,5.0,1,57.0,0.0,0.0,0.0
252.0,1.5,339.0,4.0,1,95.0,0.0,0.0,0.0
363.1666666666667,5.5,242.0,4.0,1,306.0,0.0,0.0,0.0
247.66666666666663,1.5,641.0,4.0,0,413.0,0.0,0.0,0.0
116.0,3.5,569.0,4.0,0,680.0,0.0,0.0,0.0
500.44444444444446,19.25,653.0,4.0,0,298.0,0.0,0.0,0.0
331.5,3.5,4.0,4.0,1,973.0,0.0,0.0,0.0
996.0,10.5,2245.0,4.0,1,4056.0,0.0,0.0,0.0
569.25,5.0,297.0,4.0,1,502.0,0.0,0.0,0.0
615.25,7.333333333333333,856.0,4.0,1,315.0,0.0,0.0,0.0
621.5,4.5,1166.0,4.0,1,2229.0,0.0,0.0,0.0
53.75,1.0,183.0,4.0,0,362.0,0.0,0.0,0.0
183.16666666666663,7.8,452.0,4.0,1,93.0,0.0,0.0,0.0
370.25,3.333333333333333,16.0,4.0,1,112.0,0.0,0.0,0.0
285.5,3.0,217.0,2.0,1,96.0,0.0,0.0,0.0
1550.0,13.0,2157.0,4.0,1,493.0,0.0,0.0,0.0
857.3333333333334,5.0,995.0,4.0,1,393.0,0.0,0.0,0.0
385.3333333333333,5.0,441.0,4.0,1,244.0,0.0,0.0,0.0
525.2,3.5,262.0,4.0,1,289.0,0.0,0.0,0.0
18.5,1.5,489.0,4.5,1,424.0,0.0,0.0,0.0
35.333333333333336,1.5,253.0,4.0,0,443.0,18.55555555555556,4.0,0.0
53.5,1.0,555.0,4.0,1,615.0,30.6,10.0,0.0
307.2,4.0,703.0,4.0,1,210.0,0.0,0.0,0.0
114.25,1.5,236.0,3.5,0,252.0,0.0,0.0,0.0
286.6666666666667,4.166666666666667,256.0,4.0,0,697.0,0.0,0.0,0.0
70.0,3.0,623.0,4.0,1,557.0,33.333333333333336,2.0,0.0
699.6666666666666,11.0,753.0,4.5,0,73.0,0.0,0.0,0.0
367.75,2.5,657.0,4.0,0,614.0,0.0,0.0,0.0
66.25,4.0,667.0,4.0,1,181.0,24.5,14.0,0.0
154.0,1.0,267.0,4.0,1,279.0,0.0,0.0,0.0
816.3333333333334,8.4,1765.0,4.0,1,1142.0,0.0,0.0,0.0
397.75,4.5,456.0,4.0,1,497.0,0.0,0.0,0.0
63.0,2.0,208.0,4.0,1,602.0,0.0,0.0,0.0
159.0,1.0,681.0,4.0,1,177.0,0.0,0.0,0.0
164.5,4.666666666666667,635.0,3.0,1,12.0,22.666666666666668,2.0,0.0
77.25,1.5,266.0,4.0,1,205.0,19.83333333333333,25.0,0.0
529.0,4.0,39.0,4.0,1,300.0,0.0,0.0,0.0
836.5,9.5,967.0,4.0,1,3234.0,0.0,0.0,0.0
979.75,9.0,73.0,5.0,1,593.0,0.0,0.0,0.0
291.6666666666667,6.666666666666667,486.0,4.0,1,98.0,0.0,0.0,0.0
407.75,3.5,139.0,4.0,0,913.0,0.0,0.0,0.0
31.0,2.0,523.0,4.0,1,278.0,25.0,2.0,0.0
250.3333333333333,2.6666666666666665,639.0,4.0,1,617.0,0.0,0.0,0.0
787.5,5.0,1594.0,2.0,1,2524.0,0.0,0.0,0.0
742.25,11.25,401.0,5.0,1,2985.0,0.0,0.0,0.0
179.5,4.0,435.0,2.0,1,82.0,0.0,0.0,0.0
614.5,5.2,854.0,4.0,0,1886.0,0.0,0.0,0.0
499.75,4.0,37.0,4.0,1,673.0,0.0,0.0,0.0
89.83333333333333,1.5,383.0,4.0,1,151.0,19.571428571428573,6.0,0.0
94.25,1.5,995.0,4.0,0,321.0,22.5,2.0,0.0
358.5,7.0,463.0,4.0,1,517.0,0.0,0.0,0.0
561.6666666666666,7.0,794.0,4.0,1,171.0,0.0,0.0,0.0
413.5,15.333333333333334,577.0,2.0,0,43.0,0.0,0.0,0.0
511.5,6.5,526.0,2.0,1,1039.0,0.0,0.0,0.0
510.0,6.5,569.0,4.0,1,1011.0,0.0,0.0,0.0
323.6666666666667,8.0,830.0,4.0,1,787.0,0.0,0.0,0.0
35.666666666666664,2.333333333333333,564.0,3.5,0,170.0,0.0,0.0,0.0
581.0,4.0,52.0,4.0,1,691.0,0.0,0.0,0.0
1378.25,13.0,1276.0,4.0,0,1998.0,0.0,0.0,0.0
60.25,4.0,185.0,4.0,1,48.0,0.0,0.0,0.0
322.5,3.0,252.0,4.0,0,267.0,0.0,0.0,0.0
41.0,1.0,682.0,4.0,0,640.0,27.21052631578948,12.0,0.0
424.25,5.0,364.0,4.0,1,786.0,0.0,0.0,0.0
38.0,3.0,466.0,3.5,0,251.0,0.0,0.0,0.0
97.5,1.5,223.0,2.6666666666666665,1,58.0,29.83333333333333,14.0,0.0
822.0,11.6,1317.0,4.0,0,261.0,0.0,0.0,0.0
100.5,3.0,90.0,4.0,0,319.0,0.0,0.0,0.0
813.75,7.0,1910.0,4.0,1,2873.0,0.0,0.0,0.0
162.0,7.5,444.0,4.0,1,436.0,0.0,0.0,0.0
298.0,6.5,162.0,4.0,1,61.0,44.0,2.0,0.0
91.75,2.5,417.0,2.0,1,95.0,21.761904761904763,10.0,0.0
1127.0,5.4,921.0,4.0,0,878.0,0.0,0.0,0.0
531.5,5.0,590.0,4.0,1,327.0,0.0,0.0,0.0
685.75,5.5,374.0,4.0,1,1462.0,0.0,0.0,0.0
526.5,4.5,528.0,4.0,0,224.0,0.0,0.0,0.0
467.2,5.333333333333333,471.0,4.0,1,102.0,0.0,0.0,0.0
74.2,1.5,851.0,4.0,0,367.0,29.76923076923077,7.0,0.0
731.25,8.0,1472.0,2.0,1,1623.0,0.0,0.0,0.0
337.75,4.5,128.0,2.0,1,121.0,0.0,0.0,0.0
194.2,5.0,390.0,4.0,1,400.0,0.0,0.0,0.0
371.25,3.5,243.0,2.0,1,106.0,34.8,4.0,0.0
78.33333333333333,0.0,440.0,4.0,1,541.0,40.71428571428572,6.0,0.0
454.5,4.0,203.0,4.0,1,1163.0,0.0,0.0,0.0
416.2,9.666666666666666,761.0,4.0,0,564.0,0.0,0.0,0.0
520.1666666666666,7.0,332.0,4.0,1,175.0,0.0,0.0,0.0
1268.5,34.75,1669.0,5.0,0,668.0,0.0,0.0,0.0
531.1666666666666,3.5,159.0,4.0,1,403.0,0.0,0.0,0.0
312.0,3.5,433.0,4.0,1,36.0,0.0,0.0,0.0
687.25,7.0,895.0,2.0,0,1134.0,0.0,0.0,0.0
704.5,11.0,1377.0,4.0,0,1589.0,0.0,0.0,0.0
248.8,2.0,747.0,4.0,1,330.0,0.0,0.0,0.0
606.0,4.5,187.0,4.0,1,759.0,0.0,0.0,0.0
576.3333333333334,4.5,67.0,4.0,0,240.0,0.0,0.0,0.0
227.25,2.0,531.0,4.0,1,214.0,32.25,6.0,0.0
542.5,4.0,304.0,4.0,1,743.0,0.0,0.0,0.0
20.0,2.5,988.0,4.5,1,411.0,0.0,0.0,0.0
1388.0,9.25,881.0,4.0,1,1362.0,0.0,0.0,0.0
542.5,5.0,101.0,4.0,1,544.0,0.0,0.0,0.0
59.0,1.0,717.0,2.0,1,559.0,38.54545454545455,9.0,0.0
19.0,0.5,159.0,4.0,0,854.0,0.0,0.0,0.0
673.1666666666666,7.0,385.0,4.0,1,655.0,0.0,0.0,0.0
228.66666666666663,2.0,630.0,4.0,1,115.0,34.375,8.0,0.0
93.33333333333331,3.5,526.0,3.5,1,764.0,31.625,4.0,0.0
1219.0,8.0,873.0,4.0,0,1073.0,0.0,0.0,0.0
490.0,2.5,289.0,4.0,1,588.0,0.0,0.0,0.0
401.0,4.666666666666667,228.0,4.0,0,88.0,0.0,0.0,0.0
640.25,8.5,421.0,4.0,0,1185.0,0.0,0.0,0.0
653.5,11.0,1177.0,4.0,1,1345.0,0.0,0.0,0.0
324.0,4.5,127.0,4.0,1,845.0,0.0,0.0,0.0
952.8333333333334,18.0,1445.0,4.5,1,1031.0,0.0,0.0,0.0
599.75,2.5,1512.0,4.0,1,2438.0,0.0,0.0,0.0
260.0,5.5,542.0,4.0,1,497.0,0.0,0.0,0.0
132.0,2.0,157.0,3.5,0,303.0,5.0,0.0,0.0
1071.0,5.0,1582.0,4.0,1,3477.0,0.0,0.0,0.0
286.75,6.0,539.0,4.0,1,119.0,0.0,0.0,0.0
475.25,18.666666666666668,203.0,4.0,0,340.0,0.0,0.0,0.0
1423.25,13.0,973.0,5.0,1,93.0,0.0,0.0,0.0
319.0,6.5,625.0,4.0,1,618.0,0.0,0.0,0.0
636.25,8.0,807.0,2.0,1,1013.0,0.0,0.0,0.0
1621.1666666666667,14.75,176.0,4.0,0,1153.0,0.0,0.0,0.0
510.75,5.0,650.0,4.0,1,443.0,0.0,0.0,0.0
512.75,5.5,147.0,4.5,0,1621.0,0.0,0.0,0.0
82.0,1.0,537.0,4.0,1,345.0,21.0,5.0,0.0
887.25,12.75,0.0,5.0,1,2699.0,0.0,0.0,0.0
69.25,2.5,276.0,4.0,1,88.0,0.0,0.0,0.0
554.3333333333334,5.0,111.0,4.0,1,832.0,0.0,0.0,0.0
475.0,4.4,182.0,4.0,1,840.0,0.0,0.0,0.0
230.16666666666663,4.0,556.0,4.0,1,654.0,0.0,0.0,0.0
185.66666666666663,3.5,41.0,4.0,1,174.0,34.0,4.0,0.0
18.25,2.5,496.0,4.0,1,166.0,0.0,0.0,0.0
546.5,3.5,112.0,4.0,1,159.0,0.0,0.0,0.0
80.5,2.5,485.0,2.6666666666666665,0,35.0,0.0,0.0,0.0
652.0,9.0,1091.0,2.0,1,1120.0,0.0,0.0,0.0
291.8,3.0,102.0,4.0,1,517.0,0.0,0.0,0.0
108.66666666666669,2.0,90.0,4.0,1,102.0,0.0,0.0,0.0
800.0,26.25,571.0,5.0,1,673.0,0.0,0.0,0.0
742.5,14.0,1467.0,4.0,0,1015.0,0.0,0.0,0.0
1103.8333333333333,5.5,987.0,4.0,0,2877.0,0.0,0.0,0.0
779.0,6.333333333333333,1428.0,4.0,1,1620.0,0.0,0.0,0.0
1046.75,16.0,1608.0,4.5,1,312.0,0.0,0.0,0.0
90.25,2.0,1267.0,4.0,0,265.0,0.0,0.0,0.0
695.75,4.333333333333333,658.0,4.0,1,1502.0,0.0,0.0,0.0
206.0,3.5,525.0,4.0,1,79.0,0.0,0.0,0.0
164.75,4.5,1018.0,4.0,1,199.0,0.0,0.0,0.0
564.8333333333334,8.25,68.0,2.0,1,69.0,0.0,0.0,0.0
298.75,6.5,268.0,4.0,1,533.0,0.0,0.0,0.0
276.6666666666667,2.0,189.0,3.25,0,42.0,0.0,0.0,0.0
330.0,3.5,291.0,4.0,1,670.0,0.0,0.0,0.0
660.75,5.5,173.0,2.0,1,44.0,0.0,0.0,0.0
806.6666666666666,11.25,1390.0,5.0,1,1204.0,0.0,0.0,0.0
35.5,1.0,373.0,4.0,1,599.0,25.96296296296296,21.0,0.0
464.0,5.0,200.0,4.0,1,1099.0,0.0,0.0,0.0
431.25,5.25,272.0,4.0,1,754.0,0.0,0.0,0.0
986.25,11.25,2108.0,4.0,0,660.0,0.0,0.0,0.0
834.0,6.0,2021.0,4.0,0,2821.0,0.0,0.0,0.0
602.6666666666666,8.0,788.0,4.5,1,898.0,0.0,0.0,0.0
739.25,20.0,548.0,5.0,1,691.0,0.0,0.0,0.0
144.0,5.0,850.0,4.0,1,290.0,0.0,0.0,0.0
39.333333333333336,1.5,1150.0,2.0,1,75.0,17.904761904761905,17.0,0.0
48.5,1.0,600.0,4.0,1,414.0,27.5,1.0,0.0
913.5,11.25,1753.0,4.0,1,3678.0,0.0,0.0,0.0
518.25,5.5,1061.0,4.5,1,1756.0,0.0,0.0,0.0
257.25,3.0,233.0,4.0,1,404.0,0.0,0.0,0.0
918.8333333333334,8.666666666666666,2255.0,4.0,0,3776.0,0.0,0.0,0.0
31.0,1.5,936.0,4.5,1,787.0,27.181818181818183,6.0,0.0
113.75,2.0,155.0,4.0,0,506.0,25.714285714285715,8.0,0.0
346.0,3.5,114.0,2.0,1,2.0,0.0,0.0,0.0
327.25,3.5,187.0,4.0,1,165.0,0.0,0.0,0.0
253.2,2.5,200.0,4.0,1,485.0,0.0,0.0,0.0
452.5,5.5,138.0,4.0,1,289.0,0.0,0.0,0.0
29.666666666666668,1.5,629.0,4.0,0,656.0,24.88888888888889,9.0,0.0
568.0,8.0,208.0,4.0,0,818.0,34.5,1.0,0.0
714.3333333333334,6.0,464.0,4.0,1,717.0,0.0,0.0,0.0
47.333333333333336,2.5,93.0,4.0,1,320.0,10.5,0.0,0.0
1201.5,15.666666666666666,949.0,4.0,1,691.0,0.0,0.0,0.0
443.75,8.0,751.0,4.0,1,843.0,0.0,0.0,0.0
72.25,2.0,979.0,4.0,1,306.0,38.81818181818182,5.0,0.0
462.4,4.5,330.0,4.0,0,761.0,0.0,0.0,0.0
380.6666666666667,4.5,822.0,4.0,1,980.0,0.0,0.0,0.0
641.75,11.0,866.0,4.0,1,1512.0,0.0,0.0,0.0
498.0,5.5,646.0,4.0,1,1167.0,0.0,0.0,0.0
694.0,9.0,852.0,4.0,1,1393.0,0.0,0.0,0.0
1548.5,9.5,380.0,4.0,1,497.0,0.0,0.0,0.0
644.75,7.333333333333333,348.0,4.5,1,49.0,0.0,0.0,0.0
702.5,10.0,1168.0,4.0,1,1069.0,0.0,0.0,0.0
480.25,6.333333333333333,435.0,2.0,0,264.0,0.0,0.0,0.0
647.75,5.5,201.0,4.0,1,371.0,0.0,0.0,0.0
376.0,4.666666666666667,850.0,4.0,0,522.0,0.0,0.0,0.0
746.5,5.5,1535.0,4.0,1,2264.0,0.0,0.0,0.0
478.8333333333333,6.75,101.0,4.0,1,172.0,0.0,0.0,0.0
37.25,8.5,441.0,4.0,0,286.0,0.0,0.0,0.0
431.5,6.5,168.0,4.0,1,292.0,0.0,0.0,0.0
277.6666666666667,4.5,108.0,4.0,1,0.0,0.0,0.0,0.0
390.5,5.25,473.0,4.0,0,606.0,0.0,0.0,0.0
863.0,5.5,2232.0,4.0,1,3365.0,0.0,0.0,0.0
694.0,5.0,336.0,4.0,1,1424.0,0.0,0.0,0.0
283.75,4.5,470.0,4.0,1,267.0,0.0,0.0,0.0
661.0,11.5,999.0,4.0,1,1267.0,0.0,0.0,0.0
23.0,0.6666666666666666,666.0,4.0,1,861.0,0.0,0.0,0.0
239.3333333333333,4.0,693.0,4.0,1,57.0,0.0,0.0,0.0
82.5,1.5,85.0,4.0,0,147.0,0.0,0.0,0.0
352.25,12.0,122.0,4.0,1,353.0,0.0,0.0,0.0
280.25,5.5,192.0,4.0,1,199.0,0.0,0.0,0.0
313.8,5.5,281.0,4.0,0,625.0,0.0,0.0,0.0
569.6666666666666,2.0,73.0,4.0,1,486.0,0.0,0.0,0.0
38.0,2.5,113.0,4.0,0,528.0,27.545454545454547,7.0,0.0
119.16666666666669,2.0,46.0,4.0,1,19.0,2.8,3.0,0.0
419.3333333333333,8.0,284.0,4.0,0,668.0,0.0,0.0,0.0
152.0,5.333333333333333,755.0,4.0,1,136.0,0.0,0.0,0.0
2.5,0.5,714.0,0.0,1,1194.0,0.0,0.0,0.0
391.25,5.0,280.0,4.0,1,103.0,0.0,0.0,0.0
173.75,2.0,189.0,4.0,1,119.0,12.0,1.0,0.0
241.75,4.0,886.0,4.0,1,186.0,0.0,0.0,0.0
24.25,1.6666666666666667,633.0,4.0,1,863.0,0.0,0.0,0.0
339.0,10.333333333333334,625.0,4.0,1,790.0,0.0,0.0,0.0
735.25,8.5,587.0,4.0,1,1995.0,0.0,0.0,0.0
605.25,2.5,1431.0,4.0,0,2467.0,0.0,0.0,0.0
71.5,2.0,819.0,4.0,0,496.0,25.27272727272728,6.0,0.0
987.6666666666666,15.666666666666666,2308.0,4.0,1,657.0,0.0,0.0,0.0
12.2,2.0,213.0,4.5,0,818.0,39.0,4.0,0.0
323.75,5.6,441.0,4.0,0,413.0,0.0,0.0,0.0
6.777777777777778,3.5,855.0,1.75,1,195.0,38.91666666666666,6.0,0.0
87.5,2.5,296.0,4.0,1,173.0,26.789473684210527,12.0,0.0
168.5,4.75,600.0,4.0,1,52.0,0.0,0.0,0.0
36.0,2.5,1089.0,4.0,0,370.0,31.125,3.0,0.0
1178.0,9.6,934.0,4.0,1,2824.0,0.0,0.0,0.0
747.0,18.25,1025.0,5.0,1,1011.0,0.0,0.0,0.0
695.5,5.5,1241.0,2.0,1,1821.0,0.0,0.0,0.0
129.0,2.75,327.0,4.0,1,125.0,21.25,3.0,0.0
409.3333333333333,4.5,591.0,2.0,1,97.0,0.0,0.0,0.0
588.5,6.5,115.0,4.0,0,1127.0,0.0,0.0,0.0
62.25,2.0,844.0,2.0,1,13.0,22.5,10.0,0.0
812.5,4.0,506.0,4.5,1,2431.0,0.0,0.0,0.0
1043.5,8.0,1640.0,4.0,1,3480.0,0.0,0.0,0.0
161.5,1.0,552.0,2.0,1,21.0,47.66666666666666,2.0,0.0
177.0,8.0,566.0,4.0,0,514.0,28.666666666666668,2.0,0.0
84.0,3.0,597.0,4.0,0,523.0,0.0,0.0,0.0
79.5,2.0,328.0,4.0,1,389.0,19.4375,14.0,0.0
54.5,1.0,655.0,4.0,1,517.0,24.94736842105263,11.0,0.0
682.8333333333334,9.0,331.0,4.0,1,1128.0,0.0,0.0,0.0
764.75,5.0,1262.0,4.0,1,1961.0,0.0,0.0,0.0
72.66666666666667,3.6666666666666665,348.0,4.5,1,482.0,0.0,0.0,0.0
1566.0,17.0,191.0,4.0,0,1206.0,0.0,0.0,0.0
475.0,7.666666666666667,175.0,4.0,1,1006.0,0.0,0.0,0.0
661.5,8.5,407.0,4.0,1,1032.0,0.0,0.0,0.0
1247.0,9.0,1793.0,4.0,1,1061.0,0.0,0.0,0.0
115.0,1.0,220.0,4.0,1,488.0,0.0,0.0,0.0
94.0,2.5,937.0,4.0,1,299.0,28.33333333333333,7.0,0.0
13.25,2.0,748.0,3.25,1,38.0,0.0,0.0,0.0
233.0,3.5,845.0,4.0,0,866.0,0.0,0.0,0.0
231.3333333333333,3.5,238.0,4.0,1,100.0,0.0,0.0,0.0
127.33333333333331,1.5,229.0,4.0,1,328.0,0.0,0.0,0.0
419.0,6.666666666666667,376.0,4.0,0,128.0,0.0,0.0,0.0
210.3333333333333,3.333333333333333,235.0,4.0,0,377.0,6.0,1.0,0.0
77.5,2.5,0.0,4.0,0,837.0,0.0,0.0,0.0
674.6666666666666,11.4,845.0,4.0,1,1259.0,0.0,0.0,0.0
863.5,7.0,1792.0,4.0,0,2579.0,0.0,0.0,0.0
300.3333333333333,4.5,91.0,4.0,1,288.0,0.0,0.0,0.0
398.5,6.333333333333333,232.0,4.0,1,552.0,0.0,0.0,0.0
109.25,9.333333333333334,0.0,4.0,1,837.0,0.0,0.0,0.0
238.8333333333333,3.0,828.0,4.0,1,930.0,0.0,0.0,0.0
518.6666666666666,2.5,511.0,4.0,1,677.0,0.0,0.0,0.0
465.75,4.0,270.0,4.0,0,1570.0,0.0,0.0,0.0
413.4,8.5,469.0,4.0,0,788.0,0.0,0.0,0.0
1172.2,13.333333333333334,907.0,4.0,0,901.0,0.0,0.0,0.0
276.75,4.0,568.0,4.0,1,440.0,0.0,0.0,0.0
288.5,1.2,289.0,4.0,0,303.0,0.0,0.0,0.0
580.0,7.833333333333333,307.0,2.0,1,935.0,0.0,0.0,0.0
322.75,6.0,350.0,4.0,1,291.0,0.0,0.0,0.0
73.8,1.5,501.0,4.5,0,652.0,0.0,0.0,0.0
379.75,5.5,724.0,4.0,1,1018.0,0.0,0.0,0.0
140.5,2.5,858.0,4.0,1,418.0,14.0,0.0,0.0
270.75,9.5,192.0,4.0,1,799.0,0.0,0.0,0.0
12.25,2.0,228.0,4.0,1,1098.0,23.0,10.0,0.0
98.75,2.0,102.0,4.0,1,345.0,33.5,2.0,0.0
573.0,3.5,421.0,2.6666666666666665,1,835.0,0.0,0.0,0.0
117.75,4.0,536.0,4.0,1,245.0,0.0,0.0,0.0
1088.25,23.666666666666668,1836.0,5.0,1,625.0,0.0,0.0,0.0
232.0,3.5,511.0,2.6666666666666665,1,18.0,0.0,0.0,0.0
532.75,6.0,281.0,2.0,1,270.0,0.0,0.0,0.0
98.0,1.0,794.0,4.0,1,1141.0,2.0,0.0,0.0
58.0,3.75,64.0,4.0,0,124.0,20.727272727272727,6.0,0.0
629.0,3.5,609.0,2.0,1,1403.0,0.0,0.0,0.0
401.6,5.0,373.0,4.0,1,353.0,0.0,0.0,0.0
26.0,2.0,748.0,2.0,1,97.0,0.0,0.0,0.0
269.5,4.5,490.0,4.0,0,647.0,0.0,0.0,0.0
307.0,4.5,76.0,4.0,1,180.0,0.0,0.0,0.0
820.1666666666666,14.25,1310.0,4.5,0,2757.0,0.0,0.0,0.0
61.0,1.0,396.0,4.0,1,709.0,33.666666666666664,4.0,0.0
38.0,2.0,318.0,4.0,1,785.0,32.166666666666664,8.0,0.0
326.3333333333333,3.0,199.0,4.0,1,186.0,0.0,0.0,0.0
723.25,17.0,1123.0,5.0,1,923.0,0.0,0.0,0.0
87.2,1.5,866.0,4.0,0,125.0,0.0,0.0,0.0
193.0,6.833333333333333,366.0,4.0,1,63.0,0.0,0.0,0.0
59.75,2.0,273.0,4.0,1,225.0,29.307692307692307,9.0,0.0
587.5,4.833333333333333,152.0,4.0,1,1162.0,0.0,0.0,0.0
442.6666666666667,4.0,140.0,4.0,1,573.0,0.0,0.0,0.0
95.0,2.5,1059.0,4.0,1,224.0,21.83333333333333,3.0,0.0
270.0,3.5,121.0,3.25,1,0.0,0.0,0.0,0.0
46.5,1.5,1218.0,4.0,1,109.0,29.4,21.0,0.0
375.6666666666667,3.0,192.0,4.0,1,956.0,0.0,0.0,0.0
27.5,1.5,447.0,2.6666666666666665,1,49.0,35.666666666666664,2.0,0.0
92.25,2.0,581.0,4.0,1,0.0,23.142857142857142,3.0,0.0
1389.3333333333333,15.5,2194.0,4.0,1,1017.0,0.0,0.0,0.0
264.25,5.0,1073.0,4.0,0,363.0,0.0,0.0,0.0
487.5,8.0,519.0,2.0,1,0.0,0.0,0.0,0.0
904.5,10.75,25.0,5.0,1,2820.0,0.0,0.0,0.0
135.66666666666666,3.5,81.0,4.0,1,99.0,0.0,0.0,0.0
579.1666666666666,7.0,63.0,4.0,1,169.0,0.0,0.0,0.0
279.8,3.5,419.0,4.0,0,903.0,0.0,0.0,0.0
955.75,13.5,1661.0,4.5,1,3958.0,0.0,0.0,0.0
398.4,5.0,652.0,4.0,1,761.0,0.0,0.0,0.0
632.0,10.6,842.0,2.0,1,1065.0,0.0,0.0,0.0
445.75,4.5,67.0,4.0,0,304.0,0.0,0.0,0.0
42.5,4.333333333333333,468.0,3.5,0,315.0,0.0,0.0,0.0
564.6666666666666,3.0,78.0,4.0,1,421.0,0.0,0.0,0.0
394.5,5.333333333333333,460.0,4.0,1,336.0,0.0,0.0,0.0
873.5,11.5,2039.0,3.0,0,269.0,0.0,0.0,0.0
478.5,6.0,177.0,4.0,1,168.0,0.0,0.0,0.0
440.0,3.5,0.0,4.0,1,190.0,0.0,0.0,0.0
333.3333333333333,5.0,441.0,4.0,0,407.0,0.0,0.0,0.0
594.75,21.75,221.0,5.0,1,2024.0,0.0,0.0,0.0
1334.3333333333333,41.0,1893.0,4.0,1,183.0,0.0,0.0,0.0
439.0,3.0,110.0,4.0,0,1112.0,0.0,0.0,0.0
493.3333333333333,5.333333333333333,725.0,4.0,1,397.0,0.0,0.0,0.0
606.25,6.25,557.0,4.5,1,96.0,0.0,0.0,0.0
233.75,6.5,480.0,4.0,0,1055.0,0.0,0.0,0.0
329.6666666666667,7.0,250.0,4.0,1,331.0,0.0,0.0,0.0
185.25,3.5,335.0,2.0,1,74.0,0.0,0.0,0.0
855.25,6.5,1935.0,4.0,1,3238.0,0.0,0.0,0.0
22.5,0.5,647.0,4.0,1,477.0,0.0,0.0,0.0
393.625,4.0,615.0,4.0,1,97.0,0.0,0.0,0.0
97.0,4.333333333333333,337.0,4.0,1,0.0,4.0,1.0,0.0
534.25,4.0,554.0,4.0,1,522.0,0.0,0.0,0.0
83.66666666666667,3.0,612.0,3.0,1,697.0,23.83333333333333,3.0,0.0
119.75,1.5,0.0,4.0,0,444.0,19.5,1.0,0.0
1415.5,18.5,1095.0,5.0,1,218.0,0.0,0.0,0.0
565.75,7.5,31.0,2.0,1,698.0,0.0,0.0,0.0
433.25,4.0,340.0,4.0,1,974.0,0.0,0.0,0.0
137.5,3.5,132.0,4.0,1,74.0,0.0,0.0,0.0
556.25,3.5,64.0,4.0,1,102.0,0.0,0.0,0.0
642.75,5.0,548.0,4.0,1,387.0,0.0,0.0,0.0
785.6666666666666,16.0,1008.0,4.0,1,451.0,0.0,0.0,0.0
307.75,4.0,646.0,4.0,1,589.0,0.0,0.0,0.0
348.5,5.0,102.0,4.0,1,30.0,25.75,2.0,0.0
224.75,2.333333333333333,585.0,4.0,0,312.0,0.0,0.0,0.0
748.1666666666666,8.5,1685.0,4.0,0,1726.0,0.0,0.0,0.0
327.75,2.25,25.0,2.0,1,77.0,0.0,0.0,0.0
538.1666666666666,19.0,614.0,2.0,1,387.0,0.0,0.0,0.0
628.5,2.5,351.0,4.0,1,613.0,0.0,0.0,0.0
350.5,3.0,143.0,2.0,1,40.0,0.0,0.0,0.0
63.75,3.5,608.0,4.0,0,200.0,28.23529411764705,9.0,0.0
140.0,4.0,362.0,4.0,1,621.0,27.75,10.0,0.0
335.0,6.2,443.0,4.0,1,332.0,0.0,0.0,0.0
319.0,5.5,359.0,4.0,1,683.0,0.0,0.0,0.0
684.0,6.5,623.0,4.0,1,1266.0,0.0,0.0,0.0
141.5,2.5,379.0,4.0,1,125.0,0.0,0.0,0.0
150.66666666666666,1.0,530.0,4.0,0,367.0,0.0,0.0,0.0
574.75,4.0,423.0,4.0,1,1509.0,0.0,0.0,0.0
420.5,5.75,390.0,4.0,1,243.0,0.0,0.0,0.0
1018.3333333333334,12.833333333333334,393.0,4.0,1,658.0,0.0,0.0,0.0
658.75,7.2,481.0,4.5,0,40.0,0.0,0.0,0.0
1152.5,28.75,1764.0,5.0,0,740.0,0.0,0.0,0.0
558.1666666666666,3.5,316.0,4.0,0,1296.0,0.0,0.0,0.0
552.3333333333334,3.333333333333333,0.0,4.5,0,1310.0,0.0,0.0,0.0
407.5,6.0,0.0,4.0,0,75.0,0.0,0.0,0.0
826.2,3.6,556.0,4.0,1,2930.0,0.0,0.0,0.0
702.0,5.0,976.0,4.5,1,2017.0,0.0,0.0,0.0
836.0,3.333333333333333,1056.0,4.5,1,3053.0,0.0,0.0,0.0
759.3333333333334,8.75,1332.0,4.0,1,1632.0,0.0,0.0,0.0
993.5,10.666666666666666,1463.0,4.5,0,721.0,0.0,0.0,0.0
432.3333333333333,2.5,0.0,4.0,1,123.0,0.0,0.0,0.0
183.5,2.5,510.0,4.0,1,369.0,26.866666666666667,11.0,0.0
79.0,2.5,279.0,4.0,1,48.0,0.0,0.0,0.0
428.6666666666667,3.0,16.0,4.0,0,922.0,0.0,0.0,0.0
914.75,3.5,751.0,4.0,1,99.0,0.0,0.0,0.0
38.25,2.333333333333333,493.0,4.0,0,182.0,0.0,0.0,0.0
579.25,2.0,1350.0,4.0,1,2611.0,0.0,0.0,0.0
371.25,6.5,751.0,4.0,1,990.0,0.0,0.0,0.0
548.0,6.0,852.0,4.0,1,942.0,0.0,0.0,0.0
1263.75,11.0,1168.0,4.0,1,944.0,0.0,0.0,0.0
690.5,14.0,444.0,5.0,1,1230.0,0.0,0.0,0.0
126.25,3.0,136.0,4.0,1,23.0,0.0,0.0,0.0
654.5,6.0,78.0,4.0,1,338.0,0.0,0.0,0.0
596.5,6.0,31.0,4.0,1,645.0,0.0,0.0,0.0
717.75,7.6,1477.0,3.0,1,1518.0,0.0,0.0,0.0
823.25,16.0,144.0,4.5,1,2482.0,0.0,0.0,0.0
452.5,4.166666666666667,53.0,4.0,1,473.0,0.0,0.0,0.0
179.2,3.5,1151.0,4.0,1,729.0,42.0,2.0,0.0
161.33333333333334,1.5,374.0,4.0,1,382.0,0.0,0.0,0.0
276.0,5.0,683.0,4.0,1,211.0,0.0,0.0,0.0
30.0,2.5,512.0,3.5,1,377.0,0.0,0.0,0.0
47.0,1.5,336.0,4.0,0,270.0,53.77777777777778,6.0,0.0
979.25,5.333333333333333,2051.0,4.0,0,4164.0,0.0,0.0,0.0
299.25,7.25,132.0,4.0,1,284.0,0.0,0.0,0.0
391.5,3.5,195.0,4.0,1,453.0,0.0,0.0,0.0
468.25,7.666666666666667,424.0,4.0,1,166.0,0.0,0.0,0.0
742.6666666666666,5.333333333333333,1579.0,2.0,0,2112.0,0.0,0.0,0.0
211.0,5.333333333333333,691.0,4.0,0,149.0,0.0,0.0,0.0
494.0,3.0,777.0,4.0,0,412.0,0.0,0.0,0.0
13.333333333333334,1.5,599.0,4.0,1,338.0,17.875,11.0,0.0
34.25,1.5,208.0,4.0,0,519.0,13.0,0.0,0.0
390.75,3.5,312.0,4.0,0,596.0,0.0,0.0,0.0
384.6666666666667,5.5,37.0,4.0,0,689.0,43.66666666666666,2.0,0.0
249.75,9.0,388.0,4.0,1,914.0,0.0,0.0,0.0
406.3333333333333,4.0,773.0,4.0,0,111.0,0.0,0.0,0.0
323.0,5.0,436.0,4.0,1,557.0,0.0,0.0,0.0
58.833333333333336,3.0,314.0,4.0,1,204.0,0.0,0.0,0.0
1055.25,6.5,1615.0,4.0,1,3480.0,0.0,0.0,0.0
414.5,6.5,169.0,4.0,0,283.0,0.0,0.0,0.0
149.0,3.5,260.0,2.0,0,23.0,23.22222222222222,7.0,0.0
32.333333333333336,1.5,837.0,4.5,0,871.0,28.666666666666668,6.0,0.0
700.75,13.75,1032.0,4.5,1,867.0,0.0,0.0,0.0
368.5,9.5,374.0,4.0,1,541.0,0.0,0.0,0.0
823.0,7.0,1908.0,4.0,1,2765.0,0.0,0.0,0.0
353.25,6.0,440.0,4.0,1,362.0,0.0,0.0,0.0
468.25,6.0,407.0,4.0,1,40.0,0.0,0.0,0.0
157.33333333333334,2.0,684.0,4.0,1,68.0,12.0,2.0,0.0
160.75,2.5,653.0,4.0,0,372.0,28.73913043478261,16.0,0.0
61.0,3.0,579.0,4.0,0,206.0,26.357142857142858,10.0,0.0
566.0,7.0,108.0,4.0,0,729.0,29.75,3.0,0.0
719.0,7.5,1331.0,4.0,0,1535.0,0.0,0.0,0.0
621.0,4.333333333333333,292.0,4.0,1,830.0,0.0,0.0,0.0
727.25,9.0,724.0,4.0,1,1777.0,0.0,0.0,0.0
571.75,5.5,180.0,4.0,1,155.0,0.0,0.0,0.0
25.0,11.0,524.0,4.0,0,542.0,31.88888888888889,14.0,0.0
962.0,18.33333333333333,465.0,5.0,1,1181.0,0.0,0.0,0.0
195.3333333333333,2.5,0.0,3.5,1,98.0,0.0,0.0,0.0
697.25,6.5,380.0,4.0,1,1228.0,0.0,0.0,0.0
880.0,9.5,1811.0,4.0,1,3447.0,0.0,0.0,0.0
816.5,5.333333333333333,409.0,5.0,1,2438.0,0.0,0.0,0.0
1354.75,26.666666666666668,1694.0,5.0,1,807.0,0.0,0.0,0.0
626.8333333333334,6.0,823.0,4.0,1,994.0,0.0,0.0,0.0
40.0,1.5,868.0,4.5,1,712.0,36.36363636363637,7.0,0.0
233.0,2.5,227.0,4.0,0,343.0,0.0,0.0,0.0
153.0,7.5,741.0,4.0,1,477.0,0.0,0.0,0.0
656.75,5.5,665.0,4.0,1,304.0,0.0,0.0,0.0
373.0,5.25,454.0,4.0,1,356.0,0.0,0.0,0.0
119.5,4.5,177.0,2.0,1,181.0,33.375,5.0,0.0
100.66666666666669,2.5,661.0,4.0,0,640.0,24.88888888888889,11.0,0.0
192.75,6.0,0.0,2.0,1,19.0,0.0,0.0,0.0
183.0,15.333333333333334,533.0,4.0,1,441.0,0.0,0.0,0.0
908.25,14.5,2223.0,2.0,1,386.0,0.0,0.0,0.0
680.5,5.0,852.0,4.0,1,1917.0,0.0,0.0,0.0
57.75,3.0,534.0,4.5,0,754.0,24.88,13.0,0.0
163.75,1.5,691.0,2.6666666666666665,1,54.0,31.8125,9.0,0.0
22.5,0.5,498.0,4.0,0,990.0,0.0,0.0,0.0
311.6666666666667,7.5,742.0,4.0,0,599.0,0.0,0.0,0.0
272.75,4.5,1201.0,4.0,1,531.0,0.0,0.0,0.0
160.5,4.5,935.0,4.0,1,273.0,0.0,0.0,0.0
51.0,1.0,63.0,4.5,0,108.0,0.0,0.0,0.0
83.5,2.0,1181.0,2.0,1,74.0,18.0,2.0,0.0
850.75,8.333333333333334,482.0,4.5,0,3155.0,0.0,0.0,0.0
416.5,5.5,0.0,4.0,1,1054.0,0.0,0.0,0.0
24.75,1.0,425.0,4.0,0,414.0,19.75,23.0,0.0
487.75,5.5,422.0,4.0,1,358.0,0.0,0.0,0.0
526.0,4.5,230.0,4.0,1,541.0,0.0,0.0,0.0
696.5,6.0,794.0,2.0,1,1147.0,0.0,0.0,0.0
89.66666666666667,2.5,842.0,4.0,1,330.0,37.5,7.0,0.0
483.5,7.5,122.0,4.0,1,418.0,0.0,0.0,0.0
885.1666666666666,9.5,1657.0,4.0,1,1900.0,0.0,0.0,0.0
398.8333333333333,5.5,92.0,4.0,0,169.0,0.0,0.0,0.0
2.5,0.5,503.0,2.0,0,846.0,30.0,13.0,0.0
40.4,2.0,103.0,4.5,1,19.0,0.0,0.0,0.0
168.66666666666666,3.0,479.0,4.0,1,192.0,0.0,0.0,0.0
230.25,7.75,403.0,4.0,1,713.0,0.0,0.0,0.0
985.25,6.25,48.0,4.0,1,111.0,0.0,0.0,0.0
399.0,4.0,542.0,4.0,1,491.0,0.0,0.0,0.0
184.0,3.5,385.0,4.0,1,224.0,0.0,0.0,0.0
46.25,11.166666666666666,208.0,4.0,0,833.0,34.0,11.0,0.0
296.0,5.75,83.0,4.0,1,337.0,0.0,0.0,0.0
468.25,3.0,140.0,4.0,1,725.0,0.0,0.0,0.0
716.0,22.0,495.0,4.5,0,796.0,0.0,0.0,0.0
247.0,3.0,491.0,4.0,1,74.0,21.0,2.0,0.0
1582.6666666666667,21.166666666666668,36.0,4.0,1,937.0,0.0,0.0,0.0
197.5,3.0,221.0,4.0,1,176.0,0.0,0.0,0.0
458.5,6.2,162.0,4.0,1,162.0,0.0,0.0,0.0
24.5,0.5,814.0,4.0,0,1036.0,0.0,0.0,0.0
326.5,3.5,219.0,4.0,1,644.0,0.0,0.0,0.0
102.5,2.5,473.0,4.0,1,359.0,34.857142857142854,5.0,0.0
20.5,1.5,475.0,2.0,1,1.0,0.0,0.0,0.0
23.75,2.5,866.0,4.5,0,362.0,0.0,0.0,0.0
857.0,16.0,1691.0,4.0,1,1457.0,0.0,0.0,0.0
222.5,19.5,327.0,4.0,0,312.0,0.0,0.0,0.0
273.3333333333333,2.0,925.0,4.0,0,110.0,0.0,0.0,0.0
591.1666666666666,10.5,265.0,4.0,1,108.0,0.0,0.0,0.0
530.0,5.5,447.0,4.0,0,800.0,0.0,0.0,0.0
1176.0,25.33333333333333,2183.0,5.0,1,1122.0,0.0,0.0,0.0
1490.3333333333333,22.33333333333333,694.0,5.0,1,182.0,0.0,0.0,0.0
55.25,2.333333333333333,26.0,4.0,0,495.0,0.0,0.0,0.0
1318.6666666666667,8.0,1111.0,4.0,1,1413.0,0.0,0.0,0.0
1214.1666666666667,10.0,2129.0,4.0,1,1481.0,0.0,0.0,0.0
124.66666666666669,1.5,260.0,4.0,1,220.0,0.0,0.0,0.0
117.5,1.5,357.0,4.0,0,259.0,0.0,0.0,0.0
1017.0,12.0,1093.0,4.0,1,2532.0,0.0,0.0,0.0
799.0,11.75,1669.0,4.0,1,1324.0,0.0,0.0,0.0
607.0,9.666666666666666,794.0,2.0,1,821.0,0.0,0.0,0.0
797.75,12.0,1235.0,4.0,1,172.0,0.0,0.0,0.0
83.0,3.0,49.0,4.0,1,179.0,18.764705882352946,10.0,0.0
105.0,1.5,665.0,3.5,0,662.0,31.444444444444443,6.0,0.0
247.0,2.0,472.0,4.0,1,1005.0,0.0,0.0,0.0
472.5,4.8,64.0,4.0,1,405.0,0.0,0.0,0.0
144.75,10.666666666666666,172.0,4.0,1,678.0,0.0,0.0,0.0
83.16666666666667,3.5,486.0,4.0,1,55.0,25.22222222222222,5.0,0.0
524.6,6.0,748.0,4.0,1,760.0,0.0,0.0,0.0
859.0714285714286,8.8,809.0,4.0,1,674.0,0.0,0.0,0.0
849.5,5.5,2211.0,4.0,1,3183.0,0.0,0.0,0.0
119.66666666666669,1.5,147.0,4.0,1,411.0,0.0,0.0,0.0
629.1666666666666,5.0,180.0,4.0,1,346.0,0.0,0.0,0.0
543.75,9.0,129.0,5.0,0,1606.0,0.0,0.0,0.0
398.0,4.0,373.0,4.0,1,136.0,0.0,0.0,0.0
730.6666666666666,7.5,1526.0,2.0,1,2024.0,0.0,0.0,0.0
456.5,4.0,22.0,4.0,0,629.0,0.0,0.0,0.0
567.25,6.0,515.0,4.0,1,699.0,0.0,0.0,0.0
110.25,2.5,228.0,4.0,1,77.0,26.5,6.0,0.0
373.3333333333333,6.0,582.0,4.0,1,239.0,0.0,0.0,0.0
302.0,3.0,425.0,4.0,1,638.0,0.0,0.0,0.0
372.5,3.5,533.0,4.0,1,266.0,0.0,0.0,0.0
546.8333333333334,10.666666666666666,480.0,4.0,1,420.0,0.0,0.0,0.0
663.4444444444445,6.333333333333333,296.0,4.0,0,1334.0,0.0,0.0,0.0
610.75,10.0,663.0,4.5,0,2103.0,0.0,0.0,0.0
63.25,2.0,992.0,4.0,1,328.0,22.35,11.0,0.0
595.0,3.5,0.0,2.0,1,928.0,0.0,0.0,0.0
25.666666666666668,2.5,726.0,4.0,1,792.0,0.0,0.0,0.0
571.25,5.0,73.0,4.0,1,590.0,0.0,0.0,0.0
896.0,15.0,1146.0,5.0,1,1657.0,0.0,0.0,0.0
234.0,3.0,80.0,4.0,1,219.0,0.0,0.0,0.0
205.25,3.0,128.0,4.0,1,286.0,0.0,0.0,0.0
572.75,9.0,165.0,2.0,1,58.0,0.0,0.0,0.0
254.5,5.5,876.0,4.0,1,8.0,0.0,0.0,0.0
551.75,4.5,242.0,4.0,1,854.0,0.0,0.0,0.0
258.75,5.5,597.0,4.0,1,316.0,0.0,0.0,0.0
784.0,8.5,1631.0,4.5,0,1915.0,0.0,0.0,0.0
229.25,3.6666666666666665,534.0,4.0,1,120.0,25.75,9.0,0.0
409.1666666666667,5.5,349.0,4.0,0,1324.0,0.0,0.0,0.0
955.5,13.0,1817.0,4.0,0,3320.0,0.0,0.0,0.0
532.25,4.0,532.0,4.0,1,423.0,0.0,0.0,0.0
78.83333333333333,14.75,286.0,4.0,0,534.0,0.0,0.0,0.0
1169.0,6.4,883.0,4.0,1,2801.0,0.0,0.0,0.0
328.3333333333333,5.5,503.0,4.0,1,341.0,0.0,0.0,0.0
315.25,6.0,969.0,4.0,0,915.0,0.0,0.0,0.0
760.0,10.25,1304.0,4.0,1,1533.0,0.0,0.0,0.0
64.0,1.5,604.0,4.0,1,153.0,0.0,0.0,0.0
99.33333333333331,2.5,462.0,4.0,1,317.0,0.0,0.0,0.0
597.0,3.5,1058.0,4.0,0,2287.0,0.0,0.0,0.0
6.25,1.5,695.0,0.0,0,1192.0,0.0,0.0,0.0
550.6666666666666,6.6,537.0,4.0,0,655.0,0.0,0.0,0.0
963.75,14.5,1604.0,4.5,0,622.0,0.0,0.0,0.0
1020.5,19.5,1768.0,4.5,1,140.0,0.0,0.0,0.0
316.3333333333333,1.5,197.0,4.0,1,119.0,0.0,0.0,0.0
8.333333333333334,0.5,503.0,4.5,0,340.0,28.08333333333333,12.0,0.0
198.25,2.5,444.0,4.0,1,147.0,0.0,0.0,0.0
842.5,7.75,573.0,4.5,0,3254.0,0.0,0.0,0.0
818.5,11.25,1981.0,4.0,1,2119.0,0.0,0.0,0.0
579.5,4.5,0.0,4.0,0,773.0,0.0,0.0,0.0
563.25,9.333333333333334,512.0,4.5,0,120.0,0.0,0.0,0.0
197.3333333333333,6.0,325.0,4.0,1,492.0,0.0,0.0,0.0
556.0,10.0,337.0,4.0,0,903.0,0.0,0.0,0.0
70.0,2.5,776.0,4.0,1,508.0,0.0,0.0,0.0
629.25,4.0,101.0,4.0,1,404.0,0.0,0.0,0.0
886.3333333333334,5.8,1395.0,4.0,1,3833.0,0.0,0.0,0.0
356.25,8.0,466.0,4.0,1,228.0,0.0,0.0,0.0
59.5,2.5,260.0,4.0,1,212.0,0.0,0.0,0.0
766.5,9.0,1684.0,4.5,1,2452.0,0.0,0.0,0.0
416.0,6.5,63.0,4.0,1,143.0,0.0,0.0,0.0
690.0,4.2,981.0,4.0,1,331.0,0.0,0.0,0.0
100.125,2.5,919.0,4.0,0,130.0,23.76923076923077,18.0,0.0
217.5,2.0,130.0,4.0,1,468.0,0.0,0.0,0.0
611.75,4.5,679.0,4.0,1,771.0,0.0,0.0,0.0
53.0,1.5,656.0,4.0,1,499.0,24.63636363636364,15.0,0.0
554.0,1.5,371.0,4.0,0,1098.0,0.0,0.0,0.0
135.0,9.75,378.0,4.0,1,455.0,0.0,0.0,0.0
367.75,3.0,701.0,4.0,1,78.0,0.0,0.0,0.0
290.0,2.0,587.0,4.0,1,472.0,0.0,0.0,0.0
1641.5,15.666666666666666,623.0,4.0,0,409.0,0.0,0.0,0.0
147.42857142857142,8.0,126.0,4.0,0,115.0,0.0,0.0,0.0
1130.5,6.5,707.0,4.0,1,1186.0,0.0,0.0,0.0
950.75,6.333333333333333,1944.0,4.0,1,3897.0,0.0,0.0,0.0
757.25,14.75,388.0,5.0,1,2894.0,0.0,0.0,0.0
123.75,1.5,88.0,4.0,0,403.0,0.0,0.0,0.0
112.6,2.0,448.0,4.0,0,275.0,31.375,4.0,0.0
169.83333333333334,4.666666666666667,1007.0,4.0,1,520.0,0.0,0.0,0.0
372.5,4.0,83.0,4.0,1,830.0,0.0,0.0,0.0
58.0,5.5,385.0,3.5,0,170.0,0.0,0.0,0.0
515.25,10.0,0.0,4.0,0,244.0,0.0,0.0,0.0
196.75,3.8,744.0,4.0,1,373.0,0.0,0.0,0.0
419.75,9.666666666666666,718.0,4.0,1,735.0,0.0,0.0,0.0
1223.25,8.0,1061.0,4.0,1,884.0,0.0,0.0,0.0
741.0,7.5,668.0,4.0,1,797.0,0.0,0.0,0.0
89.4,3.0,499.0,4.0,1,120.0,26.55555555555556,5.0,0.0
958.8,11.5,432.0,4.5,1,214.0,0.0,0.0,0.0
1561.25,31.25,1731.0,5.0,1,277.0,0.0,0.0,0.0
772.5,6.0,710.0,4.0,1,2031.0,0.0,0.0,0.0
540.5,5.0,212.0,4.0,1,467.0,0.0,0.0,0.0
97.66666666666669,2.5,418.0,4.0,1,271.0,9.666666666666666,1.0,0.0
310.5,5.0,129.0,4.0,1,508.0,0.0,0.0,0.0
89.0,2.0,800.0,4.0,0,278.0,0.0,0.0,0.0
176.88888888888889,8.25,400.0,2.0,1,32.0,0.0,0.0,0.0
589.8,7.5,700.0,4.0,1,64.0,0.0,0.0,0.0
352.5,2.5,87.0,2.0,1,38.0,0.0,0.0,0.0
324.25,1.5,112.0,4.0,1,286.0,0.0,0.0,0.0
667.75,8.0,937.0,4.0,1,1308.0,0.0,0.0,0.0
38.75,1.5,517.0,4.0,1,168.0,8.0,1.0,0.0
117.5,1.0,292.0,2.0,0,122.0,14.0,0.0,0.0
374.3333333333333,3.5,843.0,4.0,1,437.0,0.0,0.0,0.0
601.5,9.0,768.0,4.5,0,2510.0,0.0,0.0,0.0
709.0,7.5,1084.0,4.0,0,1905.0,0.0,0.0,0.0
833.5,4.5,1346.0,4.0,0,4049.0,0.0,0.0,0.0
63.66666666666666,3.333333333333333,600.0,4.0,1,264.0,31.444444444444443,7.0,0.0
964.25,13.666666666666666,1736.0,4.5,1,287.0,0.0,0.0,0.0
325.4,2.5,92.0,4.0,0,90.0,13.0,1.0,0.0
852.0,5.5,2121.0,4.0,1,3230.0,0.0,0.0,0.0
187.5,2.5,567.0,4.0,1,284.0,52.0,0.0,0.0
316.25,4.666666666666667,53.0,2.0,1,84.0,0.0,0.0,0.0
36.5,1.5,745.0,4.0,0,223.0,20.620689655172413,24.0,0.0
161.125,2.5,396.0,4.0,1,342.0,29.0,10.0,0.0
717.5,7.25,730.0,4.0,1,1803.0,0.0,0.0,0.0
292.25,2.5,109.0,4.0,0,143.0,0.0,0.0,0.0
537.2,4.5,586.0,4.0,1,734.0,0.0,0.0,0.0
227.5,5.5,386.0,2.6666666666666665,0,58.0,0.0,0.0,0.0
384.75,3.6666666666666665,288.0,4.0,1,1233.0,0.0,0.0,0.0
224.16666666666663,2.5,258.0,2.6666666666666665,0,7.0,0.0,0.0,0.0
26.0,2.0,684.0,4.0,1,324.0,41.6,8.0,0.0
566.75,18.0,80.0,5.0,1,1992.0,0.0,0.0,0.0
410.25,3.0,416.0,4.0,1,1284.0,0.0,0.0,0.0
43.2,1.5,92.0,4.0,1,288.0,26.0,7.0,0.0
236.5,3.5,451.0,4.0,1,221.0,0.0,0.0,0.0
175.33333333333334,3.0,827.0,4.0,1,35.0,55.75,2.0,0.0
586.6,3.5,1250.0,4.0,1,2473.0,0.0,0.0,0.0
2.5,0.5,444.0,0.0,1,930.0,24.31578947368421,11.0,0.0
1057.0,8.333333333333334,1450.0,4.0,1,3283.0,0.0,0.0,0.0
399.5,3.0,161.0,4.0,1,911.0,0.0,0.0,0.0
1422.0,27.666666666666668,1542.0,5.0,1,661.0,0.0,0.0,0.0
82.16666666666667,1.5,177.0,4.0,0,170.0,0.0,0.0,0.0
58.333333333333336,1.5,708.0,4.0,1,589.0,27.5,14.0,0.0
317.75,7.5,350.0,4.0,1,179.0,0.0,0.0,0.0
495.75,3.0,356.0,4.0,0,1319.0,0.0,0.0,0.0
577.75,10.5,166.0,4.0,1,1097.0,0.0,0.0,0.0
48.16666666666666,3.0,387.0,4.0,1,803.0,16.2,2.0,0.0
489.8333333333333,7.5,121.0,2.0,0,46.0,0.0,0.0,0.0
205.0,5.0,1002.0,4.0,1,1040.0,0.0,0.0,0.0
74.0,2.0,384.0,4.0,0,693.0,0.0,0.0,0.0
414.6666666666667,4.5,133.0,4.0,1,781.0,0.0,0.0,0.0
316.0,4.666666666666667,103.0,2.0,1,27.0,0.0,0.0,0.0
9.8,3.5,71.0,4.0,0,123.0,32.333333333333336,12.0,0.0
210.66666666666663,6.0,920.0,4.0,1,557.0,0.0,0.0,0.0
274.0,3.0,1040.0,4.0,1,123.0,0.0,0.0,0.0
406.0,5.25,427.0,2.0,1,184.0,0.0,0.0,0.0
155.0,4.0,36.0,4.0,0,29.0,20.4,4.0,0.0
413.6666666666667,4.0,151.0,4.0,0,689.0,0.0,0.0,0.0
515.5,4.571428571428571,384.0,4.0,1,182.0,0.0,0.0,0.0
652.0,10.0,601.0,4.5,1,1642.0,0.0,0.0,0.0
1157.75,13.75,1741.0,4.0,1,1367.0,0.0,0.0,0.0
529.2,2.5,248.0,4.0,0,539.0,0.0,0.0,0.0
804.75,7.5,1507.0,4.0,1,409.0,0.0,0.0,0.0
159.33333333333334,8.5,642.0,4.0,1,536.0,32.75,3.0,0.0
244.5,6.0,611.0,4.0,1,11.0,0.0,0.0,0.0
18.0,1.0,277.0,4.0,1,295.0,0.0,0.0,0.0
163.0,5.333333333333333,457.0,4.0,1,188.0,0.0,0.0,0.0
575.25,7.0,56.0,4.0,1,1148.0,0.0,0.0,0.0
314.0,2.5,210.0,2.0,1,33.0,25.15384615384616,4.0,0.0
1298.25,13.75,1165.0,5.0,0,128.0,0.0,0.0,0.0
1174.1666666666667,12.666666666666666,1007.0,4.0,1,802.0,0.0,0.0,0.0
549.0,5.5,714.0,4.0,1,777.0,0.0,0.0,0.0
1221.25,28.666666666666668,863.0,4.0,1,187.0,0.0,0.0,0.0
56.75,4.5,0.0,2.0,0,79.0,0.0,0.0,0.0
468.75,6.5,271.0,4.0,1,103.0,0.0,0.0,0.0
596.0,5.5,640.0,4.5,1,1879.0,0.0,0.0,0.0
472.5,5.5,186.0,4.0,1,1241.0,0.0,0.0,0.0
494.25,2.5,448.0,4.0,0,1252.0,0.0,0.0,0.0
172.5,2.0,269.0,4.0,1,118.0,43.285714285714285,4.0,0.0
590.6666666666666,3.0,498.0,4.0,1,953.0,0.0,0.0,0.0
140.75,4.333333333333333,300.0,4.0,1,416.0,0.0,0.0,0.0
1013.75,20.0,1886.0,4.0,1,1036.0,0.0,0.0,0.0
163.16666666666666,14.166666666666666,422.0,4.0,1,575.0,0.0,0.0,0.0
38.5,2.0,397.0,2.0,1,19.0,35.333333333333336,2.0,0.0
650.25,5.0,107.0,4.0,1,278.0,0.0,0.0,0.0
294.5,6.0,513.0,4.0,1,148.0,23.0,0.0,0.0
172.0,4.5,867.0,4.0,1,97.0,0.0,0.0,0.0
95.0,2.5,383.0,4.0,1,351.0,37.833333333333336,5.0,0.0
844.0,6.6,952.0,4.0,1,3329.0,0.0,0.0,0.0
780.25,7.0,818.0,4.0,1,825.0,0.0,0.0,0.0
72.5,1.0,195.0,4.0,1,71.0,25.75,5.0,0.0
297.0,4.5,118.0,2.0,1,180.0,43.0,0.0,0.0
185.5,3.0,132.0,4.0,1,216.0,0.0,0.0,0.0
450.0,4.0,96.0,4.0,1,1405.0,0.0,0.0,0.0
695.0,6.5,839.0,4.0,1,574.0,0.0,0.0,0.0
405.0,4.5,578.0,4.0,1,658.0,0.0,0.0,0.0
150.0,3.0,290.0,3.5,0,150.0,0.0,0.0,0.0
167.25,2.5,674.0,2.6666666666666665,1,73.0,26.0,9.0,0.0
83.33333333333333,5.833333333333333,980.0,4.0,1,490.0,0.0,0.0,0.0
379.5,4.5,669.0,4.0,1,735.0,0.0,0.0,0.0
71.16666666666667,3.0,674.0,4.0,0,538.0,25.84,12.0,0.0
201.5,5.2,449.0,4.0,0,226.0,0.0,0.0,0.0
988.25,25.666666666666668,307.0,5.0,1,944.0,0.0,0.0,0.0
46.5,1.5,387.0,4.5,0,244.0,0.0,0.0,0.0
348.3333333333333,4.75,487.0,4.0,0,263.0,0.0,0.0,0.0
934.25,16.666666666666668,499.0,4.5,1,836.0,0.0,0.0,0.0
715.5,12.333333333333334,1102.0,2.6666666666666665,1,1992.0,0.0,0.0,0.0
89.0,2.75,484.0,4.0,1,347.0,20.75,14.0,0.0
173.66666666666666,4.0,680.0,4.0,1,174.0,0.0,0.0,0.0
435.5,6.333333333333333,266.0,4.0,1,634.0,0.0,0.0,0.0
580.5,8.0,185.0,4.0,0,1010.0,0.0,0.0,0.0
398.0,4.5,367.0,4.0,1,441.0,0.0,0.0,0.0
587.8333333333334,3.5,1150.0,4.0,0,2422.0,0.0,0.0,0.0
186.75,3.75,257.0,4.0,1,101.0,21.5,2.0,0.0
854.0,14.0,446.0,5.0,1,3170.0,0.0,0.0,0.0
109.0,2.5,478.0,4.0,1,503.0,30.41176470588235,11.0,0.0
111.75,7.75,795.0,4.0,0,527.0,20.0,1.0,0.0
92.25,1.0,826.0,4.0,1,1023.0,31.181818181818183,5.0,0.0
906.6666666666666,7.666666666666667,1976.0,4.0,1,3668.0,0.0,0.0,0.0
63.5,1.5,672.0,4.0,1,82.0,33.42857142857143,4.0,0.0
404.6,5.0,58.0,4.0,0,1090.0,0.0,0.0,0.0
681.1666666666666,11.5,1068.0,4.0,0,1105.0,0.0,0.0,0.0
6.0,2.0,149.0,4.0,1,248.0,43.75,2.0,0.0
447.0,3.5,161.0,4.0,0,410.0,0.0,0.0,0.0
555.25,8.5,359.0,4.0,1,1107.0,0.0,0.0,0.0
564.0,6.0,558.0,4.0,0,770.0,0.0,0.0,0.0
652.75,10.0,1080.0,2.0,0,1320.0,0.0,0.0,0.0
70.25,4.0,416.0,3.6666666666666665,0,406.0,25.44117647058824,18.0,0.0
274.4,4.75,257.0,4.0,1,159.0,0.0,0.0,0.0
548.5,7.666666666666667,225.0,5.0,0,1693.0,0.0,0.0,0.0
288.6666666666667,2.75,249.0,4.0,1,529.0,0.0,0.0,0.0
211.0,5.0,672.0,4.0,1,541.0,0.0,0.0,0.0
291.75,3.5,840.0,4.0,1,52.0,0.0,0.0,0.0
102.0,1.5,666.0,3.5,0,590.0,28.916666666666668,8.0,0.0
304.6666666666667,3.5,298.0,4.0,1,1045.0,0.0,0.0,0.0
498.8,5.5,6.0,4.0,0,1599.0,0.0,0.0,0.0
470.0,6.666666666666667,301.0,2.0,1,8.0,0.0,0.0,0.0
468.3333333333333,8.666666666666666,304.0,4.0,0,148.0,0.0,0.0,0.0
586.25,7.0,726.0,2.0,1,753.0,0.0,0.0,0.0
707.3333333333334,10.0,1072.0,4.0,1,1385.0,0.0,0.0,0.0
208.25,3.5,483.0,4.0,1,25.0,0.0,0.0,0.0
387.0,6.75,460.0,4.0,1,249.0,0.0,0.0,0.0
83.75,2.5,809.0,4.0,1,959.0,23.142857142857142,17.0,0.0
476.0,5.5,482.0,4.0,1,1049.0,0.0,0.0,0.0
18.25,2.0,444.0,4.0,1,912.0,119.0,0.0,0.0
27.5,2.75,459.0,2.0,1,6.0,0.0,0.0,0.0
119.5,2.0,269.0,4.666666666666667,0,173.0,35.916666666666664,9.0,0.0
975.25,19.5,1791.0,4.0,0,2091.0,0.0,0.0,0.0
313.25,4.333333333333333,726.0,4.0,1,490.0,0.0,0.0,0.0
262.25,4.6,676.0,4.0,1,171.0,0.0,0.0,0.0
456.5,6.666666666666667,411.0,4.0,1,159.0,0.0,0.0,0.0
29.0,1.5,373.0,3.5,1,85.0,0.0,0.0,0.0
401.8,3.5,64.0,4.0,1,529.0,0.0,0.0,0.0
109.75,3.0,630.0,4.0,1,154.0,29.105263157894736,10.0,0.0
5.5,2.5,97.0,2.5,0,725.0,31.7,11.0,0.0
1475.0,20.0,2081.0,4.0,1,537.0,0.0,0.0,0.0
1668.5,11.666666666666666,1425.0,5.0,0,330.0,0.0,0.0,0.0
513.5,3.0,480.0,4.0,1,793.0,0.0,0.0,0.0
72.25,2.5,199.0,4.0,1,1019.0,0.0,0.0,0.0
96.5,2.0,185.0,4.0,0,187.0,37.22727272727273,10.0,0.0
577.2,4.5,24.0,4.0,1,1078.0,0.0,0.0,0.0
522.25,8.75,428.0,4.5,1,1037.0,0.0,0.0,0.0
1197.5,10.333333333333334,1016.0,4.0,1,823.0,0.0,0.0,0.0
681.25,8.25,659.0,4.5,0,71.0,0.0,0.0,0.0
67.0,1.5,490.0,4.0,0,1047.0,20.45,11.0,0.0
1035.25,12.5,847.0,4.0,1,2246.0,0.0,0.0,0.0
117.0,1.5,43.0,4.0,1,312.0,26.25,3.0,0.0
272.6666666666667,3.5,201.0,4.0,0,782.0,0.0,0.0,0.0
111.75,3.25,722.0,4.0,1,140.0,0.0,0.0,0.0
548.0,5.666666666666667,776.0,4.0,1,921.0,0.0,0.0,0.0
217.5,4.0,239.0,4.0,0,588.0,0.0,0.0,0.0
471.0,6.5,209.0,4.0,1,45.0,0.0,0.0,0.0
1099.0,6.5,1479.0,4.0,1,3399.0,0.0,0.0,0.0
469.5,4.0,163.0,4.0,1,877.0,0.0,0.0,0.0
809.6666666666666,19.0,1671.0,4.5,0,0.0,0.0,0.0,0.0
315.25,3.0,331.0,4.0,1,123.0,32.0,1.0,0.0
1240.5,8.333333333333334,928.0,4.0,0,2624.0,0.0,0.0,0.0
281.0,4.0,135.0,4.0,1,745.0,0.0,0.0,0.0
531.0,5.25,0.0,4.0,1,531.0,0.0,0.0,0.0
55.333333333333336,1.0,460.0,4.0,1,657.0,26.65217391304348,14.0,0.0
1215.5,7.75,477.0,4.0,0,1676.0,0.0,0.0,0.0
966.4,11.5,1206.0,4.0,1,2420.0,0.0,0.0,0.0
208.0,6.5,582.0,4.0,0,146.0,0.0,0.0,0.0
137.75,5.5,927.0,4.0,1,155.0,35.0,2.0,0.0
487.5,22.5,331.0,4.0,1,367.0,0.0,0.0,0.0
63.833333333333336,3.0,291.0,4.0,1,374.0,24.692307692307693,7.0,0.0
117.0,1.5,416.0,3.5,1,159.0,46.85714285714285,5.0,0.0
70.0,1.5,811.0,4.0,0,611.0,24.05555555555556,10.0,0.0
1088.5555555555557,12.0,1628.0,4.5,1,182.0,0.0,0.0,0.0
325.0,6.0,646.0,4.0,1,182.0,0.0,0.0,0.0
39.0,2.0,717.0,4.0,1,850.0,33.57142857142857,4.0,0.0
537.75,6.0,599.0,4.0,1,865.0,0.0,0.0,0.0
312.6666666666667,4.5,276.0,4.0,0,970.0,0.0,0.0,0.0
543.5,6.75,229.0,4.0,0,220.0,0.0,0.0,0.0
642.5,3.25,0.0,4.5,0,1092.0,0.0,0.0,0.0
863.25,9.25,1274.0,4.0,1,3364.0,0.0,0.0,0.0
722.6666666666666,7.25,486.0,4.0,1,724.0,0.0,0.0,0.0
520.75,20.83333333333333,336.0,4.0,0,422.0,0.0,0.0,0.0
588.75,2.0,832.0,4.0,1,1608.0,0.0,0.0,0.0
116.5,2.0,355.0,4.0,1,343.0,0.0,0.0,0.0
327.0,6.0,253.0,2.0,1,66.0,0.0,0.0,0.0
642.3333333333334,9.0,360.0,4.0,1,1443.0,0.0,0.0,0.0
243.5,5.0,670.0,2.0,1,22.0,30.0,2.0,0.0
815.5,10.333333333333334,1529.0,4.0,1,1446.0,0.0,0.0,0.0
584.0,8.5,254.0,5.0,1,1304.0,0.0,0.0,0.0
234.16666666666663,3.5,504.0,4.0,0,221.0,0.0,0.0,0.0
113.0,6.0,860.0,4.0,1,330.0,0.0,0.0,0.0
466.0,4.5,388.0,4.0,1,1185.0,0.0,0.0,0.0
196.75,2.0,335.0,2.0,1,50.0,0.0,0.0,0.0
357.5,5.0,488.0,4.0,1,610.0,0.0,0.0,0.0
606.8333333333334,7.5,322.0,4.0,1,1053.0,0.0,0.0,0.0
356.3333333333333,7.5,98.0,4.0,1,609.0,0.0,0.0,0.0
10.166666666666666,3.0,73.0,4.5,1,349.0,23.692307692307693,16.0,0.0
35.75,3.5,445.0,4.0,0,537.0,27.88235294117647,13.0,0.0
285.8,2.5,0.0,4.0,1,165.0,0.0,0.0,0.0
265.25,5.5,615.0,4.0,1,681.0,0.0,0.0,0.0
433.5,9.0,555.0,2.0,0,559.0,0.0,0.0,0.0
828.75,5.5,1998.0,4.0,1,2877.0,0.0,0.0,0.0
414.5,3.5,294.0,4.0,1,227.0,27.857142857142858,5.0,0.0
690.75,7.0,1086.0,4.0,1,1898.0,0.0,0.0,0.0
256.25,3.0,345.0,4.0,1,1141.0,0.0,0.0,0.0
903.25,13.25,2066.0,4.5,1,11.0,0.0,0.0,0.0
860.25,6.0,1925.0,4.0,1,2873.0,0.0,0.0,0.0
632.8333333333334,6.5,226.0,4.0,1,323.0,0.0,0.0,0.0
506.75,5.5,290.0,4.0,1,160.0,0.0,0.0,0.0
119.0,2.5,329.0,2.0,0,38.0,13.0,1.0,0.0
832.0,5.333333333333333,914.0,4.0,1,3134.0,0.0,0.0,0.0
380.5,3.5,270.0,4.0,1,154.0,0.0,0.0,0.0
919.3333333333334,9.0,1929.0,4.0,1,3732.0,0.0,0.0,0.0
103.0,3.0,446.0,4.0,1,162.0,0.0,0.0,0.0
410.5,6.5,278.0,4.5,0,69.0,0.0,0.0,0.0
279.0,2.5,8.0,4.0,0,423.0,0.0,0.0,0.0
300.25,2.5,480.0,4.0,1,632.0,0.0,0.0,0.0
720.3333333333334,8.0,1279.0,4.5,1,2046.0,0.0,0.0,0.0
432.22222222222223,6.5,311.0,4.0,1,623.0,0.0,0.0,0.0
1113.0,8.0,889.0,4.0,1,2777.0,0.0,0.0,0.0
52.5,2.0,215.0,2.0,1,54.0,22.375,6.0,0.0
832.0,7.0,954.0,4.0,0,3652.0,0.0,0.0,0.0
385.5,5.833333333333333,284.0,4.0,1,492.0,0.0,0.0,0.0
794.0,16.0,206.0,4.5,1,2631.0,0.0,0.0,0.0
215.75,5.0,680.0,4.0,0,1192.0,0.0,0.0,0.0
175.0,2.0,213.0,4.0,1,220.0,23.857142857142858,6.0,0.0
26.5,1.0,1122.0,4.0,1,1104.0,0.0,0.0,0.0
424.75,4.0,70.0,4.0,0,941.0,0.0,0.0,0.0
507.0,3.6,307.0,4.0,0,602.0,0.0,0.0,0.0
499.0,3.5,10.0,4.0,1,385.0,0.0,0.0,0.0
176.25,4.5,341.0,4.0,1,49.0,33.5,4.0,0.0
100.66666666666669,2.5,24.0,4.0,0,140.0,22.3125,19.0,0.0
406.55555555555554,12.25,608.0,4.0,1,417.0,0.0,0.0,0.0
154.33333333333334,2.5,215.0,4.0,1,261.0,0.0,0.0,0.0
464.0,7.0,447.0,4.0,1,135.0,0.0,0.0,0.0
28.2,2.5,1150.0,4.5,1,296.0,24.1875,7.0,0.0
545.5,6.0,190.0,4.0,0,823.0,0.0,0.0,0.0
772.75,5.0,1050.0,4.0,1,489.0,0.0,0.0,0.0
35.0,17.4,87.0,2.5,1,564.0,0.0,0.0,0.0
658.5,7.0,702.0,4.0,1,426.0,0.0,0.0,0.0
970.625,12.0,214.0,4.5,1,686.0,0.0,0.0,0.0
160.5,5.0,564.0,2.0,0,83.0,0.0,0.0,0.0
533.0,5.5,468.0,4.0,1,788.0,0.0,0.0,0.0
36.75,2.5,151.0,4.0,1,146.0,19.95238095238096,19.0,0.0
280.75,5.5,393.0,4.0,0,74.0,0.0,0.0,0.0
407.5,11.0,528.0,4.0,1,778.0,0.0,0.0,0.0
353.5,3.5,101.0,4.0,1,101.0,0.0,0.0,0.0
311.25,4.333333333333333,291.0,4.0,1,778.0,0.0,0.0,0.0
955.8,24.0,418.0,5.0,1,708.0,0.0,0.0,0.0
782.0,8.166666666666666,264.0,4.5,1,2372.0,0.0,0.0,0.0
212.75,2.0,768.0,4.0,1,99.0,0.0,0.0,0.0
649.0,8.333333333333334,682.0,2.0,0,1348.0,0.0,0.0,0.0
88.2,1.5,894.0,4.0,1,257.0,24.0,3.0,0.0
1035.0,11.75,808.0,4.0,1,2147.0,0.0,0.0,0.0
12.333333333333334,3.0,178.0,2.0,1,33.0,0.0,0.0,0.0
109.66666666666669,2.5,582.0,3.0,0,363.0,24.181818181818183,15.0,0.0
1177.8333333333333,9.0,273.0,4.0,1,2190.0,0.0,0.0,0.0
361.0,4.0,258.0,4.0,1,169.0,0.0,0.0,0.0
462.25,5.0,164.0,4.0,1,830.0,0.0,0.0,0.0
779.75,12.0,271.0,4.5,1,2311.0,0.0,0.0,0.0
96.0,3.0,913.0,4.0,1,232.0,33.857142857142854,6.0,0.0
29.75,1.5,496.0,4.0,1,606.0,31.61111111111111,18.0,0.0
893.6666666666666,7.5,682.0,4.0,1,563.0,0.0,0.0,0.0
430.3333333333333,2.5,94.0,4.0,1,398.0,0.0,0.0,0.0
183.6,4.5,1104.0,4.0,1,761.0,10.0,1.0,0.0
764.5,8.0,1207.0,4.0,1,220.0,0.0,0.0,0.0
291.75,5.75,675.0,4.0,1,301.0,0.0,0.0,0.0
881.8333333333334,18.0,1938.0,4.0,1,174.0,0.0,0.0,0.0
250.0,5.0,720.0,4.0,1,295.0,0.0,0.0,0.0
57.5,2.0,304.0,4.0,1,800.0,0.0,0.0,0.0
476.44444444444446,6.0,110.0,4.0,1,1515.0,25.0,0.0,0.0
336.6666666666667,4.5,354.0,2.0,1,23.0,0.0,0.0,0.0
394.25,4.0,245.0,4.0,1,202.0,0.0,0.0,0.0
338.75,5.0,205.0,2.0,1,53.0,0.0,0.0,0.0
23.0,2.5,532.0,2.0,1,48.0,11.384615384615383,8.0,0.0
874.5,7.0,1007.0,4.0,1,156.0,0.0,0.0,0.0
741.3333333333334,7.0,1427.0,4.0,1,2255.0,0.0,0.0,0.0
319.3333333333333,5.0,601.0,4.0,1,284.0,0.0,0.0,0.0
886.8333333333334,14.0,1757.0,4.5,1,1020.0,0.0,0.0,0.0
385.5,6.5,250.0,4.0,1,414.0,0.0,0.0,0.0
413.1666666666667,8.0,218.0,4.0,1,363.0,0.0,0.0,0.0
60.25,2.5,511.0,4.0,0,1036.0,0.0,0.0,0.0
827.3333333333334,6.0,1344.0,4.0,0,3048.0,0.0,0.0,0.0
110.0,1.5,639.0,2.0,0,13.0,23.866666666666667,8.0,0.0
263.5,8.0,86.0,4.0,1,578.0,0.0,0.0,0.0
438.0,4.5,14.0,4.0,1,106.0,0.0,0.0,0.0
1077.0,13.0,1199.0,4.5,1,718.0,0.0,0.0,0.0
250.16666666666663,5.5,1009.0,4.0,1,828.0,0.0,0.0,0.0
7.666666666666667,6.5,333.0,2.0,1,253.0,45.94444444444444,13.0,0.0
403.0,3.0,73.0,4.0,1,533.0,0.0,0.0,0.0
122.0,10.666666666666666,75.0,4.0,1,844.0,0.0,0.0,0.0
936.25,24.0,2388.0,2.5,0,435.0,0.0,0.0,0.0
615.8333333333334,17.333333333333332,938.0,5.0,1,2431.0,0.0,0.0,0.0
535.75,6.166666666666667,605.0,4.0,1,98.0,0.0,0.0,0.0
169.5,12.666666666666666,509.0,4.0,1,267.0,0.0,0.0,0.0
326.3333333333333,1.5,96.0,4.0,1,264.0,101.0,0.0,0.0
873.5,15.5,1092.0,5.0,1,1562.0,0.0,0.0,0.0
319.8333333333333,5.0,340.0,4.0,1,457.0,0.0,0.0,0.0
1289.75,13.5,957.0,4.0,0,688.0,0.0,0.0,0.0
590.75,5.5,864.0,4.0,1,1176.0,0.0,0.0,0.0
327.5,6.0,543.0,4.0,1,432.0,0.0,0.0,0.0
344.25,5.5,470.0,4.0,0,497.0,0.0,0.0,0.0
327.25,11.25,25.0,4.0,1,544.0,0.0,0.0,0.0
26.5,2.5,701.0,4.5,1,851.0,9.0,0.0,0.0
82.5,1.5,1001.0,4.0,1,188.0,39.2,9.0,0.0
238.66666666666663,5.0,810.0,4.0,1,727.0,0.0,0.0,0.0
284.1666666666667,7.75,475.0,4.0,1,23.0,0.0,0.0,0.0
34.75,1.5,935.0,4.5,0,802.0,37.5,6.0,0.0
35.333333333333336,2.0,453.0,4.0,0,445.0,22.0,10.0,0.0
683.25,7.5,779.0,4.0,1,2193.0,0.0,0.0,0.0
123.75,2.5,72.0,4.0,0,99.0,22.4,3.0,0.0
77.0,1.5,620.0,4.0,0,662.0,26.53846153846154,9.0,0.0
215.75,7.5,1001.0,4.0,1,741.0,0.0,0.0,0.0
258.3333333333333,3.5,498.0,4.0,0,941.0,0.0,0.0,0.0
86.25,1.5,386.0,2.6666666666666665,0,33.0,33.3,10.0,0.0
335.0,6.4,160.0,4.0,1,492.0,0.0,0.0,0.0
295.0,5.666666666666667,763.0,4.0,1,309.0,0.0,0.0,0.0
138.0,2.5,850.0,4.5,0,203.0,0.0,0.0,0.0
410.0,4.5,170.0,4.0,1,194.0,0.0,0.0,0.0
101.0,2.0,470.0,4.0,1,440.0,28.68421052631579,10.0,0.0
129.0,2.5,717.0,4.0,1,198.0,0.0,0.0,0.0
561.75,9.25,64.0,5.0,1,1429.0,0.0,0.0,0.0
541.0,4.0,92.0,4.0,0,448.0,0.0,0.0,0.0
710.75,4.5,1059.0,4.5,1,2116.0,0.0,0.0,0.0
155.0,2.5,301.0,4.0,0,350.0,29.7,7.0,0.0
217.3333333333333,4.5,1055.0,4.0,1,492.0,0.0,0.0,0.0
41.5,4.666666666666667,525.0,4.0,1,149.0,0.0,0.0,0.0
620.25,9.25,702.0,5.0,0,2431.0,0.0,0.0,0.0
381.0,8.0,133.0,4.0,1,220.0,0.0,0.0,0.0
401.6666666666667,5.333333333333333,158.0,4.0,1,1048.0,0.0,0.0,0.0
527.5,3.5,448.0,4.0,1,857.0,0.0,0.0,0.0
1777.6666666666667,12.5,877.0,4.0,1,411.0,0.0,0.0,0.0
59.25,2.0,499.0,4.0,1,193.0,0.0,0.0,0.0
295.0,6.2,305.0,4.0,1,741.0,0.0,0.0,0.0
382.25,9.75,571.0,4.0,1,348.0,0.0,0.0,0.0
382.75,7.333333333333333,179.0,4.0,1,1289.0,0.0,0.0,0.0
346.75,10.0,625.0,4.0,1,768.0,0.0,0.0,0.0
449.0,3.0,241.0,4.0,1,198.0,0.0,0.0,0.0
530.25,5.75,301.0,4.0,1,351.0,0.0,0.0,0.0
889.5,9.0,2001.0,4.0,1,3516.0,0.0,0.0,0.0
638.0,4.5,164.0,4.0,1,837.0,0.0,0.0,0.0
96.0,3.0,262.0,4.0,1,185.0,26.625,20.0,0.0
68.83333333333333,2.5,143.0,4.0,0,309.0,27.90909090909091,7.0,0.0
118.66666666666669,1.5,228.0,4.666666666666667,1,90.0,55.0,0.0,0.0
599.3333333333334,3.5,88.0,4.0,1,854.0,0.0,0.0,0.0
60.75,1.5,308.0,4.0,0,767.0,55.2,0.0,0.0
204.0,3.5,209.0,2.0,1,28.0,0.0,0.0,0.0
942.75,23.0,530.0,5.0,1,1205.0,0.0,0.0,0.0
644.5,9.5,640.0,2.0,1,1135.0,0.0,0.0,0.0
1496.6666666666667,17.666666666666668,2118.0,4.0,1,473.0,0.0,0.0,0.0
261.0,3.5,510.0,4.0,0,391.0,35.5,1.0,0.0
176.25,4.5,547.0,4.0,1,226.0,26.545454545454547,10.0,0.0
283.6666666666667,2.5,277.0,2.6666666666666665,0,47.0,51.66666666666666,1.0,0.0
78.25,1.5,504.0,4.0,1,1163.0,26.7,12.0,0.0
59.0,1.5,109.0,4.5,0,223.0,29.31578947368421,7.0,0.0
53.75,2.5,258.0,4.0,1,800.0,0.0,0.0,0.0
121.0,4.4,321.0,2.0,0,95.0,9.5,1.0,0.0
714.0,11.5,580.0,5.0,1,1284.0,0.0,0.0,0.0
1020.5,23.5,210.0,5.0,1,910.0,0.0,0.0,0.0
130.5,1.5,717.0,4.0,0,285.0,0.0,0.0,0.0
585.5,6.0,91.0,4.0,1,268.0,0.0,0.0,0.0
185.75,11.0,529.0,4.0,1,437.0,0.0,0.0,0.0
213.75,2.5,9.0,4.0,1,237.0,0.0,0.0,0.0
122.25,3.5,374.0,4.0,1,732.0,20.0,7.0,0.0
527.75,7.0,553.0,2.0,1,395.0,0.0,0.0,0.0
464.1666666666667,5.5,627.0,4.0,1,867.0,0.0,0.0,0.0
560.5,6.75,22.0,2.0,1,61.0,0.0,0.0,0.0
1200.0,4.333333333333333,346.0,4.5,1,1745.0,0.0,0.0,0.0
66.5,1.5,512.0,4.0,0,479.0,22.782608695652176,13.0,0.0
1425.5,10.666666666666666,1378.0,4.0,0,2183.0,0.0,0.0,0.0
473.5,4.666666666666667,492.0,4.0,1,77.0,0.0,0.0,0.0
335.2,6.75,820.0,4.0,1,814.0,0.0,0.0,0.0
382.75,6.5,209.0,4.0,1,397.0,0.0,0.0,0.0
129.25,3.0,270.0,4.0,1,195.0,26.25,3.0,0.0
47.75,2.0,409.0,4.0,0,949.0,0.0,0.0,0.0
29.5,1.5,447.0,4.0,1,218.0,25.071428571428573,10.0,0.0
165.25,13.5,264.0,4.0,1,632.0,0.0,0.0,0.0
27.5,0.5,634.0,4.0,0,381.0,23.782608695652176,35.0,0.0
957.5,20.0,2195.0,2.5,1,253.0,0.0,0.0,0.0
132.0,4.5,320.0,4.0,1,54.0,23.33333333333333,2.0,0.0
142.5,4.0,355.0,4.0,1,324.0,0.0,0.0,0.0
804.6666666666666,7.5,1952.0,4.0,1,2879.0,0.0,0.0,0.0
660.25,14.0,358.0,4.5,1,1140.0,0.0,0.0,0.0
209.0,2.5,9.0,4.0,1,187.0,0.0,0.0,0.0
181.8333333333333,16.0,460.0,4.0,1,224.0,0.0,0.0,0.0
146.66666666666666,9.5,150.0,4.0,1,765.0,30.666666666666668,2.0,0.0
110.75,1.5,92.0,4.0,1,102.0,0.0,0.0,0.0
785.75,8.0,1570.0,4.0,0,1316.0,0.0,0.0,0.0
1361.0,18.22222222222222,1101.0,5.0,1,192.0,0.0,0.0,0.0
903.3333333333334,7.166666666666667,1885.0,4.0,1,3637.0,0.0,0.0,0.0
95.0,1.5,315.0,2.6666666666666665,0,72.0,25.55555555555556,10.0,0.0
222.5,2.5,367.0,4.0,1,293.0,0.0,0.0,0.0
3.5,1.0,873.0,4.0,1,615.0,26.0,6.0,0.0
394.0,5.0,481.0,4.0,1,162.0,0.0,0.0,0.0
87.5,2.0,206.0,2.0,0,45.0,22.727272727272727,6.0,0.0
1044.75,20.25,2051.0,5.0,1,102.0,0.0,0.0,0.0
29.0,1.5,547.0,4.5,1,185.0,0.0,0.0,0.0
212.75,2.5,8.0,4.0,1,279.0,0.0,0.0,0.0
423.25,3.0,0.0,4.0,1,242.0,0.0,0.0,0.0
807.5,13.0,1633.0,4.0,1,730.0,0.0,0.0,0.0
10.0,1.0,826.0,4.0,0,404.0,21.65384615384616,16.0,0.0
429.3333333333333,4.5,308.0,4.0,1,363.0,0.0,0.0,0.0
414.25,5.5,415.0,2.0,1,237.0,0.0,0.0,0.0
1311.75,11.0,834.0,4.0,0,641.0,0.0,0.0,0.0
133.75,2.0,427.0,2.6666666666666665,1,61.0,0.0,0.0,0.0
367.5,4.0,84.0,4.0,1,227.0,35.57142857142857,4.0,0.0
587.2,2.5,950.0,4.0,1,2325.0,0.0,0.0,0.0
780.75,4.75,1511.0,4.0,0,2368.0,0.0,0.0,0.0
77.5,3.5,666.0,3.5,1,557.0,40.16666666666666,3.0,0.0
651.0,10.666666666666666,942.0,2.0,1,1070.0,0.0,0.0,0.0
588.1666666666666,7.5,642.0,4.0,1,1085.0,0.0,0.0,0.0
58.5,3.0,420.0,4.0,0,771.0,0.0,0.0,0.0
325.75,6.6,457.0,4.0,1,319.0,0.0,0.0,0.0
53.5,2.0,192.0,4.0,1,768.0,42.285714285714285,4.0,0.0
833.75,5.75,1003.0,4.0,1,3142.0,0.0,0.0,0.0
1410.25,36.333333333333336,2166.0,4.0,1,216.0,0.0,0.0,0.0
64.5,1.5,841.0,4.0,1,242.0,0.0,0.0,0.0
553.25,3.5,553.0,4.0,1,442.0,0.0,0.0,0.0
60.0,1.5,509.0,4.0,0,123.0,37.46153846153846,7.0,0.0
603.5,19.5,153.0,5.0,0,2039.0,0.0,0.0,0.0
162.83333333333334,17.8,394.0,4.0,0,380.0,0.0,0.0,0.0
1143.5,15.0,1966.0,4.0,1,1631.0,0.0,0.0,0.0
523.8,5.0,562.0,4.0,1,855.0,0.0,0.0,0.0
202.0,2.0,108.0,3.5,0,181.0,0.0,0.0,0.0
33.75,2.0,684.0,4.666666666666667,1,747.0,0.0,0.0,0.0
310.0,4.0,320.0,2.0,0,76.0,28.4,2.0,0.0
44.25,2.333333333333333,2.0,4.0,0,453.0,28.6,2.0,0.0
72.5,4.25,26.0,4.0,0,844.0,0.0,0.0,0.0
4.0,2.333333333333333,544.0,2.0,0,699.0,37.36842105263158,9.0,0.0
355.1666666666667,5.5,393.0,4.0,1,289.0,0.0,0.0,0.0
661.25,10.666666666666666,1084.0,4.5,0,1150.0,0.0,0.0,0.0
663.5,12.8,795.0,4.0,1,342.0,0.0,0.0,0.0
700.75,5.5,324.0,4.0,1,1391.0,0.0,0.0,0.0
896.0,7.5,1477.0,4.0,0,3933.0,0.0,0.0,0.0
364.75,3.5,44.0,4.0,1,76.0,0.0,0.0,0.0
929.2,18.666666666666668,1844.0,4.0,0,2190.0,0.0,0.0,0.0
316.0,7.5,895.0,4.0,0,390.0,0.0,0.0,0.0
151.6,3.5,409.0,4.0,1,479.0,55.0,0.0,0.0
1071.25,13.0,2107.0,4.0,1,1170.0,0.0,0.0,0.0
181.0,5.75,685.0,2.0,1,93.0,0.0,0.0,0.0
708.3333333333334,6.0,1346.0,4.0,1,1800.0,0.0,0.0,0.0
706.0,8.5,1213.0,4.0,0,1947.0,0.0,0.0,0.0
118.5,2.0,264.0,4.0,1,265.0,17.6,3.0,0.0
65.75,3.6666666666666665,248.0,4.0,1,127.0,28.571428571428573,5.0,0.0
564.8333333333334,13.5,437.0,4.0,0,776.0,0.0,0.0,0.0
148.66666666666666,3.5,408.0,2.6666666666666665,0,0.0,0.0,0.0,0.0
771.25,5.5,1728.0,4.0,1,2570.0,0.0,0.0,0.0
254.66666666666663,2.0,717.0,4.0,1,269.0,0.0,0.0,0.0
482.25,9.0,194.0,4.0,0,858.0,0.0,0.0,0.0
20.75,1.0,531.0,4.0,0,383.0,0.0,0.0,0.0
191.0,6.25,282.0,4.0,1,297.0,0.0,0.0,0.0
688.5,7.0,23.0,4.0,1,186.0,0.0,0.0,0.0
166.25,9.25,449.0,4.0,1,160.0,14.5,1.0,0.0
245.0,4.5,461.0,4.0,0,167.0,0.0,0.0,0.0
688.5,8.0,694.0,4.0,0,1667.0,0.0,0.0,0.0
693.0,8.5,610.0,4.0,1,260.0,0.0,0.0,0.0
858.75,16.0,1546.0,4.0,0,1164.0,0.0,0.0,0.0
115.0,4.5,545.0,4.0,0,165.0,0.0,0.0,0.0
289.25,7.333333333333333,380.0,2.6666666666666665,1,0.0,0.0,0.0,0.0
1212.6666666666667,11.0,2227.0,4.0,1,1544.0,0.0,0.0,0.0
80.5,0.0,480.0,4.0,1,531.0,21.0,1.0,0.0
144.75,4.666666666666667,82.0,4.0,1,183.0,0.0,0.0,0.0
201.3333333333333,4.333333333333333,600.0,4.0,0,133.0,9.0,1.0,0.0
881.75,14.5,1898.0,4.5,1,314.0,0.0,0.0,0.0
614.8333333333334,9.6,929.0,4.5,1,1530.0,0.0,0.0,0.0
104.5,2.0,786.0,4.0,1,627.0,24.6,2.0,0.0
482.75,6.666666666666667,98.0,4.0,0,616.0,0.0,0.0,0.0
304.3333333333333,4.0,217.0,4.0,0,1244.0,0.0,0.0,0.0
53.25,1.0,309.0,4.0,1,1065.0,40.2,3.0,0.0
523.25,4.5,352.0,4.0,1,590.0,0.0,0.0,0.0
622.8333333333334,4.5,571.0,4.0,1,656.0,0.0,0.0,0.0
544.25,4.5,401.0,2.6666666666666665,1,683.0,0.0,0.0,0.0
431.75,5.0,226.0,2.0,1,74.0,0.0,0.0,0.0
992.8333333333334,14.25,173.0,5.0,0,688.0,0.0,0.0,0.0
515.6666666666666,4.5,46.0,4.0,1,165.0,0.0,0.0,0.0
483.0,7.0,347.0,2.0,1,419.0,0.0,0.0,0.0
143.33333333333334,2.5,109.0,4.0,1,465.0,0.0,0.0,0.0
279.75,4.333333333333333,715.0,4.0,1,273.0,0.0,0.0,0.0
582.5,13.5,659.0,5.0,0,1540.0,0.0,0.0,0.0
364.75,3.0,0.0,2.0,1,15.0,0.0,0.0,0.0
165.0,4.0,437.0,4.0,1,151.0,24.52,19.0,0.0
92.33333333333331,2.0,1148.0,4.0,0,664.0,28.31578947368421,13.0,0.0
532.5,5.0,133.0,4.0,0,1751.0,0.0,0.0,0.0
214.75,9.5,76.0,4.0,1,467.0,0.0,0.0,0.0
22.0,0.5,605.0,4.0,1,711.0,0.0,0.0,0.0
156.0,3.5,413.0,4.0,1,399.0,41.0,1.0,0.0
1312.25,27.75,1613.0,2.5,1,719.0,0.0,0.0,0.0
136.66666666666666,3.0,600.0,4.0,1,473.0,18.0,5.0,0.0
851.5,4.5,1394.0,4.0,1,4034.0,0.0,0.0,0.0
242.3333333333333,4.5,280.0,2.6666666666666665,0,0.0,0.0,0.0,0.0
542.75,8.833333333333334,158.0,4.5,0,1854.0,0.0,0.0,0.0
53.0,2.5,270.0,4.0,1,113.0,0.0,0.0,0.0
865.0,15.0,1896.0,4.0,1,101.0,0.0,0.0,0.0
738.0,11.0,810.0,4.0,1,278.0,0.0,0.0,0.0
490.75,4.5,209.0,4.0,0,84.0,0.0,0.0,0.0
482.0,13.0,553.0,4.0,1,1217.0,0.0,0.0,0.0
458.0,6.0,209.0,4.0,1,234.0,0.0,0.0,0.0
160.75,1.5,513.0,4.0,1,194.0,28.928571428571427,10.0,0.0
1520.8333333333333,12.0,678.0,4.5,1,215.0,0.0,0.0,0.0
108.5,1.5,40.0,4.0,0,511.0,30.27272727272728,17.0,0.0
1270.0,8.5,1172.0,4.0,1,424.0,0.0,0.0,0.0
1089.25,4.0,1590.0,4.0,1,3507.0,0.0,0.0,0.0
1052.0,20.0,152.0,5.0,1,940.0,0.0,0.0,0.0
40.75,4.5,510.0,4.0,0,593.0,22.23529411764705,14.0,0.0
1447.25,16.5,335.0,4.0,1,616.0,0.0,0.0,0.0
1448.5,18.5,588.0,4.0,1,1352.0,0.0,0.0,0.0
469.0,7.75,245.0,2.0,1,7.0,0.0,0.0,0.0
195.3333333333333,3.5,180.0,4.0,1,273.0,0.0,0.0,0.0
233.25,3.5,363.0,4.0,0,118.0,34.0,1.0,0.0
484.0,4.5,277.0,2.0,0,117.0,0.0,0.0,0.0
35.5,1.0,122.0,4.0,1,407.0,32.0,3.0,0.0
19.75,3.0,303.0,4.5,1,372.0,27.857142857142858,11.0,0.0
89.25,18.0,275.0,4.0,0,881.0,0.0,0.0,0.0
1081.75,16.0,2216.0,4.0,1,1462.0,0.0,0.0,0.0
269.25,6.0,634.0,4.0,1,234.0,0.0,0.0,0.0
943.1666666666666,10.6,2018.0,4.0,0,3623.0,0.0,0.0,0.0
303.5,3.0,413.0,4.0,1,595.0,0.0,0.0,0.0
216.0,5.5,565.0,4.0,0,211.0,0.0,0.0,0.0
1577.8333333333333,23.75,1159.0,5.0,1,112.0,0.0,0.0,0.0
49.5,2.0,234.0,4.5,0,443.0,22.06451612903226,19.0,0.0
16.333333333333332,3.8,555.0,4.5,1,68.0,23.4,13.0,0.0
110.0,2.5,644.0,4.0,1,183.0,26.444444444444443,11.0,0.0
617.2,15.5,535.0,4.0,1,821.0,0.0,0.0,0.0
977.5,11.5,1650.0,4.5,1,386.0,0.0,0.0,0.0
609.5,5.0,181.0,4.0,1,325.0,0.0,0.0,0.0
52.8,2.5,854.0,4.0,1,164.0,0.0,0.0,0.0
364.6666666666667,2.5,144.0,4.0,0,311.0,0.0,0.0,0.0
456.25,3.5,95.0,4.0,1,1504.0,0.0,0.0,0.0
514.3333333333334,5.666666666666667,352.0,2.0,1,407.0,0.0,0.0,0.0
454.25,5.5,242.0,4.0,1,122.0,25.714285714285715,5.0,0.0
91.66666666666669,3.6666666666666665,221.0,4.0,1,319.0,15.25,2.0,0.0
913.6666666666666,14.166666666666666,582.0,5.0,1,1074.0,0.0,0.0,0.0
70.33333333333333,1.5,1112.0,4.0,1,177.0,31.058823529411764,6.0,0.0
365.75,6.0,670.0,4.0,1,678.0,0.0,0.0,0.0
749.75,9.0,1275.0,4.0,0,1748.0,0.0,0.0,0.0
63.0,2.0,557.0,3.0,0,524.0,32.083333333333336,19.0,0.0
76.16666666666667,1.5,812.0,4.0,0,808.0,21.12903225806452,20.0,0.0
199.75,2.0,462.0,4.0,0,274.0,0.0,0.0,0.0
1252.5,28.5,1316.0,2.5,1,411.0,0.0,0.0,0.0
167.25,2.5,279.0,4.0,1,134.0,30.6,3.0,0.0
395.3333333333333,7.0,511.0,4.0,1,150.0,0.0,0.0,0.0
84.75,17.666666666666668,175.0,4.0,0,955.0,0.0,0.0,0.0
451.25,4.0,122.0,4.0,0,508.0,0.0,0.0,0.0
75.25,1.5,437.0,2.6666666666666665,0,22.0,0.0,0.0,0.0
81.5,3.5,430.0,4.0,1,155.0,0.0,0.0,0.0
1505.0,20.5,539.0,4.5,1,313.0,0.0,0.0,0.0
415.5,8.571428571428571,474.0,2.0,1,674.0,0.0,0.0,0.0
481.5,7.0,244.0,4.0,1,801.0,0.0,0.0,0.0
1059.8333333333333,18.0,2162.0,4.0,1,1743.0,0.0,0.0,0.0
317.0,5.5,410.0,4.0,1,809.0,0.0,0.0,0.0
709.2,14.5,903.0,5.0,1,1728.0,0.0,0.0,0.0
395.0,3.0,214.0,4.0,1,331.0,0.0,0.0,0.0
302.0,5.5,410.0,4.0,1,500.0,0.0,0.0,0.0
778.75,5.5,1460.0,4.0,1,1720.0,0.0,0.0,0.0
290.0,8.5,905.0,4.0,1,777.0,0.0,0.0,0.0
837.0,3.25,1273.0,4.0,1,3124.0,0.0,0.0,0.0
541.75,7.0,35.0,4.0,0,625.0,0.0,0.0,0.0
479.25,3.2,249.0,4.0,1,658.0,0.0,0.0,0.0
364.75,6.0,256.0,4.0,1,143.0,0.0,0.0,0.0
921.0,17.166666666666668,617.0,5.0,1,969.0,0.0,0.0,0.0
107.16666666666669,2.5,403.0,2.333333333333333,0,56.0,0.0,0.0,0.0
61.75,5.333333333333333,287.0,3.5,0,1307.0,30.5,4.0,0.0
303.5,5.0,33.0,4.0,1,140.0,0.0,0.0,0.0
39.5,2.0,0.0,4.0,1,363.0,0.0,0.0,0.0
179.25,3.5,618.0,4.0,1,307.0,0.0,0.0,0.0
66.33333333333333,3.0,410.0,4.5,1,130.0,26.466666666666665,9.0,0.0
510.25,3.0,289.0,4.0,1,454.0,0.0,0.0,0.0
70.0,1.0,327.0,4.0,1,146.0,35.5625,6.0,0.0
886.25,11.0,2007.0,4.0,1,3329.0,0.0,0.0,0.0
933.6666666666666,19.33333333333333,1914.0,4.0,0,299.0,0.0,0.0,0.0
1559.25,21.5,1223.0,5.0,1,131.0,0.0,0.0,0.0
141.5,6.5,703.0,4.0,1,82.0,21.33333333333333,1.0,0.0
811.75,11.25,1397.0,5.0,1,1450.0,0.0,0.0,0.0
837.25,11.5,542.0,4.5,1,3269.0,0.0,0.0,0.0
533.25,4.75,132.0,4.0,1,524.0,0.0,0.0,0.0
559.25,9.0,268.0,4.0,0,946.0,0.0,0.0,0.0
96.0,1.0,877.0,3.0,0,386.0,37.44444444444444,4.0,0.0
348.75,8.75,413.0,4.0,0,149.0,24.0,0.0,0.0
117.0,2.0,128.0,3.5,0,268.0,0.0,0.0,0.0
79.25,2.0,1082.0,2.0,0,3.0,20.5,1.0,0.0
2.5,0.5,634.0,0.0,0,1127.0,0.0,0.0,0.0
281.6666666666667,4.0,498.0,4.0,1,436.0,0.0,0.0,0.0
309.75,6.833333333333333,486.0,4.0,1,714.0,0.0,0.0,0.0
733.25,12.0,823.0,4.0,0,181.0,0.0,0.0,0.0
1121.0,7.5,1416.0,4.5,0,379.0,0.0,0.0,0.0
314.75,5.5,267.0,4.0,1,723.0,0.0,0.0,0.0
383.75,5.0,204.0,4.0,0,214.0,21.0,1.0,0.0
28.0,3.5,412.0,3.5,1,329.0,0.0,0.0,0.0
202.0,3.0,786.0,4.0,1,228.0,0.0,0.0,0.0
596.75,4.0,513.0,4.0,1,805.0,0.0,0.0,0.0
415.3333333333333,7.5,146.0,4.0,1,1055.0,0.0,0.0,0.0
790.5,16.5,1009.0,4.0,1,537.0,0.0,0.0,0.0
477.0,3.333333333333333,240.0,4.0,1,696.0,0.0,0.0,0.0
75.0,4.0,124.0,4.0,0,278.0,26.55555555555556,6.0,0.0
1675.5,23.25,1332.0,5.0,1,249.0,0.0,0.0,0.0
502.3333333333333,6.0,479.0,4.0,0,437.0,0.0,0.0,0.0
315.6666666666667,3.5,374.0,4.0,0,118.0,24.5,1.0,0.0
376.75,2.5,265.0,4.0,1,906.0,0.0,0.0,0.0
695.0,5.5,323.0,4.0,1,575.0,0.0,0.0,0.0
652.5,10.0,959.0,2.0,1,1585.0,0.0,0.0,0.0
541.6,5.166666666666667,233.0,4.0,1,115.0,0.0,0.0,0.0
230.8,3.5,143.0,4.0,1,272.0,31.666666666666668,3.0,0.0
121.0,4.0,122.0,4.0,1,718.0,35.0,5.0,0.0
134.25,3.6666666666666665,604.0,4.0,1,159.0,0.0,0.0,0.0
799.0,7.0,1709.0,4.0,1,2566.0,0.0,0.0,0.0
71.25,1.5,838.0,4.0,1,442.0,19.47058823529412,5.0,0.0
694.3333333333334,7.5,955.0,2.0,0,1144.0,0.0,0.0,0.0
670.5,5.5,760.0,4.0,1,1833.0,0.0,0.0,0.0
207.66666666666663,4.0,790.0,4.0,1,549.0,0.0,0.0,0.0
822.5,9.5,1793.0,4.0,0,1512.0,0.0,0.0,0.0
685.5,6.0,483.0,4.0,0,858.0,0.0,0.0,0.0
163.0,2.8,578.0,4.0,1,159.0,0.0,0.0,0.0
1240.3333333333333,24.5,1175.0,4.0,1,121.0,0.0,0.0,0.0
1176.0,8.5,309.0,4.0,1,1497.0,0.0,0.0,0.0
22.5,0.5,542.0,4.0,1,903.0,0.0,0.0,0.0
77.33333333333333,2.0,1085.0,4.0,1,178.0,30.8,6.0,0.0
118.5,1.5,28.0,3.5,0,357.0,20.33333333333333,1.0,0.0
22.0,0.5,466.0,4.0,1,773.0,56.0,0.0,0.0
1361.75,10.666666666666666,586.0,4.0,0,880.0,0.0,0.0,0.0
34.0,1.0,322.0,4.0,1,211.0,32.8,7.0,0.0
923.5,31.0,656.0,5.0,1,1220.0,0.0,0.0,0.0
21.0,2.5,271.0,4.0,1,399.0,30.58823529411765,12.0,0.0
535.25,3.333333333333333,260.0,4.0,1,498.0,0.0,0.0,0.0
841.0,11.75,1499.0,5.0,1,1644.0,0.0,0.0,0.0
1270.3333333333333,20.75,760.0,4.0,1,487.0,0.0,0.0,0.0
144.16666666666666,7.75,536.0,4.0,1,265.0,0.0,0.0,0.0
1240.25,9.0,1215.0,4.0,1,317.0,0.0,0.0,0.0
772.5,5.5,1400.0,2.0,1,2286.0,0.0,0.0,0.0
301.0,3.5,27.0,4.0,1,186.0,0.0,0.0,0.0
320.25,4.0,71.0,4.0,1,73.0,0.0,0.0,0.0
274.75,3.0,108.0,4.0,1,358.0,18.33333333333333,2.0,0.0
437.25,4.5,107.0,4.0,1,66.0,0.0,0.0,0.0
567.3333333333334,12.0,450.0,4.0,0,158.0,0.0,0.0,0.0
112.0,1.5,186.0,4.0,1,821.0,58.66666666666666,1.0,0.0
16.2,2.0,192.0,4.0,1,59.0,0.0,0.0,0.0
274.0,4.0,89.0,4.0,1,286.0,0.0,0.0,0.0
431.3333333333333,3.0,201.0,4.0,0,1111.0,0.0,0.0,0.0
447.25,3.5,106.0,4.0,1,401.0,0.0,0.0,0.0
24.0,0.5,664.0,4.0,0,517.0,0.0,0.0,0.0
1363.5,22.0,1753.0,5.0,1,846.0,0.0,0.0,0.0
1066.75,16.75,2105.0,5.0,1,844.0,0.0,0.0,0.0
1226.75,25.5,1383.0,2.5,1,434.0,0.0,0.0,0.0
440.0,8.5,612.0,4.0,0,782.0,0.0,0.0,0.0
860.5,23.33333333333333,325.0,5.0,1,3111.0,0.0,0.0,0.0
865.0,8.5,2015.0,4.0,0,3152.0,0.0,0.0,0.0
42.0,2.0,1371.0,2.0,0,179.0,30.814814814814813,19.0,0.0
578.6666666666666,11.333333333333334,130.0,4.0,1,781.0,0.0,0.0,0.0
281.0,3.5,75.0,4.0,1,1097.0,0.0,0.0,0.0
708.75,6.5,561.0,4.0,1,635.0,0.0,0.0,0.0
1065.75,14.5,1846.0,4.0,1,1840.0,0.0,0.0,0.0
700.5,16.0,1085.0,4.5,1,845.0,0.0,0.0,0.0
594.5,7.0,804.0,2.0,1,754.0,0.0,0.0,0.0
1070.5,19.0,575.0,4.0,0,704.0,0.0,0.0,0.0
20.666666666666668,0.5,275.0,4.0,1,967.0,0.0,0.0,0.0
66.0,2.0,32.0,4.0,0,148.0,39.833333333333336,13.0,0.0
341.0,6.5,238.0,4.0,1,583.0,0.0,0.0,0.0
166.25,2.5,540.0,4.0,1,194.0,61.75,2.0,0.0
172.33333333333334,2.5,810.0,4.0,0,85.0,26.724137931034484,17.0,0.0
819.0,9.333333333333334,1426.0,4.0,1,2976.0,0.0,0.0,0.0
893.0,5.666666666666667,800.0,4.0,1,251.0,0.0,0.0,0.0
36.333333333333336,2.0,1011.0,4.5,0,372.0,18.071428571428573,15.0,0.0
373.5,7.0,125.0,4.0,1,222.0,0.0,0.0,0.0
295.6666666666667,2.5,209.0,4.0,1,848.0,0.0,0.0,0.0
622.5,6.333333333333333,73.0,4.0,0,486.0,0.0,0.0,0.0
274.75,2.0,225.0,4.0,0,156.0,52.11111111111112,8.0,0.0
583.5,4.6,118.0,2.6666666666666665,1,875.0,0.0,0.0,0.0
573.0,2.5,221.0,4.0,1,942.0,0.0,0.0,0.0
26.5,0.5,1043.0,4.0,1,963.0,0.0,0.0,0.0
68.25,1.5,490.0,4.0,1,375.0,0.0,0.0,0.0
197.0,1.5,511.0,4.0,0,308.0,0.0,0.0,0.0
869.5,16.5,2041.0,4.0,1,2148.0,0.0,0.0,0.0
1641.25,19.25,532.0,4.0,0,503.0,0.0,0.0,0.0
395.0,8.25,510.0,4.0,1,794.0,0.0,0.0,0.0
1582.6,39.5,1511.0,5.0,1,552.0,0.0,0.0,0.0
207.5,2.5,327.0,4.0,0,58.0,0.0,0.0,0.0
305.75,5.5,703.0,4.0,1,526.0,0.0,0.0,0.0
1181.0,12.666666666666666,1735.0,4.0,1,1275.0,0.0,0.0,0.0
528.0,6.0,753.0,4.0,1,720.0,0.0,0.0,0.0
57.2,1.5,224.0,4.0,0,393.0,27.27272727272728,15.0,0.0
768.3333333333334,4.5,1836.0,4.0,1,2471.0,0.0,0.0,0.0
710.75,5.5,670.0,4.0,1,835.0,0.0,0.0,0.0
731.3333333333334,8.5,1585.0,4.0,1,1627.0,0.0,0.0,0.0
211.25,5.0,280.0,4.0,1,110.0,0.0,0.0,0.0
1131.75,6.5,623.0,4.0,1,1286.0,0.0,0.0,0.0
771.5,8.0,718.0,4.0,1,893.0,0.0,0.0,0.0
757.25,6.0,1294.0,2.0,0,2235.0,0.0,0.0,0.0
589.0,2.5,1450.0,4.0,1,2583.0,0.0,0.0,0.0
668.0,8.25,335.0,4.0,1,823.0,0.0,0.0,0.0
254.5,1.0,586.0,4.0,1,529.0,0.0,0.0,0.0
15.75,2.5,76.0,3.5,1,249.0,37.583333333333336,9.0,0.0
616.5,4.0,1118.0,4.0,1,2166.0,0.0,0.0,0.0
90.0,1.5,568.0,4.0,1,169.0,0.0,0.0,0.0
164.0,2.5,296.0,4.0,1,307.0,26.375,6.0,0.0
346.0,8.0,527.0,4.0,0,448.0,0.0,0.0,0.0
244.3333333333333,2.5,400.0,4.0,0,334.0,0.0,0.0,0.0
406.5,6.333333333333333,785.0,4.0,1,490.0,0.0,0.0,0.0
271.25,4.5,176.0,4.0,0,169.0,0.0,0.0,0.0
3.5,1.0,773.0,4.0,0,583.0,20.642857142857142,11.0,0.0
163.75,2.333333333333333,890.0,4.0,0,113.0,22.13043478260869,20.0,0.0
478.5,7.2,427.0,2.0,1,0.0,0.0,0.0,0.0
65.2,7.0,1052.0,4.0,0,338.0,0.0,0.0,0.0
708.6666666666666,7.5,1261.0,4.0,1,1436.0,0.0,0.0,0.0
1154.3333333333333,7.5,673.0,4.0,1,2588.0,0.0,0.0,0.0
1642.5,25.5,1286.0,5.0,1,332.0,0.0,0.0,0.0
1291.75,9.0,2190.0,4.0,1,1258.0,0.0,0.0,0.0
568.0,3.0,104.0,4.0,1,546.0,0.0,0.0,0.0
213.4,3.0,467.0,4.0,0,43.0,0.0,0.0,0.0
654.0,6.5,305.0,4.0,1,928.0,0.0,0.0,0.0
541.5,3.5,200.0,4.0,1,429.0,0.0,0.0,0.0
277.0,7.666666666666667,322.0,4.0,0,774.0,0.0,0.0,0.0
1761.0,11.5,740.0,4.0,1,509.0,0.0,0.0,0.0
559.8333333333334,3.5,105.0,4.0,1,208.0,0.0,0.0,0.0
566.25,13.0,335.0,4.5,1,895.0,0.0,0.0,0.0
401.5,5.25,394.0,3.5,1,152.0,0.0,0.0,0.0
1294.3333333333333,7.0,1321.0,4.0,1,240.0,0.0,0.0,0.0
207.66666666666663,4.0,423.0,4.0,1,325.0,0.0,0.0,0.0
56.0,1.0,393.0,4.0,0,724.0,25.09090909090909,10.0,0.0
72.66666666666667,2.0,576.0,2.0,1,93.0,34.90909090909091,7.0,0.0
34.333333333333336,1.5,36.0,4.0,0,329.0,2.0,2.0,0.0
702.75,8.5,1385.0,4.5,0,1428.0,0.0,0.0,0.0
161.0,4.4,595.0,4.0,1,294.0,0.0,0.0,0.0
978.8333333333334,13.666666666666666,2208.0,4.0,1,649.0,0.0,0.0,0.0
556.75,4.5,53.0,4.0,1,412.0,0.0,0.0,0.0
54.0,1.5,264.0,4.5,1,507.0,23.19047619047619,12.0,0.0
1126.1666666666667,8.8,257.0,4.0,1,1878.0,0.0,0.0,0.0
358.25,4.0,238.0,2.6666666666666665,0,43.0,34.0,6.0,0.0
54.25,3.0,492.0,4.0,1,476.0,25.90909090909091,11.0,0.0
70.0,2.5,314.0,4.0,1,465.0,0.0,0.0,0.0
1007.5,3.0,2403.0,4.0,1,4377.0,0.0,0.0,0.0
522.0,7.333333333333333,25.0,4.5,1,1722.0,0.0,0.0,0.0
602.2,16.0,270.0,4.0,1,921.0,0.0,0.0,0.0
551.0,2.0,19.0,4.5,0,1295.0,0.0,0.0,0.0
634.5,3.5,361.0,4.0,1,602.0,0.0,0.0,0.0
282.25,4.5,306.0,4.0,1,590.0,0.0,0.0,0.0
326.0,4.0,101.0,4.0,0,1126.0,0.0,0.0,0.0
54.75,2.0,596.0,2.0,1,35.0,25.59090909090909,11.0,0.0
125.75,2.0,369.0,4.0,1,127.0,8.0,4.0,0.0
13.0,2.5,381.0,4.0,0,756.0,0.0,0.0,0.0
605.75,4.0,682.0,4.0,0,474.0,0.0,0.0,0.0
1159.0,7.5,573.0,4.0,1,2489.0,0.0,0.0,0.0
1451.5,17.25,2048.0,4.0,1,607.0,0.0,0.0,0.0
312.0,4.5,1043.0,4.0,1,775.0,0.0,0.0,0.0
579.0,14.8,1020.0,4.5,0,2528.0,0.0,0.0,0.0
19.0,3.0,315.0,4.5,0,539.0,24.846153846153847,9.0,0.0
867.5,18.4,0.0,5.0,1,2655.0,0.0,0.0,0.0
323.0,4.0,299.0,2.0,0,33.0,0.0,0.0,0.0
23.0,0.5,1033.0,4.0,1,275.0,0.0,0.0,0.0
1016.3333333333334,7.0,2189.0,4.0,1,4077.0,0.0,0.0,0.0
608.0,5.5,492.0,4.0,0,746.0,0.0,0.0,0.0
223.5,12.0,176.0,4.0,1,367.0,0.0,0.0,0.0
324.0,6.0,413.0,2.0,1,18.0,0.0,0.0,0.0
129.66666666666666,3.0,756.0,4.0,1,322.0,0.0,0.0,0.0
69.0,1.5,764.0,4.0,1,530.0,40.5,5.0,0.0
1206.5,9.75,1415.0,4.5,1,179.0,0.0,0.0,0.0
736.25,11.0,1393.0,2.6666666666666665,0,826.0,0.0,0.0,0.0
244.66666666666663,4.5,302.0,4.0,1,278.0,0.0,0.0,0.0
787.75,9.0,818.0,4.0,1,850.0,0.0,0.0,0.0
1112.5,14.0,2299.0,4.0,1,1582.0,0.0,0.0,0.0
353.6666666666667,4.333333333333333,239.0,4.0,1,246.0,0.0,0.0,0.0
333.2,5.0,140.0,2.0,1,43.0,0.0,0.0,0.0
376.25,3.0,538.0,4.0,1,812.0,0.0,0.0,0.0
404.5,3.0,739.0,4.0,0,486.0,0.0,0.0,0.0
1241.6666666666667,8.75,532.0,4.5,1,2088.0,0.0,0.0,0.0
52.0,1.5,22.0,4.0,1,265.0,0.0,0.0,0.0
156.0,7.333333333333333,286.0,4.0,1,396.0,0.0,0.0,0.0
1398.2,10.666666666666666,1375.0,4.0,1,2133.0,0.0,0.0,0.0
33.5,2.5,53.0,4.0,1,297.0,0.0,0.0,0.0
467.5,5.0,223.0,4.0,1,229.0,0.0,0.0,0.0
152.6,0.5,358.0,4.0,1,448.0,51.125,4.0,0.0
718.75,7.5,1225.0,4.0,1,790.0,0.0,0.0,0.0
301.75,4.333333333333333,9.0,4.0,1,79.0,0.0,0.0,0.0
197.0,5.0,226.0,4.0,0,216.0,0.0,0.0,0.0
391.5,4.5,229.0,4.0,1,1221.0,0.0,0.0,0.0
214.5,2.5,414.0,3.5,0,48.0,0.0,0.0,0.0
23.5,2.2,826.0,4.0,0,324.0,0.0,0.0,0.0
632.6666666666666,7.0,92.0,4.5,0,949.0,0.0,0.0,0.0
1119.5,4.5,375.0,4.5,0,1684.0,0.0,0.0,0.0
875.3333333333334,8.5,1742.0,4.0,1,2658.0,0.0,0.0,0.0
371.0,5.0,104.0,4.0,1,141.0,0.0,0.0,0.0
679.25,5.25,353.0,4.0,1,786.0,0.0,0.0,0.0
166.25,3.6666666666666665,578.0,4.0,1,166.0,26.0,3.0,0.0
207.66666666666663,4.5,245.0,2.0,0,23.0,17.4,2.0,0.0
113.5,2.5,453.0,4.0,1,275.0,14.666666666666666,1.0,0.0
1382.0,18.0,1732.0,4.0,1,421.0,0.0,0.0,0.0
217.66666666666663,4.0,518.0,4.0,1,449.0,0.0,0.0,0.0
308.0,3.5,365.0,4.0,1,770.0,0.0,0.0,0.0
160.0,1.5,462.0,4.0,1,291.0,0.0,0.0,0.0
30.5,17.75,291.0,4.0,0,954.0,47.333333333333336,5.0,0.0
134.0,3.6666666666666665,499.0,2.0,1,35.0,0.0,0.0,0.0
800.0,4.0,1716.0,4.0,1,2708.0,0.0,0.0,0.0
561.5,8.0,367.0,4.0,1,848.0,0.0,0.0,0.0
908.5,12.0,1476.0,4.0,1,2433.0,0.0,0.0,0.0
385.0,3.0,252.0,4.0,1,471.0,0.0,0.0,0.0
34.0,1.5,1142.0,4.5,0,208.0,34.77777777777778,5.0,0.0
408.0,4.5,473.0,4.0,1,140.0,0.0,0.0,0.0
36.75,2.5,1020.0,4.0,1,309.0,36.285714285714285,5.0,0.0
1293.25,13.0,999.0,4.0,0,1004.0,0.0,0.0,0.0
453.25,5.0,76.0,4.0,1,133.0,0.0,0.0,0.0
111.75,2.5,422.0,4.0,1,15.0,0.0,0.0,0.0
960.8333333333334,9.0,1684.0,4.5,1,422.0,0.0,0.0,0.0
391.75,4.5,588.0,4.0,0,577.0,0.0,0.0,0.0
84.0,3.0,314.0,4.0,0,199.0,25.75,10.0,0.0
356.5,5.5,828.0,4.0,1,276.0,0.0,0.0,0.0
658.75,6.666666666666667,1039.0,4.0,1,2296.0,0.0,0.0,0.0
509.0,6.0,470.0,2.0,1,71.0,0.0,0.0,0.0
78.0,4.0,981.0,4.0,0,214.0,27.25,3.0,0.0
1140.5,8.5,1208.0,4.5,1,592.0,0.0,0.0,0.0
266.4,3.5,34.0,4.0,0,820.0,0.0,0.0,0.0
23.5,1.0,608.0,4.0,0,707.0,24.666666666666668,8.0,0.0
652.25,13.0,398.0,4.5,0,1386.0,0.0,0.0,0.0
82.75,2.5,754.0,4.0,1,397.0,34.333333333333336,6.0,0.0
1146.1666666666667,24.2,1572.0,2.5,0,542.0,0.0,0.0,0.0
119.5,1.0,580.0,4.0,0,357.0,22.25,4.0,0.0
107.5,2.5,480.0,4.0,1,545.0,37.5,9.0,0.0
1366.0,16.0,1704.0,4.0,1,501.0,0.0,0.0,0.0
157.66666666666666,4.5,537.0,4.0,1,137.0,0.0,0.0,0.0
228.5,5.25,930.0,4.0,1,814.0,0.0,0.0,0.0
422.5,4.5,61.0,4.0,1,432.0,0.0,0.0,0.0
129.0,2.75,407.0,4.0,1,93.0,0.0,0.0,0.0
78.0,2.0,801.0,4.0,0,586.0,23.68421052631579,14.0,0.0
80.33333333333333,2.333333333333333,386.0,4.0,1,135.0,0.0,0.0,0.0
320.25,5.5,602.0,4.0,1,376.0,0.0,0.0,0.0
266.6666666666667,4.0,0.0,4.5,0,202.0,0.0,0.0,0.0
18.5,2.0,348.0,4.5,1,711.0,0.0,0.0,0.0
978.25,6.666666666666667,1837.0,4.5,1,4027.0,0.0,0.0,0.0
879.6666666666666,6.666666666666667,2317.0,4.0,1,3563.0,0.0,0.0,0.0
40.0,1.5,84.0,4.0,1,157.0,21.857142857142858,23.0,0.0
728.75,5.0,1180.0,4.0,0,314.0,0.0,0.0,0.0
90.0,1.5,375.0,4.0,1,458.0,34.04761904761905,12.0,0.0
200.0,6.0,154.0,4.0,0,156.0,0.0,0.0,0.0
319.0,5.0,255.0,4.0,0,276.0,0.0,0.0,0.0
27.5,14.0,342.0,4.0,1,739.0,37.9,7.0,0.0
1522.1666666666667,26.25,2054.0,4.0,1,226.0,0.0,0.0,0.0
233.0,2.5,495.0,4.0,1,131.0,11.75,4.0,0.0
132.5,3.25,597.0,2.0,1,87.0,0.0,0.0,0.0
395.6666666666667,6.5,214.0,4.0,1,445.0,0.0,0.0,0.0
520.5,4.0,81.0,4.0,1,544.0,0.0,0.0,0.0
205.75,5.0,675.0,4.0,0,85.0,11.666666666666666,1.0,0.0
530.25,6.0,648.0,2.0,0,482.0,0.0,0.0,0.0
1615.0,13.666666666666666,812.0,4.5,0,231.0,0.0,0.0,0.0
594.25,7.333333333333333,327.0,4.0,1,183.0,0.0,0.0,0.0
500.5,5.0,295.0,4.0,0,408.0,0.0,0.0,0.0
22.75,3.0,208.0,3.5,1,377.0,27.91304347826087,14.0,0.0
350.25,2.333333333333333,599.0,4.0,1,671.0,0.0,0.0,0.0
964.0,10.5,1161.0,4.0,1,2320.0,0.0,0.0,0.0
25.5,1.0,371.0,4.0,1,182.0,20.785714285714285,25.0,0.0
628.8333333333334,6.0,478.0,4.5,1,1448.0,0.0,0.0,0.0
541.25,6.0,21.0,4.0,1,490.0,0.0,0.0,0.0
225.0,4.0,367.0,4.0,1,96.0,0.0,0.0,0.0
121.75,3.5,472.0,4.0,1,336.0,0.0,0.0,0.0
1291.5,18.0,1255.0,5.0,0,198.0,0.0,0.0,0.0
884.8333333333334,21.666666666666668,138.0,5.0,1,2942.0,0.0,0.0,0.0
325.5,2.0,118.0,4.0,1,480.0,0.0,0.0,0.0
785.6666666666666,3.0,1339.0,4.0,0,2372.0,0.0,0.0,0.0
1573.8,12.666666666666666,2097.0,4.0,1,366.0,0.0,0.0,0.0
415.6666666666667,6.333333333333333,12.0,4.0,1,422.0,0.0,0.0,0.0
165.16666666666666,4.5,588.0,3.0,0,55.0,0.0,0.0,0.0
685.0,6.5,991.0,4.5,1,1746.0,0.0,0.0,0.0
501.5,5.0,446.0,4.0,1,81.0,0.0,0.0,0.0
495.5,6.25,317.0,4.0,0,323.0,0.0,0.0,0.0
307.75,4.5,295.0,2.0,1,14.0,0.0,0.0,0.0
1242.5,8.5,648.0,4.0,1,2376.0,0.0,0.0,0.0
147.0,3.5,309.0,4.0,0,540.0,0.0,0.0,0.0
58.5,1.5,867.0,2.0,0,309.0,34.63157894736842,18.0,0.0
814.75,6.0,1894.0,4.0,1,2816.0,0.0,0.0,0.0
89.0,3.0,130.0,4.0,1,145.0,22.42105263157895,15.0,0.0
894.25,9.5,2193.0,4.0,1,3592.0,0.0,0.0,0.0
111.5,2.5,732.0,4.0,1,556.0,2.0,0.0,0.0
676.3333333333334,9.0,826.0,4.0,0,2390.0,0.0,0.0,0.0
196.5,3.0,630.0,2.0,1,77.0,0.0,0.0,0.0
65.75,1.5,233.0,4.0,1,169.0,0.0,0.0,0.0
988.0,5.25,2120.0,4.0,0,4262.0,0.0,0.0,0.0
1334.8333333333333,10.0,1155.0,4.0,1,1450.0,0.0,0.0,0.0
37.0,2.6666666666666665,239.0,4.0,1,517.0,19.5,3.0,0.0
672.25,6.5,819.0,4.0,1,566.0,0.0,0.0,0.0
59.75,2.5,536.0,4.0,1,70.0,30.33333333333333,10.0,0.0
47.333333333333336,2.0,1301.0,4.0,1,358.0,30.846153846153847,10.0,0.0
417.6666666666667,6.333333333333333,479.0,2.0,1,7.0,0.0,0.0,0.0
455.75,4.0,230.0,4.0,0,706.0,0.0,0.0,0.0
754.1666666666666,7.0,1206.0,4.0,1,2206.0,0.0,0.0,0.0
182.2,3.0,387.0,4.0,1,161.0,0.0,0.0,0.0
145.0,3.5,284.0,4.0,1,359.0,101.0,0.0,0.0
338.75,7.0,2.0,4.0,1,602.0,0.0,0.0,0.0
998.1666666666666,3.5,2261.0,4.0,1,4382.0,0.0,0.0,0.0
346.5,2.0,95.0,4.0,1,986.0,0.0,0.0,0.0
1321.4,13.0,920.0,4.0,0,1043.0,0.0,0.0,0.0
4.0,1.5,287.0,2.5,1,547.0,14.444444444444445,22.0,0.0
551.75,11.75,420.0,4.0,1,202.0,0.0,0.0,0.0
254.16666666666663,3.0,286.0,4.0,1,1053.0,0.0,0.0,0.0
245.75,4.5,520.0,2.0,0,17.0,0.0,0.0,0.0
743.75,10.5,1113.0,4.5,1,1095.0,0.0,0.0,0.0
681.0,7.0,847.0,4.5,1,648.0,0.0,0.0,0.0
638.75,8.333333333333334,823.0,4.0,0,1371.0,0.0,0.0,0.0
765.0,6.5,720.0,4.0,1,840.0,0.0,0.0,0.0
426.0,6.5,321.0,2.0,0,90.0,0.0,0.0,0.0
84.33333333333333,2.5,520.0,2.0,1,117.0,75.0,1.0,0.0
1022.75,7.0,2179.0,4.0,0,4077.0,0.0,0.0,0.0
196.0,3.0,227.0,4.0,1,271.0,36.4,3.0,0.0
297.6666666666667,3.6666666666666665,114.0,4.0,0,85.0,0.0,0.0,0.0
269.0,3.5,315.0,4.0,1,652.0,0.0,0.0,0.0
423.75,5.25,20.0,4.0,1,215.0,24.0,0.0,0.0
216.8,5.0,482.0,4.0,0,74.0,0.0,0.0,0.0
179.25,3.0,374.0,4.0,1,48.0,0.0,0.0,0.0
605.2,4.25,1018.0,4.0,0,1996.0,0.0,0.0,0.0
783.7,11.6,1421.0,4.0,1,1857.0,0.0,0.0,0.0
959.25,7.666666666666667,2113.0,4.0,1,3953.0,0.0,0.0,0.0
337.0,3.333333333333333,0.0,4.0,1,300.0,0.0,0.0,0.0
452.75,6.0,225.0,4.0,1,300.0,0.0,0.0,0.0
1114.5,14.0,2202.0,4.0,0,1679.0,0.0,0.0,0.0
70.0,3.5,581.0,4.0,1,554.0,25.73684210526316,13.0,0.0
758.5,10.5,1365.0,4.0,1,1771.0,0.0,0.0,0.0
135.33333333333334,1.5,741.0,4.5,0,359.0,30.0,2.0,0.0
1354.5,14.666666666666666,2174.0,4.0,1,1157.0,0.0,0.0,0.0
604.25,4.0,220.0,4.0,1,797.0,0.0,0.0,0.0
180.625,3.5,710.0,4.0,0,146.0,21.535714285714285,16.0,0.0
333.0,3.5,176.0,4.0,0,1257.0,0.0,0.0,0.0
487.25,3.0,417.0,4.0,0,1050.0,0.0,0.0,0.0
552.25,6.0,149.0,4.0,1,430.0,0.0,0.0,0.0
96.0,6.5,863.0,4.0,1,403.0,0.0,0.0,0.0
63.333333333333336,3.5,0.0,4.0,1,98.0,0.0,0.0,0.0
490.25,4.5,691.0,4.0,1,287.0,0.0,0.0,0.0
804.0,8.0,1993.0,4.0,1,2830.0,0.0,0.0,0.0
304.6666666666667,5.5,259.0,4.0,1,621.0,0.0,0.0,0.0
609.0,6.25,492.0,4.0,1,652.0,0.0,0.0,0.0
1304.75,15.666666666666666,2090.0,4.0,1,1109.0,0.0,0.0,0.0
117.5,3.0,657.0,4.0,1,415.0,25.0,8.0,0.0
1682.0,26.0,436.0,4.0,1,669.0,0.0,0.0,0.0
331.8333333333333,5.5,203.0,4.0,1,205.0,0.0,0.0,0.0
72.0,2.0,588.0,4.5,1,742.0,0.0,0.0,0.0
422.3333333333333,5.5,120.0,4.0,1,216.0,0.0,0.0,0.0
396.5,5.0,553.0,4.0,1,661.0,0.0,0.0,0.0
459.75,5.0,151.0,4.0,1,492.0,0.0,0.0,0.0
799.6666666666666,6.0,1491.0,4.0,1,197.0,0.0,0.0,0.0
524.75,5.0,630.0,4.0,1,279.0,0.0,0.0,0.0
340.6666666666667,7.0,371.0,4.0,0,161.0,0.0,0.0,0.0
767.75,9.666666666666666,1784.0,4.0,1,1826.0,0.0,0.0,0.0
947.5,19.0,1614.0,5.0,1,735.0,0.0,0.0,0.0
676.25,10.25,641.0,5.0,1,1725.0,0.0,0.0,0.0
588.25,13.0,496.0,4.5,1,1084.0,0.0,0.0,0.0
160.33333333333334,1.5,107.0,4.0,0,0.0,0.0,0.0,0.0
55.75,1.0,764.0,4.0,0,546.0,15.5,7.0,0.0
51.5,2.5,170.0,4.5,1,446.0,21.727272727272727,7.0,0.0
107.75,2.5,779.0,4.0,1,32.0,55.11111111111112,5.0,0.0
70.75,2.5,664.0,4.0,1,899.0,29.8,15.0,0.0
336.8,3.5,34.0,2.0,1,141.0,0.0,0.0,0.0
325.3333333333333,6.5,618.0,4.0,1,471.0,0.0,0.0,0.0
197.3333333333333,3.6666666666666665,320.0,4.0,1,115.0,16.214285714285715,12.0,0.0
113.0,2.0,548.0,2.0,1,94.0,33.294117647058826,13.0,0.0
440.0,3.5,206.0,4.0,0,256.0,0.0,0.0,0.0
59.75,4.0,678.0,4.0,1,442.0,0.0,0.0,0.0
456.1666666666667,2.5,134.0,4.0,1,338.0,0.0,0.0,0.0
541.75,13.833333333333334,462.0,4.0,0,432.0,0.0,0.0,0.0
360.0,4.666666666666667,822.0,4.0,1,145.0,0.0,0.0,0.0
89.0,2.5,1139.0,4.0,0,125.0,27.55555555555556,8.0,0.0
697.75,7.666666666666667,1213.0,4.0,1,137.0,0.0,0.0,0.0
123.25,2.0,256.0,4.0,0,79.0,0.0,0.0,0.0
511.25,3.5,374.0,4.0,0,508.0,0.0,0.0,0.0
330.6666666666667,4.0,67.0,4.0,1,107.0,0.0,0.0,0.0
542.0,6.0,775.0,4.0,1,983.0,0.0,0.0,0.0
691.5,7.666666666666667,1119.0,4.0,1,151.0,0.0,0.0,0.0
339.0,5.0,308.0,2.0,1,58.0,0.0,0.0,0.0
61.25,2.5,429.0,4.0,1,971.0,0.0,0.0,0.0
80.0,1.5,894.0,4.0,0,779.0,21.916666666666668,18.0,0.0
458.8333333333333,7.333333333333333,374.0,2.0,1,279.0,0.0,0.0,0.0
359.0,6.0,64.0,2.0,1,21.0,0.0,0.0,0.0
34.666666666666664,3.5,438.0,4.5,0,454.0,30.869565217391305,12.0,0.0
208.66666666666663,6.0,35.0,4.0,1,121.0,0.0,0.0,0.0
112.0,2.0,310.0,4.0,0,224.0,0.0,0.0,0.0
570.0,5.25,8.0,4.0,0,643.0,24.5,1.0,0.0
1080.0,15.5,2036.0,4.0,1,1856.0,0.0,0.0,0.0
976.25,18.33333333333333,1473.0,4.5,1,821.0,0.0,0.0,0.0
172.25,6.0,114.0,4.0,1,266.0,0.0,0.0,0.0
705.5,6.0,785.0,4.0,1,1407.0,0.0,0.0,0.0
168.66666666666666,1.5,565.0,4.0,1,258.0,54.25,2.0,0.0
500.1666666666667,6.5,500.0,4.0,0,312.0,0.0,0.0,0.0
289.0,4.0,412.0,4.0,0,178.0,0.0,0.0,0.0
545.25,4.0,191.0,4.0,1,206.0,0.0,0.0,0.0
563.25,5.5,398.0,4.0,0,500.0,0.0,0.0,0.0
434.1666666666667,4.333333333333333,291.0,2.6666666666666665,1,45.0,0.0,0.0,0.0
434.0,6.5,79.0,2.0,1,391.0,0.0,0.0,0.0
824.0,5.5,2013.0,4.0,1,2992.0,0.0,0.0,0.0
31.33333333333333,2.0,531.0,4.0,1,179.0,0.0,0.0,0.0
24.5,1.5,704.0,4.0,0,299.0,0.0,0.0,0.0
703.0,7.166666666666667,748.0,4.5,1,1469.0,0.0,0.0,0.0
443.6,5.5,190.0,2.0,1,288.0,0.0,0.0,0.0
220.75,4.166666666666667,410.0,4.0,1,106.0,0.0,0.0,0.0
517.75,4.5,445.0,4.0,1,589.0,0.0,0.0,0.0
15.5,1.0,216.0,4.5,1,197.0,7.222222222222222,3.0,0.0
813.3333333333334,3.0,604.0,4.0,1,2428.0,0.0,0.0,0.0
929.5,14.0,830.0,5.0,1,1350.0,0.0,0.0,0.0
225.0,3.5,355.0,4.0,1,152.0,0.0,0.0,0.0
569.5,20.33333333333333,580.0,5.0,0,2079.0,0.0,0.0,0.0
748.5,7.5,1685.0,4.5,1,1719.0,0.0,0.0,0.0
326.6666666666667,4.0,289.0,4.0,1,262.0,0.0,0.0,0.0
256.0,4.0,130.0,4.0,1,296.0,0.0,0.0,0.0
52.5,1.5,689.0,4.0,0,389.0,26.705882352941178,12.0,0.0
567.0,5.0,37.0,4.0,1,467.0,0.0,0.0,0.0
534.0,4.833333333333333,641.0,2.0,1,441.0,0.0,0.0,0.0
82.33333333333333,2.5,39.0,4.0,0,392.0,0.0,0.0,0.0
218.0,5.5,387.0,4.0,0,112.0,0.0,0.0,0.0
331.0,6.5,533.0,4.0,0,324.0,0.0,0.0,0.0
115.5,2.0,20.0,4.0,1,74.0,0.0,0.0,0.0
114.0,0.5,382.0,4.0,0,339.0,12.0,0.0,0.0
229.0,4.0,422.0,4.0,1,124.0,0.0,0.0,0.0
513.25,5.5,68.0,4.0,1,704.0,0.0,0.0,0.0
49.75,1.0,168.0,4.5,0,97.0,0.0,0.0,0.0
333.25,4.5,559.0,4.0,1,689.0,0.0,0.0,0.0
805.8,13.833333333333334,164.0,4.5,1,2466.0,0.0,0.0,0.0
596.0,7.0,243.0,4.0,0,247.0,0.0,0.0,0.0
483.1666666666667,6.0,385.0,4.0,1,165.0,0.0,0.0,0.0
328.5,3.0,126.0,4.0,1,199.0,0.0,0.0,0.0
676.5,8.5,665.0,4.0,1,1178.0,0.0,0.0,0.0
260.6666666666667,5.5,586.0,4.0,1,407.0,0.0,0.0,0.0
405.5,2.5,603.0,4.0,1,457.0,0.0,0.0,0.0
1523.75,14.0,19.0,4.0,1,851.0,0.0,0.0,0.0
1099.0,6.666666666666667,1510.0,4.0,1,3418.0,0.0,0.0,0.0
114.0,4.0,664.0,4.0,1,420.0,0.0,0.0,0.0
508.25,5.666666666666667,137.0,4.0,1,635.0,0.0,0.0,0.0
822.0,20.5,777.0,5.0,1,957.0,0.0,0.0,0.0
435.25,6.666666666666667,131.0,4.0,1,1295.0,0.0,0.0,0.0
788.0,7.75,806.0,4.0,1,2130.0,0.0,0.0,0.0
665.75,5.5,999.0,4.0,1,2091.0,0.0,0.0,0.0
572.75,6.25,122.0,2.0,0,883.0,0.0,0.0,0.0
144.0,3.0,406.0,4.0,1,104.0,32.55555555555556,5.0,0.0
1108.75,13.5,2370.0,4.0,1,1190.0,0.0,0.0,0.0
126.75,2.5,341.0,4.0,1,211.0,0.0,0.0,0.0
245.75,3.6666666666666665,941.0,4.0,1,0.0,0.0,0.0,0.0
425.4,7.5,336.0,4.0,1,551.0,0.0,0.0,0.0
455.0,4.666666666666667,66.0,4.0,1,378.0,0.0,0.0,0.0
602.0,15.5,444.0,4.0,1,727.0,0.0,0.0,0.0
546.0,7.4,305.0,4.0,1,967.0,0.0,0.0,0.0
580.5555555555555,9.75,182.0,4.0,1,644.0,0.0,0.0,0.0
97.0,2.5,191.0,4.0,1,395.0,0.0,0.0,0.0
263.25,5.0,308.0,2.0,1,229.0,0.0,0.0,0.0
179.5,3.5,597.0,4.0,1,447.0,0.0,0.0,0.0
496.0,5.5,293.0,4.0,0,878.0,0.0,0.0,0.0
660.25,10.666666666666666,988.0,4.0,0,730.0,0.0,0.0,0.0
365.0,4.5,252.0,4.0,1,533.0,0.0,0.0,0.0
972.25,10.0,1442.0,4.0,0,2923.0,0.0,0.0,0.0
35.5,1.0,222.0,4.0,1,309.0,44.75,3.0,0.0
1265.8333333333333,14.75,1449.0,4.0,1,685.0,0.0,0.0,0.0
1117.75,9.0,357.0,4.0,1,1883.0,0.0,0.0,0.0
25.5,1.0,733.0,4.5,1,804.0,0.0,0.0,0.0
270.3333333333333,3.5,0.0,4.0,1,78.0,0.0,0.0,0.0
47.0,4.0,293.0,4.0,0,740.0,37.5,6.0,0.0
1091.5,14.0,557.0,4.0,1,1892.0,0.0,0.0,0.0
520.75,3.0,575.0,2.0,1,34.0,0.0,0.0,0.0
714.5,7.0,747.0,4.0,1,760.0,0.0,0.0,0.0
652.6666666666666,9.0,476.0,4.0,0,1551.0,0.0,0.0,0.0
263.0,8.666666666666666,80.0,4.0,1,840.0,0.0,0.0,0.0
494.55555555555554,4.5,115.0,4.0,1,283.0,0.0,0.0,0.0
1047.5,6.0,1712.0,4.0,1,3580.0,0.0,0.0,0.0
263.3333333333333,5.0,108.0,4.0,0,110.0,0.0,0.0,0.0
491.75,7.333333333333333,196.0,4.0,0,468.0,0.0,0.0,0.0
1176.0,8.333333333333334,210.0,4.5,0,1597.0,0.0,0.0,0.0
857.75,5.75,1859.0,4.0,1,2059.0,0.0,0.0,0.0
688.5,21.5,637.0,5.0,0,1254.0,0.0,0.0,0.0
817.75,6.5,1034.0,4.0,1,3763.0,0.0,0.0,0.0
239.5,3.0,352.0,4.0,1,162.0,34.0,8.0,0.0
109.5,3.5,325.0,4.0,1,150.0,23.0,1.0,0.0
1185.0,5.5,1279.0,4.0,1,3036.0,0.0,0.0,0.0
238.0,6.5,493.0,4.0,0,153.0,0.0,0.0,0.0
234.66666666666663,6.0,1057.0,4.0,0,783.0,0.0,0.0,0.0
1140.75,16.0,1753.0,4.0,1,1460.0,0.0,0.0,0.0
395.5,9.5,116.0,4.0,1,411.0,0.0,0.0,0.0
617.25,3.0,693.0,4.0,0,833.0,0.0,0.0,0.0
94.0,2.0,952.0,4.0,1,117.0,39.5,0.0,0.0
1413.0,24.75,1465.0,2.5,1,578.0,0.0,0.0,0.0
91.5,2.5,507.0,2.0,1,22.0,0.0,0.0,0.0
495.25,5.75,321.0,4.0,1,330.0,0.0,0.0,0.0
120.0,5.0,199.0,4.0,1,399.0,0.0,0.0,0.0
46.25,1.0,510.0,4.0,0,586.0,34.84615384615385,12.0,0.0
112.2,5.0,322.0,4.0,1,373.0,0.0,0.0,0.0
1061.1666666666667,10.333333333333334,329.0,5.0,1,634.0,0.0,0.0,0.0
293.5,2.0,177.0,4.0,1,494.0,0.0,0.0,0.0
254.0,2.5,776.0,4.0,0,186.0,0.0,0.0,0.0
29.0,1.5,596.0,4.5,1,363.0,21.714285714285715,2.0,0.0
928.0,13.5,2213.0,4.0,0,483.0,0.0,0.0,0.0
858.0,4.5,1428.0,4.0,1,4030.0,0.0,0.0,0.0
772.75,6.75,1542.0,4.5,0,1919.0,0.0,0.0,0.0
44.5,3.5,575.0,4.0,0,705.0,24.923076923076923,9.0,0.0
421.75,4.5,120.0,4.0,1,130.0,0.0,0.0,0.0
336.25,4.0,147.0,4.0,0,232.0,0.0,0.0,0.0
186.5,3.0,396.0,4.0,0,182.0,0.0,0.0,0.0
576.5,6.5,131.0,4.0,1,255.0,0.0,0.0,0.0
530.25,5.0,373.0,4.0,1,285.0,0.0,0.0,0.0
814.75,14.25,1544.0,4.5,1,1760.0,0.0,0.0,0.0
131.0,4.0,978.0,4.0,1,140.0,18.0,1.0,0.0
126.0,6.0,227.0,4.0,1,145.0,0.0,0.0,0.0
102.25,2.5,449.0,4.0,1,203.0,13.25,7.0,0.0
547.5,3.25,145.0,4.5,0,1114.0,0.0,0.0,0.0
790.0,11.0,1767.0,4.5,0,2546.0,0.0,0.0,0.0
527.0,4.6,70.0,4.0,1,723.0,0.0,0.0,0.0
346.25,9.666666666666666,287.0,4.0,1,502.0,0.0,0.0,0.0
111.75,3.0,380.0,4.0,1,644.0,41.083333333333336,8.0,0.0
151.0,2.5,956.0,4.0,0,373.0,31.1875,9.0,0.0
521.25,4.0,481.0,4.0,1,176.0,0.0,0.0,0.0
468.5,8.5,240.0,2.0,1,55.0,0.0,0.0,0.0
83.6,1.0,905.0,4.0,0,482.0,26.181818181818183,18.0,0.0
299.75,5.0,139.0,4.0,1,435.0,0.0,0.0,0.0
48.0,6.333333333333333,994.0,4.0,0,428.0,0.0,0.0,0.0
41.333333333333336,1.0,792.0,4.0,0,441.0,27.25,4.0,0.0
697.3333333333334,11.125,1045.0,4.0,0,1859.0,0.0,0.0,0.0
704.75,6.0,1214.0,4.0,1,1665.0,0.0,0.0,0.0
486.5,5.0,77.0,4.0,1,220.0,0.0,0.0,0.0
58.0,1.5,485.0,4.0,1,586.0,21.56756756756757,24.0,0.0
120.33333333333331,1.5,247.0,4.0,1,345.0,9.4,3.0,0.0
100.6,1.0,165.0,4.0,1,534.0,25.75,6.0,0.0
172.0,2.5,240.0,4.0,0,307.0,0.0,0.0,0.0
204.3333333333333,5.5,37.0,2.0,0,26.0,0.0,0.0,0.0
58.75,4.75,397.0,4.0,0,678.0,0.0,0.0,0.0
1088.3333333333333,6.0,1039.0,4.0,0,2881.0,0.0,0.0,0.0
175.0,5.0,446.0,2.6666666666666665,1,36.0,0.0,0.0,0.0
79.0,2.5,895.0,4.0,0,556.0,25.647058823529413,9.0,0.0
275.6666666666667,4.5,128.0,4.0,0,789.0,0.0,0.0,0.0
797.25,13.5,1278.0,2.0,0,1130.0,0.0,0.0,0.0
83.5,2.0,113.0,4.0,1,320.0,24.571428571428573,8.0,0.0
117.25,1.5,141.0,3.5,0,327.0,0.0,0.0,0.0
63.0,2.0,247.0,4.0,0,719.0,53.2,1.0,0.0
477.0,6.666666666666667,438.0,2.0,1,13.0,0.0,0.0,0.0
118.83333333333331,3.333333333333333,348.0,4.0,1,207.0,0.0,0.0,0.0
68.25,13.0,192.0,4.5,1,734.0,0.0,0.0,0.0
1194.5,23.5,849.0,4.0,1,688.0,0.0,0.0,0.0
592.4,2.5,114.0,4.0,1,361.0,0.0,0.0,0.0
113.6,2.5,382.0,4.0,1,163.0,40.44444444444444,6.0,0.0
152.5,1.25,365.0,4.0,1,506.0,13.5,2.0,0.0
103.2,1.5,189.0,4.0,1,609.0,37.333333333333336,1.0,0.0
183.25,3.75,997.0,4.0,1,249.0,0.0,0.0,0.0
993.3333333333334,11.75,1079.0,4.5,1,1520.0,0.0,0.0,0.0
980.5,17.0,473.0,5.0,1,937.0,0.0,0.0,0.0
229.3333333333333,6.0,307.0,4.0,0,465.0,0.0,0.0,0.0
361.5,4.5,158.0,4.0,0,563.0,0.0,0.0,0.0
123.25,5.0,537.0,4.0,1,293.0,0.0,0.0,0.0
886.0,8.25,941.0,4.0,1,171.0,0.0,0.0,0.0
473.0,6.5,345.0,4.0,1,104.0,0.0,0.0,0.0
80.66666666666667,1.5,134.0,4.0,0,223.0,24.4,11.0,0.0
601.75,7.5,147.0,2.0,1,2.0,0.0,0.0,0.0
423.0,3.0,333.0,4.0,1,125.0,0.0,0.0,0.0
487.0,5.4,555.0,4.0,1,446.0,0.0,0.0,0.0
545.2857142857143,6.5,623.0,4.0,0,691.0,0.0,0.0,0.0
576.3333333333334,10.75,689.0,5.0,0,1414.0,0.0,0.0,0.0
137.5,3.5,772.0,4.0,0,202.0,0.0,0.0,0.0
20.5,1.5,502.0,4.0,0,314.0,0.0,0.0,0.0
97.5,2.0,742.0,3.0,1,362.0,40.42857142857143,4.0,0.0
11.5,2.5,1123.0,2.0,0,203.0,30.77777777777778,9.0,0.0
545.25,5.5,115.0,4.5,1,1884.0,0.0,0.0,0.0
81.75,1.5,379.0,4.0,1,1.0,0.0,0.0,0.0
955.25,17.5,1324.0,5.0,0,1328.0,0.0,0.0,0.0
98.0,3.0,478.0,2.333333333333333,1,69.0,35.111111111111114,5.0,0.0
322.75,4.333333333333333,71.0,4.0,1,237.0,41.5,1.0,0.0
710.75,4.4,956.0,4.0,0,1618.0,0.0,0.0,0.0
488.75,3.0,510.0,4.0,0,1111.0,0.0,0.0,0.0
1071.25,16.25,2333.0,4.0,1,1020.0,0.0,0.0,0.0
142.25,3.5,365.0,4.0,1,132.0,26.33333333333333,2.0,0.0
169.0,1.0,956.0,4.0,1,414.0,0.0,0.0,0.0
135.0,3.0,266.0,4.0,1,48.0,0.0,0.0,0.0
1130.5,7.25,1074.0,4.0,1,2994.0,0.0,0.0,0.0
389.3333333333333,3.5,534.0,4.0,1,603.0,0.0,0.0,0.0
575.1666666666666,5.0,163.0,2.6666666666666665,1,756.0,0.0,0.0,0.0
695.75,13.5,595.0,4.5,1,2809.0,0.0,0.0,0.0
293.25,8.0,890.0,4.0,1,684.0,0.0,0.0,0.0
669.75,5.5,313.0,4.0,0,250.0,0.0,0.0,0.0
229.75,6.0,763.0,4.0,0,935.0,24.33333333333333,2.0,0.0
91.0,2.5,336.0,4.0,0,254.0,25.92,16.0,0.0
1097.1666666666667,13.6,1573.0,4.0,1,1500.0,0.0,0.0,0.0
190.0,1.5,231.0,3.5,0,251.0,0.0,0.0,0.0
84.66666666666667,1.5,175.0,4.0,1,289.0,16.0,4.0,0.0
556.0,2.5,0.0,4.0,1,614.0,0.0,0.0,0.0
412.6666666666667,4.5,130.0,4.0,1,135.0,0.0,0.0,0.0
105.2,2.0,521.0,4.0,0,384.0,0.0,0.0,0.0
848.5,11.25,1138.0,4.0,1,3252.0,0.0,0.0,0.0
30.8,1.5,333.0,4.0,1,203.0,25.466666666666665,9.0,0.0
49.66666666666666,2.0,104.0,4.0,1,326.0,0.0,0.0,0.0
7.75,2.5,550.0,3.0,1,754.0,24.363636363636363,17.0,0.0
25.83333333333333,1.0,609.0,4.0,1,479.0,27.103448275862068,14.0,0.0
120.5,1.0,161.0,4.0,1,317.0,29.166666666666668,6.0,0.0
169.5,1.5,165.0,4.0,1,4.0,0.0,0.0,0.0
601.5,8.5,446.0,4.5,1,42.0,0.0,0.0,0.0
680.5,11.0,344.0,4.0,1,247.0,0.0,0.0,0.0
1332.25,9.75,1315.0,4.0,1,1847.0,0.0,0.0,0.0
509.6666666666667,6.333333333333333,138.0,4.0,1,317.0,0.0,0.0,0.0
581.0,6.333333333333333,712.0,4.0,1,987.0,0.0,0.0,0.0
1410.5,14.25,1076.0,4.0,0,1823.0,0.0,0.0,0.0
612.1666666666666,9.0,599.0,4.0,1,1179.0,0.0,0.0,0.0
256.75,5.0,520.0,4.0,1,645.0,0.0,0.0,0.0
413.25,5.333333333333333,386.0,4.0,1,214.0,0.0,0.0,0.0
620.1666666666666,11.666666666666666,346.0,4.0,1,747.0,0.0,0.0,0.0
176.0,5.0,810.0,4.0,1,605.0,0.0,0.0,0.0
57.0,1.0,314.0,2.0,0,11.0,24.75,10.0,0.0
379.0,4.0,229.0,4.0,1,62.0,0.0,0.0,0.0
329.75,7.0,258.0,4.0,1,314.0,0.0,0.0,0.0
779.5,15.5,1249.0,4.0,1,1200.0,0.0,0.0,0.0
225.8333333333333,15.666666666666666,321.0,4.0,0,280.0,0.0,0.0,0.0
110.0,1.5,93.0,4.0,1,808.0,13.666666666666666,1.0,0.0
167.66666666666666,6.0,25.0,4.0,0,481.0,0.0,0.0,0.0
1737.75,13.75,656.0,4.0,1,523.0,0.0,0.0,0.0
398.6666666666667,3.5,307.0,4.0,1,760.0,0.0,0.0,0.0
702.75,6.5,880.0,2.0,0,1044.0,0.0,0.0,0.0
831.5,8.5,1122.0,4.0,1,402.0,0.0,0.0,0.0
44.5,3.5,467.0,2.0,0,51.0,25.07692307692308,18.0,0.0
41.333333333333336,3.0,386.0,3.5,0,267.0,0.0,0.0,0.0
334.0,3.0,99.0,4.0,0,142.0,36.3125,12.0,0.0
328.0,5.5,501.0,4.0,1,252.0,0.0,0.0,0.0
590.75,23.5,860.0,5.0,1,1682.0,0.0,0.0,0.0
131.25,4.0,138.0,4.0,1,198.0,0.0,0.0,0.0
1155.0,10.0,411.0,4.0,1,1384.0,0.0,0.0,0.0
512.0,9.0,654.0,4.0,1,672.0,0.0,0.0,0.0
1171.25,25.666666666666668,917.0,4.0,1,87.0,0.0,0.0,0.0
33.5,0.5,277.0,4.0,0,504.0,32.5,13.0,0.0
88.5,2.0,577.0,4.0,1,63.0,29.25,2.0,0.0
394.0,3.0,577.0,2.6666666666666665,1,9.0,0.0,0.0,0.0
1447.6666666666667,18.25,976.0,4.0,0,1738.0,0.0,0.0,0.0
39.125,1.5,871.0,4.0,0,459.0,28.5,4.0,0.0
575.5,7.0,593.0,4.0,1,818.0,0.0,0.0,0.0
29.666666666666668,2.0,353.0,4.0,1,348.0,28.923076923076923,9.0,0.0
154.0,4.333333333333333,336.0,4.0,1,328.0,0.0,0.0,0.0
803.25,13.833333333333334,1688.0,4.5,0,829.0,0.0,0.0,0.0
1076.5,12.5,2139.0,4.0,0,1267.0,0.0,0.0,0.0
276.75,3.0,175.0,4.0,1,211.0,33.0,4.0,0.0
1416.75,24.33333333333333,710.0,4.0,1,1377.0,0.0,0.0,0.0
154.5,5.0,365.0,4.0,0,38.0,0.0,0.0,0.0
637.0,17.0,578.0,5.0,1,1035.0,0.0,0.0,0.0
550.0,6.5,1219.0,4.5,1,2585.0,0.0,0.0,0.0
124.0,2.6666666666666665,464.0,4.5,1,245.0,25.25,3.0,0.0
748.8,9.0,1648.0,4.0,0,1739.0,0.0,0.0,0.0
352.6666666666667,7.5,301.0,4.0,1,624.0,0.0,0.0,0.0
437.75,6.333333333333333,213.0,4.0,1,607.0,0.0,0.0,0.0
413.25,4.0,198.0,2.0,1,40.0,0.0,0.0,0.0
50.5,1.5,203.0,4.0,1,152.0,0.0,0.0,0.0
1043.5,11.0,1485.0,4.0,1,3265.0,0.0,0.0,0.0
261.5,5.0,103.0,4.0,1,302.0,0.0,0.0,0.0
858.5,10.25,1838.0,4.0,1,729.0,0.0,0.0,0.0
1093.3333333333333,11.0,1356.0,4.0,0,497.0,0.0,0.0,0.0
1064.0,18.5,276.0,5.0,1,805.0,0.0,0.0,0.0
261.75,4.0,357.0,4.0,1,175.0,0.0,0.0,0.0
66.0,1.0,185.0,4.5,0,871.0,2.0,0.0,0.0
221.8,4.5,186.0,4.0,1,422.0,0.0,0.0,0.0
706.5,6.0,446.0,4.0,1,1328.0,0.0,0.0,0.0
297.75,10.0,438.0,4.0,1,38.0,0.0,0.0,0.0
887.0,12.0,175.0,5.0,1,2874.0,0.0,0.0,0.0
309.5,4.4,0.0,4.0,1,222.0,0.0,0.0,0.0
393.5,3.6666666666666665,464.0,3.0,1,43.0,0.0,0.0,0.0
65.2,2.5,554.0,4.0,1,502.0,25.176470588235293,12.0,0.0
22.0,0.5,659.0,4.0,1,761.0,0.0,0.0,0.0
56.5,1.5,174.0,4.0,0,396.0,21.142857142857142,20.0,0.0
1120.5,28.166666666666668,1986.0,5.0,1,899.0,0.0,0.0,0.0
113.25,9.25,0.0,4.0,0,786.0,0.0,0.0,0.0
211.75,5.0,130.0,4.0,1,76.0,0.0,0.0,0.0
111.75,2.5,71.0,4.0,1,142.0,28.0,2.0,0.0
1276.5,12.75,889.0,4.0,1,1454.0,0.0,0.0,0.0
130.5,3.5,236.0,4.0,1,123.0,0.0,0.0,0.0
874.8333333333334,7.5,1789.0,4.0,1,2757.0,0.0,0.0,0.0
263.75,3.6666666666666665,523.0,4.0,1,641.0,0.0,0.0,0.0
651.75,6.5,636.0,2.0,1,1482.0,0.0,0.0,0.0
564.0,23.25,298.0,5.0,1,1660.0,0.0,0.0,0.0
273.0,3.0,87.0,2.0,1,180.0,0.0,0.0,0.0
185.3333333333333,2.5,460.0,4.0,0,153.0,0.0,0.0,0.0
745.25,9.5,1477.0,4.0,1,1669.0,0.0,0.0,0.0
231.25,5.5,307.0,4.0,1,522.0,0.0,0.0,0.0
303.25,7.666666666666667,497.0,4.0,1,75.0,0.0,0.0,0.0
262.6666666666667,3.0,315.0,2.6666666666666665,1,4.0,0.0,0.0,0.0
687.0,10.5,1336.0,4.0,0,1494.0,0.0,0.0,0.0
182.25,2.5,484.0,4.0,0,182.0,0.0,0.0,0.0
89.0,3.5,302.0,4.0,0,289.0,52.0,2.0,0.0
79.5,2.5,564.0,4.0,1,777.0,30.0,3.0,0.0
64.5,2.0,526.0,4.0,0,1067.0,40.0,0.0,0.0
303.0,4.5,170.0,2.0,0,85.0,0.0,0.0,0.0
121.0,4.0,388.0,2.0,1,106.0,0.0,0.0,0.0
460.0,4.75,49.0,4.0,1,1551.0,31.25,3.0,0.0
115.75,2.0,526.0,4.0,1,145.0,23.52380952380953,11.0,0.0
576.5,1.0,1261.0,4.0,1,2734.0,0.0,0.0,0.0
288.0,7.0,187.0,4.0,1,401.0,0.0,0.0,0.0
642.25,8.0,949.0,4.0,0,511.0,0.0,0.0,0.0
344.75,5.5,72.0,4.0,1,106.0,24.08333333333333,10.0,0.0
51.5,1.5,611.0,4.0,1,503.0,24.0,19.0,0.0
519.25,7.0,610.0,4.0,1,671.0,0.0,0.0,0.0
512.5,8.0,1022.0,4.0,1,2175.0,0.0,0.0,0.0
551.75,5.5,380.0,4.0,0,351.0,0.0,0.0,0.0
186.25,5.666666666666667,519.0,4.0,1,394.0,14.0,1.0,0.0
604.0,5.0,590.0,4.0,1,972.0,0.0,0.0,0.0
99.0,1.3333333333333333,353.0,4.0,1,198.0,26.85,13.0,0.0
290.75,3.5,87.0,4.0,1,873.0,0.0,0.0,0.0
474.5,7.0,373.0,4.0,1,182.0,0.0,0.0,0.0
5.333333333333333,2.5,0.0,3.0,1,50.0,43.785714285714285,6.0,0.0
14.0,2.0,915.0,4.0,1,390.0,21.814814814814813,20.0,0.0
133.0,11.0,65.0,4.0,1,663.0,0.0,0.0,0.0
669.0,12.5,995.0,4.0,0,1165.0,0.0,0.0,0.0
134.33333333333334,1.5,361.0,2.0,1,110.0,0.0,0.0,0.0
575.5,4.5,170.0,4.0,1,367.0,0.0,0.0,0.0
625.6666666666666,5.5,192.0,4.5,1,886.0,0.0,0.0,0.0
163.25,2.6666666666666665,504.0,4.0,1,169.0,0.0,0.0,0.0
357.2,2.5,248.0,4.0,1,318.0,0.0,0.0,0.0
236.5,3.6666666666666665,887.0,4.0,1,443.0,0.0,0.0,0.0
464.75,6.0,187.0,4.0,1,1293.0,0.0,0.0,0.0
576.0,6.5,834.0,2.0,1,826.0,0.0,0.0,0.0
1073.8333333333333,23.0,2085.0,2.5,1,213.0,0.0,0.0,0.0
1604.75,16.0,244.0,4.0,0,1250.0,0.0,0.0,0.0
1570.5,20.5,908.0,5.0,1,140.0,0.0,0.0,0.0
408.25,4.0,505.0,4.0,1,549.0,0.0,0.0,0.0
461.75,3.5,212.0,4.0,1,58.0,0.0,0.0,0.0
361.1666666666667,6.5,475.0,4.0,1,483.0,0.0,0.0,0.0
1656.6666666666667,17.75,756.0,4.0,1,284.0,0.0,0.0,0.0
589.0,3.0,761.0,4.0,1,1697.0,0.0,0.0,0.0
870.6666666666666,5.5,2247.0,4.0,1,3454.0,0.0,0.0,0.0
353.0,3.5,245.0,4.0,1,319.0,0.0,0.0,0.0
60.0,2.0,208.0,4.0,1,608.0,0.0,0.0,0.0
108.25,1.5,506.0,4.0,1,167.0,26.666666666666668,6.0,0.0
114.25,4.0,421.0,4.0,1,382.0,0.0,0.0,0.0
318.5,1.5,4.0,4.0,1,286.0,0.0,0.0,0.0
1278.5,11.0,778.0,4.5,1,2337.0,0.0,0.0,0.0
581.0,3.0,311.0,4.5,1,1706.0,0.0,0.0,0.0
117.5,2.5,370.0,4.0,1,107.0,0.0,0.0,0.0
914.25,10.5,1581.0,4.0,1,1172.0,0.0,0.0,0.0
162.25,1.5,116.0,4.0,1,59.0,0.0,0.0,0.0
248.25,3.0,252.0,4.0,1,854.0,0.0,0.0,0.0
25.6,1.5,693.0,2.0,1,3.0,21.166666666666668,3.0,0.0
971.3333333333334,15.666666666666666,1913.0,4.0,0,662.0,0.0,0.0,0.0
430.5,4.0,297.0,4.0,0,480.0,0.0,0.0,0.0
61.5,1.5,970.0,4.0,1,274.0,19.95833333333333,15.0,0.0
244.3333333333333,5.666666666666667,71.0,4.0,0,101.0,0.0,0.0,0.0
68.0,3.0,791.0,4.0,1,368.0,30.75,2.0,0.0
714.6666666666666,7.333333333333333,899.0,2.0,1,1264.0,0.0,0.0,0.0
524.5,4.0,190.0,2.6666666666666665,0,25.0,0.0,0.0,0.0
1232.5,22.5,1525.0,2.5,1,564.0,0.0,0.0,0.0
63.0,2.5,730.0,4.0,1,545.0,23.88235294117647,10.0,0.0
429.0,4.25,433.0,4.0,0,225.0,0.0,0.0,0.0
945.5,17.333333333333332,1678.0,4.5,0,637.0,0.0,0.0,0.0
61.5,7.25,104.0,4.0,0,770.0,0.0,0.0,0.0
89.2,1.5,702.0,4.0,1,292.0,26.3,11.0,0.0
1432.25,22.0,523.0,4.0,1,1212.0,0.0,0.0,0.0
757.0,5.0,1555.0,2.0,1,2161.0,0.0,0.0,0.0
689.6666666666666,7.0,837.0,4.0,1,1911.0,0.0,0.0,0.0
382.25,4.75,529.0,4.0,0,617.0,0.0,0.0,0.0
304.6,4.0,419.0,4.0,1,232.0,0.0,0.0,0.0
379.25,4.5,344.0,4.0,0,146.0,0.0,0.0,0.0
121.66666666666669,1.5,160.0,3.5,0,468.0,0.0,0.0,0.0
1042.0,12.5,953.0,4.0,1,2444.0,0.0,0.0,0.0
396.3333333333333,2.0,390.0,2.0,0,244.0,0.0,0.0,0.0
417.5,4.5,155.0,4.0,1,1107.0,45.0,0.0,0.0
346.5,9.75,326.0,4.0,1,245.0,0.0,0.0,0.0
56.285714285714285,2.5,592.0,4.0,1,378.0,18.53333333333333,9.0,0.0
476.75,8.833333333333334,278.0,4.5,0,1574.0,0.0,0.0,0.0
37.333333333333336,2.0,32.0,4.0,0,263.0,0.0,0.0,0.0
205.0,2.5,394.0,3.5,1,541.0,0.0,0.0,0.0
775.3333333333334,9.2,1563.0,4.0,1,2019.0,0.0,0.0,0.0
219.25,4.5,939.0,4.0,1,318.0,0.0,0.0,0.0
325.0,1.5,204.0,4.0,1,198.0,0.0,0.0,0.0
297.1666666666667,3.5,463.0,4.0,1,314.0,25.0,3.0,0.0
23.5,1.0,743.0,4.0,0,420.0,0.0,0.0,0.0
82.0,3.0,1245.0,4.0,0,131.0,27.0,15.0,0.0
98.5,2.5,364.0,4.0,1,183.0,0.0,0.0,0.0
384.75,5.0,113.0,2.0,0,837.0,0.0,0.0,0.0
257.5,3.5,295.0,4.0,1,73.0,0.0,0.0,0.0
451.0,9.666666666666666,545.0,4.0,0,846.0,0.0,0.0,0.0
1136.75,18.5,1890.0,5.0,0,259.0,0.0,0.0,0.0
243.0,4.0,644.0,2.0,0,99.0,0.0,0.0,0.0
42.25,2.5,176.0,4.0,1,181.0,0.0,0.0,0.0
343.5,10.666666666666666,459.0,4.0,1,310.0,0.0,0.0,0.0
205.0,4.0,159.0,4.0,1,197.0,0.0,0.0,0.0
850.5,6.5,2201.0,4.0,1,3155.0,0.0,0.0,0.0
214.25,2.5,932.0,4.0,1,286.0,0.0,0.0,0.0
278.25,3.0,400.0,4.0,0,246.0,0.0,0.0,0.0
710.25,6.5,1122.0,4.0,1,1481.0,0.0,0.0,0.0
996.6666666666666,11.5,1222.0,4.5,1,1121.0,0.0,0.0,0.0
55.5,2.0,186.0,4.0,1,600.0,33.6,10.0,0.0
399.2,3.5,246.0,4.0,0,582.0,0.0,0.0,0.0
74.5,2.5,862.0,4.0,1,369.0,33.625,4.0,0.0
1178.0,12.5,2622.0,4.0,1,1302.0,0.0,0.0,0.0
125.0,2.5,309.0,4.0,0,235.0,0.0,0.0,0.0
341.5,8.0,325.0,4.0,1,336.0,0.0,0.0,0.0
335.75,8.333333333333334,693.0,4.0,1,653.0,0.0,0.0,0.0
1551.75,8.0,579.0,4.5,1,315.0,0.0,0.0,0.0
581.3333333333334,4.0,340.0,2.0,0,1059.0,0.0,0.0,0.0
28.5,0.5,807.0,4.0,0,168.0,24.0,17.0,0.0
106.0,1.5,466.0,3.5,0,441.0,21.73333333333333,7.0,0.0
363.75,12.25,349.0,4.0,0,553.0,0.0,0.0,0.0
1081.5263157894738,12.333333333333334,1134.0,4.0,0,1397.0,0.0,0.0,0.0
1072.5,12.0,657.0,4.0,1,1872.0,0.0,0.0,0.0
237.25,3.5,504.0,2.0,0,72.0,0.0,0.0,0.0
746.6666666666666,5.5,799.0,4.0,1,661.0,0.0,0.0,0.0
620.75,6.5,155.0,4.0,1,397.0,0.0,0.0,0.0
159.25,4.5,400.0,4.0,1,397.0,0.0,0.0,0.0
957.25,12.166666666666666,1188.0,4.5,0,1669.0,0.0,0.0,0.0
267.5,3.0,329.0,2.6666666666666665,1,42.0,60.0,3.0,0.0
878.0,4.5,875.0,4.0,1,343.0,0.0,0.0,0.0
264.75,4.0,172.0,4.0,1,368.0,0.0,0.0,0.0
380.5,11.5,391.0,4.0,0,495.0,0.0,0.0,0.0
29.83333333333333,1.5,538.0,4.0,1,163.0,0.0,0.0,0.0
411.25,3.0,279.0,4.0,0,727.0,0.0,0.0,0.0
527.0,10.5,561.0,4.5,1,1763.0,0.0,0.0,0.0
535.6666666666666,16.5,940.0,4.5,0,2191.0,0.0,0.0,0.0
612.5,12.666666666666666,599.0,5.0,1,1208.0,0.0,0.0,0.0
234.0,2.5,322.0,4.0,0,322.0,0.0,0.0,0.0
8.75,5.5,634.0,2.0,1,1265.0,0.0,0.0,0.0
533.0,5.5,162.0,4.5,1,1771.0,0.0,0.0,0.0
76.0,2.0,448.0,4.0,0,61.0,0.0,0.0,0.0
63.25,1.5,716.0,4.0,1,340.0,21.58333333333333,9.0,0.0
168.75,4.5,825.0,4.0,1,678.0,0.0,0.0,0.0
8.0,1.5,693.0,5.0,0,529.0,0.0,0.0,0.0
114.5,3.0,320.0,4.0,1,216.0,42.0,1.0,0.0
86.25,2.5,585.0,2.0,1,0.0,0.0,0.0,0.0
586.0,4.5,104.0,4.0,1,713.0,0.0,0.0,0.0
1230.6666666666667,7.0,434.0,4.0,1,2060.0,0.0,0.0,0.0
24.0,2.0,487.0,4.5,1,618.0,0.0,0.0,0.0
269.25,2.6666666666666665,219.0,2.6666666666666665,1,192.0,0.0,0.0,0.0
236.25,5.5,402.0,4.0,0,275.0,0.0,0.0,0.0
1552.3333333333333,16.5,286.0,4.0,0,1298.0,0.0,0.0,0.0
11.333333333333334,4.25,501.0,4.0,0,560.0,19.178571428571427,21.0,0.0
352.25,10.666666666666666,305.0,4.0,1,512.0,0.0,0.0,0.0
137.0,2.5,277.0,4.0,1,297.0,44.5,2.0,0.0
429.5,7.166666666666667,531.0,2.0,1,683.0,0.0,0.0,0.0
494.0,4.5,109.0,4.0,1,183.0,0.0,0.0,0.0
94.5,5.5,658.0,3.5,1,917.0,0.0,0.0,0.0
423.5,9.0,276.0,2.0,1,426.0,0.0,0.0,0.0
1120.5,27.75,549.0,4.0,0,571.0,0.0,0.0,0.0
537.3333333333334,13.75,430.0,5.0,1,1174.0,0.0,0.0,0.0
316.5,4.5,884.0,4.0,1,123.0,0.0,0.0,0.0
147.0,3.5,264.0,4.0,1,604.0,0.0,0.0,0.0
603.25,5.75,857.0,4.0,1,278.0,0.0,0.0,0.0
601.3333333333334,3.5,1075.0,4.0,0,2199.0,0.0,0.0,0.0
829.25,11.75,1326.0,4.5,1,2950.0,0.0,0.0,0.0
433.6666666666667,4.5,139.0,4.0,1,1245.0,22.5,1.0,0.0
756.0,6.666666666666667,1335.0,4.0,0,2158.0,0.0,0.0,0.0
181.25,3.5,282.0,4.0,1,25.0,0.0,0.0,0.0
26.4,1.5,529.0,2.0,1,41.0,0.0,0.0,0.0
733.625,10.5,1163.0,4.0,1,1273.0,0.0,0.0,0.0
572.6666666666666,8.75,291.0,4.0,1,910.0,0.0,0.0,0.0
28.166666666666668,1.5,240.0,4.0,1,353.0,14.666666666666666,2.0,0.0
215.25,2.0,848.0,4.0,0,190.0,0.0,0.0,0.0
1334.0,10.5,1154.0,4.0,1,1623.0,0.0,0.0,0.0
639.8,3.5,0.0,4.0,1,264.0,0.0,0.0,0.0
250.5,5.0,494.0,4.0,1,550.0,0.0,0.0,0.0
421.5,6.5,390.0,2.0,1,328.0,0.0,0.0,0.0
448.5,3.0,255.0,4.0,0,945.0,0.0,0.0,0.0
654.1666666666666,6.75,198.0,4.0,1,182.0,0.0,0.0,0.0
9.666666666666666,1.5,368.0,4.5,1,419.0,33.95652173913044,12.0,0.0
552.1666666666666,3.5,59.0,2.0,1,722.0,0.0,0.0,0.0
530.75,9.5,435.0,4.0,1,653.0,0.0,0.0,0.0
5.5,1.0,630.0,4.0,1,199.0,28.75,2.0,0.0
21.2,1.0,529.0,4.0,1,1003.0,59.0,0.0,0.0
65.5,1.5,625.0,4.0,1,82.0,0.0,0.0,0.0
244.0,3.0,774.0,4.0,1,800.0,0.0,0.0,0.0
164.88888888888889,4.5,195.0,4.0,1,182.0,0.0,0.0,0.0
91.25,2.5,394.0,4.0,1,451.0,20.6,13.0,0.0
447.75,5.0,117.0,2.0,1,27.0,0.0,0.0,0.0
1.5,0.0,487.0,0.0,0,789.0,0.0,0.0,0.0
466.25,5.2,567.0,2.6666666666666665,1,53.0,0.0,0.0,0.0
314.25,5.0,113.0,4.0,1,124.0,0.0,0.0,0.0
372.25,2.5,564.0,4.0,1,549.0,0.0,0.0,0.0
82.66666666666667,2.0,586.0,4.0,1,1124.0,35.266666666666666,10.0,0.0
452.0,3.5,0.0,4.0,1,1237.0,0.0,0.0,0.0
1113.25,6.75,855.0,4.0,0,2681.0,0.0,0.0,0.0
36.0,1.5,553.0,4.0,1,201.0,26.25,6.0,0.0
72.25,2.0,366.0,2.0,1,10.0,0.0,0.0,0.0
467.8333333333333,8.5,383.0,2.0,0,223.0,0.0,0.0,0.0
1054.5,10.25,419.0,5.0,1,730.0,0.0,0.0,0.0
273.5,4.25,143.0,4.0,1,103.0,100.0,0.0,0.0
445.25,3.0,28.0,4.0,1,1511.0,0.0,0.0,0.0
250.66666666666663,5.5,486.0,4.0,1,369.0,0.0,0.0,0.0
606.8333333333334,18.25,281.0,4.5,0,1967.0,0.0,0.0,0.0
371.8,6.5,307.0,4.0,1,204.0,0.0,0.0,0.0
507.6666666666667,19.5,545.0,4.5,1,1262.0,0.0,0.0,0.0
1235.0,8.5,916.0,4.0,0,1101.0,0.0,0.0,0.0
845.5,5.0,535.0,4.0,1,3144.0,0.0,0.0,0.0
1450.8333333333333,20.5,229.0,4.0,1,924.0,0.0,0.0,0.0
737.8888888888889,6.0,846.0,4.0,1,621.0,0.0,0.0,0.0
607.5,4.5,359.0,4.0,1,764.0,0.0,0.0,0.0
1115.0,8.0,1439.0,4.0,1,3333.0,0.0,0.0,0.0
545.5,4.5,728.0,4.0,1,255.0,0.0,0.0,0.0
658.0,8.2,98.0,5.0,1,1091.0,0.0,0.0,0.0
1413.5,15.25,722.0,5.0,1,171.0,0.0,0.0,0.0
560.25,3.5,107.0,4.0,1,319.0,0.0,0.0,0.0
39.333333333333336,2.0,862.0,4.0,1,186.0,14.666666666666666,6.0,0.0
442.0,7.166666666666667,262.0,4.0,0,240.0,0.0,0.0,0.0
37.0,2.5,291.0,4.0,1,616.0,15.045454545454543,16.0,0.0
246.5,4.0,196.0,4.0,1,77.0,36.2,3.0,0.0
222.5,4.875,459.0,4.0,0,147.0,25.33333333333333,1.0,0.0
51.0,1.0,313.0,4.0,1,673.0,28.25,8.0,0.0
330.6,5.333333333333333,891.0,4.0,0,751.0,55.0,1.0,0.0
280.77777777777777,3.5,114.0,2.0,1,48.0,0.0,0.0,0.0
173.16666666666666,4.5,1045.0,4.0,1,280.0,0.0,0.0,0.0
525.0,6.6,521.0,4.0,0,838.0,0.0,0.0,0.0
83.33333333333333,1.5,759.0,4.0,0,222.0,25.5,2.0,0.0
430.8333333333333,4.666666666666667,245.0,4.0,0,1494.0,0.0,0.0,0.0
928.25,16.0,1693.0,4.5,1,760.0,0.0,0.0,0.0
145.25,7.666666666666667,381.0,4.0,1,389.0,0.0,0.0,0.0
1495.75,22.0,630.0,4.5,0,223.0,0.0,0.0,0.0
221.8333333333333,2.0,520.0,4.0,1,221.0,25.6,4.0,0.0
92.5,7.5,877.0,4.0,0,391.0,0.0,0.0,0.0
651.75,4.5,0.0,4.0,1,1016.0,0.0,0.0,0.0
590.6666666666666,6.0,512.0,2.0,1,962.0,0.0,0.0,0.0
320.25,5.0,213.0,4.0,1,126.0,0.0,0.0,0.0
333.75,4.5,361.0,4.0,1,228.0,0.0,0.0,0.0
41.333333333333336,1.0,369.0,5.0,1,445.0,33.333333333333336,4.0,0.0
575.25,11.0,117.0,4.0,1,1126.0,0.0,0.0,0.0
229.0,5.5,685.0,4.0,1,1031.0,0.0,0.0,0.0
733.25,9.25,702.0,4.5,0,3341.0,0.0,0.0,0.0
24.0,1.5,782.0,4.0,1,24.0,23.6,2.0,0.0
792.5,7.75,1114.0,4.0,1,2379.0,0.0,0.0,0.0
100.33333333333331,3.0,416.0,4.0,1,46.0,0.0,0.0,0.0
967.5,25.0,1998.0,4.0,1,1530.0,0.0,0.0,0.0
611.0,14.5,266.0,4.0,0,843.0,0.0,0.0,0.0
397.25,5.0,369.0,2.6666666666666665,0,10.0,0.0,0.0,0.0
1112.75,7.5,1137.0,4.5,0,679.0,0.0,0.0,0.0
60.75,2.5,457.0,4.5,0,667.0,26.76,15.0,0.0
27.5,2.0,739.0,4.0,1,143.0,8.0,0.0,0.0
70.5,3.0,613.0,2.0,0,646.0,21.85,19.0,0.0
315.0,3.5,611.0,4.0,1,503.0,39.8,4.0,0.0
778.0,13.0,397.0,4.0,1,2189.0,0.0,0.0,0.0
654.5,9.0,909.0,2.6666666666666665,0,928.0,0.0,0.0,0.0
434.0,6.5,422.0,3.5,1,233.0,0.0,0.0,0.0
361.6666666666667,3.5,119.0,4.0,0,127.0,0.0,0.0,0.0
627.0,5.5,1260.0,4.0,1,2504.0,0.0,0.0,0.0
1036.1666666666667,9.5,858.0,4.0,0,1737.0,0.0,0.0,0.0
686.25,8.25,675.0,4.0,1,1227.0,0.0,0.0,0.0
459.6666666666667,5.0,77.0,4.0,1,550.0,0.0,0.0,0.0
1253.0,13.5,1349.0,4.0,1,652.0,0.0,0.0,0.0
466.75,2.5,0.0,4.0,1,610.0,0.0,0.0,0.0
185.25,2.5,381.0,4.0,1,47.0,0.0,0.0,0.0
1092.0,6.5,1473.0,4.0,1,3386.0,0.0,0.0,0.0
899.0,7.166666666666667,1794.0,4.0,1,3608.0,0.0,0.0,0.0
510.4,3.5,202.0,3.0,1,431.0,0.0,0.0,0.0
24.33333333333333,1.5,322.0,4.0,1,178.0,0.0,0.0,0.0
641.1666666666666,5.5,1180.0,4.0,1,2291.0,0.0,0.0,0.0
421.25,4.25,307.0,4.0,1,564.0,0.0,0.0,0.0
14.75,2.5,1216.0,4.0,1,311.0,16.959183673469386,39.0,0.0
641.75,9.5,1198.0,5.0,1,2044.0,0.0,0.0,0.0
433.6,3.5,0.0,4.0,0,612.0,0.0,0.0,0.0
206.4,2.0,1128.0,4.0,1,459.0,0.0,0.0,0.0
69.16666666666667,1.0,588.0,4.0,1,286.0,0.0,0.0,0.0
50.66666666666666,5.0,511.0,4.0,0,1012.0,0.0,0.0,0.0
394.6666666666667,12.5,655.0,4.0,1,442.0,0.0,0.0,0.0
1037.25,10.0,952.0,4.0,1,1342.0,0.0,0.0,0.0
349.5,3.5,43.0,2.0,1,46.0,0.0,0.0,0.0
36.0,1.5,654.0,5.0,1,733.0,0.0,0.0,0.0
1205.25,8.5,303.0,4.0,1,2203.0,0.0,0.0,0.0
1327.1666666666667,9.0,1132.0,4.0,0,1320.0,0.0,0.0,0.0
391.0,5.0,495.0,4.0,1,521.0,0.0,0.0,0.0
194.75,2.5,386.0,4.0,0,63.0,8.0,1.0,0.0
1149.0,8.5,773.0,4.0,0,2688.0,0.0,0.0,0.0
156.0,9.666666666666666,368.0,4.0,1,333.0,0.0,0.0,0.0
131.75,3.0,677.0,4.0,0,117.0,0.0,0.0,0.0
877.3333333333334,18.5,749.0,5.0,1,959.0,0.0,0.0,0.0
64.8,2.0,457.0,4.0,1,277.0,0.0,0.0,0.0
578.25,7.666666666666667,114.0,4.0,1,330.0,0.0,0.0,0.0
445.0,4.0,600.0,2.0,1,126.0,0.0,0.0,0.0
321.75,4.0,799.0,4.0,1,673.0,21.142857142857142,4.0,0.0
48.0,1.5,789.0,4.0,1,379.0,12.0,0.0,0.0
982.0,7.333333333333333,2126.0,4.0,1,4187.0,0.0,0.0,0.0
877.75,7.333333333333333,1974.0,4.0,1,3423.0,0.0,0.0,0.0
297.5,4.0,399.0,4.0,1,533.0,0.0,0.0,0.0
290.0,8.5,966.0,4.0,1,966.0,0.0,0.0,0.0
485.75,6.5,140.0,4.0,1,560.0,0.0,0.0,0.0
82.25,1.5,187.0,2.0,0,43.0,30.75,12.0,0.0
31.25,2.0,909.0,4.0,1,934.0,0.0,0.0,0.0
1153.75,13.0,2065.0,4.0,0,1677.0,0.0,0.0,0.0
341.75,7.333333333333333,259.0,4.0,0,431.0,0.0,0.0,0.0
500.0,5.5,724.0,4.0,1,264.0,0.0,0.0,0.0
611.0,6.333333333333333,1087.0,4.5,1,1890.0,0.0,0.0,0.0
388.25,2.5,363.0,4.0,0,106.0,0.0,0.0,0.0
558.25,7.5,761.0,5.0,0,1456.0,0.0,0.0,0.0
72.25,2.0,323.0,3.5,1,1308.0,27.0,1.0,0.0
631.5,6.75,147.0,4.0,0,265.0,0.0,0.0,0.0
149.4,1.5,73.0,4.0,0,152.0,0.0,0.0,0.0
142.75,3.6666666666666665,599.0,4.0,1,101.0,0.0,0.0,0.0
732.8333333333334,25.166666666666668,685.0,5.0,1,855.0,0.0,0.0,0.0
283.1666666666667,2.5,519.0,4.0,0,814.0,0.0,0.0,0.0
66.0,3.4285714285714284,496.0,4.5,0,723.0,0.0,0.0,0.0
441.3333333333333,4.5,201.0,4.0,1,1406.0,0.0,0.0,0.0
520.25,6.0,430.0,2.0,1,1038.0,0.0,0.0,0.0
174.0,4.5,775.0,2.0,1,0.0,0.0,0.0,0.0
318.0,2.0,396.0,4.0,1,7.0,14.857142857142858,1.0,0.0
56.5,2.5,535.0,4.0,0,134.0,29.4,10.0,0.0
527.25,5.75,602.0,2.0,1,374.0,0.0,0.0,0.0
185.8,4.5,829.0,4.0,1,692.0,0.0,0.0,0.0
445.2,9.0,697.0,4.0,1,881.0,0.0,0.0,0.0
495.5,6.0,519.0,4.0,1,303.0,0.0,0.0,0.0
378.6666666666667,11.0,356.0,4.0,0,742.0,0.0,0.0,0.0
307.0,3.0,309.0,2.6666666666666665,1,12.0,18.714285714285715,6.0,0.0
221.0,3.0,706.0,4.0,0,679.0,0.0,0.0,0.0
447.6666666666667,5.0,29.0,4.0,1,59.0,0.0,0.0,0.0
79.33333333333333,1.5,843.0,4.0,1,682.0,30.75,12.0,0.0
162.25,3.0,127.0,4.0,1,128.0,35.111111111111114,6.0,0.0
1086.5,5.5,1105.0,4.0,1,2978.0,0.0,0.0,0.0
344.0,3.5,768.0,4.0,1,165.0,0.0,0.0,0.0
339.75,7.8,810.0,2.0,1,34.0,0.0,0.0,0.0
219.0,4.0,1154.0,4.0,1,618.0,0.0,0.0,0.0
1171.5,7.5,574.0,4.0,1,2495.0,0.0,0.0,0.0
964.5,6.666666666666667,2083.0,4.0,1,4020.0,0.0,0.0,0.0
116.75,3.0,564.0,4.0,0,57.0,21.76923076923077,9.0,0.0
678.75,5.5,651.0,4.0,1,1731.0,0.0,0.0,0.0
352.3333333333333,4.666666666666667,40.0,4.0,1,64.0,0.0,0.0,0.0
554.75,6.333333333333333,407.0,2.0,1,850.0,0.0,0.0,0.0
539.75,9.8,571.0,4.0,0,302.0,0.0,0.0,0.0
229.0,4.5,681.0,4.0,1,174.0,0.0,0.0,0.0
526.3333333333334,4.0,0.0,3.0,1,433.0,0.0,0.0,0.0
275.2,4.5,103.0,4.0,1,299.0,0.0,0.0,0.0
582.1666666666666,4.666666666666667,186.0,4.0,1,726.0,0.0,0.0,0.0
340.75,8.833333333333334,369.0,4.0,1,141.0,0.0,0.0,0.0
44.333333333333336,2.0,19.0,4.0,0,221.0,0.0,0.0,0.0
412.6666666666667,5.0,659.0,4.0,1,245.0,0.0,0.0,0.0
188.75,2.5,180.0,4.0,0,138.0,0.0,0.0,0.0
834.25,20.0,84.0,4.5,1,2504.0,0.0,0.0,0.0
818.75,10.166666666666666,1934.0,4.5,1,2375.0,0.0,0.0,0.0
490.5,7.0,338.0,2.0,1,424.0,0.0,0.0,0.0
529.25,6.0,867.0,4.5,1,1552.0,0.0,0.0,0.0
171.25,2.0,977.0,4.0,1,538.0,101.0,0.0,0.0
22.33333333333333,2.0,575.0,2.0,1,64.0,21.0,0.0,0.0
94.33333333333331,1.0,926.0,3.0,1,523.0,37.888888888888886,6.0,0.0
967.0,6.833333333333333,125.0,5.0,1,634.0,0.0,0.0,0.0
97.33333333333331,3.333333333333333,1130.0,4.0,1,147.0,28.5,3.0,0.0
70.0,5.0,709.0,4.0,1,340.0,48.333333333333336,4.0,0.0
374.75,3.5,0.0,4.0,1,707.0,0.0,0.0,0.0
611.5,3.5,460.0,4.0,1,756.0,0.0,0.0,0.0
67.0,1.5,809.0,4.0,0,535.0,30.4375,9.0,0.0
114.0,1.5,134.0,4.0,1,288.0,40.0,2.0,0.0
519.0,4.5,0.0,4.0,1,242.0,0.0,0.0,0.0
750.25,7.75,1595.0,4.5,1,2347.0,0.0,0.0,0.0
829.5,10.666666666666666,1308.0,5.0,1,1479.0,0.0,0.0,0.0
781.5,11.5,1837.0,4.0,1,1925.0,0.0,0.0,0.0
77.0,1.5,327.0,4.0,0,103.0,32.0,2.0,0.0
473.6666666666667,6.666666666666667,401.0,4.0,1,108.0,0.0,0.0,0.0
1034.5,10.0,1053.0,4.0,1,1146.0,0.0,0.0,0.0
234.75,3.5,441.0,4.0,1,133.0,31.0,7.0,0.0
365.6666666666667,11.4,752.0,4.0,1,772.0,0.0,0.0,0.0
410.0,3.5,289.0,4.0,0,1096.0,0.0,0.0,0.0
650.5,12.5,517.0,4.0,1,1464.0,0.0,0.0,0.0
1104.5,13.0,0.0,5.0,1,748.0,0.0,0.0,0.0
28.666666666666668,1.5,183.0,4.0,1,480.0,36.833333333333336,2.0,0.0
105.5,3.5,406.0,4.0,0,124.0,0.0,0.0,0.0
372.25,3.0,333.0,4.0,1,996.0,0.0,0.0,0.0
172.0,13.0,245.0,4.0,1,725.0,0.0,0.0,0.0
203.75,2.5,133.0,4.0,1,317.0,0.0,0.0,0.0
281.25,3.0,268.0,4.0,1,124.0,32.69230769230769,7.0,0.0
96.0,2.5,2.0,4.0,0,218.0,0.0,0.0,0.0
1546.75,41.0,1315.0,5.0,0,415.0,0.0,0.0,0.0
76.25,2.0,449.0,4.0,1,446.0,20.11764705882353,13.0,0.0
148.0,1.0,864.0,4.0,1,211.0,34.0,2.0,0.0
57.0,2.333333333333333,328.0,4.0,0,741.0,27.5,3.0,0.0
365.5,10.5,47.0,4.0,1,1244.0,0.0,0.0,0.0
244.16666666666663,6.0,428.0,4.0,1,621.0,0.0,0.0,0.0
65.22222222222223,2.75,451.0,2.0,1,29.0,0.0,0.0,0.0
664.8333333333334,7.0,857.0,4.0,1,781.0,0.0,0.0,0.0
363.0,5.0,0.0,4.0,0,712.0,0.0,0.0,0.0
253.25,3.0,722.0,4.0,0,87.0,0.0,0.0,0.0
96.85714285714286,1.5,392.0,4.0,1,540.0,22.0,1.0,0.0
248.25,2.0,354.0,4.0,0,965.0,0.0,0.0,0.0
342.5,8.5,570.0,4.0,1,542.0,0.0,0.0,0.0
617.3333333333334,4.0,984.0,4.0,0,2026.0,0.0,0.0,0.0
457.3333333333333,5.5,296.0,2.0,1,215.0,0.0,0.0,0.0
396.0,6.5,95.0,2.6666666666666665,1,164.0,0.0,0.0,0.0
849.8333333333334,11.5,799.0,4.0,1,823.0,0.0,0.0,0.0
1021.25,7.333333333333333,2027.0,4.0,1,3873.0,0.0,0.0,0.0
204.25,2.5,510.0,4.0,0,7.0,0.0,0.0,0.0
694.5,8.0,991.0,4.0,1,1492.0,0.0,0.0,0.0
1143.75,22.666666666666668,837.0,4.0,1,110.0,0.0,0.0,0.0
35.0,0.5,263.0,4.0,1,644.0,33.333333333333336,4.0,0.0
226.5,6.0,317.0,4.0,1,589.0,0.0,0.0,0.0
359.5,6.0,382.0,4.0,1,140.0,0.0,0.0,0.0
196.25,3.5,614.0,2.0,1,134.0,0.0,0.0,0.0
59.75,2.5,370.0,4.5,1,379.0,23.444444444444443,6.0,0.0
502.0,13.0,570.0,4.5,1,1152.0,0.0,0.0,0.0
266.0,3.75,358.0,2.0,0,24.0,20.428571428571427,8.0,0.0
931.75,7.0,561.0,4.0,1,264.0,0.0,0.0,0.0
355.75,3.6,399.0,4.0,1,512.0,0.0,0.0,0.0
79.0,1.0,118.0,4.0,1,388.0,23.26315789473684,15.0,0.0
560.5,3.5,64.0,4.0,1,115.0,0.0,0.0,0.0
1050.0,17.333333333333332,480.0,4.0,1,637.0,0.0,0.0,0.0
339.25,3.0,233.0,4.0,1,546.0,0.0,0.0,0.0
714.0,7.0,1030.0,4.0,1,494.0,0.0,0.0,0.0
337.6666666666667,3.75,186.0,4.0,1,123.0,0.0,0.0,0.0
415.5,12.0,625.0,4.0,1,878.0,0.0,0.0,0.0
288.25,4.5,12.0,4.0,1,67.0,0.0,0.0,0.0
608.8333333333334,9.666666666666666,785.0,2.0,1,835.0,0.0,0.0,0.0
600.6666666666666,8.0,65.0,4.0,1,332.0,0.0,0.0,0.0
314.6666666666667,7.5,382.0,4.0,1,193.0,0.0,0.0,0.0
1423.0,11.0,1175.0,4.0,0,1960.0,0.0,0.0,0.0
326.0,3.5,358.0,4.0,1,1392.0,0.0,0.0,0.0
252.8333333333333,8.0,280.0,4.0,0,936.0,0.0,0.0,0.0
542.5,3.5,249.0,4.0,0,998.0,0.0,0.0,0.0
166.0,2.0,42.0,4.0,1,71.0,0.0,0.0,0.0
1310.25,12.142857142857142,2373.0,4.0,0,1329.0,0.0,0.0,0.0
450.5,4.0,293.0,4.0,1,330.0,0.0,0.0,0.0
237.5,4.0,580.0,4.0,1,97.0,0.0,0.0,0.0
417.5,3.0,539.0,2.0,0,94.0,41.66666666666666,2.0,0.0
72.75,3.6666666666666665,520.0,4.0,0,602.0,21.88571428571429,23.0,0.0
429.0,4.5,69.0,4.0,0,182.0,0.0,0.0,0.0
94.0,2.0,415.0,4.0,1,151.0,18.695652173913043,24.0,0.0
1663.5,22.25,1381.0,5.0,0,335.0,0.0,0.0,0.0
10.0,2.5,297.0,4.333333333333333,0,549.0,33.166666666666664,4.0,0.0
375.8333333333333,6.5,336.0,4.0,1,1088.0,0.0,0.0,0.0
49.0,4.0,310.0,3.0,1,22.0,22.33333333333333,2.0,0.0
23.0,1.5,492.0,4.0,1,218.0,26.0,15.0,0.0
348.25,5.0,258.0,4.0,1,248.0,0.0,0.0,0.0
347.25,9.0,361.0,4.0,1,677.0,0.0,0.0,0.0
949.5,20.5,1553.0,5.0,1,833.0,0.0,0.0,0.0
482.6666666666667,3.0,386.0,4.0,0,970.0,0.0,0.0,0.0
225.0,3.0,387.0,4.0,1,96.0,0.0,0.0,0.0
276.5,4.0,584.0,4.0,0,50.0,0.0,0.0,0.0
81.0,1.5,1181.0,2.0,1,11.0,23.5,4.0,0.0
83.3076923076923,3.5,511.0,4.0,1,1273.0,28.666666666666668,10.0,0.0
93.33333333333331,2.5,480.0,4.0,1,91.0,0.0,0.0,0.0
218.16666666666663,4.0,143.0,4.0,0,271.0,0.0,0.0,0.0
462.4,4.666666666666667,467.0,2.6666666666666665,1,41.0,0.0,0.0,0.0
564.75,6.5,918.0,4.0,1,987.0,0.0,0.0,0.0
272.75,5.0,531.0,4.0,1,168.0,0.0,0.0,0.0
43.66666666666666,3.25,519.0,4.0,0,1255.0,0.0,0.0,0.0
321.5,5.5,459.0,4.0,1,689.0,0.0,0.0,0.0
704.0,7.5,527.0,4.0,0,536.0,0.0,0.0,0.0
367.5,5.0,662.0,4.0,0,256.0,0.0,0.0,0.0
34.833333333333336,2.333333333333333,565.0,4.5,1,384.0,51.5,1.0,0.0
687.5,5.0,181.0,4.0,1,434.0,0.0,0.0,0.0
1340.25,10.75,2238.0,4.0,1,1209.0,0.0,0.0,0.0
482.6666666666667,6.5,381.0,4.0,1,522.0,0.0,0.0,0.0
705.5,6.0,957.0,4.5,0,1690.0,0.0,0.0,0.0
195.16666666666663,4.0,367.0,4.0,1,423.0,0.0,0.0,0.0
522.0,13.25,272.0,4.0,1,473.0,0.0,0.0,0.0
359.6666666666667,4.0,191.0,4.0,0,142.0,37.8,5.0,0.0
576.75,5.0,233.0,4.0,1,622.0,0.0,0.0,0.0
585.0,6.0,707.0,4.0,1,858.0,0.0,0.0,0.0
97.66666666666669,3.0,779.0,4.0,1,281.0,0.0,0.0,0.0
1310.5,11.0,2092.0,4.0,1,1042.0,0.0,0.0,0.0
201.5,5.0,766.0,2.0,1,22.0,0.0,0.0,0.0
428.8333333333333,9.5,62.0,4.0,1,557.0,0.0,0.0,0.0
119.0,1.5,62.0,4.0,1,320.0,19.83333333333333,5.0,0.0
528.3333333333334,6.0,335.0,2.0,1,1047.0,0.0,0.0,0.0
116.0,4.0,505.0,3.0,1,358.0,35.45454545454545,7.0,0.0
280.8333333333333,3.0,677.0,4.0,0,129.0,0.0,0.0,0.0
197.0,6.25,219.0,2.0,1,63.0,0.0,0.0,0.0
521.75,3.5,137.0,4.0,1,524.0,0.0,0.0,0.0
348.5,5.5,112.0,4.0,1,144.0,33.2,7.0,0.0
417.1666666666667,4.5,134.0,4.0,0,874.0,0.0,0.0,0.0
267.5,3.5,323.0,2.0,1,75.0,22.285714285714285,3.0,0.0
4.0,1.5,762.0,3.25,0,59.0,0.0,0.0,0.0
671.0,17.666666666666668,946.0,4.5,1,1628.0,0.0,0.0,0.0
1468.5,15.333333333333334,1055.0,5.0,1,166.0,0.0,0.0,0.0
334.5,3.0,158.0,4.0,1,1464.0,0.0,0.0,0.0
713.0,8.5,1022.0,2.0,1,1159.0,0.0,0.0,0.0
647.5,10.22222222222222,770.0,4.0,1,321.0,0.0,0.0,0.0
600.0,6.0,276.0,4.0,1,229.0,0.0,0.0,0.0
169.75,1.5,337.0,4.0,1,208.0,28.875,5.0,0.0
69.33333333333333,1.5,228.0,4.0,1,46.0,27.7,9.0,0.0
26.25,2.75,805.0,4.0,0,403.0,0.0,0.0,0.0
358.25,6.5,214.0,4.0,1,553.0,0.0,0.0,0.0
158.0,2.5,306.0,4.0,1,310.0,33.333333333333336,2.0,0.0
34.25,2.5,337.0,2.6666666666666665,0,69.0,40.5,7.0,0.0
130.75,5.0,697.0,4.0,1,230.0,0.0,0.0,0.0
23.5,0.0,592.0,4.0,1,615.0,0.0,0.0,0.0
310.5,4.0,161.0,4.0,1,214.0,0.0,0.0,0.0
549.3333333333334,7.6,752.0,2.0,1,603.0,0.0,0.0,0.0
76.11111111111111,1.5,226.0,4.0,0,1214.0,0.0,0.0,0.0
145.75,2.0,410.0,4.0,0,330.0,3.0,1.0,0.0
294.5,5.5,0.0,4.0,1,169.0,0.0,0.0,0.0
1063.5,26.5,2035.0,5.0,0,116.0,0.0,0.0,0.0
139.0,4.166666666666667,492.0,4.0,0,87.0,0.0,0.0,0.0
77.0,1.5,456.0,4.5,1,613.0,0.0,0.0,0.0
890.2,18.4,1725.0,4.0,0,1342.0,0.0,0.0,0.0
866.25,6.5,1952.0,4.0,1,3330.0,0.0,0.0,0.0
139.0,3.0,958.0,4.0,1,363.0,15.157894736842104,13.0,0.0
78.25,9.75,53.0,4.0,0,140.0,0.0,0.0,0.0
510.75,3.0,406.0,4.0,0,722.0,0.0,0.0,0.0
553.25,7.5,231.0,4.0,1,866.0,0.0,0.0,0.0
364.3333333333333,6.0,490.0,4.0,1,359.0,0.0,0.0,0.0
114.5,5.0,823.0,4.0,0,217.0,0.0,0.0,0.0
187.75,4.0,481.0,4.0,1,147.0,20.5,12.0,0.0
100.33333333333331,2.6666666666666665,120.0,4.0,1,114.0,40.6,3.0,0.0
266.0,4.0,215.0,2.0,1,77.0,0.0,0.0,0.0
901.5,12.0,1467.0,4.5,1,3577.0,0.0,0.0,0.0
863.75,12.666666666666666,793.0,5.0,1,2635.0,0.0,0.0,0.0
1031.25,10.666666666666666,1436.0,4.0,1,3151.0,0.0,0.0,0.0
687.25,7.5,1097.0,2.0,1,1868.0,0.0,0.0,0.0
161.0,1.0,362.0,4.0,1,282.0,0.0,0.0,0.0
811.3333333333334,8.5,826.0,4.0,0,3581.0,0.0,0.0,0.0
168.66666666666666,3.0,740.0,4.0,0,284.0,23.0,16.0,0.0
447.25,7.25,713.0,4.0,1,844.0,0.0,0.0,0.0
640.0,11.0,414.0,4.0,1,1316.0,0.0,0.0,0.0
991.6666666666666,17.666666666666668,323.0,5.0,1,336.0,0.0,0.0,0.0
364.25,6.5,233.0,4.0,1,100.0,0.0,0.0,0.0
737.8333333333334,5.666666666666667,1264.0,4.5,1,1973.0,0.0,0.0,0.0
510.25,4.0,5.0,4.0,1,708.0,0.0,0.0,0.0
521.75,4.5,225.0,4.0,0,511.0,0.0,0.0,0.0
609.25,6.0,366.0,4.0,1,340.0,0.0,0.0,0.0
517.5,3.0,483.0,4.0,1,634.0,0.0,0.0,0.0
14.0,3.0,547.0,4.0,1,369.0,0.0,0.0,0.0
378.75,7.5,171.0,4.0,1,317.0,0.0,0.0,0.0
804.0,12.8,1841.0,4.0,1,2018.0,0.0,0.0,0.0
73.33333333333333,2.0,189.0,4.0,1,193.0,0.0,0.0,0.0
690.3333333333334,12.0,901.0,4.0,1,972.0,0.0,0.0,0.0
1154.0,19.25,1459.0,5.0,1,8.0,0.0,0.0,0.0
625.75,6.25,637.0,5.0,0,1223.0,0.0,0.0,0.0
491.5,5.25,257.0,4.0,1,145.0,0.0,0.0,0.0
543.8,4.5,12.0,4.0,0,1892.0,0.0,0.0,0.0
960.25,11.5,1313.0,4.0,1,2620.0,0.0,0.0,0.0
1050.5,13.333333333333334,374.0,5.0,1,810.0,0.0,0.0,0.0
859.0,18.5,2012.0,4.0,0,1950.0,0.0,0.0,0.0
459.75,3.5,21.0,4.0,1,825.0,0.0,0.0,0.0
238.75,2.5,832.0,4.0,1,541.0,0.0,0.0,0.0
501.5,4.5,805.0,4.0,1,363.0,0.0,0.0,0.0
26.5,0.5,916.0,4.0,0,824.0,0.0,0.0,0.0
283.0,5.0,643.0,4.0,1,365.0,20.5,3.0,0.0
218.0,3.5,225.0,4.0,1,69.0,0.0,0.0,0.0
65.25,1.5,412.0,4.0,0,466.0,27.8,10.0,0.0
67.83333333333333,1.0,748.0,4.0,1,731.0,36.09090909090909,23.0,0.0
24.5,1.0,783.0,4.0,0,937.0,0.0,0.0,0.0
567.25,9.666666666666666,342.0,5.0,1,937.0,0.0,0.0,0.0
327.3333333333333,3.5,325.0,4.0,0,13.0,0.0,0.0,0.0
126.5,2.6666666666666665,128.0,4.0,1,97.0,40.2,3.0,0.0
742.5555555555555,16.833333333333332,430.0,4.5,1,554.0,0.0,0.0,0.0
55.0,1.0,183.0,4.0,1,460.0,0.0,0.0,0.0
865.3333333333334,5.5,1854.0,4.0,1,3293.0,0.0,0.0,0.0
36.6,2.5,1473.0,4.0,1,500.0,49.0,4.0,0.0
38.0,4.0,531.0,4.0,0,591.0,32.333333333333336,10.0,0.0
294.8333333333333,3.0,536.0,4.0,1,419.0,0.0,0.0,0.0
415.5,6.0,113.0,4.0,1,639.0,0.0,0.0,0.0
200.25,1.75,569.0,4.0,1,226.0,0.0,0.0,0.0
569.5,6.0,0.0,4.0,0,985.0,0.0,0.0,0.0
25.5,1.0,308.0,4.0,1,384.0,31.9,13.0,0.0
620.5,5.5,222.0,4.0,1,620.0,0.0,0.0,0.0
102.5,1.0,326.0,4.0,1,432.0,24.33333333333333,12.0,0.0
610.0,5.5,47.0,4.0,1,134.0,0.0,0.0,0.0
57.5,1.5,580.0,4.0,1,653.0,31.823529411764707,12.0,0.0
393.25,4.5,779.0,4.0,0,408.0,0.0,0.0,0.0
54.0,1.5,33.0,4.5,0,243.0,0.0,0.0,0.0
382.25,8.75,106.0,4.0,1,332.0,0.0,0.0,0.0
765.3333333333334,5.5,1432.0,4.0,0,2257.0,0.0,0.0,0.0
1027.0,19.33333333333333,252.0,5.0,1,1038.0,0.0,0.0,0.0
929.0,21.666666666666668,1929.0,4.0,1,2132.0,0.0,0.0,0.0
326.0,4.0,348.0,4.0,1,362.0,0.0,0.0,0.0
275.0,3.5,15.0,4.0,0,96.0,0.0,0.0,0.0
158.0,4.333333333333333,407.0,4.0,1,129.0,29.0,0.0,0.0
559.75,10.0,60.0,4.0,1,587.0,0.0,0.0,0.0
682.0,6.5,959.0,4.0,1,1399.0,0.0,0.0,0.0
83.0,3.5,499.0,4.0,1,1079.0,39.285714285714285,6.0,0.0
271.5,4.0,1027.0,4.0,1,257.0,0.0,0.0,0.0
170.5,3.0,129.0,4.0,1,185.0,0.0,0.0,0.0
92.25,2.0,577.0,2.0,1,56.0,0.0,0.0,0.0
266.5,3.5,283.0,4.0,1,148.0,35.4,1.0,0.0
45.0,1.5,282.0,4.0,1,316.0,0.0,0.0,0.0
235.25,2.0,110.0,4.0,1,562.0,0.0,0.0,0.0
45.4,0.5,592.0,4.0,0,490.0,26.0,5.0,0.0
284.25,3.5,584.0,4.0,1,46.0,0.0,0.0,0.0
1185.25,31.75,1823.0,5.0,0,804.0,0.0,0.0,0.0
254.5,3.0,52.0,4.0,1,827.0,0.0,0.0,0.0
916.25,13.333333333333334,1819.0,4.5,1,573.0,0.0,0.0,0.0
503.5,6.666666666666667,468.0,4.0,1,457.0,0.0,0.0,0.0
76.66666666666667,1.0,123.0,4.0,1,333.0,23.6875,10.0,0.0
186.5,2.5,118.0,2.0,0,67.0,0.0,0.0,0.0
200.8333333333333,3.5,588.0,4.0,0,19.0,31.5,2.0,0.0
1579.0,15.666666666666666,1841.0,4.5,1,646.0,0.0,0.0,0.0
225.25,2.5,503.0,4.0,1,136.0,0.0,0.0,0.0
423.25,6.5,687.0,2.0,1,37.0,0.0,0.0,0.0
140.25,2.0,149.0,3.0,1,218.0,0.0,0.0,0.0
277.3333333333333,4.0,68.0,2.0,0,64.0,0.0,0.0,0.0
655.3333333333334,5.714285714285714,314.0,4.0,1,1390.0,0.0,0.0,0.0
431.75,6.333333333333333,533.0,4.0,1,251.0,0.0,0.0,0.0
238.66666666666663,3.0,384.0,2.0,1,114.0,0.0,0.0,0.0
207.0,2.6,1070.0,4.0,1,413.0,0.0,0.0,0.0
248.5,5.0,506.0,2.6666666666666665,1,137.0,0.0,0.0,0.0
1492.5,18.0,776.0,5.0,0,137.0,0.0,0.0,0.0
393.75,6.5,203.0,4.0,1,398.0,0.0,0.0,0.0
670.6666666666666,7.25,967.0,2.0,1,32.0,0.0,0.0,0.0
218.0,2.833333333333333,432.0,4.0,0,600.0,0.0,0.0,0.0
38.6,3.75,586.0,4.0,1,1226.0,29.0,6.0,0.0
775.25,4.5,1413.0,4.0,1,2269.0,0.0,0.0,0.0
669.6666666666666,12.666666666666666,500.0,4.5,1,1584.0,0.0,0.0,0.0
846.25,4.5,2170.0,4.0,1,3190.0,0.0,0.0,0.0
409.5,3.6666666666666665,244.0,4.0,1,106.0,0.0,0.0,0.0
145.0,3.5,363.0,4.0,0,622.0,27.0,11.0,0.0
563.25,4.0,107.0,4.0,1,419.0,0.0,0.0,0.0
399.0,7.0,211.0,4.0,0,298.0,0.0,0.0,0.0
832.75,5.5,1896.0,4.5,1,2342.0,0.0,0.0,0.0
72.0,2.0,697.0,4.0,1,569.0,22.933333333333334,20.0,0.0
115.0,2.0,110.0,4.0,1,406.0,20.33333333333333,4.0,0.0
806.1666666666666,6.833333333333333,725.0,4.5,1,2330.0,0.0,0.0,0.0
581.25,6.0,108.0,4.0,1,525.0,0.0,0.0,0.0
881.0,22.75,773.0,5.0,1,1207.0,0.0,0.0,0.0
1097.0,19.33333333333333,1795.0,2.5,0,677.0,0.0,0.0,0.0
1209.25,8.0,326.0,4.0,1,1939.0,0.0,0.0,0.0
300.25,4.5,377.0,4.0,1,873.0,0.0,0.0,0.0
543.5,6.5,327.0,4.0,1,329.0,0.0,0.0,0.0
124.0,2.5,621.0,4.0,1,242.0,0.0,0.0,0.0
1265.25,9.666666666666666,686.0,4.5,1,2309.0,0.0,0.0,0.0
70.25,10.25,348.0,4.0,1,593.0,0.0,0.0,0.0
663.25,5.5,701.0,4.0,1,620.0,0.0,0.0,0.0
189.0,8.5,607.0,4.0,0,331.0,0.0,0.0,0.0
1002.0,8.666666666666666,1513.0,4.5,1,481.0,0.0,0.0,0.0
25.5,1.0,500.0,4.0,0,329.0,28.84210526315789,12.0,0.0
865.25,5.5,1201.0,4.0,1,3728.0,0.0,0.0,0.0
172.0,4.4,551.0,4.0,0,351.0,24.36,22.0,0.0
23.5,3.0,472.0,4.0,1,504.0,0.0,0.0,0.0
1227.0,8.2,637.0,4.5,1,1828.0,0.0,0.0,0.0
48.75,1.5,223.0,3.5,1,154.0,47.44444444444444,13.0,0.0
409.1666666666667,2.6666666666666665,608.0,4.0,1,240.0,0.0,0.0,0.0
650.75,9.25,562.0,2.0,1,1194.0,0.0,0.0,0.0
546.25,8.5,58.0,4.5,0,1910.0,0.0,0.0,0.0
931.3333333333334,14.666666666666666,1582.0,4.5,1,953.0,0.0,0.0,0.0
95.0,4.333333333333333,1083.0,4.0,0,241.0,36.66666666666666,4.0,0.0
327.3333333333333,5.333333333333333,872.0,4.0,0,696.0,0.0,0.0,0.0
268.75,3.0,86.0,2.0,1,56.0,0.0,0.0,0.0
104.25,4.333333333333333,992.0,4.0,1,260.0,0.0,0.0,0.0
1597.25,18.5,1742.0,4.5,1,345.0,0.0,0.0,0.0
1241.0,6.5,462.0,4.0,0,2157.0,0.0,0.0,0.0
424.75,12.0,271.0,4.0,1,341.0,0.0,0.0,0.0
58.0,3.5,343.0,4.0,1,101.0,33.333333333333336,4.0,0.0
324.0,4.5,474.0,2.0,1,42.0,0.0,0.0,0.0
499.0,4.0,7.0,4.0,1,305.0,0.0,0.0,0.0
635.5,7.2,0.0,4.0,1,460.0,0.0,0.0,0.0
256.75,4.5,720.0,4.0,1,93.0,0.0,0.0,0.0
1409.5,24.5,1777.0,4.5,1,896.0,0.0,0.0,0.0
123.0,1.5,507.0,4.0,1,255.0,27.0,2.0,0.0
225.0,4.0,582.0,4.0,1,173.0,0.0,0.0,0.0
516.1666666666666,2.5,0.0,4.0,1,450.0,0.0,0.0,0.0
57.0,1.0,598.0,4.0,0,446.0,22.78125,19.0,0.0
98.5,1.5,377.0,4.0,1,290.0,26.818181818181817,16.0,0.0
604.5,3.5,463.0,2.0,1,1219.0,0.0,0.0,0.0
798.25,7.666666666666667,1812.0,4.0,1,2740.0,0.0,0.0,0.0
266.75,4.0,300.0,4.0,1,449.0,0.0,0.0,0.0
411.25,6.5,176.0,4.0,0,218.0,0.0,0.0,0.0
548.0,3.5,179.0,4.0,1,190.0,0.0,0.0,0.0
569.5,7.0,0.0,4.0,1,702.0,0.0,0.0,0.0
491.3333333333333,5.666666666666667,534.0,4.0,1,203.0,0.0,0.0,0.0
627.75,9.25,648.0,4.0,1,1276.0,0.0,0.0,0.0
427.5,5.0,158.0,4.5,1,145.0,0.0,0.0,0.0
306.6,3.5,272.0,4.0,1,503.0,0.0,0.0,0.0
232.0,7.333333333333333,342.0,4.0,0,246.0,0.0,0.0,0.0
472.75,5.0,437.0,4.0,1,360.0,0.0,0.0,0.0
31.5,1.0,393.0,2.0,1,44.0,29.33333333333333,4.0,0.0
101.33333333333331,4.333333333333333,652.0,4.0,0,175.0,0.0,0.0,0.0
317.0,5.0,0.0,4.0,1,212.0,0.0,0.0,0.0
391.5,4.5,394.0,4.0,1,102.0,0.0,0.0,0.0
76.5,3.8,1192.0,4.0,0,205.0,0.0,0.0,0.0
361.5,6.5,345.0,4.0,1,327.0,0.0,0.0,0.0
33.0,1.5,915.0,4.0,1,835.0,0.0,0.0,0.0
328.1666666666667,6.0,961.0,4.0,1,738.0,0.0,0.0,0.0
445.5,2.5,40.0,4.0,0,1611.0,0.0,0.0,0.0
288.0,4.0,875.0,2.0,1,23.0,0.0,0.0,0.0
256.3333333333333,9.0,393.0,4.0,1,249.0,0.0,0.0,0.0
183.25,5.5,196.0,4.0,1,198.0,0.0,0.0,0.0
964.8333333333334,10.0,1094.0,4.0,1,2120.0,0.0,0.0,0.0
306.5,6.0,459.0,4.0,1,172.0,0.0,0.0,0.0
716.5,11.0,343.0,4.0,1,401.0,0.0,0.0,0.0
6.5,3.5,585.0,4.0,1,972.0,0.0,0.0,0.0
508.6666666666667,8.0,259.0,4.0,1,576.0,0.0,0.0,0.0
310.0,5.0,652.0,2.0,1,1.0,0.0,0.0,0.0
111.75,3.5,626.0,2.6666666666666665,0,42.0,0.0,0.0,0.0
513.75,4.0,104.0,4.0,1,613.0,0.0,0.0,0.0
509.25,4.0,516.0,4.0,0,935.0,0.0,0.0,0.0
293.8,4.5,460.0,4.0,0,301.0,0.0,0.0,0.0
152.5,3.5,268.0,4.0,1,164.0,0.0,0.0,0.0
371.3333333333333,5.5,626.0,4.0,1,923.0,0.0,0.0,0.0
115.8,2.5,0.0,4.0,1,699.0,0.0,0.0,0.0
182.0,3.0,829.0,4.0,1,74.0,0.0,0.0,0.0
1328.3333333333333,8.5,768.0,4.0,1,779.0,0.0,0.0,0.0
201.66666666666663,2.5,329.0,4.0,0,35.0,0.0,0.0,0.0
166.5,4.5,536.0,4.0,1,573.0,0.0,0.0,0.0
455.5,6.5,285.0,4.0,1,527.0,0.0,0.0,0.0
160.75,2.0,333.0,2.0,1,0.0,13.0,3.0,0.0
490.0,3.0,141.0,4.0,1,472.0,0.0,0.0,0.0
302.75,3.0,465.0,4.0,1,689.0,0.0,0.0,0.0
1131.5,5.5,403.0,4.0,1,1478.0,0.0,0.0,0.0
228.3333333333333,3.4,815.0,4.0,0,181.0,0.0,0.0,0.0
1515.5,16.333333333333332,275.0,4.0,0,1247.0,0.0,0.0,0.0
760.6666666666666,5.75,540.0,5.0,1,3262.0,0.0,0.0,0.0
190.5,4.0,1127.0,4.0,1,429.0,0.0,0.0,0.0
91.75,3.5,202.0,4.0,1,255.0,0.0,0.0,0.0
557.25,3.5,230.0,4.0,1,1488.0,0.0,0.0,0.0
528.5,4.0,445.0,4.0,1,823.0,0.0,0.0,0.0
375.5,6.5,312.0,4.0,0,407.0,0.0,0.0,0.0
1203.25,7.0,390.0,4.0,1,1648.0,0.0,0.0,0.0
133.25,7.5,394.0,4.0,0,392.0,0.0,0.0,0.0
249.0,3.0,260.0,2.0,0,498.0,41.5,1.0,0.0
135.75,6.5,569.0,4.0,1,203.0,0.0,0.0,0.0
626.75,8.25,1302.0,4.5,1,2063.0,0.0,0.0,0.0
381.0,5.5,345.0,4.0,1,658.0,0.0,0.0,0.0
21.2,1.0,479.0,4.0,1,813.0,22.0,0.0,0.0
414.0,4.0,257.0,4.0,1,100.0,0.0,0.0,0.0
346.5,4.5,175.0,4.0,0,59.0,0.0,0.0,0.0
835.0,5.75,528.0,4.0,1,3036.0,0.0,0.0,0.0
639.5,4.75,1120.0,4.0,0,2505.0,0.0,0.0,0.0
405.0,4.5,34.0,4.0,1,323.0,0.0,0.0,0.0
339.3333333333333,5.5,340.0,4.0,1,326.0,0.0,0.0,0.0
1186.6666666666667,13.0,2485.0,4.0,1,1205.0,0.0,0.0,0.0
583.5,7.5,289.0,4.0,1,60.0,0.0,0.0,0.0
277.5,5.0,443.0,4.0,1,200.0,42.66666666666666,1.0,0.0
734.6,7.75,747.0,4.0,1,672.0,0.0,0.0,0.0
208.0,7.0,456.0,4.0,1,118.0,15.0,0.0,0.0
570.75,5.5,198.0,2.0,1,805.0,0.0,0.0,0.0
1666.25,11.333333333333334,1424.0,4.5,0,362.0,0.0,0.0,0.0
141.66666666666666,2.5,90.0,3.0,0,310.0,37.92857142857143,10.0,0.0
787.75,6.0,1554.0,4.5,1,1715.0,0.0,0.0,0.0
185.5,5.0,1017.0,4.0,0,804.0,0.0,0.0,0.0
415.0,5.5,487.0,4.0,1,146.0,0.0,0.0,0.0
292.0,7.0,359.0,4.0,0,252.0,0.0,0.0,0.0
33.5,2.0,640.0,4.5,0,663.0,23.142857142857142,5.0,0.0
841.5,10.5,1335.0,5.0,1,1551.0,0.0,0.0,0.0
958.25,11.6,436.0,4.5,1,313.0,0.0,0.0,0.0
27.5,1.0,1058.0,4.0,1,998.0,0.0,0.0,0.0
81.75,2.0,0.0,4.0,1,206.0,29.666666666666668,14.0,0.0
241.8333333333333,3.5,402.0,4.0,1,420.0,0.0,0.0,0.0
65.5,1.5,287.0,4.0,1,810.0,53.1,3.0,0.0
466.25,5.833333333333333,202.0,4.0,0,1641.0,0.0,0.0,0.0
89.66666666666667,3.6666666666666665,278.0,2.0,1,41.0,0.0,0.0,0.0
560.25,6.0,286.0,2.0,0,793.0,0.0,0.0,0.0
207.3333333333333,6.0,626.0,4.0,0,0.0,0.0,0.0,0.0
522.5,4.0,545.0,4.0,1,728.0,0.0,0.0,0.0
130.33333333333334,2.5,317.0,4.0,1,38.0,0.0,0.0,0.0
795.0,15.0,1675.0,4.5,0,927.0,0.0,0.0,0.0
552.0,4.666666666666667,0.0,4.0,1,336.0,0.0,0.0,0.0
387.75,3.75,412.0,4.0,1,138.0,0.0,0.0,0.0
86.25,3.6666666666666665,539.0,4.0,0,509.0,46.0,3.0,0.0
57.0,2.5,199.0,4.0,1,550.0,0.0,0.0,0.0
444.0,5.0,222.0,4.0,1,665.0,0.0,0.0,0.0
876.5,7.75,2158.0,4.0,1,3499.0,0.0,0.0,0.0
494.75,7.333333333333333,126.0,4.0,0,198.0,0.0,0.0,0.0
241.0,6.5,152.0,4.0,0,65.0,0.0,0.0,0.0
484.5,7.0,227.0,2.0,1,46.0,27.5,1.0,0.0
195.3333333333333,6.0,0.0,4.0,1,108.0,0.0,0.0,0.0
59.16666666666666,4.5,951.0,4.0,0,248.0,34.55555555555556,6.0,0.0
796.75,5.0,1694.0,2.0,1,2621.0,0.0,0.0,0.0
432.25,6.5,492.0,4.0,1,625.0,0.0,0.0,0.0
206.5,2.0,272.0,4.0,1,99.0,0.0,0.0,0.0
101.83333333333331,3.0,843.0,4.0,1,132.0,57.142857142857146,4.0,0.0
172.5,4.0,717.0,2.0,1,108.0,0.0,0.0,0.0
176.66666666666666,4.25,282.0,4.0,1,99.0,0.0,0.0,0.0
546.3333333333334,3.0,486.0,4.0,1,901.0,0.0,0.0,0.0
69.66666666666667,3.0,775.0,4.0,1,80.0,29.416666666666668,8.0,0.0
345.75,6.5,759.0,4.0,0,475.0,0.0,0.0,0.0
200.75,6.0,151.0,4.0,0,349.0,0.0,0.0,0.0
648.75,6.2,853.0,4.0,0,812.0,0.0,0.0,0.0
25.5,0.0,1007.0,4.0,0,822.0,0.0,0.0,0.0
387.3333333333333,5.5,616.0,4.0,1,247.0,0.0,0.0,0.0
331.0,5.5,327.0,4.0,1,215.0,0.0,0.0,0.0
893.0,8.5,1506.0,4.5,1,2247.0,0.0,0.0,0.0
603.0,3.5,1271.0,4.0,0,2305.0,0.0,0.0,0.0
372.0,4.5,58.0,4.0,1,704.0,0.0,0.0,0.0
608.25,5.0,1196.0,4.0,1,2166.0,0.0,0.0,0.0
170.0,0.5,1034.0,4.0,1,512.0,0.0,0.0,0.0
120.33333333333331,1.0,367.0,4.0,1,338.0,28.75,4.0,0.0
465.0,4.0,25.0,4.0,0,201.0,0.0,0.0,0.0
50.5,0.5,148.0,4.5,0,235.0,25.0,2.0,0.0
935.0,11.5,1360.0,4.0,1,1936.0,0.0,0.0,0.0
848.0,15.333333333333334,1190.0,5.0,1,1487.0,0.0,0.0,0.0
89.0,1.5,289.0,4.0,0,409.0,24.11111111111111,4.0,0.0
1003.5,14.0,2112.0,4.0,1,744.0,0.0,0.0,0.0
811.6666666666666,14.8,1762.0,4.0,0,2015.0,0.0,0.0,0.0
240.66666666666663,2.0,324.0,4.0,0,848.0,0.0,0.0,0.0
806.0,13.0,1108.0,4.0,1,574.0,0.0,0.0,0.0
121.5,2.6666666666666665,221.0,4.0,1,589.0,22.33333333333333,6.0,0.0
412.2,3.5,654.0,4.0,1,456.0,0.0,0.0,0.0
110.75,3.5,1040.0,4.0,1,165.0,0.0,0.0,0.0
830.0,8.5,1494.0,5.0,1,1344.0,0.0,0.0,0.0
257.3333333333333,2.5,184.0,4.0,1,290.0,0.0,0.0,0.0
332.25,7.0,249.0,4.0,1,243.0,0.0,0.0,0.0
35.2,2.0,943.0,4.0,1,327.0,46.25,4.0,0.0
928.75,20.75,2224.0,2.5,1,269.0,0.0,0.0,0.0
6.333333333333333,1.5,291.0,4.0,0,1046.0,16.26923076923077,27.0,0.0
641.0,7.666666666666667,459.0,4.5,1,1537.0,0.0,0.0,0.0
553.5,6.5,108.0,4.0,0,834.0,26.5,3.0,0.0
482.1666666666667,5.5,204.0,4.0,1,543.0,0.0,0.0,0.0
54.5,2.0,166.0,4.0,1,703.0,0.0,0.0,0.0
668.0,8.5,208.0,4.0,1,1034.0,0.0,0.0,0.0
366.44444444444446,4.333333333333333,153.0,4.0,1,52.0,0.0,0.0,0.0
844.75,5.0,2114.0,4.0,1,3141.0,0.0,0.0,0.0
238.5,7.5,179.0,4.0,1,478.0,0.0,0.0,0.0
939.25,26.5,673.0,5.0,1,1142.0,0.0,0.0,0.0
330.0,8.0,579.0,4.0,1,823.0,0.0,0.0,0.0
425.3333333333333,6.0,462.0,4.0,0,88.0,0.0,0.0,0.0
255.25,3.0,254.0,4.0,1,304.0,0.0,0.0,0.0
676.0,6.75,890.0,4.5,1,1781.0,0.0,0.0,0.0
163.75,4.0,467.0,4.0,1,582.0,0.0,0.0,0.0
9.0,2.0,714.0,3.0,1,358.0,53.5,0.0,0.0
467.5,4.666666666666667,364.0,4.0,1,219.0,0.0,0.0,0.0
296.3333333333333,4.5,178.0,4.0,1,312.0,0.0,0.0,0.0
478.0,5.5,376.0,4.0,1,699.0,0.0,0.0,0.0
245.3333333333333,2.5,562.0,4.0,0,726.0,0.0,0.0,0.0
210.66666666666663,3.5,835.0,4.0,1,171.0,0.0,0.0,0.0
933.25,15.333333333333334,1419.0,5.0,0,1343.0,0.0,0.0,0.0
24.5,1.0,600.0,4.0,0,577.0,30.25,15.0,0.0
477.0,5.5,227.0,4.0,1,502.0,0.0,0.0,0.0
150.0,2.0,772.0,4.0,1,174.0,0.0,0.0,0.0
884.0,10.5,1412.0,4.5,1,3478.0,0.0,0.0,0.0
847.625,5.5,1965.0,4.0,1,2796.0,0.0,0.0,0.0
686.75,21.75,718.0,5.0,1,1344.0,0.0,0.0,0.0
579.1666666666666,6.5,322.0,4.0,0,564.0,0.0,0.0,0.0
251.0,4.0,152.0,4.0,1,852.0,0.0,0.0,0.0
33.25,4.0,508.0,4.5,0,261.0,20.95238095238096,26.0,0.0
1393.75,26.0,1588.0,2.5,1,706.0,0.0,0.0,0.0
1041.5,6.0,1980.0,4.0,1,3877.0,0.0,0.0,0.0
80.5,2.5,672.0,4.0,0,565.0,0.0,0.0,0.0
203.5,6.5,759.0,2.0,1,75.0,0.0,0.0,0.0
260.0,5.5,1133.0,4.0,1,494.0,0.0,0.0,0.0
769.8,4.5,1556.0,2.0,1,2346.0,0.0,0.0,0.0
336.3333333333333,5.166666666666667,120.0,4.0,1,313.0,0.0,0.0,0.0
392.25,4.5,113.0,4.0,0,1001.0,0.0,0.0,0.0
634.6666666666666,6.75,779.0,5.0,1,1362.0,0.0,0.0,0.0
381.5,7.0,447.0,4.0,1,320.0,0.0,0.0,0.0
468.0,4.5,517.0,2.0,1,145.0,0.0,0.0,0.0
64.25,1.5,34.0,4.0,0,94.0,0.0,0.0,0.0
258.25,3.0,135.0,2.0,1,27.0,0.0,0.0,0.0
157.0,1.5,846.0,4.0,1,240.0,0.0,0.0,0.0
838.5,12.0,332.0,4.5,1,2845.0,0.0,0.0,0.0
1046.0,18.5,1816.0,5.0,1,18.0,0.0,0.0,0.0
1128.6666666666667,8.0,1217.0,4.5,0,579.0,0.0,0.0,0.0
76.75,1.5,633.0,4.0,0,599.0,28.166666666666668,11.0,0.0
1237.5,7.0,509.0,4.0,1,2254.0,0.0,0.0,0.0
279.0,5.0,973.0,4.0,1,95.0,0.0,0.0,0.0
377.8,5.5,164.0,4.0,1,425.0,0.0,0.0,0.0
45.75,3.0,856.0,4.0,0,562.0,0.0,0.0,0.0
169.16666666666666,3.5,179.0,4.0,1,0.0,34.75,3.0,0.0
785.5,6.5,1770.0,2.0,1,2708.0,0.0,0.0,0.0
654.5,10.5,198.0,5.0,1,1232.0,0.0,0.0,0.0
849.0,1.5,739.0,4.0,1,3230.0,0.0,0.0,0.0
404.3333333333333,6.0,369.0,2.0,0,4.0,0.0,0.0,0.0
344.25,6.75,897.0,4.0,1,892.0,0.0,0.0,0.0
472.0,7.0,410.0,2.0,1,15.0,0.0,0.0,0.0
578.5,4.5,66.0,4.0,1,61.0,0.0,0.0,0.0
470.6666666666667,4.5,0.0,4.0,0,661.0,0.0,0.0,0.0
425.0,4.5,0.0,4.0,0,628.0,0.0,0.0,0.0
292.0,2.333333333333333,223.0,4.0,0,384.0,0.0,0.0,0.0
466.0,5.0,152.0,4.0,0,1387.0,0.0,0.0,0.0
459.0,7.25,751.0,4.0,1,889.0,0.0,0.0,0.0
514.5,6.0,330.0,2.0,1,52.0,0.0,0.0,0.0
181.5,2.333333333333333,188.0,2.0,1,86.0,0.0,0.0,0.0
215.25,3.0,89.0,4.0,1,95.0,3.0,0.0,0.0
760.75,4.5,1679.0,2.0,0,2293.0,0.0,0.0,0.0
471.1666666666667,5.5,354.0,4.0,1,179.0,0.0,0.0,0.0
308.3333333333333,3.5,373.0,4.0,0,896.0,0.0,0.0,0.0
535.5,5.5,350.0,4.0,1,382.0,0.0,0.0,0.0
486.6666666666667,2.5,77.0,4.0,0,425.0,0.0,0.0,0.0
174.2,4.5,240.0,3.0,0,36.0,41.0,3.0,0.0
102.83333333333331,3.5,391.0,4.0,1,144.0,0.0,0.0,0.0
82.66666666666667,2.5,37.0,4.0,1,113.0,32.94736842105263,10.0,0.0
26.666666666666668,2.0,625.0,4.5,0,545.0,35.27777777777778,10.0,0.0
405.0,3.0,366.0,4.0,1,1227.0,0.0,0.0,0.0
304.5,11.25,344.0,4.0,1,134.0,0.0,0.0,0.0
76.0,2.6666666666666665,670.0,3.25,0,18.0,26.08695652173913,15.0,0.0
1151.25,8.0,379.0,4.0,1,2282.0,0.0,0.0,0.0
709.8333333333334,7.666666666666667,291.0,4.0,1,391.0,0.0,0.0,0.0
145.5,5.666666666666667,193.0,4.0,1,364.0,0.0,0.0,0.0
343.0,2.5,380.0,4.0,1,1443.0,0.0,0.0,0.0
859.5,6.5,830.0,4.0,1,607.0,0.0,0.0,0.0
226.75,4.5,452.0,2.0,1,25.0,0.0,0.0,0.0
463.6666666666667,5.75,239.0,2.0,0,115.0,0.0,0.0,0.0
300.5,8.666666666666666,717.0,4.0,1,317.0,0.0,0.0,0.0
579.0,20.666666666666668,861.0,5.0,0,2213.0,0.0,0.0,0.0
306.25,3.5,435.0,4.0,1,335.0,29.666666666666668,2.0,0.0
503.75,3.5,193.0,3.0,1,334.0,0.0,0.0,0.0
143.0,3.5,584.0,4.0,1,453.0,0.0,0.0,0.0
114.2,4.5,658.0,4.0,1,520.0,0.0,0.0,0.0
684.0,8.5,563.0,4.0,0,786.0,0.0,0.0,0.0
887.0,15.0,1805.0,4.5,1,930.0,0.0,0.0,0.0
679.75,8.0,842.0,4.0,0,1133.0,0.0,0.0,0.0
300.6666666666667,3.0,398.0,4.5,0,297.0,0.0,0.0,0.0
593.0,5.333333333333333,463.0,4.0,1,801.0,0.0,0.0,0.0
166.25,5.0,301.0,4.0,1,444.0,0.0,0.0,0.0
558.5,7.5,11.0,4.0,1,2003.0,0.0,0.0,0.0
332.0,3.5,88.0,4.0,1,177.0,0.0,0.0,0.0
217.0,6.0,708.0,4.0,1,997.0,0.0,0.0,0.0
409.25,3.333333333333333,174.0,2.6666666666666665,1,44.0,2.0,0.0,0.0
481.5,9.75,387.0,4.0,1,210.0,0.0,0.0,0.0
69.5,1.5,130.0,4.0,1,43.0,34.714285714285715,2.0,0.0
500.0,9.0,461.0,4.0,0,341.0,0.0,0.0,0.0
151.33333333333334,5.5,127.0,4.0,0,635.0,0.0,0.0,0.0
348.8333333333333,3.0,138.0,2.6666666666666665,1,47.0,0.0,0.0,0.0
135.5,3.0,306.0,4.0,0,211.0,0.0,0.0,0.0
462.4,8.25,41.0,4.5,0,466.0,0.0,0.0,0.0
707.2222222222222,6.166666666666667,537.0,4.0,1,793.0,0.0,0.0,0.0
522.5,5.5,312.0,4.0,0,288.0,0.0,0.0,0.0
445.75,6.5,33.0,4.0,1,327.0,0.0,0.0,0.0
754.9,11.333333333333334,1337.0,4.0,1,133.0,0.0,0.0,0.0
40.333333333333336,2.5,43.0,4.0,1,239.0,0.0,0.0,0.0
156.5,1.0,607.0,4.0,1,127.0,38.0,2.0,0.0
235.2,3.333333333333333,340.0,4.0,0,132.0,0.0,0.0,0.0
277.5,4.0,528.0,4.0,1,384.0,0.0,0.0,0.0
490.75,18.0,260.0,4.5,0,1757.0,0.0,0.0,0.0
59.0,3.0,60.0,4.5,1,23.0,28.857142857142858,8.0,0.0
822.8333333333334,7.5,737.0,4.0,1,3466.0,0.0,0.0,0.0
479.75,6.333333333333333,411.0,4.0,1,367.0,0.0,0.0,0.0
234.5,3.5,793.0,4.0,1,129.0,0.0,0.0,0.0
440.0,5.0,214.0,2.0,1,87.0,0.0,0.0,0.0
262.75,5.5,377.0,4.0,1,142.0,0.0,0.0,0.0
40.333333333333336,1.0,462.0,4.5,1,541.0,0.0,0.0,0.0
525.0,9.5,0.0,4.5,1,1744.0,0.0,0.0,0.0
91.33333333333331,2.5,285.0,4.0,0,230.0,8.0,0.0,0.0
346.75,2.5,120.0,4.0,1,891.0,0.0,0.0,0.0
33.5,1.5,484.0,4.5,1,469.0,24.363636363636363,8.0,0.0
580.5,6.0,261.0,4.0,1,125.0,0.0,0.0,0.0
39.75,1.5,179.0,4.0,1,121.0,36.36363636363637,9.0,0.0
29.0,3.5,844.0,4.0,1,304.0,0.0,0.0,0.0
332.0,4.5,323.0,4.0,1,680.0,0.0,0.0,0.0
794.6666666666666,10.5,825.0,4.0,1,3599.0,0.0,0.0,0.0
1279.5,12.2,1890.0,4.0,1,974.0,0.0,0.0,0.0
56.75,2.5,692.0,4.0,1,280.0,28.818181818181817,6.0,0.0
157.5,3.5,205.0,4.0,1,196.0,0.0,0.0,0.0
571.0,6.5,367.0,4.0,1,831.0,0.0,0.0,0.0
349.0,5.666666666666667,935.0,4.0,1,972.0,0.0,0.0,0.0
613.75,5.333333333333333,281.0,4.0,1,393.0,0.0,0.0,0.0
91.25,2.333333333333333,475.0,4.0,1,397.0,29.428571428571427,14.0,0.0
825.0,12.25,1921.0,4.0,1,2118.0,0.0,0.0,0.0
717.3333333333334,15.5,606.0,5.0,1,1453.0,0.0,0.0,0.0
155.8,7.5,630.0,4.0,1,284.0,0.0,0.0,0.0
456.0,4.0,48.0,4.0,0,117.0,0.0,0.0,0.0
393.5,5.333333333333333,451.0,4.0,1,441.0,0.0,0.0,0.0
58.333333333333336,1.5,119.0,4.5,0,146.0,25.75,5.0,0.0
884.75,15.0,1546.0,4.0,0,849.0,0.0,0.0,0.0
361.25,3.75,359.0,4.0,1,501.0,0.0,0.0,0.0
141.5,2.0,92.0,3.0,0,259.0,20.0,1.0,0.0
22.666666666666668,2.0,631.0,4.0,0,253.0,26.6,12.0,0.0
86.75,6.0,210.0,4.0,1,120.0,0.0,0.0,0.0
574.0,8.0,314.0,4.0,1,895.0,0.0,0.0,0.0
138.0,2.0,352.0,4.0,1,483.0,0.0,0.0,0.0
273.25,3.6666666666666665,502.0,4.0,1,114.0,16.666666666666668,1.0,0.0
189.5,4.0,377.0,4.0,0,487.0,0.0,0.0,0.0
815.0,9.0,999.0,4.0,1,708.0,0.0,0.0,0.0
224.5,3.5,312.0,4.0,1,95.0,22.666666666666668,6.0,0.0
41.0,1.5,135.0,4.5,1,198.0,30.133333333333333,12.0,0.0
90.75,2.5,691.0,4.0,1,216.0,16.166666666666668,4.0,0.0
721.75,5.5,1382.0,4.0,1,158.0,0.0,0.0,0.0
508.1666666666667,6.5,321.0,4.0,1,131.0,0.0,0.0,0.0
685.0,15.8,467.0,4.5,1,672.0,0.0,0.0,0.0
253.75,5.0,37.0,4.0,1,189.0,0.0,0.0,0.0
28.0,1.5,643.0,4.5,1,452.0,33.91304347826087,13.0,0.0
714.0,9.333333333333334,1267.0,4.0,1,1042.0,0.0,0.0,0.0
445.75,6.666666666666667,99.0,4.0,1,360.0,0.0,0.0,0.0
838.0,9.5,1315.0,4.0,1,661.0,0.0,0.0,0.0
422.25,3.5,446.0,3.5,1,355.0,0.0,0.0,0.0
60.75,1.5,804.0,4.0,1,111.0,0.0,0.0,0.0
624.3333333333334,6.5,318.0,4.0,0,1396.0,0.0,0.0,0.0
70.5,2.5,504.0,2.0,0,73.0,0.0,0.0,0.0
887.0,12.333333333333334,1421.0,5.0,1,1923.0,0.0,0.0,0.0
822.1666666666666,9.5,1208.0,4.0,1,470.0,0.0,0.0,0.0
505.75,3.6,102.0,4.0,0,339.0,0.0,0.0,0.0
38.66666666666666,2.333333333333333,715.0,4.0,0,1147.0,30.0,0.0,0.0
164.66666666666666,3.0,188.0,4.0,1,333.0,0.0,0.0,0.0
379.0,4.5,13.0,4.0,1,740.0,0.0,0.0,0.0
1409.6666666666667,12.0,658.0,4.0,0,1240.0,0.0,0.0,0.0
937.5,9.0,1890.0,4.0,1,3800.0,0.0,0.0,0.0
914.8571428571428,8.5,2154.0,4.0,1,3720.0,0.0,0.0,0.0
164.5,2.5,395.0,4.0,1,258.0,23.375,7.0,0.0
572.75,5.8,521.0,4.0,0,726.0,0.0,0.0,0.0
456.75,4.0,121.0,4.0,1,725.0,0.0,0.0,0.0
889.0,16.75,1601.0,4.0,1,1046.0,0.0,0.0,0.0
360.25,7.5,330.0,4.0,0,285.0,0.0,0.0,0.0
92.5,1.5,791.0,4.0,0,467.0,27.357142857142858,8.0,0.0
438.0,5.0,230.0,2.0,1,272.0,0.0,0.0,0.0
698.5,6.5,472.0,4.0,1,633.0,0.0,0.0,0.0
556.5,18.75,660.0,5.0,0,1730.0,0.0,0.0,0.0
100.33333333333331,1.5,678.0,3.0,0,513.0,37.75,7.0,0.0
534.75,8.5,250.0,4.0,0,723.0,0.0,0.0,0.0
423.75,6.5,77.0,4.0,0,199.0,0.0,0.0,0.0
597.6666666666666,4.0,598.0,4.0,1,1018.0,0.0,0.0,0.0
101.75,1.5,395.0,2.6666666666666665,1,257.0,27.071428571428573,19.0,0.0
30.5,2.5,719.0,4.0,0,300.0,23.066666666666663,6.0,0.0
358.5,3.5,153.0,2.0,1,425.0,0.0,0.0,0.0
838.5,10.0,1831.0,4.5,0,1377.0,0.0,0.0,0.0
203.0,4.25,1197.0,4.0,1,310.0,0.0,0.0,0.0
335.25,3.5,232.0,4.0,0,87.0,32.857142857142854,5.0,0.0
514.0,6.333333333333333,745.0,4.0,1,595.0,0.0,0.0,0.0
621.8333333333334,3.5,643.0,2.0,1,1416.0,0.0,0.0,0.0
577.8,8.333333333333334,242.0,2.6666666666666665,0,597.0,0.0,0.0,0.0
468.5,5.5,300.0,4.0,1,337.0,0.0,0.0,0.0
1643.4,15.75,1525.0,5.0,0,400.0,0.0,0.0,0.0
197.25,4.5,1136.0,4.0,1,233.0,0.0,0.0,0.0
710.75,20.75,448.0,4.5,1,659.0,0.0,0.0,0.0
124.0,2.0,436.0,4.0,1,224.0,8.0,1.0,0.0
357.25,7.0,51.0,4.0,1,366.0,0.0,0.0,0.0
78.25,1.0,662.0,4.0,0,535.0,31.11111111111111,10.0,0.0
177.25,2.5,349.0,4.0,0,97.0,0.0,0.0,0.0
1291.0,7.25,1226.0,4.0,1,227.0,0.0,0.0,0.0
292.0,5.0,743.0,4.0,1,464.0,0.0,0.0,0.0
96.0,2.333333333333333,848.0,3.5,1,253.0,33.333333333333336,4.0,0.0
30.4,2.0,849.0,4.5,0,824.0,31.33333333333333,2.0,0.0
380.5,4.5,188.0,4.0,1,1171.0,0.0,0.0,0.0
449.0,4.5,239.0,4.0,1,1287.0,0.0,0.0,0.0
283.0,3.5,356.0,2.0,1,70.0,32.285714285714285,4.0,0.0
51.66666666666666,2.0,419.0,4.0,0,1147.0,0.0,0.0,0.0
486.25,5.5,210.0,3.0,1,140.0,0.0,0.0,0.0
391.5,4.0,247.0,4.0,1,1298.0,0.0,0.0,0.0
552.75,4.5,146.0,4.0,0,923.0,7.0,1.0,0.0
547.5,16.0,559.0,4.0,1,468.0,0.0,0.0,0.0
292.0,3.0,317.0,4.0,0,338.0,0.0,0.0,0.0
337.0,4.0,314.0,4.0,1,401.0,0.0,0.0,0.0
532.0,4.4,211.0,4.0,1,229.0,0.0,0.0,0.0
544.6666666666666,5.0,114.0,4.0,1,499.0,0.0,0.0,0.0
516.25,4.5,324.0,4.0,0,490.0,0.0,0.0,0.0
507.25,8.333333333333334,161.0,4.5,1,878.0,0.0,0.0,0.0
855.25,7.0,1659.0,4.0,1,3225.0,0.0,0.0,0.0
431.75,7.5,369.0,2.0,1,0.0,0.0,0.0,0.0
424.75,5.4,618.0,4.0,1,73.0,0.0,0.0,0.0
212.3333333333333,4.0,1123.0,4.0,1,759.0,0.0,0.0,0.0
25.0,0.5,665.0,4.0,1,804.0,0.0,0.0,0.0
327.75,4.666666666666667,402.0,4.0,1,198.0,0.0,0.0,0.0
11.333333333333334,2.0,599.0,5.0,1,74.0,36.833333333333336,4.0,0.0
362.0,4.5,7.0,4.0,1,173.0,0.0,0.0,0.0
260.75,5.5,287.0,4.0,1,342.0,0.0,0.0,0.0
766.0,7.25,1367.0,4.0,1,1731.0,0.0,0.0,0.0
464.5,5.5,421.0,4.0,1,112.0,0.0,0.0,0.0
206.25,2.333333333333333,113.0,4.0,1,171.0,51.0,1.0,0.0
142.5,1.5,20.0,2.0,1,101.0,0.0,0.0,0.0
784.6666666666666,5.5,1365.0,4.0,1,226.0,0.0,0.0,0.0
917.3333333333334,13.25,125.0,5.0,0,2916.0,0.0,0.0,0.0
111.83333333333331,2.5,477.0,2.333333333333333,1,56.0,36.36363636363637,7.0,0.0
471.0,12.0,244.0,2.0,0,79.0,0.0,0.0,0.0
80.6,1.5,1039.0,4.0,1,169.0,38.61538461538461,7.0,0.0
625.25,8.5,888.0,4.5,1,990.0,0.0,0.0,0.0
101.0,3.25,1043.0,4.0,1,542.0,23.2,3.0,0.0
627.3333333333334,8.0,150.0,4.0,1,403.0,0.0,0.0,0.0
318.25,4.5,147.0,4.0,0,224.0,0.0,0.0,0.0
688.0,9.75,987.0,4.5,1,1842.0,0.0,0.0,0.0
578.75,4.0,0.0,4.0,1,723.0,0.0,0.0,0.0
229.0,4.5,891.0,4.0,1,853.0,0.0,0.0,0.0
928.75,12.5,1596.0,4.5,0,3947.0,0.0,0.0,0.0
359.85714285714283,6.0,463.0,4.0,1,576.0,0.0,0.0,0.0
264.3333333333333,4.666666666666667,563.0,4.0,1,28.0,0.0,0.0,0.0
835.3333333333334,6.5,2094.0,4.0,1,3011.0,0.0,0.0,0.0
14.0,1.0,412.0,4.5,0,529.0,35.69230769230769,13.0,0.0
128.33333333333334,3.0,389.0,4.0,1,311.0,0.0,0.0,0.0
170.5,4.0,205.0,4.0,1,61.0,0.0,0.0,0.0
679.0,10.0,599.0,4.0,1,1617.0,0.0,0.0,0.0
66.33333333333333,2.0,125.0,4.0,1,29.0,22.5,4.0,0.0
58.0,2.0,117.0,4.0,1,587.0,27.363636363636363,3.0,0.0
290.0,6.0,173.0,4.0,1,662.0,0.0,0.0,0.0
108.5,2.0,196.0,4.0,1,57.0,0.0,0.0,0.0
245.25,4.5,722.0,4.0,1,162.0,21.625,7.0,0.0
101.5,1.5,161.0,4.0,0,80.0,34.0,2.0,0.0
170.0,1.5,888.0,4.0,1,113.0,37.55555555555556,3.0,0.0
914.3333333333334,14.5,599.0,4.5,1,950.0,0.0,0.0,0.0
222.6,12.333333333333334,642.0,4.0,1,333.0,0.0,0.0,0.0
1048.1666666666667,13.25,288.0,5.0,1,668.0,0.0,0.0,0.0
326.75,3.0,87.0,4.0,1,131.0,0.0,0.0,0.0
332.0,3.4,614.0,4.0,1,219.0,0.0,0.0,0.0
712.75,17.0,508.0,5.0,1,1364.0,0.0,0.0,0.0
226.75,2.5,718.0,4.0,1,98.0,0.0,0.0,0.0
1082.5,22.75,179.0,5.0,1,810.0,0.0,0.0,0.0
15.0,2.0,710.0,4.0,1,158.0,36.5,2.0,0.0
57.25,2.5,340.0,4.0,1,499.0,0.0,0.0,0.0
102.4,1.5,96.0,4.0,0,510.0,0.0,0.0,0.0
539.2,4.5,457.0,2.0,1,610.0,0.0,0.0,0.0
562.75,7.0,868.0,4.0,1,1083.0,0.0,0.0,0.0
236.66666666666663,5.0,386.0,4.0,1,425.0,0.0,0.0,0.0
1211.25,7.0,558.0,4.0,0,1332.0,0.0,0.0,0.0
745.5,7.0,1368.0,4.0,1,2405.0,0.0,0.0,0.0
544.75,5.5,123.0,4.0,1,187.0,0.0,0.0,0.0
232.66666666666663,4.0,834.0,4.0,1,177.0,0.0,0.0,0.0
118.0,3.0,372.0,4.0,1,250.0,0.0,0.0,0.0
172.5,1.75,298.0,4.0,1,187.0,0.0,0.0,0.0
89.5,3.0,241.0,4.0,1,311.0,35.2,9.0,0.0
606.25,8.666666666666666,12.0,4.0,1,542.0,0.0,0.0,0.0
978.1111111111112,14.5,1778.0,5.0,1,181.0,0.0,0.0,0.0
34.666666666666664,2.5,497.0,4.0,1,1152.0,0.0,0.0,0.0
557.4,9.25,471.0,4.0,0,402.0,0.0,0.0,0.0
338.75,2.5,82.0,4.0,0,1196.0,0.0,0.0,0.0
612.1666666666666,5.0,379.0,4.0,1,386.0,0.0,0.0,0.0
128.75,3.5,454.0,4.0,0,410.0,0.0,0.0,0.0
120.66666666666669,1.5,323.0,4.0,1,67.0,27.2,6.0,0.0
799.1666666666666,15.833333333333334,430.0,4.5,1,3232.0,0.0,0.0,0.0
14.0,11.25,387.0,3.0,0,979.0,38.625,2.0,0.0
110.25,2.5,226.0,4.0,1,312.0,0.0,0.0,0.0
93.16666666666669,1.5,412.0,4.0,1,210.0,33.714285714285715,3.0,0.0
515.25,3.0,338.0,4.0,0,274.0,0.0,0.0,0.0
734.0,13.75,429.0,5.0,1,2625.0,0.0,0.0,0.0
349.0,4.5,172.0,4.0,1,126.0,35.75,6.0,0.0
67.6,4.5,582.0,4.0,1,174.0,0.0,0.0,0.0
862.5,15.5,1475.0,4.0,1,965.0,0.0,0.0,0.0
287.8333333333333,3.5,416.0,4.0,0,507.0,0.0,0.0,0.0
39.75,2.0,202.0,4.5,1,246.0,0.0,0.0,0.0
444.6666666666667,1.5,0.0,4.0,0,1439.0,0.0,0.0,0.0
170.5,7.25,0.0,4.0,0,340.0,0.0,0.0,0.0
190.3333333333333,5.5,250.0,4.0,1,296.0,0.0,0.0,0.0
316.5,8.0,590.0,4.0,0,804.0,0.0,0.0,0.0
29.0,1.5,895.0,4.0,0,159.0,23.516129032258064,27.0,0.0
303.5,5.5,325.0,4.0,1,507.0,0.0,0.0,0.0
319.0,1.0,204.0,4.0,0,108.0,0.0,0.0,0.0
117.5,2.0,0.0,4.0,1,152.0,0.0,0.0,0.0
212.25,4.0,520.0,4.0,1,203.0,51.25,2.0,0.0
30.0,2.5,723.0,4.0,0,1125.0,0.0,0.0,0.0
348.0,2.5,35.0,4.0,1,1271.0,0.0,0.0,0.0
43.333333333333336,2.0,1374.0,4.0,0,422.0,25.875,14.0,0.0
549.5,7.0,368.0,4.0,1,514.0,0.0,0.0,0.0
234.75,6.0,222.0,4.0,1,663.0,0.0,0.0,0.0
61.0,1.0,673.0,4.0,1,537.0,22.428571428571427,11.0,0.0
23.5,2.5,870.0,4.0,1,277.0,0.0,0.0,0.0
558.75,11.75,661.0,4.0,0,629.0,0.0,0.0,0.0
234.0,3.5,0.0,2.0,1,280.0,0.0,0.0,0.0
344.8333333333333,5.5,409.0,4.0,1,212.0,0.0,0.0,0.0
43.0,1.5,901.0,4.5,0,616.0,20.27272727272728,8.0,0.0
151.16666666666666,3.0,648.0,4.0,1,193.0,24.5,2.0,0.0
568.5,4.5,74.0,4.0,1,280.0,0.0,0.0,0.0
66.33333333333333,1.5,709.0,4.0,1,471.0,24.846153846153847,12.0,0.0
64.0,1.5,601.0,4.0,1,918.0,25.08333333333333,14.0,0.0
34.5,0.5,331.0,4.0,0,578.0,26.714285714285715,9.0,0.0
162.25,4.5,325.0,4.0,1,461.0,0.0,0.0,0.0
428.0,5.5,206.0,4.0,0,1206.0,0.0,0.0,0.0
69.2,2.5,539.0,4.0,1,112.0,0.0,0.0,0.0
345.8333333333333,7.666666666666667,225.0,4.0,1,315.0,0.0,0.0,0.0
1164.25,6.5,1298.0,4.0,1,3104.0,0.0,0.0,0.0
600.0,2.5,1370.0,4.0,1,2362.0,0.0,0.0,0.0
407.1666666666667,6.5,442.0,4.0,1,463.0,0.0,0.0,0.0
86.0,1.0,926.0,4.0,0,504.0,27.05,9.0,0.0
482.0,7.75,164.0,4.0,1,265.0,0.0,0.0,0.0
557.5,6.5,634.0,4.0,0,822.0,0.0,0.0,0.0
13.25,6.833333333333333,280.0,2.0,1,233.0,11.666666666666666,0.0,0.0
326.25,4.5,68.0,4.0,1,941.0,0.0,0.0,0.0
430.5,6.5,241.0,2.0,1,193.0,0.0,0.0,0.0
714.3333333333334,6.25,1056.0,4.0,0,1690.0,0.0,0.0,0.0
358.8333333333333,4.5,390.0,4.0,1,1265.0,0.0,0.0,0.0
574.25,4.0,62.0,4.0,0,684.0,0.0,0.0,0.0
505.75,4.5,551.0,4.0,1,89.0,0.0,0.0,0.0
814.3333333333334,10.0,1717.0,4.5,0,1622.0,0.0,0.0,0.0
50.0,1.0,261.0,4.0,0,171.0,0.0,0.0,0.0
395.8333333333333,3.5,163.0,4.0,1,548.0,0.0,0.0,0.0
515.0,4.0,9.0,2.0,0,321.0,0.0,0.0,0.0
1028.75,8.75,1525.0,4.0,1,3250.0,0.0,0.0,0.0
396.3333333333333,4.5,36.0,4.0,1,1062.0,0.0,0.0,0.0
340.8,5.5,80.0,4.0,1,164.0,31.2,3.0,0.0
588.0,4.0,852.0,4.0,1,2458.0,0.0,0.0,0.0
1020.1666666666666,16.75,173.0,5.0,1,629.0,0.0,0.0,0.0
769.5,4.5,1404.0,2.0,0,2088.0,0.0,0.0,0.0
712.75,6.0,588.0,4.0,1,1431.0,0.0,0.0,0.0
101.33333333333331,1.5,239.0,4.0,0,179.0,24.0,1.0,0.0
213.75,5.25,296.0,4.0,1,627.0,36.0,1.0,0.0
683.25,6.0,825.0,4.0,0,2055.0,0.0,0.0,0.0
285.0,4.0,519.0,4.0,1,34.0,0.0,0.0,0.0
140.75,2.5,425.0,2.0,1,21.0,24.857142857142858,4.0,0.0
317.6666666666667,4.5,227.0,4.0,1,603.0,0.0,0.0,0.0
305.75,4.5,0.0,4.0,1,260.0,0.0,0.0,0.0
681.75,9.5,1154.0,2.0,1,1434.0,0.0,0.0,0.0
279.4,4.5,1111.0,4.0,1,683.0,0.0,0.0,0.0
23.33333333333333,1.5,436.0,4.0,1,310.0,34.64705882352941,12.0,0.0
494.0,3.0,543.0,4.0,0,1189.0,0.0,0.0,0.0
20.5,2.0,901.0,4.0,1,191.0,6.0,0.0,0.0
667.25,6.5,902.0,4.0,1,1556.0,0.0,0.0,0.0
9.75,3.0,328.0,4.0,1,1116.0,20.071428571428573,14.0,0.0
1278.5,13.5,1083.0,4.0,1,971.0,0.0,0.0,0.0
538.5,5.5,188.0,4.0,1,837.0,0.0,0.0,0.0
884.6666666666666,19.6,47.0,5.0,1,2847.0,0.0,0.0,0.0
668.75,3.333333333333333,630.0,4.0,0,1695.0,0.0,0.0,0.0
6.0,2.5,660.0,4.5,1,356.0,7.0,1.0,0.0
791.0,6.0,1904.0,4.0,1,2742.0,0.0,0.0,0.0
125.75,3.0,138.0,4.0,1,243.0,0.0,0.0,0.0
281.5,5.0,543.0,4.0,1,291.0,32.666666666666664,2.0,0.0
788.25,4.5,1421.0,4.0,1,2498.0,0.0,0.0,0.0
697.75,6.0,814.0,4.0,1,1034.0,0.0,0.0,0.0
31.33333333333333,1.5,1032.0,4.5,1,469.0,49.42857142857143,6.0,0.0
92.75,4.0,319.0,4.0,1,430.0,31.0,1.0,0.0
143.5,2.0,62.0,4.0,1,424.0,0.0,0.0,0.0
1282.5,13.5,1033.0,4.0,0,876.0,0.0,0.0,0.0
6.666666666666667,3.0,223.0,5.0,1,199.0,23.63157894736842,14.0,0.0
589.25,7.0,138.0,4.0,1,1107.0,0.0,0.0,0.0
208.66666666666663,3.5,808.0,4.0,1,1116.0,0.0,0.0,0.0
337.8,5.0,179.0,4.0,0,586.0,0.0,0.0,0.0
32.25,1.5,473.0,4.0,1,668.0,13.0,5.0,0.0
1054.5,6.0,1694.0,4.0,1,3577.0,0.0,0.0,0.0
282.1666666666667,3.5,107.0,4.0,1,113.0,0.0,0.0,0.0
292.5,4.5,213.0,4.0,1,155.0,34.714285714285715,4.0,0.0
92.0,8.166666666666666,880.0,4.0,1,491.0,21.0,0.0,0.0
243.16666666666663,3.5,437.0,2.6666666666666665,1,8.0,0.0,0.0,0.0
52.75,1.5,1138.0,4.0,1,179.0,58.54545454545455,11.0,0.0
926.7,13.666666666666666,738.0,5.0,1,1262.0,0.0,0.0,0.0
509.0,5.0,590.0,4.0,1,189.0,0.0,0.0,0.0
75.0,3.0,800.0,4.0,1,423.0,24.82608695652174,16.0,0.0
121.6,2.5,272.0,4.0,0,204.0,0.0,0.0,0.0
621.0,5.0,489.0,4.0,1,1298.0,0.0,0.0,0.0
756.0,5.0,743.0,4.0,0,3547.0,0.0,0.0,0.0
145.75,1.5,817.0,4.0,1,241.0,15.0,5.0,0.0
493.0,8.25,384.0,4.0,1,655.0,0.0,0.0,0.0
450.3333333333333,3.0,307.0,4.0,1,127.0,0.0,0.0,0.0
476.5,3.333333333333333,242.0,4.0,1,745.0,0.0,0.0,0.0
463.0,5.0,481.0,2.0,0,9.0,0.0,0.0,0.0
243.5,3.0,251.0,4.0,1,274.0,0.0,0.0,0.0
485.75,8.0,128.0,4.0,1,335.0,0.0,0.0,0.0
1202.0,12.5,1718.0,4.0,1,1184.0,0.0,0.0,0.0
164.8,4.333333333333333,528.0,4.0,1,285.0,0.0,0.0,0.0
44.2,2.0,118.0,4.0,1,398.0,30.25,9.0,0.0
683.6666666666666,6.0,787.0,4.0,1,574.0,0.0,0.0,0.0
549.75,1.5,148.0,4.0,1,1188.0,0.0,0.0,0.0
1314.0,16.666666666666668,874.0,5.0,1,144.0,0.0,0.0,0.0
956.0,18.0,479.0,5.0,1,1108.0,0.0,0.0,0.0
709.25,9.5,822.0,5.0,1,1600.0,0.0,0.0,0.0
51.0,1.5,383.0,4.0,1,465.0,0.0,0.0,0.0
346.3333333333333,3.6,529.0,4.0,1,582.0,0.0,0.0,0.0
168.75,1.5,160.0,4.0,1,28.0,0.0,0.0,0.0
323.25,4.5,159.0,2.0,1,161.0,0.0,0.0,0.0
735.1666666666666,15.75,1099.0,4.5,1,1043.0,0.0,0.0,0.0
345.3333333333333,8.0,150.0,4.0,1,371.0,0.0,0.0,0.0
732.5,5.5,1332.0,4.0,1,2179.0,0.0,0.0,0.0
322.0,5.5,769.0,4.0,1,247.0,0.0,0.0,0.0
533.25,4.5,598.0,2.0,0,380.0,0.0,0.0,0.0
225.0,6.5,952.0,4.0,1,668.0,0.0,0.0,0.0
919.5,20.75,618.0,5.0,1,1305.0,0.0,0.0,0.0
88.0,2.5,643.0,4.0,1,518.0,15.93877551020408,15.0,0.0
1158.6,8.0,1197.0,4.0,1,3057.0,0.0,0.0,0.0
263.5,4.5,202.0,2.0,0,75.0,0.0,0.0,0.0
890.0,18.33333333333333,1679.0,4.0,0,1243.0,0.0,0.0,0.0
36.0,2.5,860.0,4.0,1,1244.0,24.764705882352946,7.0,0.0
142.0,7.0,977.0,4.0,1,234.0,55.333333333333336,1.0,0.0
298.0,4.0,439.0,4.0,0,59.0,0.0,0.0,0.0
462.75,3.5,152.0,4.0,0,302.0,0.0,0.0,0.0
909.75,27.5,760.0,5.0,1,1171.0,0.0,0.0,0.0
317.6666666666667,3.0,429.0,4.0,1,12.0,0.0,0.0,0.0
1269.0,17.166666666666668,1042.0,4.0,1,196.0,0.0,0.0,0.0
103.0,1.5,429.0,4.0,1,355.0,31.666666666666668,11.0,0.0
530.5,4.5,71.0,4.0,1,623.0,0.0,0.0,0.0
204.0,6.0,887.0,4.0,1,773.0,0.0,0.0,0.0
965.25,10.833333333333334,365.0,4.5,1,215.0,0.0,0.0,0.0
733.3333333333334,7.5,1530.0,4.0,1,2073.0,0.0,0.0,0.0
92.0,18.0,238.0,4.0,1,210.0,0.0,0.0,0.0
1040.3333333333333,13.8,493.0,4.0,1,718.0,0.0,0.0,0.0
88.0,3.0,385.0,4.0,1,301.0,22.875,14.0,0.0
614.3333333333334,6.5,863.0,2.0,1,882.0,0.0,0.0,0.0
693.25,9.5,1116.0,2.0,0,1342.0,0.0,0.0,0.0
87.5,3.5,1090.0,4.0,1,214.0,35.333333333333336,4.0,0.0
322.5,5.333333333333333,462.0,4.0,1,152.0,0.0,0.0,0.0
130.75,14.2,346.0,4.0,0,283.0,0.0,0.0,0.0
1293.5,11.25,1388.0,4.0,1,371.0,0.0,0.0,0.0
669.4,5.5,208.0,4.0,1,377.0,0.0,0.0,0.0
258.5,3.0,154.0,4.0,1,242.0,0.0,0.0,0.0
470.25,3.6666666666666665,55.0,4.0,1,475.0,0.0,0.0,0.0
46.25,2.5,334.0,4.5,0,515.0,18.74074074074074,13.0,0.0
93.75,14.75,63.0,4.0,0,267.0,0.0,0.0,0.0
413.0,7.0,71.0,4.0,1,438.0,0.0,0.0,0.0
647.0,5.0,216.0,4.0,1,836.0,0.0,0.0,0.0
1087.0,11.5,776.0,4.0,1,1385.0,0.0,0.0,0.0
30.5,0.5,891.0,4.0,0,903.0,0.0,0.0,0.0
1200.25,10.75,750.0,4.0,1,2627.0,0.0,0.0,0.0
766.0,8.333333333333334,363.0,5.0,0,2244.0,0.0,0.0,0.0
427.6666666666667,4.0,47.0,4.0,1,1216.0,0.0,0.0,0.0
733.1666666666666,9.75,377.0,4.0,1,513.0,0.0,0.0,0.0
181.5,4.0,909.0,4.0,1,116.0,0.0,0.0,0.0
33.5,3.5,490.0,4.5,0,534.0,20.214285714285715,11.0,0.0
1092.75,9.0,1260.0,4.5,0,594.0,0.0,0.0,0.0
444.3333333333333,4.666666666666667,339.0,2.0,1,88.0,0.0,0.0,0.0
175.25,3.25,0.0,4.0,1,235.0,0.0,0.0,0.0
190.25,2.5,582.0,4.0,1,215.0,0.0,0.0,0.0
673.0,5.5,640.0,5.0,1,1732.0,0.0,0.0,0.0
855.0,5.0,2267.0,4.0,1,3283.0,0.0,0.0,0.0
125.66666666666669,4.666666666666667,242.0,2.0,1,104.0,27.25,2.0,0.0
590.1666666666666,15.0,542.0,4.0,0,721.0,0.0,0.0,0.0
586.3333333333334,5.5,201.0,2.0,1,855.0,0.0,0.0,0.0
1421.25,31.5,1936.0,4.0,1,325.0,0.0,0.0,0.0
94.0,2.5,541.0,4.0,1,575.0,0.0,0.0,0.0
387.5,6.0,352.0,4.0,0,1164.0,0.0,0.0,0.0
157.8,6.0,576.0,4.0,1,50.0,0.0,0.0,0.0
807.25,11.0,1566.0,4.5,1,490.0,0.0,0.0,0.0
49.5,2.0,45.0,4.0,0,581.0,0.0,0.0,0.0
326.5,4.5,326.0,4.0,1,700.0,0.0,0.0,0.0
597.6666666666666,5.428571428571429,266.0,4.0,1,245.0,0.0,0.0,0.0
121.33333333333331,2.5,532.0,4.0,1,274.0,22.8,4.0,0.0
33.333333333333336,1.5,351.0,4.0,0,390.0,16.818181818181817,7.0,0.0
364.5,12.0,455.0,4.0,1,636.0,0.0,0.0,0.0
152.0,3.0,299.0,3.5,0,236.0,0.0,0.0,0.0
579.0,2.5,321.0,2.0,0,970.0,0.0,0.0,0.0
1226.8,14.0,1049.0,4.0,0,604.0,0.0,0.0,0.0
533.75,10.2,339.0,4.0,0,801.0,0.0,0.0,0.0
270.0,6.166666666666667,676.0,4.0,1,284.0,16.0,1.0,0.0
211.5,5.0,849.0,4.0,1,533.0,0.0,0.0,0.0
134.25,7.0,480.0,4.0,1,296.0,0.0,0.0,0.0
11.4,2.5,503.0,3.5,1,520.0,0.0,0.0,0.0
535.0,6.0,446.0,4.0,0,849.0,0.0,0.0,0.0
82.0,2.0,484.0,4.0,1,257.0,27.625,3.0,0.0
50.0,1.0,690.0,4.0,1,497.0,22.61111111111111,11.0,0.0
440.75,4.5,0.0,4.5,1,64.0,0.0,0.0,0.0
131.0,1.5,67.0,4.0,0,132.0,0.0,0.0,0.0
219.5,5.0,578.0,4.0,1,315.0,0.0,0.0,0.0
788.5,24.75,602.0,5.0,1,684.0,0.0,0.0,0.0
65.33333333333333,2.0,674.0,4.0,0,136.0,23.666666666666668,4.0,0.0
456.5,6.5,169.0,2.0,1,4.0,0.0,0.0,0.0
408.75,5.0,0.0,4.0,0,359.0,0.0,0.0,0.0
186.75,4.5,411.0,4.0,1,535.0,0.0,0.0,0.0
583.75,3.8333333333333335,171.0,2.0,1,62.0,0.0,0.0,0.0
557.0,7.166666666666667,250.0,4.0,1,877.0,36.0,2.0,0.0
271.5,6.5,794.0,4.0,1,189.0,0.0,0.0,0.0
410.75,4.5,129.0,4.0,1,221.0,0.0,0.0,0.0
4.333333333333333,1.0,384.0,4.5,1,559.0,17.7,7.0,0.0
428.6666666666667,4.0,252.0,4.0,0,227.0,0.0,0.0,0.0
387.0,4.0,744.0,4.0,1,866.0,0.0,0.0,0.0
137.75,4.5,737.0,4.0,1,112.0,0.0,0.0,0.0
496.0,7.5,505.0,4.0,0,131.0,0.0,0.0,0.0
286.5,5.5,93.0,4.0,0,493.0,0.0,0.0,0.0
83.25,4.75,589.0,4.0,0,436.0,29.105263157894736,12.0,0.0
483.25,4.0,475.0,4.0,0,270.0,0.0,0.0,0.0
712.5,5.0,631.0,4.0,1,1707.0,0.0,0.0,0.0
710.75,2.6666666666666665,829.0,4.0,1,1422.0,0.0,0.0,0.0
532.0,5.0,142.0,4.0,1,399.0,0.0,0.0,0.0
102.83333333333331,3.0,390.0,4.0,1,167.0,0.0,0.0,0.0
405.5,7.0,281.0,4.0,1,89.0,0.0,0.0,0.0
83.25,3.0,504.0,2.0,1,92.0,0.0,0.0,0.0
501.5,7.0,324.0,4.0,0,580.0,0.0,0.0,0.0
618.0,6.0,190.0,4.0,1,517.0,0.0,0.0,0.0
372.6666666666667,5.0,70.0,2.0,0,74.0,0.0,0.0,0.0
508.5,2.5,0.0,4.0,1,327.0,0.0,0.0,0.0
78.25,3.0,224.0,4.0,0,204.0,29.2,9.0,0.0
1674.75,28.0,505.0,4.0,1,571.0,0.0,0.0,0.0
1558.5,13.5,677.0,4.5,1,274.0,0.0,0.0,0.0
97.0,2.6666666666666665,790.0,3.0,0,302.0,31.22222222222222,6.0,0.0
455.75,8.0,475.0,4.0,1,518.0,0.0,0.0,0.0
1156.0,7.25,982.0,4.0,1,2900.0,0.0,0.0,0.0
1111.8333333333333,16.666666666666668,2531.0,4.0,1,1006.0,0.0,0.0,0.0
256.5,5.5,264.0,4.0,1,197.0,0.0,0.0,0.0
1326.25,11.0,2305.0,4.0,0,1267.0,0.0,0.0,0.0
510.25,6.0,410.0,2.0,1,104.0,0.0,0.0,0.0
724.5,10.0,1367.0,4.0,0,1024.0,0.0,0.0,0.0
992.3333333333334,15.0,323.0,5.0,1,373.0,0.0,0.0,0.0
621.2,7.5,755.0,4.0,1,296.0,0.0,0.0,0.0
415.25,2.0,273.0,4.0,1,662.0,0.0,0.0,0.0
534.25,5.0,96.0,2.0,1,62.0,0.0,0.0,0.0
111.5,2.0,186.0,4.0,0,200.0,0.0,0.0,0.0
235.0,3.5,651.0,4.0,1,718.0,0.0,0.0,0.0
299.0,6.0,805.0,4.0,1,239.0,0.0,0.0,0.0
250.5,3.0,484.0,4.0,1,61.0,26.6,7.0,0.0
129.0,2.0,729.0,4.5,1,467.0,23.6,3.0,0.0
425.0,7.0,458.0,4.0,1,16.0,0.0,0.0,0.0
305.75,4.666666666666667,286.0,2.0,1,40.0,0.0,0.0,0.0
1335.0,12.5,1393.0,4.0,0,1981.0,0.0,0.0,0.0
393.6,3.5,51.0,4.0,1,504.0,0.0,0.0,0.0
415.8,6.857142857142857,123.0,4.0,1,1170.0,0.0,0.0,0.0
1149.6,19.5,1625.0,2.5,1,600.0,0.0,0.0,0.0
758.25,12.5,402.0,5.0,0,2490.0,0.0,0.0,0.0
647.0,6.833333333333333,814.0,2.6666666666666665,1,898.0,0.0,0.0,0.0
37.66666666666666,1.5,637.0,4.5,0,708.0,4.0,0.0,0.0
135.0,3.5,289.0,4.0,1,62.0,0.0,0.0,0.0
690.5,7.0,701.0,4.0,1,674.0,0.0,0.0,0.0
498.6666666666667,11.0,344.0,2.0,1,108.0,0.0,0.0,0.0
1173.75,12.5,2249.0,4.0,1,1682.0,0.0,0.0,0.0
232.5,5.0,1117.0,4.0,1,693.0,0.0,0.0,0.0
75.25,1.5,221.0,4.0,1,247.0,22.727272727272727,15.0,0.0
375.0,2.5,398.0,4.0,1,203.0,0.0,0.0,0.0
200.75,3.5,670.0,4.0,1,382.0,0.0,0.0,0.0
433.0,4.5,220.0,4.0,1,134.0,0.0,0.0,0.0
393.3333333333333,10.333333333333334,213.0,4.0,1,505.0,0.0,0.0,0.0
1150.25,13.0,2361.0,4.0,1,1550.0,0.0,0.0,0.0
390.4,3.75,118.0,4.0,1,323.0,0.0,0.0,0.0
322.5,3.5,6.0,4.0,1,324.0,0.0,0.0,0.0
274.1666666666667,4.0,384.0,4.0,1,175.0,40.4,2.0,0.0
797.8333333333334,10.166666666666666,1294.0,5.0,1,1270.0,0.0,0.0,0.0
945.75,13.0,1470.0,4.0,0,1948.0,0.0,0.0,0.0
156.33333333333334,4.333333333333333,582.0,4.0,1,384.0,0.0,0.0,0.0
135.33333333333334,1.5,117.0,3.5,1,261.0,31.90909090909091,7.0,0.0
413.4,6.333333333333333,25.0,4.0,1,1222.0,0.0,0.0,0.0
42.333333333333336,2.0,351.0,4.0,1,105.0,0.0,0.0,0.0
654.0,5.0,684.0,4.0,1,438.0,0.0,0.0,0.0
187.16666666666663,1.5,397.0,4.0,1,319.0,0.0,0.0,0.0
57.66666666666666,1.3333333333333333,991.0,4.0,1,73.0,35.0,6.0,0.0
1322.25,25.666666666666668,1175.0,5.0,1,275.0,0.0,0.0,0.0
255.25,6.0,51.0,4.0,1,103.0,0.0,0.0,0.0
205.5,4.5,528.0,4.0,1,176.0,15.333333333333334,3.0,0.0
70.0,1.0,751.0,4.0,1,143.0,28.066666666666663,10.0,0.0
94.5,3.5,586.0,4.0,0,56.0,9.5,1.0,0.0
748.0,13.5,1416.0,2.6666666666666665,0,728.0,0.0,0.0,0.0
271.75,4.0,208.0,4.0,1,291.0,23.944444444444443,12.0,0.0
728.1666666666666,6.0,761.0,4.0,1,716.0,0.0,0.0,0.0
64.66666666666667,2.5,362.0,4.0,1,306.0,20.428571428571427,5.0,0.0
475.75,7.0,275.0,4.0,1,1049.0,0.0,0.0,0.0
618.5,2.5,482.0,4.0,1,612.0,0.0,0.0,0.0
355.0,5.5,115.0,4.0,1,573.0,0.0,0.0,0.0
156.25,5.666666666666667,360.0,4.0,0,154.0,0.0,0.0,0.0
640.75,13.5,384.0,4.0,1,984.0,0.0,0.0,0.0
1050.0,9.0,1545.0,4.0,0,3381.0,0.0,0.0,0.0
673.0,14.5,495.0,5.0,1,1062.0,0.0,0.0,0.0
676.5,8.0,986.0,4.0,1,1798.0,0.0,0.0,0.0
293.0,4.5,466.0,4.0,1,318.0,0.0,0.0,0.0
875.6666666666666,9.5,1514.0,4.0,1,655.0,0.0,0.0,0.0
442.0,5.5,109.0,4.0,0,452.0,0.0,0.0,0.0
12.0,1.5,318.0,4.5,0,551.0,27.11764705882353,15.0,0.0
399.25,7.5,300.0,4.0,0,422.0,0.0,0.0,0.0
507.25,4.5,773.0,4.0,1,366.0,0.0,0.0,0.0
520.0,5.0,0.0,4.0,1,179.0,0.0,0.0,0.0
341.5,6.2,386.0,2.6666666666666665,1,28.0,0.0,0.0,0.0
116.75,2.0,409.0,4.0,1,385.0,0.0,0.0,0.0
360.1666666666667,6.0,380.0,4.0,1,673.0,0.0,0.0,0.0
571.5,5.5,201.0,4.0,0,315.0,0.0,0.0,0.0
707.75,6.5,678.0,4.0,1,774.0,0.0,0.0,0.0
315.5,5.0,574.0,4.0,1,462.0,39.5,2.0,0.0
30.0,1.5,635.0,4.0,1,738.0,29.09523809523809,11.0,0.0
304.5,6.0,296.0,4.0,1,103.0,0.0,0.0,0.0
429.6666666666667,3.0,116.0,4.0,1,1021.0,0.0,0.0,0.0
467.0,5.0,27.0,4.0,1,69.0,0.0,0.0,0.0
368.6666666666667,4.5,437.0,4.0,0,1053.0,0.0,0.0,0.0
120.0,2.5,379.0,4.0,1,148.0,0.0,0.0,0.0
255.0,1.5,237.0,4.0,1,136.0,0.0,0.0,0.0
6.0,3.2,733.0,2.0,0,1356.0,0.0,0.0,0.0
635.25,15.5,411.0,4.0,0,1061.0,0.0,0.0,0.0
604.5,6.0,239.0,2.0,1,1095.0,0.0,0.0,0.0
240.2,5.0,479.0,4.0,1,292.0,0.0,0.0,0.0
248.66666666666663,5.5,480.0,4.0,1,720.0,0.0,0.0,0.0
374.5,5.5,344.0,4.0,0,470.0,0.0,0.0,0.0
70.5,3.5,406.0,4.0,1,738.0,0.0,0.0,0.0
192.0,3.0,586.0,4.0,1,154.0,21.0,1.0,0.0
851.5,11.75,1761.0,4.0,1,305.0,0.0,0.0,0.0
181.75,2.333333333333333,1152.0,4.0,1,396.0,0.0,0.0,0.0
454.5,4.5,448.0,4.0,0,84.0,0.0,0.0,0.0
55.75,2.0,497.0,4.5,0,929.0,34.64705882352941,8.0,0.0
109.2,2.5,590.0,4.0,0,634.0,0.0,0.0,0.0
563.5,3.0,173.0,2.0,0,422.0,0.0,0.0,0.0
5.5,1.5,228.0,3.0,1,558.0,19.76923076923077,9.0,0.0
343.3333333333333,5.5,604.0,4.0,1,552.0,0.0,0.0,0.0
371.25,5.4,333.0,4.0,0,185.0,0.0,0.0,0.0
688.3333333333334,8.0,231.0,4.0,1,197.0,0.0,0.0,0.0
134.0,2.5,330.0,2.333333333333333,1,27.0,0.0,0.0,0.0
177.0,8.0,0.0,4.0,1,416.0,0.0,0.0,0.0
513.0,8.5,878.0,4.0,1,694.0,0.0,0.0,0.0
817.25,10.75,1285.0,4.0,1,965.0,0.0,0.0,0.0
444.5,3.5,155.0,4.0,1,1022.0,0.0,0.0,0.0
1307.0,13.333333333333334,1265.0,5.0,0,240.0,0.0,0.0,0.0
551.5,4.5,204.0,4.0,1,265.0,0.0,0.0,0.0
556.2,3.5,0.0,4.0,1,719.0,0.0,0.0,0.0
1167.75,9.75,407.0,4.0,0,1392.0,0.0,0.0,0.0
504.5,3.0,172.0,4.0,0,290.0,0.0,0.0,0.0
473.6666666666667,7.75,225.0,4.0,0,162.0,0.0,0.0,0.0
569.25,17.8,410.0,4.0,1,514.0,0.0,0.0,0.0
107.25,5.0,711.0,4.0,1,112.0,0.0,0.0,0.0
297.75,6.5,0.0,4.0,1,131.0,0.0,0.0,0.0
219.5,12.0,99.0,4.0,1,478.0,0.0,0.0,0.0
8.666666666666666,2.0,196.0,4.5,0,773.0,31.5,5.0,0.0
746.25,6.0,1627.0,4.0,1,2159.0,0.0,0.0,0.0
537.0,4.5,23.0,4.0,1,88.0,0.0,0.0,0.0
414.3333333333333,3.0,220.0,4.0,1,107.0,5.5,1.0,0.0
78.75,1.5,7.0,2.6666666666666665,0,16.0,3.0,0.0,0.0
1103.0,12.4,2268.0,4.0,1,1389.0,0.0,0.0,0.0
1094.5555555555557,5.5,1009.0,4.0,0,2878.0,0.0,0.0,0.0
452.0,4.5,130.0,4.0,1,725.0,0.0,0.0,0.0
147.25,3.5,437.0,4.0,1,432.0,0.0,0.0,0.0
416.75,4.666666666666667,91.0,4.0,1,299.0,0.0,0.0,0.0
621.25,4.5,297.0,4.0,1,552.0,0.0,0.0,0.0
554.75,5.333333333333333,916.0,4.0,1,1036.0,0.0,0.0,0.0
114.5,2.0,321.0,4.0,1,332.0,0.0,0.0,0.0
272.25,3.5,639.0,4.0,1,192.0,0.0,0.0,0.0
258.25,4.666666666666667,184.0,4.0,1,187.0,0.0,0.0,0.0
210.0,3.5,183.0,4.0,0,489.0,0.0,0.0,0.0
601.0,7.333333333333333,406.0,2.6666666666666665,0,784.0,0.0,0.0,0.0
813.75,8.5,1209.0,4.0,1,371.0,0.0,0.0,0.0
157.0,6.0,630.0,4.0,0,399.0,0.0,0.0,0.0
433.75,2.0,41.0,4.0,1,298.0,0.0,0.0,0.0
481.0,4.0,177.0,4.0,1,525.0,0.0,0.0,0.0
590.75,5.5,217.0,4.0,1,170.0,0.0,0.0,0.0
133.66666666666666,5.25,314.0,4.0,1,472.0,0.0,0.0,0.0
112.25,0.5,295.0,4.0,0,312.0,0.0,0.0,0.0
80.75,2.0,13.0,4.0,1,253.0,22.75,13.0,0.0
34.5,1.5,306.0,4.0,0,502.0,0.0,0.0,0.0
489.5,3.6666666666666665,695.0,4.0,1,506.0,0.0,0.0,0.0
589.25,13.5,149.0,5.0,1,1361.0,0.0,0.0,0.0
284.0,4.666666666666667,731.0,4.0,1,354.0,0.0,0.0,0.0
153.25,4.0,1107.0,4.0,0,548.0,25.27272727272728,10.0,0.0
470.0,2.5,155.0,4.0,1,754.0,0.0,0.0,0.0
401.25,3.5,21.0,4.0,0,878.0,0.0,0.0,0.0
159.25,5.75,329.0,4.0,0,82.0,0.0,0.0,0.0
463.75,5.5,364.0,4.0,1,250.0,0.0,0.0,0.0
937.3333333333334,12.2,484.0,5.0,1,990.0,0.0,0.0,0.0
258.5,5.0,713.0,4.0,1,290.0,0.0,0.0,0.0
359.5,7.0,74.0,4.0,1,515.0,25.0,3.0,0.0
514.0,5.0,902.0,2.0,1,893.0,0.0,0.0,0.0
644.0,4.0,88.0,2.0,1,220.0,0.0,0.0,0.0
152.0,4.666666666666667,523.0,4.0,0,495.0,0.0,0.0,0.0
126.5,1.5,797.0,4.0,1,337.0,21.75,6.0,0.0
291.3333333333333,4.0,438.0,4.0,0,863.0,0.0,0.0,0.0
1009.25,11.0,2052.0,4.0,1,3858.0,0.0,0.0,0.0
661.5,6.0,186.0,4.0,1,1197.0,0.0,0.0,0.0
262.25,3.0,752.0,4.0,1,175.0,0.0,0.0,0.0
956.0,10.666666666666666,1114.0,5.0,1,1606.0,0.0,0.0,0.0
53.25,2.0,92.0,4.0,0,606.0,6.333333333333333,3.0,0.0
104.0,4.5,884.0,4.0,1,765.0,0.0,0.0,0.0
62.75,5.333333333333333,281.0,4.0,1,136.0,0.0,0.0,0.0
492.0,7.2,503.0,4.0,1,441.0,0.0,0.0,0.0
360.75,5.25,379.0,4.0,1,474.0,0.0,0.0,0.0
7.666666666666667,3.0,624.0,4.5,1,396.0,25.166666666666668,9.0,0.0
568.5,20.0,639.0,4.0,1,1076.0,0.0,0.0,0.0
236.0,5.5,380.0,4.0,1,1013.0,0.0,0.0,0.0
1257.5,8.5,1893.0,4.0,0,1121.0,0.0,0.0,0.0
1279.4,13.75,951.0,4.5,1,1795.0,0.0,0.0,0.0
1058.1666666666667,19.0,2172.0,4.0,1,1544.0,0.0,0.0,0.0
831.0,2.0,870.0,4.0,1,3034.0,0.0,0.0,0.0
166.0,3.5,836.0,2.0,1,24.0,0.0,0.0,0.0
583.25,8.0,739.0,4.0,1,1076.0,0.0,0.0,0.0
654.0,17.6,250.0,5.0,1,2160.0,0.0,0.0,0.0
25.5,0.0,945.0,4.0,1,1085.0,0.0,0.0,0.0
474.75,7.75,353.0,4.0,1,369.0,0.0,0.0,0.0
684.5,5.333333333333333,734.0,4.0,1,1819.0,0.0,0.0,0.0
189.8,2.5,876.0,4.0,1,122.0,0.0,0.0,0.0
305.25,5.0,185.0,4.0,1,530.0,0.0,0.0,0.0
347.75,5.0,62.0,4.0,1,233.0,0.0,0.0,0.0
523.25,6.5,544.0,4.0,1,613.0,0.0,0.0,0.0
3.0,0.5,532.0,0.0,1,882.0,30.133333333333333,10.0,0.0
1104.5,6.75,1535.0,4.0,1,3432.0,0.0,0.0,0.0
393.0,4.0,502.0,4.0,1,226.0,0.0,0.0,0.0
80.5,3.5,274.0,4.5,1,303.0,23.875,6.0,0.0
325.6666666666667,2.0,61.0,4.0,1,564.0,0.0,0.0,0.0
95.75,2.25,674.0,2.0,1,63.0,0.0,0.0,0.0
298.3333333333333,2.5,453.0,4.0,1,498.0,0.0,0.0,0.0
204.5,4.75,100.0,4.0,1,128.0,0.0,0.0,0.0
623.6666666666666,3.0,497.0,4.0,1,443.0,0.0,0.0,0.0
67.5,1.5,810.0,4.0,1,468.0,34.5,5.0,0.0
515.25,2.5,464.0,4.0,1,652.0,0.0,0.0,0.0
692.0,10.5,1387.0,4.0,1,1465.0,0.0,0.0,0.0
829.5,8.0,468.0,4.0,1,2936.0,0.0,0.0,0.0
220.0,3.0,831.0,4.0,0,136.0,0.0,0.0,0.0
65.2,2.5,190.0,3.0,0,651.0,0.0,0.0,0.0
522.0,5.5,376.0,2.0,1,221.0,0.0,0.0,0.0
18.25,1.5,200.0,4.5,1,383.0,42.3125,11.0,0.0
454.75,3.333333333333333,180.0,4.0,0,1071.0,0.0,0.0,0.0
430.1666666666667,7.5,322.0,4.0,1,484.0,0.0,0.0,0.0
347.25,4.0,855.0,4.0,1,66.0,0.0,0.0,0.0
517.25,6.5,131.0,4.0,1,562.0,0.0,0.0,0.0
151.0,4.0,75.0,2.0,1,82.0,0.0,0.0,0.0
485.4,5.5,277.0,4.0,1,754.0,0.0,0.0,0.0
317.0,5.5,464.0,2.0,1,363.0,0.0,0.0,0.0
540.75,4.5,93.0,4.0,1,355.0,0.0,0.0,0.0
1148.25,12.0,807.0,4.0,1,992.0,0.0,0.0,0.0
258.75,3.75,236.0,4.0,1,142.0,0.0,0.0,0.0
210.16666666666663,4.0,320.0,4.0,1,130.0,6.5,0.0,0.0
1649.5,16.5,398.0,4.0,1,1250.0,0.0,0.0,0.0
572.5,4.0,0.0,4.0,0,38.0,0.0,0.0,0.0
294.0,7.666666666666667,280.0,4.0,1,293.0,0.0,0.0,0.0
1255.8333333333333,11.0,1479.0,5.0,0,342.0,0.0,0.0,0.0
276.6666666666667,1.5,1024.0,4.0,0,69.0,0.0,0.0,0.0
853.75,7.0,2034.0,4.0,1,3069.0,0.0,0.0,0.0
970.75,5.75,1985.0,4.0,0,4067.0,0.0,0.0,0.0
151.83333333333334,2.5,129.0,4.0,1,499.0,0.0,0.0,0.0
1781.0,12.5,936.0,4.0,1,311.0,0.0,0.0,0.0
871.3333333333334,5.0,1255.0,4.0,1,3729.0,0.0,0.0,0.0
428.25,5.5,138.0,4.0,1,1258.0,0.0,0.0,0.0
174.0,3.0,610.0,4.0,1,149.0,8.0,2.0,0.0
369.3333333333333,4.0,117.0,4.0,0,192.0,50.5,1.0,0.0
1051.0,21.666666666666668,604.0,4.5,1,940.0,0.0,0.0,0.0
312.0,5.0,196.0,4.0,1,408.0,0.0,0.0,0.0
141.5,3.0,290.0,3.5,1,85.0,0.0,0.0,0.0
96.75,1.5,292.0,3.5,1,72.0,0.0,0.0,0.0
474.8333333333333,6.75,624.0,2.0,0,349.0,0.0,0.0,0.0
34.666666666666664,2.0,816.0,4.0,0,852.0,0.0,0.0,0.0
675.5,5.666666666666667,412.0,4.0,0,235.0,0.0,0.0,0.0
229.0,2.25,149.0,4.0,0,190.0,0.0,0.0,0.0
545.25,7.6,527.0,4.0,1,652.0,0.0,0.0,0.0
56.0,1.5,1011.0,4.0,0,248.0,47.77777777777778,8.0,0.0
292.0,4.5,335.0,2.0,0,12.0,0.0,0.0,0.0
262.5,3.5,37.0,4.0,1,192.0,0.0,0.0,0.0
355.3333333333333,3.5,1.0,4.0,1,124.0,0.0,0.0,0.0
358.25,9.0,125.0,4.0,1,524.0,0.0,0.0,0.0
353.5,7.0,472.0,4.0,1,460.0,0.0,0.0,0.0
35.0,4.0,237.0,2.75,0,96.0,0.0,0.0,0.0
104.75,1.5,232.0,4.0,1,381.0,29.84,16.0,0.0
21.0,1.0,559.0,4.0,1,773.0,0.0,0.0,0.0
962.75,19.75,433.0,5.0,1,1071.0,0.0,0.0,0.0
278.5,2.0,146.0,2.6666666666666665,1,176.0,0.0,0.0,0.0
312.0,5.5,292.0,4.0,1,177.0,0.0,0.0,0.0
444.5,4.0,508.0,4.0,0,69.0,0.0,0.0,0.0
657.0,6.5,838.0,4.0,0,2750.0,0.0,0.0,0.0
703.25,7.0,858.0,4.0,1,1520.0,0.0,0.0,0.0
125.5,1.0,171.0,4.0,0,422.0,0.0,0.0,0.0
49.66666666666666,2.0,1204.0,4.0,0,310.0,32.0,5.0,0.0
1693.25,27.0,1380.0,5.0,1,271.0,0.0,0.0,0.0
32.0,1.0,1034.0,4.5,0,766.0,42.85714285714285,4.0,0.0
705.25,8.5,1187.0,4.0,1,1965.0,0.0,0.0,0.0
117.66666666666669,3.0,672.0,4.0,1,495.0,32.0,5.0,0.0
32.0,1.0,153.0,4.0,1,502.0,0.0,0.0,0.0
1361.0,24.5,1142.0,5.0,1,260.0,0.0,0.0,0.0
141.83333333333334,6.5,839.0,4.0,1,106.0,31.0,2.0,0.0
1652.5,15.8,236.0,4.0,1,984.0,0.0,0.0,0.0
268.75,4.0,531.0,4.0,1,410.0,0.0,0.0,0.0
189.66666666666663,3.5,505.0,2.0,1,39.0,22.4,6.0,0.0
275.3333333333333,4.0,102.0,4.0,1,916.0,0.0,0.0,0.0
126.5,3.5,376.0,4.0,1,37.0,24.75,3.0,0.0
51.75,1.5,899.0,4.0,1,81.0,29.285714285714285,5.0,0.0
122.0,4.0,550.0,4.0,1,41.0,34.0,4.0,0.0
810.5,6.0,1427.0,4.0,1,207.0,0.0,0.0,0.0
632.4,5.5,294.0,4.0,1,501.0,0.0,0.0,0.0
57.0,10.0,375.0,4.0,1,508.0,0.0,0.0,0.0
1039.75,10.5,1159.0,4.0,1,2741.0,0.0,0.0,0.0
334.25,3.0,206.0,4.0,1,824.0,0.0,0.0,0.0
548.2,3.5,102.0,4.0,0,345.0,0.0,0.0,0.0
168.33333333333334,3.25,1175.0,4.0,1,605.0,11.0,0.0,0.0
53.333333333333336,2.5,113.0,4.0,0,213.0,0.0,0.0,0.0
286.25,6.0,333.0,4.0,1,78.0,0.0,0.0,0.0
1209.75,7.5,452.0,4.0,0,1551.0,0.0,0.0,0.0
116.5,5.0,606.0,3.0,1,35.0,0.0,0.0,0.0
49.2,2.5,101.0,4.0,1,302.0,0.0,0.0,0.0
262.5,3.5,871.0,4.0,1,197.0,0.0,0.0,0.0
733.5,5.5,1368.0,4.0,1,2164.0,0.0,0.0,0.0
1265.0,15.0,731.0,5.0,1,2141.0,0.0,0.0,0.0
463.0,8.5,328.0,4.0,0,910.0,0.0,0.0,0.0
111.25,1.0,220.0,4.0,1,311.0,0.0,0.0,0.0
848.0,1.5,815.0,4.0,1,3330.0,0.0,0.0,0.0
139.0,4.5,318.0,4.0,1,193.0,0.0,0.0,0.0
1295.5,16.75,940.0,5.0,1,171.0,0.0,0.0,0.0
730.5,8.666666666666666,422.0,4.0,1,627.0,0.0,0.0,0.0
15.0,3.0,188.0,2.0,1,72.0,0.0,0.0,0.0
673.25,7.25,499.0,4.5,1,1591.0,0.0,0.0,0.0
483.0,5.5,97.0,4.0,1,224.0,0.0,0.0,0.0
531.0,4.0,211.0,4.0,0,416.0,0.0,0.0,0.0
219.3333333333333,4.5,386.0,2.6666666666666665,0,26.0,0.0,0.0,0.0
1227.25,9.0,1327.0,4.0,0,495.0,0.0,0.0,0.0
1033.0,21.0,2408.0,4.0,1,724.0,0.0,0.0,0.0
876.25,16.333333333333332,327.0,5.0,1,3089.0,0.0,0.0,0.0
396.75,5.5,419.0,2.0,0,60.0,0.0,0.0,0.0
662.1666666666666,6.0,359.0,4.0,1,632.0,0.0,0.0,0.0
446.3333333333333,3.5,21.0,4.0,1,1319.0,0.0,0.0,0.0
206.75,3.333333333333333,109.0,2.0,1,97.0,0.0,0.0,0.0
988.0,19.83333333333333,352.0,5.0,1,1119.0,0.0,0.0,0.0
483.3333333333333,7.25,319.0,2.0,1,11.0,0.0,0.0,0.0
69.75,3.5,881.0,4.0,0,122.0,34.666666666666664,2.0,0.0
536.5,3.5,192.0,4.0,1,327.0,0.0,0.0,0.0
1301.5,37.25,1757.0,4.0,1,167.0,0.0,0.0,0.0
199.75,5.0,558.0,4.0,0,117.0,0.0,0.0,0.0
887.0,9.8,2177.0,4.0,1,3623.0,0.0,0.0,0.0
1627.0,17.2,136.0,4.0,1,959.0,0.0,0.0,0.0
330.5,2.5,207.0,4.0,1,180.0,0.0,0.0,0.0
36.0,1.0,220.0,4.0,1,711.0,24.666666666666668,1.0,0.0
73.0,3.0,308.0,4.0,1,302.0,0.0,0.0,0.0
29.75,2.5,1380.0,4.0,1,623.0,28.352941176470587,10.0,0.0
54.0,1.0,122.0,4.0,1,342.0,33.8,6.0,0.0
100.8,2.5,544.0,4.0,1,277.0,25.5,3.0,0.0
667.75,7.0,0.0,4.0,1,224.0,0.0,0.0,0.0
633.6666666666666,9.0,249.0,4.0,0,761.0,0.0,0.0,0.0
1172.75,9.0,507.0,4.0,1,1292.0,0.0,0.0,0.0
349.0,8.5,312.0,4.0,1,146.0,0.0,0.0,0.0
395.5,8.0,228.0,2.0,1,922.0,0.0,0.0,0.0
188.0,17.5,258.0,4.0,0,288.0,0.0,0.0,0.0
186.25,6.0,696.0,4.0,1,593.0,0.0,0.0,0.0
358.25,4.0,124.0,4.0,1,323.0,0.0,0.0,0.0
161.66666666666666,5.0,958.0,4.0,1,547.0,0.0,0.0,0.0
272.0,3.5,418.0,4.0,0,469.0,0.0,0.0,0.0
154.66666666666666,5.5,268.0,4.0,1,191.0,0.0,0.0,0.0
294.3333333333333,2.0,594.0,4.0,0,491.0,0.0,0.0,0.0
282.75,5.0,593.0,4.0,1,403.0,0.0,0.0,0.0
111.75,3.5,833.0,4.0,0,504.0,0.0,0.0,0.0
316.6666666666667,5.0,123.0,4.0,0,482.0,0.0,0.0,0.0
567.0,4.5,3.0,4.0,1,551.0,0.0,0.0,0.0
40.25,2.0,102.0,4.0,0,430.0,48.5,1.0,0.0
680.25,4.5,259.0,4.0,1,692.0,0.0,0.0,0.0
735.25,11.333333333333334,1185.0,4.0,1,1454.0,0.0,0.0,0.0
502.75,7.75,281.0,4.5,1,952.0,0.0,0.0,0.0
791.5,10.333333333333334,195.0,4.0,0,2500.0,0.0,0.0,0.0
193.0,6.0,1191.0,4.0,1,449.0,0.0,0.0,0.0
91.66666666666669,2.0,1115.0,4.0,1,699.0,27.11111111111111,13.0,0.0
594.0,11.833333333333334,285.0,5.0,1,1527.0,0.0,0.0,0.0
602.3333333333334,14.0,540.0,5.0,1,1118.0,0.0,0.0,0.0
9.5,2.0,183.0,4.0,0,971.0,0.0,0.0,0.0
445.3333333333333,5.0,23.0,4.0,0,159.0,0.0,0.0,0.0
378.75,3.0,328.0,4.0,0,287.0,0.0,0.0,0.0
1379.75,34.0,1803.0,4.0,1,296.0,0.0,0.0,0.0
637.5,3.5,196.0,4.0,1,759.0,0.0,0.0,0.0
321.0,4.0,365.0,4.0,1,44.0,0.0,0.0,0.0
490.5,8.0,324.0,4.0,1,773.0,0.0,0.0,0.0
452.8333333333333,4.5,53.0,4.0,1,1489.0,0.0,0.0,0.0
549.75,3.333333333333333,259.0,4.0,1,559.0,0.0,0.0,0.0
828.6666666666666,2.5,519.0,4.0,1,2831.0,0.0,0.0,0.0
1268.0,19.0,1878.0,5.0,1,888.0,0.0,0.0,0.0
284.0,5.0,291.0,2.0,0,15.0,0.0,0.0,0.0
193.5,5.5,0.0,4.0,1,233.0,0.0,0.0,0.0
34.0,1.5,598.0,2.0,1,9.0,26.5,3.0,0.0
282.0,3.0,257.0,2.0,1,95.0,24.5,1.0,0.0
1233.5,20.0,1187.0,5.0,1,28.0,0.0,0.0,0.0
1248.75,30.5,1595.0,5.0,1,610.0,0.0,0.0,0.0
137.66666666666666,2.0,184.0,4.0,1,61.0,0.0,0.0,0.0
21.5,0.5,388.0,4.0,0,870.0,119.0,0.0,0.0
614.75,6.75,821.0,4.0,1,406.0,0.0,0.0,0.0
565.8333333333334,5.5,433.0,4.0,1,635.0,0.0,0.0,0.0
596.5,1.5,1551.0,4.0,1,2529.0,0.0,0.0,0.0
154.66666666666666,2.5,1052.0,4.0,0,231.0,31.166666666666668,12.0,0.0
175.83333333333334,9.75,332.0,4.0,1,125.0,0.0,0.0,0.0
205.3333333333333,6.0,312.0,3.5,1,499.0,0.0,0.0,0.0
96.66666666666669,3.0,1133.0,4.0,1,280.0,0.0,0.0,0.0
539.0,6.25,310.0,2.0,1,325.0,0.0,0.0,0.0
705.0,5.5,532.0,4.0,0,1612.0,0.0,0.0,0.0
773.25,11.333333333333334,1616.0,4.0,1,1778.0,0.0,0.0,0.0
664.0,9.5,328.0,4.0,1,240.0,0.0,0.0,0.0
670.0,8.666666666666666,0.0,4.0,1,24.0,0.0,0.0,0.0
962.5,12.0,1375.0,4.0,1,2720.0,0.0,0.0,0.0
267.0,7.666666666666667,315.0,4.0,1,780.0,0.0,0.0,0.0
525.75,4.0,290.0,2.0,0,118.0,0.0,0.0,0.0
169.5,3.5,189.0,4.0,1,54.0,0.0,0.0,0.0
61.0,2.0,495.0,4.0,0,2.0,24.68,13.0,0.0
90.5,1.5,730.0,4.0,0,1106.0,30.0,4.0,0.0
49.66666666666666,2.5,466.0,2.0,1,108.0,24.894736842105264,14.0,0.0
260.5,5.0,439.0,4.0,0,918.0,0.0,0.0,0.0
378.5,7.5,277.0,4.0,1,594.0,0.0,0.0,0.0
154.25,3.0,608.0,4.0,1,89.0,19.625,6.0,0.0
469.25,5.666666666666667,180.0,4.0,1,527.0,0.0,0.0,0.0
651.0,4.0,658.0,4.0,1,701.0,0.0,0.0,0.0
573.75,5.5,65.0,4.0,1,261.0,0.0,0.0,0.0
351.3333333333333,6.166666666666667,167.0,4.0,1,393.0,0.0,0.0,0.0
229.75,5.0,594.0,4.0,1,261.0,0.0,0.0,0.0
79.5,3.5,852.0,4.0,1,339.0,27.47826086956522,13.0,0.0
163.0,4.0,305.0,4.0,1,73.0,0.0,0.0,0.0
38.333333333333336,3.5,504.0,4.0,0,613.0,22.444444444444443,8.0,0.0
455.0,4.5,298.0,4.0,1,430.0,0.0,0.0,0.0
1017.75,15.0,2212.0,4.0,1,799.0,0.0,0.0,0.0
896.5,8.333333333333334,1455.0,4.0,1,3839.0,0.0,0.0,0.0
453.25,5.0,154.0,2.6666666666666665,1,201.0,0.0,0.0,0.0
435.0,5.0,175.0,4.0,0,372.0,0.0,0.0,0.0
126.0,4.333333333333333,558.0,4.0,1,364.0,0.0,0.0,0.0
576.6666666666666,10.0,722.0,4.0,1,277.0,0.0,0.0,0.0
76.5,7.75,93.0,4.0,0,939.0,0.0,0.0,0.0
114.5,2.5,601.0,3.0,1,286.0,27.08695652173913,18.0,0.0
920.75,18.0,515.0,4.0,1,529.0,0.0,0.0,0.0
182.0,7.5,619.0,4.0,1,508.0,0.0,0.0,0.0
28.8,2.0,163.0,4.0,1,251.0,17.642857142857142,21.0,0.0
652.5,10.5,400.0,4.0,1,1441.0,0.0,0.0,0.0
857.4,16.0,1638.0,4.0,1,1359.0,0.0,0.0,0.0
129.0,3.0,460.0,4.0,0,318.0,29.0,3.0,0.0
37.5,1.0,1151.0,4.0,1,131.0,21.875,5.0,0.0
73.0,5.0,1247.0,4.0,0,484.0,0.0,0.0,0.0
397.0,6.0,257.0,4.0,1,34.0,0.0,0.0,0.0
322.0,3.5,287.0,4.0,0,133.0,0.0,0.0,0.0
323.5,6.0,643.0,4.0,1,437.0,0.0,0.0,0.0
224.75,4.5,492.0,4.0,1,1023.0,0.0,0.0,0.0
665.3333333333334,9.0,702.0,2.0,1,938.0,0.0,0.0,0.0
1298.25,14.25,1076.0,5.0,0,44.0,0.0,0.0,0.0
32.0,2.0,373.0,4.0,0,282.0,0.0,0.0,0.0
26.5,0.5,745.0,4.0,1,679.0,0.0,0.0,0.0
546.75,3.25,331.0,4.0,0,602.0,0.0,0.0,0.0
582.0,2.333333333333333,1450.0,4.0,1,2665.0,0.0,0.0,0.0
102.0,2.5,442.0,4.0,1,82.0,0.0,0.0,0.0
1282.8333333333333,16.333333333333332,958.0,4.0,1,492.0,0.0,0.0,0.0
577.5,1.5,1063.0,4.0,1,2637.0,0.0,0.0,0.0
1120.3333333333333,5.0,358.0,4.0,1,1783.0,0.0,0.0,0.0
852.0,5.5,2022.0,4.0,1,3187.0,0.0,0.0,0.0
40.0,1.0,131.0,4.0,1,254.0,21.38888888888889,10.0,0.0
607.0,4.5,638.0,4.0,1,821.0,0.0,0.0,0.0
614.75,6.0,599.0,4.0,0,690.0,0.0,0.0,0.0
1264.5,11.2,1025.0,4.0,1,1139.0,0.0,0.0,0.0
390.3333333333333,6.0,0.0,2.6666666666666665,0,0.0,0.0,0.0,0.0
122.16666666666669,6.5,346.0,4.0,0,424.0,0.0,0.0,0.0
241.5,2.5,875.0,4.0,1,326.0,0.0,0.0,0.0
87.0,2.5,897.0,4.0,1,920.0,46.0,4.0,0.0
74.25,5.0,22.0,3.5,0,545.0,33.0,5.0,0.0
1503.5,10.5,675.0,4.0,0,1557.0,0.0,0.0,0.0
748.8333333333334,7.5,468.0,4.5,1,2119.0,0.0,0.0,0.0
585.5,6.5,689.0,4.0,1,808.0,0.0,0.0,0.0
648.0,10.666666666666666,1031.0,2.0,0,1043.0,0.0,0.0,0.0
555.25,7.666666666666667,289.0,4.5,0,899.0,0.0,0.0,0.0
86.75,0.5,1218.0,4.0,1,167.0,25.0,2.0,0.0
198.75,4.666666666666667,667.0,4.0,0,154.0,0.0,0.0,0.0
35.0,3.0,515.0,4.0,1,515.0,27.428571428571427,5.0,0.0
88.75,4.5,977.0,4.0,0,292.0,0.0,0.0,0.0
291.0,3.5,1030.0,4.0,1,681.0,0.0,0.0,0.0
315.75,4.5,3.0,4.0,1,123.0,37.66666666666666,2.0,0.0
37.75,3.5,675.0,4.0,1,1225.0,60.625,2.0,0.0
447.1666666666667,6.5,410.0,4.0,1,186.0,0.0,0.0,0.0
1268.0,14.5,1690.0,4.0,1,840.0,0.0,0.0,0.0
655.5,9.5,726.0,4.0,1,1139.0,0.0,0.0,0.0
609.0,6.0,55.0,4.0,1,538.0,0.0,0.0,0.0
1013.0,9.833333333333334,957.0,4.0,1,1825.0,0.0,0.0,0.0
909.0,8.0,130.0,5.0,1,2894.0,0.0,0.0,0.0
279.75,3.5,49.0,2.0,0,89.0,0.0,0.0,0.0
99.33333333333331,1.5,718.0,2.0,0,78.0,43.77777777777778,5.0,0.0
702.75,6.0,737.0,4.0,1,1343.0,0.0,0.0,0.0
1102.0,19.666666666666668,2040.0,2.5,0,432.0,0.0,0.0,0.0
602.8333333333334,5.75,977.0,4.5,0,1704.0,0.0,0.0,0.0
403.0,4.0,108.0,4.0,1,229.0,0.0,0.0,0.0
691.6666666666666,9.0,1034.0,2.0,1,1243.0,0.0,0.0,0.0
54.25,2.5,174.0,4.5,1,71.0,0.0,0.0,0.0
116.0,2.0,10.0,4.0,1,306.0,24.0,2.0,0.0
338.25,4.0,293.0,2.0,1,37.0,0.0,0.0,0.0
442.1666666666667,5.666666666666667,211.0,4.0,1,703.0,0.0,0.0,0.0
1283.75,13.0,1017.0,4.0,0,1259.0,0.0,0.0,0.0
1438.5,11.0,1278.0,4.0,1,2098.0,0.0,0.0,0.0
664.75,9.666666666666666,494.0,4.0,0,1483.0,0.0,0.0,0.0
195.8333333333333,4.0,735.0,4.0,0,59.0,9.0,0.0,0.0
419.8333333333333,5.0,411.0,4.0,1,543.0,0.0,0.0,0.0
282.0,8.75,421.0,4.0,0,160.0,0.0,0.0,0.0
386.5,3.0,227.0,4.0,1,1337.0,0.0,0.0,0.0
204.16666666666663,9.333333333333334,18.0,4.0,1,452.0,0.0,0.0,0.0
289.25,4.0,344.0,4.0,0,957.0,0.0,0.0,0.0
83.5,1.6666666666666667,491.0,4.0,1,165.0,3.0,1.0,0.0
394.25,4.0,82.0,4.0,1,1053.0,0.0,0.0,0.0
427.0,7.0,0.0,4.0,0,1298.0,0.0,0.0,0.0
504.25,6.0,47.0,4.0,0,1564.0,0.0,0.0,0.0
182.5,3.0,945.0,4.0,1,218.0,0.0,0.0,0.0
500.0,4.5,727.0,4.0,0,455.0,0.0,0.0,0.0
736.25,5.0,1122.0,4.0,1,368.0,0.0,0.0,0.0
510.5,4.5,252.0,4.0,1,391.0,0.0,0.0,0.0
516.75,14.5,453.0,4.0,0,988.0,0.0,0.0,0.0
249.8333333333333,5.75,723.0,2.0,1,5.0,0.0,0.0,0.0
524.0,4.5,212.0,4.0,0,382.0,0.0,0.0,0.0
583.0,7.5,253.0,2.0,1,925.0,0.0,0.0,0.0
466.5,5.5,224.0,2.0,1,10.0,29.571428571428573,5.0,0.0
346.0,5.5,0.0,4.0,0,134.0,0.0,0.0,0.0
455.75,5.0,111.0,4.0,0,1630.0,28.666666666666668,2.0,0.0
485.5,13.0,151.0,4.0,1,589.0,0.0,0.0,0.0
238.75,4.0,221.0,4.0,1,142.0,0.0,0.0,0.0
401.0,2.5,357.0,4.0,1,404.0,0.0,0.0,0.0
201.75,5.0,384.0,2.0,1,10.0,20.83333333333333,5.0,0.0
1477.5,11.5,576.0,4.0,1,1416.0,0.0,0.0,0.0
456.5,5.0,61.0,4.0,0,1616.0,0.0,0.0,0.0
147.66666666666666,2.0,47.0,4.0,1,517.0,0.0,0.0,0.0
160.0,4.666666666666667,27.0,4.0,0,105.0,0.0,0.0,0.0
32.25,10.75,189.0,4.0,0,1187.0,0.0,0.0,0.0
149.66666666666666,2.7142857142857144,713.0,4.0,1,235.0,0.0,0.0,0.0
407.1666666666667,5.25,358.0,4.5,0,209.0,0.0,0.0,0.0
204.0,10.666666666666666,28.0,4.0,0,564.0,0.0,0.0,0.0
1074.6666666666667,5.5,1399.0,4.0,1,3277.0,0.0,0.0,0.0
96.5,1.5,896.0,3.5,0,786.0,33.45454545454545,6.0,0.0
647.25,6.0,166.0,4.0,1,435.0,0.0,0.0,0.0
353.5,6.5,62.0,4.0,1,261.0,0.0,0.0,0.0
430.75,5.0,223.0,2.0,0,261.0,0.0,0.0,0.0
151.66666666666666,2.333333333333333,186.0,2.0,0,40.0,32.833333333333336,3.0,0.0
796.5,11.0,1683.0,4.5,0,1815.0,0.0,0.0,0.0
139.75,3.0,594.0,2.0,0,65.0,26.27272727272728,8.0,0.0
12.0,3.0,451.0,4.5,1,458.0,0.0,0.0,0.0
78.0,3.0,1111.0,4.0,1,181.0,0.0,0.0,0.0
72.25,1.5,357.0,4.0,0,270.0,20.375,6.0,0.0
785.0,8.0,1348.0,4.0,1,344.0,0.0,0.0,0.0
684.75,12.666666666666666,1054.0,4.0,0,1262.0,0.0,0.0,0.0
64.5,3.0,383.0,4.0,0,574.0,23.65384615384616,19.0,0.0
427.25,3.0,460.0,4.0,0,285.0,0.0,0.0,0.0
1261.0,11.0,2299.0,4.0,0,1472.0,0.0,0.0,0.0
302.2,3.0,401.0,4.0,1,447.0,0.0,0.0,0.0
274.5,3.333333333333333,238.0,4.0,0,265.0,32.25,3.0,0.0
292.8,2.5,5.0,2.0,1,42.0,0.0,0.0,0.0
304.0,4.5,458.0,4.0,1,911.0,0.0,0.0,0.0
449.6666666666667,4.0,31.0,4.0,0,1658.0,0.0,0.0,0.0
89.75,3.0,181.0,4.0,1,394.0,0.0,0.0,0.0
402.0,8.2,371.0,4.0,1,218.0,36.66666666666666,2.0,0.0
159.4,3.5,237.0,4.0,0,328.0,29.23076923076923,8.0,0.0
943.25,20.5,1725.0,4.0,1,730.0,0.0,0.0,0.0
444.75,7.333333333333333,153.0,4.0,1,404.0,0.0,0.0,0.0
1154.8333333333333,15.5,2519.0,4.0,0,1413.0,0.0,0.0,0.0
86.66666666666667,1.0,1069.0,4.0,1,88.0,33.72727272727273,7.0,0.0
570.25,12.0,316.0,4.0,0,945.0,0.0,0.0,0.0
62.0,1.5,331.0,4.0,0,628.0,26.615384615384617,8.0,0.0
313.0,4.0,131.0,4.0,1,409.0,0.0,0.0,0.0
882.0,13.25,2138.0,3.0,0,296.0,0.0,0.0,0.0
200.0,3.0,212.0,4.0,1,386.0,0.0,0.0,0.0
1284.75,9.0,2090.0,4.0,1,1190.0,0.0,0.0,0.0
259.3333333333333,3.5,199.0,2.0,1,78.0,0.0,0.0,0.0
494.5,7.0,214.0,4.0,1,560.0,0.0,0.0,0.0
202.0,2.5,417.0,4.0,0,87.0,0.0,0.0,0.0
558.25,4.5,212.0,4.0,0,105.0,0.0,0.0,0.0
854.3333333333334,4.5,2244.0,4.0,0,3247.0,0.0,0.0,0.0
67.33333333333333,2.0,567.0,4.0,1,539.0,17.6,3.0,0.0
519.2222222222222,17.75,514.0,4.5,1,1231.0,0.0,0.0,0.0
252.3333333333333,4.0,504.0,4.0,0,114.0,0.0,0.0,0.0
683.5,12.5,1134.0,4.0,1,1239.0,0.0,0.0,0.0
54.4,1.5,558.0,4.0,1,542.0,32.642857142857146,11.0,0.0
224.5,3.0,282.0,4.0,1,53.0,0.0,0.0,0.0
1345.5,10.0,722.0,4.0,0,918.0,0.0,0.0,0.0
498.3333333333333,7.0,352.0,4.0,1,775.0,0.0,0.0,0.0
65.33333333333333,1.5,512.0,4.0,1,424.0,0.0,0.0,0.0
727.0,5.5,535.0,4.0,1,1543.0,0.0,0.0,0.0
19.5,10.166666666666666,401.0,4.0,1,505.0,24.35,16.0,0.0
1031.25,8.0,1833.0,4.0,0,3676.0,0.0,0.0,0.0
155.83333333333334,5.0,197.0,4.0,0,213.0,0.0,0.0,0.0
11.4,2.5,414.0,4.0,1,574.0,0.0,0.0,0.0
28.0,4.0,210.0,4.0,1,104.0,14.0,1.0,0.0
269.5,5.333333333333333,243.0,2.0,1,17.0,62.333333333333336,2.0,0.0
390.5,3.5,151.0,4.0,1,546.0,0.0,0.0,0.0
480.25,6.666666666666667,98.0,4.0,1,529.0,0.0,0.0,0.0
274.0,7.666666666666667,193.0,4.0,1,428.0,0.0,0.0,0.0
311.6666666666667,7.0,402.0,4.0,1,720.0,0.0,0.0,0.0
574.0,4.5,463.0,2.0,1,766.0,0.0,0.0,0.0
198.5,5.5,329.0,4.0,1,368.0,0.0,0.0,0.0
113.75,2.5,164.0,4.0,1,309.0,29.31578947368421,13.0,0.0
68.25,2.5,206.0,4.0,1,376.0,23.0,4.0,0.0
50.75,2.5,492.0,4.0,1,468.0,16.5,5.0,0.0
42.0,2.5,1473.0,4.0,1,445.0,40.0,3.0,0.0
380.6666666666667,2.6666666666666665,319.0,4.0,0,772.0,0.0,0.0,0.0
342.0,5.666666666666667,407.0,4.0,0,127.0,0.0,0.0,0.0
351.25,3.0,243.0,4.0,1,139.0,0.0,0.0,0.0
62.66666666666666,2.0,594.0,2.6666666666666665,1,80.0,40.0,4.0,0.0
485.75,7.5,475.0,4.0,0,1079.0,0.0,0.0,0.0
910.5,10.5,1473.0,5.0,1,1559.0,0.0,0.0,0.0
355.3333333333333,8.5,908.0,2.0,1,29.0,0.0,0.0,0.0
628.75,4.5,324.0,4.0,1,296.0,0.0,0.0,0.0
729.5,6.5,900.0,4.0,1,590.0,0.0,0.0,0.0
51.5,2.5,353.0,4.0,1,461.0,0.0,0.0,0.0
436.3333333333333,12.0,449.0,4.0,1,848.0,0.0,0.0,0.0
787.5,12.0,1674.0,4.0,1,1790.0,0.0,0.0,0.0
447.5,2.0,22.0,4.0,0,1561.0,56.0,0.0,0.0
654.0,9.333333333333334,925.0,2.0,1,1653.0,0.0,0.0,0.0
376.75,3.0,0.0,4.0,1,852.0,0.0,0.0,0.0
542.0,6.0,461.0,4.5,1,1157.0,0.0,0.0,0.0
683.25,7.0,31.0,4.0,1,109.0,0.0,0.0,0.0
433.6666666666667,6.0,367.0,2.0,1,96.0,34.333333333333336,2.0,0.0
110.5,1.5,489.0,4.0,0,679.0,31.416666666666668,8.0,0.0
722.0,5.333333333333333,934.0,4.0,1,1975.0,0.0,0.0,0.0
84.0,1.0,817.0,4.0,0,332.0,23.60869565217392,11.0,0.0
440.0,9.0,642.0,4.0,1,595.0,0.0,0.0,0.0
795.5,7.833333333333333,1540.0,2.0,1,68.0,0.0,0.0,0.0
341.3333333333333,3.5,223.0,4.0,1,505.0,0.0,0.0,0.0
966.3333333333334,4.0,97.0,4.5,1,190.0,0.0,0.0,0.0
198.5,5.0,568.0,4.0,1,232.0,0.0,0.0,0.0
1119.5,9.5,685.0,4.0,0,1300.0,0.0,0.0,0.0
162.66666666666666,1.5,457.0,2.0,1,86.0,29.666666666666668,4.0,0.0
422.75,10.0,800.0,4.0,1,838.0,0.0,0.0,0.0
145.75,4.0,440.0,4.0,1,178.0,15.375,6.0,0.0
154.0,1.0,343.0,4.0,1,221.0,0.0,0.0,0.0
873.0,7.5,1877.0,4.0,1,3387.0,0.0,0.0,0.0
92.33333333333331,2.5,424.0,4.0,1,185.0,32.15,14.0,0.0
270.5,2.5,187.0,4.0,1,347.0,0.0,0.0,0.0
59.71428571428572,4.0,265.0,4.0,1,343.0,0.0,0.0,0.0
281.75,3.5,353.0,2.0,1,71.0,0.0,0.0,0.0
358.25,6.25,233.0,4.0,1,150.0,0.0,0.0,0.0
475.5,9.0,279.0,4.0,1,485.0,0.0,0.0,0.0
614.75,6.5,1227.0,4.0,0,2083.0,0.0,0.0,0.0
782.75,4.0,1437.0,4.0,1,2404.0,0.0,0.0,0.0
675.0,7.5,449.0,4.0,1,881.0,0.0,0.0,0.0
464.0,5.0,371.0,2.0,1,939.0,0.0,0.0,0.0
68.4,1.5,711.0,4.0,1,553.0,23.08,13.0,0.0
336.75,6.5,326.0,2.0,1,514.0,0.0,0.0,0.0
50.6,1.5,800.0,4.0,1,178.0,18.0,11.0,0.0
769.0,17.5,1567.0,4.5,1,1016.0,0.0,0.0,0.0
23.25,9.0,302.0,4.0,1,643.0,18.53333333333333,12.0,0.0
87.5,1.5,593.0,4.0,1,195.0,27.727272727272727,10.0,0.0
261.0,4.5,233.0,4.0,1,345.0,0.0,0.0,0.0
913.0,14.0,1723.0,4.0,0,3023.0,0.0,0.0,0.0
514.0,8.333333333333334,339.0,4.0,1,347.0,0.0,0.0,0.0
798.25,10.666666666666666,1557.0,4.0,0,632.0,0.0,0.0,0.0
58.0,1.5,814.0,2.0,1,99.0,22.63636363636364,13.0,0.0
59.5,1.0,780.0,4.0,0,633.0,36.0,5.0,0.0
618.75,5.5,733.0,4.0,1,861.0,0.0,0.0,0.0
547.5,10.666666666666666,235.0,4.5,0,803.0,0.0,0.0,0.0
251.5,3.0,278.0,4.0,1,514.0,24.666666666666668,3.0,0.0
1055.8333333333333,18.0,2126.0,4.0,1,1445.0,0.0,0.0,0.0
72.5,3.5,383.0,4.0,1,176.0,0.0,0.0,0.0
586.5,3.0,630.0,4.0,1,1620.0,0.0,0.0,0.0
168.5,3.5,872.0,4.0,0,450.0,0.0,0.0,0.0
520.5,6.0,589.0,4.0,0,182.0,0.0,0.0,0.0
290.4,3.5,820.0,4.0,1,306.0,0.0,0.0,0.0
595.75,2.5,1356.0,4.0,0,2444.0,0.0,0.0,0.0
539.5,4.5,112.0,4.0,1,1816.0,0.0,0.0,0.0
1069.5,20.0,99.0,5.0,1,779.0,0.0,0.0,0.0
1204.6,10.75,1049.0,4.0,1,703.0,0.0,0.0,0.0
1458.0,28.25,2171.0,4.0,1,225.0,0.0,0.0,0.0
687.5,6.75,672.0,4.0,0,1586.0,0.0,0.0,0.0
1042.8333333333333,14.5,1983.0,4.0,1,1050.0,0.0,0.0,0.0
522.5,5.75,206.0,4.0,1,299.0,0.0,0.0,0.0
350.1666666666667,7.333333333333333,392.0,4.0,1,202.0,0.0,0.0,0.0
270.3333333333333,5.0,357.0,2.0,0,88.0,0.0,0.0,0.0
536.75,5.0,468.0,4.0,1,789.0,0.0,0.0,0.0
71.5,3.5,206.0,3.5,0,1280.0,55.0,0.0,0.0
371.75,9.0,284.0,4.0,0,876.0,0.0,0.0,0.0
1581.0,28.2,1183.0,5.0,1,119.0,0.0,0.0,0.0
77.0,1.0,288.0,4.0,1,1311.0,40.0,0.0,0.0
628.5,4.5,577.0,4.0,1,847.0,0.0,0.0,0.0
501.1666666666667,12.0,539.0,4.0,1,307.0,0.0,0.0,0.0
415.25,4.5,48.0,4.0,1,1027.0,0.0,0.0,0.0
333.25,5.0,506.0,4.0,1,833.0,0.0,0.0,0.0
273.0,6.0,711.0,4.0,1,723.0,0.0,0.0,0.0
520.0,3.5,559.0,4.0,1,172.0,0.0,0.0,0.0
131.25,2.0,23.0,4.0,1,136.0,0.0,0.0,0.0
155.25,3.5,141.0,4.0,0,123.0,17.5,1.0,0.0
428.25,5.5,459.0,2.0,0,585.0,0.0,0.0,0.0
602.0,5.5,307.0,2.6666666666666665,0,1133.0,0.0,0.0,0.0
980.75,8.5,2223.0,4.0,0,4144.0,0.0,0.0,0.0
171.0,3.6,645.0,4.0,0,357.0,25.40909090909091,17.0,0.0
15.25,1.5,59.0,4.0,1,995.0,123.0,0.0,0.0
247.5,6.5,137.0,4.0,1,162.0,0.0,0.0,0.0
604.75,9.25,0.0,4.0,1,605.0,0.0,0.0,0.0
508.6666666666667,5.25,493.0,4.0,1,880.0,0.0,0.0,0.0
930.0,13.5,1652.0,4.0,0,3020.0,0.0,0.0,0.0
32.75,7.666666666666667,101.0,2.0,1,1088.0,0.0,0.0,0.0
451.0,3.5,151.0,4.0,0,1129.0,0.0,0.0,0.0
112.0,0.5,252.0,4.0,0,214.0,0.0,0.0,0.0
63.0,2.0,707.0,2.0,1,719.0,44.8421052631579,13.0,0.0
332.1666666666667,5.0,952.0,4.0,1,968.0,0.0,0.0,0.0
730.625,6.0,1429.0,2.0,1,52.0,0.0,0.0,0.0
351.5,6.5,702.0,4.0,1,872.0,0.0,0.0,0.0
48.25,2.0,25.0,4.0,1,324.0,17.2,9.0,0.0
411.75,5.0,159.0,4.0,1,1096.0,0.0,0.0,0.0
762.3333333333334,5.666666666666667,924.0,4.0,1,1930.0,0.0,0.0,0.0
366.75,12.333333333333334,426.0,4.0,1,699.0,0.0,0.0,0.0
509.0,5.5,123.0,4.0,0,518.0,0.0,0.0,0.0
647.75,8.333333333333334,8.0,4.0,1,447.0,0.0,0.0,0.0
778.25,16.0,1193.0,2.0,0,1102.0,0.0,0.0,0.0
180.25,3.25,442.0,4.0,0,347.0,0.0,0.0,0.0
832.25,2.75,962.0,4.0,1,3042.0,0.0,0.0,0.0
155.5,3.0,600.0,4.0,1,302.0,0.0,0.0,0.0
705.8333333333334,7.75,1066.0,4.5,1,1831.0,0.0,0.0,0.0
847.3333333333334,9.5,1770.0,5.0,0,1650.0,0.0,0.0,0.0
518.75,4.333333333333333,292.0,4.5,0,1632.0,42.0,2.0,0.0
149.0,1.5,45.0,4.0,1,527.0,0.0,0.0,0.0
770.2,9.8,1394.0,4.0,1,159.0,0.0,0.0,0.0
101.0,2.0,196.0,2.6666666666666665,1,53.0,31.0,10.0,0.0
135.33333333333334,4.5,462.0,4.0,1,523.0,0.0,0.0,0.0
147.5,3.0,960.0,4.0,1,91.0,28.375,11.0,0.0
1351.5,17.0,1196.0,4.0,0,1807.0,0.0,0.0,0.0
158.75,4.0,358.0,4.0,1,260.0,28.0,5.0,0.0
603.75,3.5,785.0,4.0,0,1017.0,0.0,0.0,0.0
41.0,2.0,129.0,4.0,1,146.0,0.0,0.0,0.0
1069.0,21.0,2420.0,4.0,1,920.0,0.0,0.0,0.0
415.75,8.0,578.0,4.0,1,646.0,0.0,0.0,0.0
510.75,6.5,489.0,4.0,1,88.0,0.0,0.0,0.0
390.25,5.5,394.0,4.0,1,467.0,0.0,0.0,0.0
386.75,5.0,221.0,4.0,0,314.0,28.0,3.0,0.0
24.5,1.0,583.0,4.0,0,257.0,25.375,17.0,0.0
1115.6666666666667,11.25,1608.0,4.5,1,200.0,0.0,0.0,0.0
72.0,5.0,730.0,3.5,1,417.0,33.90909090909091,3.0,0.0
718.75,6.0,749.0,4.0,0,846.0,0.0,0.0,0.0
12.0,2.0,296.0,4.5,1,647.0,28.13636363636364,14.0,0.0
347.0,4.5,104.0,2.0,1,231.0,0.0,0.0,0.0
1473.5,11.0,676.0,4.0,0,1493.0,0.0,0.0,0.0
544.75,5.5,285.0,2.0,1,360.0,0.0,0.0,0.0
274.5,5.0,1003.0,4.0,1,84.0,0.0,0.0,0.0
107.66666666666669,2.0,233.0,4.0,1,902.0,14.333333333333334,1.0,0.0
402.3333333333333,5.5,241.0,4.0,1,292.0,0.0,0.0,0.0
296.0,4.5,461.0,4.0,0,238.0,0.0,0.0,0.0
191.16666666666663,3.0,467.0,4.0,1,346.0,0.0,0.0,0.0
211.0,5.0,282.0,4.0,1,269.0,0.0,0.0,0.0
514.0,4.5,490.0,4.0,1,289.0,0.0,0.0,0.0
435.0,8.0,465.0,2.0,1,102.0,0.0,0.0,0.0
8.5,3.5,222.0,4.0,0,1125.0,21.27272727272728,16.0,0.0
319.0,1.0,124.0,4.0,1,158.0,0.0,0.0,0.0
1045.0,16.0,1882.0,4.0,1,1937.0,0.0,0.0,0.0
332.8333333333333,4.5,260.0,2.0,1,35.0,0.0,0.0,0.0
10.75,3.0,516.0,4.0,1,657.0,25.666666666666668,19.0,0.0
1145.3333333333333,11.0,891.0,4.0,1,965.0,0.0,0.0,0.0
618.5,11.0,670.0,4.5,1,2470.0,0.0,0.0,0.0
1046.0,12.5,1017.0,4.0,1,2543.0,0.0,0.0,0.0
183.66666666666663,4.0,259.0,4.0,1,65.0,0.0,0.0,0.0
460.5,3.5,0.0,4.0,1,925.0,0.0,0.0,0.0
63.0,2.5,638.0,2.0,0,84.0,27.526315789473685,12.0,0.0
536.0,6.5,198.0,2.0,1,249.0,0.0,0.0,0.0
129.75,4.5,430.0,4.0,0,209.0,15.0,0.0,0.0
695.75,8.0,698.0,4.0,1,1707.0,0.0,0.0,0.0
103.5,1.5,673.0,3.5,1,873.0,24.0,2.0,0.0
149.0,6.0,1082.0,4.0,1,458.0,20.0,10.0,0.0
670.5,6.0,363.0,4.0,0,1420.0,0.0,0.0,0.0
260.75,3.0,154.0,4.0,1,175.0,0.0,0.0,0.0
245.0,2.5,784.0,4.0,1,1001.0,0.0,0.0,0.0
458.5,5.0,130.0,4.0,0,191.0,0.0,0.0,0.0
696.75,7.75,972.0,4.0,1,1420.0,0.0,0.0,0.0
567.75,3.5,236.0,4.0,1,865.0,0.0,0.0,0.0
613.8333333333334,5.333333333333333,442.0,4.0,1,470.0,0.0,0.0,0.0
158.0,4.0,160.0,2.0,0,0.0,15.5,0.0,0.0
712.6,9.0,965.0,4.0,1,516.0,0.0,0.0,0.0
65.0,2.5,345.0,3.0,1,462.0,0.0,0.0,0.0
1613.5,18.75,308.0,4.0,1,675.0,0.0,0.0,0.0
914.6666666666666,9.0,1840.0,4.0,1,3704.0,0.0,0.0,0.0
492.0,9.0,23.0,4.0,1,103.0,0.0,0.0,0.0
488.4,6.75,416.0,4.0,0,341.0,0.0,0.0,0.0
985.5,17.2,369.0,5.0,1,1160.0,0.0,0.0,0.0
1018.5,13.0,496.0,5.0,1,925.0,0.0,0.0,0.0
624.0,9.0,761.0,4.0,1,1807.0,0.0,0.0,0.0
107.66666666666669,1.5,149.0,4.0,1,95.0,22.142857142857142,3.0,0.0
343.5,4.5,300.0,4.0,1,160.0,20.0,1.0,0.0
68.7,4.5,106.0,3.5,1,1181.0,0.0,0.0,0.0
877.0,5.0,819.0,4.0,1,440.0,0.0,0.0,0.0
96.5,2.0,200.0,2.6666666666666665,1,16.0,0.0,0.0,0.0
720.0,10.0,499.0,4.5,0,3027.0,0.0,0.0,0.0
699.0,6.75,674.0,4.0,0,933.0,0.0,0.0,0.0
476.0,3.5,471.0,4.0,1,966.0,0.0,0.0,0.0
585.0,8.5,333.0,4.0,1,992.0,0.0,0.0,0.0
485.75,2.5,342.0,4.0,1,664.0,0.0,0.0,0.0
719.25,6.5,996.0,4.0,1,1644.0,0.0,0.0,0.0
164.33333333333334,3.5,774.0,4.0,0,366.0,16.764705882352942,10.0,0.0
694.75,14.5,497.0,5.0,1,1190.0,0.0,0.0,0.0
149.5,4.5,833.0,4.0,0,238.0,0.0,0.0,0.0
441.6666666666667,3.5,614.0,2.0,1,5.0,0.0,0.0,0.0
507.5,4.5,1.0,4.0,1,108.0,0.0,0.0,0.0
639.0,5.0,315.0,4.5,1,1373.0,0.0,0.0,0.0
809.5,8.333333333333334,726.0,4.0,0,3482.0,0.0,0.0,0.0
682.75,20.666666666666668,803.0,5.0,0,1414.0,0.0,0.0,0.0
368.5,5.5,510.0,4.0,1,843.0,0.0,0.0,0.0
515.25,4.0,0.0,4.0,1,624.0,0.0,0.0,0.0
1322.8333333333333,12.75,985.0,4.0,0,1134.0,0.0,0.0,0.0
473.25,5.333333333333333,277.0,4.0,1,168.0,0.0,0.0,0.0
354.25,5.5,427.0,4.0,0,369.0,0.0,0.0,0.0
153.33333333333334,1.0,287.0,4.0,1,256.0,24.9,7.0,0.0
812.0,8.5,1013.0,5.0,1,1454.0,0.0,0.0,0.0
372.1666666666667,4.333333333333333,773.0,4.0,1,422.0,0.0,0.0,0.0
201.0,3.0,228.0,4.0,1,292.0,27.33333333333333,2.0,0.0
35.5,1.0,334.0,4.0,1,536.0,14.93939393939394,16.0,0.0
291.5,2.5,105.0,2.0,1,54.0,0.0,0.0,0.0
598.5,3.6666666666666665,144.0,4.0,1,888.0,0.0,0.0,0.0
270.5,7.0,691.0,4.0,1,630.0,0.0,0.0,0.0
102.5,1.0,355.0,4.0,1,807.0,47.6,2.0,0.0
1202.0,11.0,1251.0,4.0,1,832.0,0.0,0.0,0.0
1347.75,8.5,675.0,4.0,1,835.0,0.0,0.0,0.0
29.625,1.5,989.0,4.0,0,1168.0,0.0,0.0,0.0
559.25,6.0,301.0,5.0,0,1688.0,0.0,0.0,0.0
1066.25,20.5,1746.0,5.0,1,3.0,0.0,0.0,0.0
540.0,4.0,61.0,4.0,1,350.0,0.0,0.0,0.0
379.5,4.0,249.0,4.0,1,729.0,0.0,0.0,0.0
711.75,9.5,777.0,4.0,1,233.0,0.0,0.0,0.0
548.75,5.0,153.0,4.0,1,206.0,0.0,0.0,0.0
689.5,8.5,1285.0,4.5,1,1329.0,0.0,0.0,0.0
98.33333333333331,2.5,10.0,3.5,1,263.0,0.0,0.0,0.0
551.0,11.75,336.0,4.5,1,862.0,0.0,0.0,0.0
1525.0,18.5,597.0,4.5,0,273.0,0.0,0.0,0.0
632.75,8.666666666666666,806.0,4.0,1,1871.0,0.0,0.0,0.0
58.5,18.33333333333333,330.0,4.5,0,915.0,0.0,0.0,0.0
88.5,1.5,344.0,4.0,1,452.0,26.4,16.0,0.0
222.66666666666663,4.0,618.0,4.0,1,507.0,0.0,0.0,0.0
780.1666666666666,5.5,1566.0,4.0,1,2601.0,0.0,0.0,0.0
184.0,4.0,821.0,4.0,0,37.0,0.0,0.0,0.0
1199.0,8.5,526.0,4.0,1,2414.0,0.0,0.0,0.0
329.8,2.5,191.0,4.0,1,172.0,36.8,4.0,0.0
360.0,4.5,272.0,4.0,1,1203.0,0.0,0.0,0.0
553.25,19.0,662.0,5.0,0,2046.0,0.0,0.0,0.0
139.0,1.5,237.0,4.0,1,416.0,0.0,0.0,0.0
653.25,7.666666666666667,653.0,4.5,0,1522.0,0.0,0.0,0.0
609.5,6.0,230.0,4.0,0,1129.0,0.0,0.0,0.0
177.0,4.0,465.0,4.0,1,286.0,29.21052631578948,11.0,0.0
259.25,4.0,152.0,4.0,1,269.0,0.0,0.0,0.0
373.75,3.0,405.0,4.0,0,958.0,0.0,0.0,0.0
736.25,10.75,1146.0,4.0,1,123.0,0.0,0.0,0.0
57.5,1.3333333333333333,895.0,2.0,1,36.0,23.72222222222222,9.0,0.0
613.3333333333334,5.5,178.0,4.0,0,1249.0,0.0,0.0,0.0
5.0,1.5,712.0,2.5,1,492.0,43.0,6.0,0.0
607.25,3.5,1170.0,4.0,0,2188.0,0.0,0.0,0.0
1003.75,10.5,964.0,4.5,1,1626.0,0.0,0.0,0.0
254.75,4.5,323.0,4.0,1,337.0,0.0,0.0,0.0
197.3333333333333,3.5,699.0,4.0,1,97.0,0.0,0.0,0.0
742.0,8.333333333333334,1194.0,4.0,0,2139.0,0.0,0.0,0.0
495.5,6.0,309.0,2.0,0,6.0,0.0,0.0,0.0
476.5,5.5,305.0,4.0,0,246.0,0.0,0.0,0.0
58.5,1.5,116.0,4.0,0,308.0,26.90625,22.0,0.0
198.8333333333333,5.0,200.0,4.0,1,185.0,0.0,0.0,0.0
342.5,3.5,146.0,4.0,1,167.0,31.142857142857142,4.0,0.0
647.1666666666666,8.75,724.0,2.0,1,838.0,0.0,0.0,0.0
760.75,5.0,720.0,4.0,1,1940.0,0.0,0.0,0.0
698.25,5.5,434.0,4.0,0,1517.0,0.0,0.0,0.0
351.6666666666667,5.5,535.0,4.0,1,300.0,0.0,0.0,0.0
287.6666666666667,3.5,328.0,4.0,1,421.0,0.0,0.0,0.0
61.0,1.0,500.0,4.0,1,197.0,30.166666666666668,5.0,0.0
777.0,11.75,1534.0,4.0,0,1679.0,0.0,0.0,0.0
154.66666666666666,1.5,537.0,4.0,1,191.0,107.0,5.0,0.0
53.0,1.5,647.0,4.0,1,452.0,25.607142857142858,13.0,0.0
1284.3333333333333,9.5,1074.0,4.0,1,408.0,0.0,0.0,0.0
280.0,4.5,175.0,4.0,1,886.0,0.0,0.0,0.0
213.75,4.25,830.0,4.0,0,170.0,0.0,0.0,0.0
118.33333333333331,1.5,101.0,4.0,1,134.0,17.666666666666668,1.0,0.0
22.25,1.5,419.0,4.0,1,394.0,0.0,0.0,0.0
444.25,5.5,80.0,4.0,1,259.0,0.0,0.0,0.0
162.5,4.0,79.0,4.0,1,26.0,14.0,5.0,0.0
518.1666666666666,4.5,168.0,4.0,0,445.0,0.0,0.0,0.0
372.25,5.0,186.0,4.0,1,82.0,0.0,0.0,0.0
120.0,2.0,37.0,4.0,1,282.0,0.0,0.0,0.0
778.25,4.5,1732.0,4.0,1,2516.0,0.0,0.0,0.0
1115.5,24.0,653.0,4.0,1,698.0,0.0,0.0,0.0
831.5,11.0,1865.0,4.0,1,1202.0,0.0,0.0,0.0
679.8333333333334,11.333333333333334,965.0,4.0,1,1237.0,0.0,0.0,0.0
188.0,6.0,354.0,4.0,1,252.0,0.0,0.0,0.0
329.75,4.0,393.0,2.0,1,65.0,0.0,0.0,0.0
355.6666666666667,5.0,685.0,4.0,1,223.0,0.0,0.0,0.0
522.6666666666666,6.75,800.0,4.5,1,1898.0,0.0,0.0,0.0
308.0,6.0,532.0,4.0,0,812.0,0.0,0.0,0.0
368.0,4.0,702.0,4.0,1,324.0,0.0,0.0,0.0
146.33333333333334,9.0,339.0,4.0,1,488.0,17.0,1.0,0.0
577.3333333333334,9.333333333333334,67.0,4.0,0,1125.0,0.0,0.0,0.0
1272.75,8.0,1270.0,4.0,1,435.0,0.0,0.0,0.0
350.1666666666667,6.5,543.0,2.0,1,318.0,0.0,0.0,0.0
622.6666666666666,17.0,373.0,5.0,1,1997.0,0.0,0.0,0.0
93.75,2.5,517.0,4.0,0,188.0,24.28,14.0,0.0
417.25,3.0,277.0,4.0,1,607.0,0.0,0.0,0.0
397.25,6.2,160.0,4.0,0,185.0,0.0,0.0,0.0
895.5,18.666666666666668,709.0,5.0,1,1275.0,0.0,0.0,0.0
721.4444444444445,5.5,1165.0,4.5,1,1900.0,0.0,0.0,0.0
625.0,2.5,477.0,4.0,1,478.0,0.0,0.0,0.0
977.1666666666666,10.666666666666666,1369.0,4.0,0,2823.0,0.0,0.0,0.0
175.0,4.4,843.0,4.0,1,325.0,0.0,0.0,0.0
58.0,2.0,177.0,4.0,1,273.0,0.0,0.0,0.0
161.66666666666666,4.5,1049.0,4.0,1,641.0,7.0,1.0,0.0
360.2,4.0,102.0,2.6666666666666665,0,28.0,0.0,0.0,0.0
352.5,4.5,457.0,4.0,1,312.0,0.0,0.0,0.0
663.0,8.0,109.0,4.0,1,1050.0,0.0,0.0,0.0
873.6666666666666,11.0,1661.0,4.5,0,1709.0,0.0,0.0,0.0
816.25,10.0,1954.0,4.0,1,2024.0,0.0,0.0,0.0
408.5,2.5,500.0,4.0,1,106.0,0.0,0.0,0.0
577.25,3.0,516.0,4.0,0,1432.0,0.0,0.0,0.0
589.25,9.0,569.0,4.0,0,879.0,0.0,0.0,0.0
857.25,6.0,1978.0,4.0,1,2971.0,0.0,0.0,0.0
1264.6666666666667,12.333333333333334,948.0,4.0,1,1237.0,0.0,0.0,0.0
162.0,7.75,368.0,4.0,1,264.0,0.0,0.0,0.0
68.0,3.6666666666666665,283.0,4.0,1,109.0,0.0,0.0,0.0
36.16666666666666,3.0,602.0,4.0,1,582.0,50.0,1.0,0.0
637.6666666666666,5.5,623.0,4.0,1,917.0,0.0,0.0,0.0
297.1666666666667,6.333333333333333,133.0,4.0,0,357.0,0.0,0.0,0.0
12.0,3.0,329.0,4.0,1,1027.0,18.0,5.0,0.0
1033.5,16.5,494.0,4.5,1,799.0,0.0,0.0,0.0
1234.75,8.5,1005.0,4.0,0,1004.0,0.0,0.0,0.0
48.25,14.333333333333334,278.0,3.0,0,785.0,0.0,0.0,0.0
107.0,0.5,461.0,4.0,1,267.0,0.0,0.0,0.0
823.5,9.5,1216.0,4.0,1,667.0,0.0,0.0,0.0
375.25,9.5,202.0,4.0,1,363.0,0.0,0.0,0.0
1703.5,24.0,1142.0,2.5,1,113.0,0.0,0.0,0.0
501.0,7.75,701.0,4.0,1,1192.0,0.0,0.0,0.0
669.75,7.666666666666667,150.0,4.0,1,64.0,0.0,0.0,0.0
240.25,5.5,207.0,4.0,0,603.0,0.0,0.0,0.0
1288.5,10.5,1990.0,4.0,0,1049.0,0.0,0.0,0.0
779.1666666666666,5.25,894.0,4.0,1,2137.0,0.0,0.0,0.0
699.3333333333334,5.0,758.0,4.0,0,1561.0,0.0,0.0,0.0
544.8333333333334,4.0,661.0,5.0,1,1357.0,0.0,0.0,0.0
868.0,6.0,1377.0,4.0,1,3928.0,0.0,0.0,0.0
34.75,1.0,646.0,4.0,0,157.0,25.57894736842105,11.0,0.0
655.75,11.0,1197.0,4.0,0,1305.0,0.0,0.0,0.0
379.0,12.0,381.0,4.0,1,806.0,0.0,0.0,0.0
375.5,4.5,654.0,4.0,0,310.0,0.0,0.0,0.0
361.0,3.5,91.0,4.0,1,210.0,32.7,7.0,0.0
138.0,3.5,697.0,4.0,1,165.0,0.0,0.0,0.0
262.8333333333333,10.0,289.0,4.0,0,854.0,0.0,0.0,0.0
1203.8333333333333,23.25,1380.0,5.0,1,45.0,0.0,0.0,0.0
816.25,10.0,1255.0,4.0,0,866.0,0.0,0.0,0.0
1070.25,19.75,454.0,4.0,1,562.0,0.0,0.0,0.0
643.0,4.666666666666667,220.0,4.0,1,467.0,0.0,0.0,0.0
695.1666666666666,13.166666666666666,996.0,4.5,1,910.0,0.0,0.0,0.0
486.1666666666667,5.5,127.0,4.0,0,537.0,0.0,0.0,0.0
273.3333333333333,2.5,1061.0,2.0,1,50.0,0.0,0.0,0.0
258.0,3.5,401.0,2.0,1,63.0,0.0,0.0,0.0
254.5,3.0,306.0,4.0,0,193.0,0.0,0.0,0.0
457.75,7.0,34.0,4.0,1,500.0,0.0,0.0,0.0
28.33333333333333,1.5,1087.0,4.5,1,563.0,25.6875,7.0,0.0
367.0,10.333333333333334,164.0,4.0,0,500.0,0.0,0.0,0.0
1224.0,8.0,1252.0,4.5,0,688.0,0.0,0.0,0.0
770.0,12.5,1431.0,2.6666666666666665,0,616.0,0.0,0.0,0.0
118.16666666666669,4.0,491.0,2.0,0,17.0,21.666666666666668,5.0,0.0
76.5,1.5,1045.0,4.0,1,109.0,25.642857142857142,11.0,0.0
536.75,6.75,413.0,4.0,1,1238.0,0.0,0.0,0.0
674.0,6.0,867.0,4.5,1,1651.0,0.0,0.0,0.0
719.75,7.0,653.0,4.0,1,649.0,0.0,0.0,0.0
146.0,2.0,223.0,4.0,1,121.0,0.0,0.0,0.0
77.25,2.0,900.0,4.0,0,561.0,32.523809523809526,13.0,0.0
425.25,5.5,330.0,4.0,1,658.0,0.0,0.0,0.0
510.25,6.0,232.0,3.5,1,469.0,0.0,0.0,0.0
412.25,4.666666666666667,226.0,4.0,0,303.0,0.0,0.0,0.0
404.0,8.333333333333334,108.0,4.0,0,416.0,0.0,0.0,0.0
316.75,5.0,0.0,2.0,0,36.0,0.0,0.0,0.0
519.1666666666666,4.0,578.0,4.0,0,530.0,0.0,0.0,0.0
158.5,1.5,472.0,4.0,1,389.0,17.666666666666668,3.0,0.0
667.0,12.5,1036.0,4.0,1,849.0,0.0,0.0,0.0
357.75,4.5,422.0,4.0,1,1219.0,0.0,0.0,0.0
204.75,2.5,250.0,3.5,0,54.0,0.0,0.0,0.0
467.75,6.0,257.0,4.0,0,385.0,0.0,0.0,0.0
537.5,8.0,342.0,4.0,1,450.0,0.0,0.0,0.0
34.0,1.5,514.0,4.0,1,159.0,0.0,0.0,0.0
258.6666666666667,3.0,624.0,4.0,1,147.0,34.75,3.0,0.0
206.0,5.5,291.0,4.0,1,343.0,0.0,0.0,0.0
551.0,5.5,223.0,4.0,1,287.0,0.0,0.0,0.0
552.6666666666666,5.5,125.0,2.0,1,766.0,0.0,0.0,0.0
685.75,7.333333333333333,865.0,4.0,0,1300.0,0.0,0.0,0.0
263.0,4.0,736.0,4.0,1,131.0,0.0,0.0,0.0
708.4,11.75,663.0,4.0,1,1962.0,0.0,0.0,0.0
377.75,4.5,0.0,4.0,1,724.0,0.0,0.0,0.0
231.0,4.0,502.0,4.0,0,279.0,0.0,0.0,0.0
6.333333333333333,3.0,530.0,4.5,1,306.0,31.83333333333333,12.0,0.0
366.5,3.5,52.0,4.0,0,123.0,0.0,0.0,0.0
319.5,13.0,255.0,4.0,0,228.0,0.0,0.0,0.0
571.75,10.0,215.0,4.0,1,1003.0,0.0,0.0,0.0
177.4,2.0,158.0,2.0,0,72.0,0.0,0.0,0.0
97.4,3.0,843.0,4.0,1,440.0,0.0,0.0,0.0
234.25,4.0,618.0,4.0,1,271.0,0.0,0.0,0.0
80.0,2.5,1050.0,4.0,0,288.0,25.8125,13.0,0.0
43.0,1.5,609.0,4.0,0,1040.0,0.0,0.0,0.0
684.0,16.6,407.0,4.5,1,703.0,0.0,0.0,0.0
257.25,4.666666666666667,169.0,4.0,1,61.0,0.0,0.0,0.0
874.75,12.0,1867.0,4.5,1,454.0,0.0,0.0,0.0
532.0,9.75,399.0,4.0,0,679.0,0.0,0.0,0.0
290.25,4.666666666666667,225.0,4.0,0,265.0,0.0,0.0,0.0
202.5,3.5,380.0,4.0,1,233.0,0.0,0.0,0.0
171.66666666666666,7.5,382.0,4.0,1,328.0,0.0,0.0,0.0
471.0,4.5,274.0,4.0,1,299.0,0.0,0.0,0.0
94.0,1.0,1056.0,3.5,1,569.0,35.25,5.0,0.0
92.5,4.0,213.0,4.0,1,140.0,27.785714285714285,9.0,0.0
29.5,2.5,414.0,4.5,1,278.0,27.375,7.0,0.0
298.4,4.0,731.0,4.0,1,455.0,0.0,0.0,0.0
10.75,10.0,403.0,4.0,1,759.0,0.0,0.0,0.0
188.0,3.333333333333333,422.0,4.0,0,275.0,0.0,0.0,0.0
328.0,4.0,203.0,4.0,0,282.0,0.0,0.0,0.0
428.0,4.666666666666667,457.0,2.6666666666666665,1,0.0,0.0,0.0,0.0
154.33333333333334,2.5,184.0,4.0,1,588.0,29.4,4.0,0.0
46.5,2.0,528.0,4.0,1,508.0,36.81818181818182,7.0,0.0
97.5,2.0,551.0,4.0,1,127.0,0.0,0.0,0.0
354.0,7.25,69.0,4.0,1,976.0,0.0,0.0,0.0
332.5,6.333333333333333,160.0,4.0,1,380.0,0.0,0.0,0.0
337.5,5.25,125.0,4.0,1,324.0,0.0,0.0,0.0
371.0,1.5,610.0,4.0,1,266.0,0.0,0.0,0.0
260.1666666666667,6.5,394.0,4.0,0,569.0,0.0,0.0,0.0
460.6666666666667,2.6666666666666665,67.0,4.0,0,448.0,0.0,0.0,0.0
422.3333333333333,4.0,187.0,4.0,1,227.0,0.0,0.0,0.0
1528.5,21.666666666666668,1083.0,5.0,1,57.0,0.0,0.0,0.0
495.75,4.5,193.0,3.0,0,236.0,0.0,0.0,0.0
1234.6,8.0,829.0,4.0,1,1198.0,0.0,0.0,0.0
568.0,5.5,211.0,4.0,1,412.0,0.0,0.0,0.0
1051.75,17.5,2320.0,4.0,1,939.0,0.0,0.0,0.0
569.8333333333334,5.0,162.0,2.6666666666666665,1,658.0,0.0,0.0,0.0
227.66666666666663,4.5,499.0,4.0,1,188.0,0.0,0.0,0.0
2.5,1.0,575.0,0.0,0,1053.0,0.0,0.0,0.0
26.5,1.5,382.0,4.0,1,220.0,0.0,0.0,0.0
627.0,7.5,1041.0,4.0,0,1138.0,0.0,0.0,0.0
161.0,1.0,581.0,4.0,1,206.0,0.0,0.0,0.0
613.25,5.5,733.0,4.0,1,907.0,0.0,0.0,0.0
411.75,7.0,359.0,4.0,1,482.0,0.0,0.0,0.0
1010.8,20.5,308.0,5.0,0,1009.0,0.0,0.0,0.0
97.66666666666669,1.5,593.0,4.0,0,382.0,20.071428571428573,18.0,0.0
137.25,4.0,235.0,4.0,1,431.0,49.66666666666666,5.0,0.0
691.25,7.5,895.0,4.0,1,1823.0,0.0,0.0,0.0
101.0,2.5,714.0,4.0,1,411.0,42.0,2.0,0.0
688.75,8.666666666666666,732.0,4.0,0,2140.0,0.0,0.0,0.0
1434.25,17.0,1953.0,4.0,1,520.0,0.0,0.0,0.0
582.75,3.5,0.0,4.0,1,813.0,0.0,0.0,0.0
560.6666666666666,15.0,361.0,4.0,1,293.0,0.0,0.0,0.0
565.5,6.0,109.0,4.0,0,751.0,0.0,0.0,0.0
189.3333333333333,2.5,472.0,4.0,1,149.0,28.285714285714285,7.0,0.0
520.8333333333334,6.333333333333333,283.0,2.6666666666666665,1,622.0,0.0,0.0,0.0
133.16666666666666,3.75,166.0,4.0,1,269.0,0.0,0.0,0.0
663.25,4.75,345.0,4.0,0,154.0,0.0,0.0,0.0
39.5,3.0,677.0,4.5,1,195.0,23.88235294117647,8.0,0.0
1246.25,11.5,757.0,4.0,1,1747.0,0.0,0.0,0.0
682.75,8.25,942.0,4.0,1,706.0,0.0,0.0,0.0
1122.3333333333333,8.5,723.0,4.0,1,2578.0,0.0,0.0,0.0
203.0,3.5,1263.0,4.0,1,396.0,0.0,0.0,0.0
673.0,7.5,876.0,4.0,1,1688.0,0.0,0.0,0.0
1198.5,9.0,1022.0,4.0,1,2861.0,0.0,0.0,0.0
471.75,7.0,78.0,4.0,1,724.0,0.0,0.0,0.0
400.0,7.666666666666667,33.0,4.0,1,311.0,0.0,0.0,0.0
1264.6,9.5,652.0,5.0,0,2212.0,0.0,0.0,0.0
888.75,13.666666666666666,1115.0,5.0,1,1607.0,0.0,0.0,0.0
229.75,4.0,109.0,2.0,1,36.0,39.5,5.0,0.0
32.0,2.5,565.0,4.0,1,1135.0,0.0,0.0,0.0
197.5,7.5,519.0,4.0,1,183.0,0.0,0.0,0.0
474.25,16.25,129.0,4.0,1,250.0,0.0,0.0,0.0
277.5,4.5,629.0,4.0,0,104.0,0.0,0.0,0.0
149.66666666666666,1.0,158.0,4.0,1,283.0,20.666666666666668,14.0,0.0
248.0,4.333333333333333,579.0,2.6666666666666665,0,39.0,0.0,0.0,0.0
297.0,6.0,623.0,4.0,1,583.0,0.0,0.0,0.0
277.5,4.0,1183.0,4.0,1,603.0,0.0,0.0,0.0
430.0,3.5,0.0,4.0,1,314.0,0.0,0.0,0.0
417.1666666666667,4.0,206.0,4.0,0,1063.0,0.0,0.0,0.0
46.0,4.8,199.0,4.5,1,83.0,0.0,0.0,0.0
132.5,3.0,810.0,4.0,1,145.0,0.0,0.0,0.0
238.0,3.0,893.0,4.0,1,227.0,0.0,0.0,0.0
748.5,8.0,879.0,4.0,1,1828.0,0.0,0.0,0.0
78.5,2.5,427.0,4.0,1,850.0,33.8,3.0,0.0
607.0,7.0,276.0,4.0,1,479.0,0.0,0.0,0.0
298.3333333333333,4.0,83.0,4.0,1,1015.0,0.0,0.0,0.0
266.6666666666667,4.0,559.0,4.0,1,336.0,0.0,0.0,0.0
831.0,16.75,1431.0,4.0,0,177.0,0.0,0.0,0.0
551.0,4.0,45.0,4.5,0,1212.0,0.0,0.0,0.0
130.0,3.25,634.0,4.0,1,165.0,17.666666666666668,1.0,0.0
451.5,7.0,153.0,4.0,1,9.0,0.0,0.0,0.0
6.0,3.0,81.0,4.5,1,148.0,31.33333333333333,10.0,0.0
739.0,7.0,1344.0,4.0,0,147.0,0.0,0.0,0.0
564.0,5.0,54.0,4.0,1,499.0,0.0,0.0,0.0
638.0,9.5,605.0,2.0,1,1248.0,0.0,0.0,0.0
1030.0,6.666666666666667,2007.0,4.0,1,3880.0,0.0,0.0,0.0
242.0,1.5,251.0,4.0,1,791.0,0.0,0.0,0.0
370.5,4.0,300.0,4.0,1,125.0,0.0,0.0,0.0
41.333333333333336,1.5,0.0,4.0,0,181.0,0.0,0.0,0.0
289.5,3.5,166.0,2.0,1,56.0,0.0,0.0,0.0
367.5,5.0,554.0,4.0,1,701.0,0.0,0.0,0.0
169.0,4.5,947.0,4.0,0,340.0,0.0,0.0,0.0
895.25,8.75,1376.0,4.5,1,3649.0,0.0,0.0,0.0
799.25,11.2,1410.0,4.0,1,2688.0,0.0,0.0,0.0
198.0,5.0,136.0,2.0,0,20.0,31.0,2.0,0.0
289.0,3.0,52.0,4.0,0,469.0,0.0,0.0,0.0
193.88888888888889,3.5,792.0,4.0,1,72.0,0.0,0.0,0.0
694.25,8.666666666666666,1274.0,4.0,1,1324.0,0.0,0.0,0.0
343.75,7.5,186.0,4.0,1,465.0,0.0,0.0,0.0
335.75,5.5,359.0,4.0,1,184.0,0.0,0.0,0.0
282.25,6.333333333333333,924.0,4.0,1,943.0,0.0,0.0,0.0
119.0,5.0,693.0,4.0,1,193.0,4.0,1.0,0.0
599.5,2.5,448.0,4.0,0,1144.0,0.0,0.0,0.0
85.75,5.5,575.0,4.5,1,450.0,28.11111111111111,9.0,0.0
639.5,6.5,676.0,4.0,1,560.0,0.0,0.0,0.0
576.8,8.5,57.0,2.0,1,1017.0,0.0,0.0,0.0
508.6666666666667,2.0,3.0,4.0,1,596.0,0.0,0.0,0.0
716.0,10.5,1255.0,2.0,0,1454.0,0.0,0.0,0.0
316.5,4.0,77.0,4.0,1,309.0,0.0,0.0,0.0
174.83333333333334,2.5,710.0,4.0,0,182.0,18.571428571428573,11.0,0.0
478.5,11.285714285714286,225.0,4.0,0,798.0,0.0,0.0,0.0
264.0,2.5,85.0,2.0,1,36.0,0.0,0.0,0.0
205.25,2.5,415.0,4.0,1,349.0,0.0,0.0,0.0
980.3333333333334,9.5,2023.0,4.0,1,3736.0,0.0,0.0,0.0
183.66666666666663,2.5,501.0,4.0,1,274.0,52.5,1.0,0.0
654.25,9.0,148.0,4.0,1,646.0,0.0,0.0,0.0
321.5,4.5,387.0,4.0,1,1327.0,0.0,0.0,0.0
385.25,4.5,201.0,4.0,1,819.0,0.0,0.0,0.0
59.5,2.0,167.0,4.0,1,630.0,44.57142857142857,4.0,0.0
67.25,3.0,633.0,4.0,1,653.0,28.0,8.0,0.0
65.0,4.333333333333333,700.0,4.0,0,406.0,29.0,7.0,0.0
657.0,7.5,531.0,4.5,1,454.0,0.0,0.0,0.0
491.25,7.0,679.0,4.0,1,1097.0,0.0,0.0,0.0
466.0,13.25,219.0,4.0,1,211.0,0.0,0.0,0.0
102.0,3.0,389.0,3.0,0,108.0,42.2,6.0,0.0
551.75,4.0,212.0,2.0,1,97.0,0.0,0.0,0.0
256.8,2.5,508.0,4.0,1,130.0,0.0,0.0,0.0
170.83333333333334,3.0,398.0,2.0,0,44.0,0.0,0.0,0.0
37.66666666666666,6.0,534.0,4.0,0,107.0,0.0,0.0,0.0
686.1666666666666,5.8,1133.0,4.0,1,1542.0,0.0,0.0,0.0
563.5,5.5,80.0,4.0,1,498.0,0.0,0.0,0.0
610.5,3.5,548.0,4.0,1,832.0,0.0,0.0,0.0
987.75,25.0,300.0,5.0,1,755.0,0.0,0.0,0.0
581.0,11.0,658.0,4.0,0,374.0,0.0,0.0,0.0
609.5,5.0,309.0,4.0,1,709.0,0.0,0.0,0.0
92.5,2.5,590.0,2.0,1,2.0,0.0,0.0,0.0
912.375,14.25,1668.0,4.5,1,3655.0,0.0,0.0,0.0
830.6666666666666,13.125,1855.0,4.0,1,2005.0,0.0,0.0,0.0
410.1666666666667,5.0,663.0,2.6666666666666665,1,22.0,0.0,0.0,0.0
235.75,3.5,695.0,4.0,1,231.0,22.0,10.0,0.0
1205.0,7.666666666666667,719.0,4.0,1,1115.0,0.0,0.0,0.0
513.0,2.5,370.0,4.0,1,580.0,0.0,0.0,0.0
39.2,2.0,74.0,4.0,0,323.0,3.333333333333333,1.0,0.0
41.0,4.0,579.0,2.0,1,118.0,27.535714285714285,17.0,0.0
851.0,11.75,1228.0,4.5,1,2928.0,0.0,0.0,0.0
129.75,8.25,125.0,4.0,0,109.0,0.0,0.0,0.0
206.5,4.0,532.0,4.0,0,522.0,0.0,0.0,0.0
347.0,5.0,304.0,4.0,1,277.0,0.0,0.0,0.0
358.0,12.25,369.0,4.0,0,734.0,0.0,0.0,0.0
148.0,1.5,326.0,4.0,1,419.0,0.0,0.0,0.0
288.8333333333333,5.5,550.0,4.0,0,317.0,0.0,0.0,0.0
539.6666666666666,5.0,14.0,2.0,1,513.0,0.0,0.0,0.0
583.25,6.5,924.0,4.0,1,1185.0,0.0,0.0,0.0
228.0,2.5,618.0,4.0,0,587.0,0.0,0.0,0.0
1168.25,10.0,607.0,4.0,1,1192.0,0.0,0.0,0.0
601.5,6.5,478.0,3.0,1,1049.0,0.0,0.0,0.0
452.0,6.25,0.0,4.0,1,345.0,0.0,0.0,0.0
384.25,4.333333333333333,136.0,2.0,1,822.0,0.0,0.0,0.0
179.0,4.666666666666667,768.0,2.0,1,0.0,0.0,0.0,0.0
221.66666666666663,3.0,402.0,3.5,0,100.0,0.0,0.0,0.0
701.75,6.0,1369.0,2.0,0,1850.0,0.0,0.0,0.0
224.75,3.0,216.0,4.0,1,270.0,0.0,0.0,0.0
58.5,10.75,348.0,4.0,0,434.0,0.0,0.0,0.0
595.0,3.5,1257.0,4.0,1,2388.0,0.0,0.0,0.0
540.5555555555555,4.5,156.0,4.0,0,275.0,0.0,0.0,0.0
231.5,3.0,686.0,4.0,1,648.0,0.0,0.0,0.0
54.0,2.0,178.0,4.0,1,506.0,22.4,3.0,0.0
1107.6,8.25,1235.0,4.5,0,579.0,0.0,0.0,0.0
49.833333333333336,2.5,293.0,4.0,0,760.0,21.695652173913043,15.0,0.0
50.66666666666666,6.0,1167.0,4.0,0,379.0,0.0,0.0,0.0
97.16666666666669,2.5,438.0,4.0,0,455.0,7.5,0.0,0.0
577.75,5.0,260.0,4.0,1,707.0,0.0,0.0,0.0
364.75,4.333333333333333,122.0,4.0,1,343.0,0.0,0.0,0.0
687.25,5.5,558.0,4.0,1,1448.0,0.0,0.0,0.0
1007.8333333333334,10.0,876.0,4.0,1,2034.0,0.0,0.0,0.0
5.5,6.5,401.0,0.0,0,842.0,0.0,0.0,0.0
1051.75,14.5,715.0,4.0,1,2165.0,0.0,0.0,0.0
353.25,5.0,131.0,4.0,1,493.0,0.0,0.0,0.0
348.75,6.0,104.0,4.0,1,523.0,0.0,0.0,0.0
664.0,9.5,304.0,4.0,1,340.0,0.0,0.0,0.0
515.75,5.5,578.0,4.0,0,430.0,0.0,0.0,0.0
223.5,4.5,218.0,4.0,1,229.0,0.0,0.0,0.0
722.6666666666666,7.0,962.0,4.0,1,537.0,0.0,0.0,0.0
668.0,8.0,1021.0,2.0,1,1726.0,0.0,0.0,0.0
964.6,15.75,347.0,4.5,1,826.0,0.0,0.0,0.0
13.833333333333334,4.333333333333333,51.0,4.0,1,120.0,22.655172413793103,20.0,0.0
378.25,12.0,878.0,4.0,1,620.0,0.0,0.0,0.0
257.25,2.5,384.0,4.0,1,143.0,26.0,1.0,0.0
218.0,4.0,1143.0,4.0,1,540.0,0.0,0.0,0.0
227.0,4.333333333333333,160.0,4.0,0,113.0,0.0,0.0,0.0
472.5,3.25,222.0,4.0,1,625.0,0.0,0.0,0.0
76.5,3.5,487.0,2.0,0,17.0,0.0,0.0,0.0
538.3333333333334,4.0,531.0,4.0,1,624.0,0.0,0.0,0.0
1184.0,28.5,778.0,4.0,1,205.0,0.0,0.0,0.0
510.0,3.5,307.0,4.0,1,322.0,0.0,0.0,0.0
263.1666666666667,2.5,377.0,4.0,1,74.0,9.0,0.0,0.0
117.5,2.0,521.0,4.0,1,219.0,22.727272727272727,5.0,0.0
34.0,3.0,456.0,4.0,0,528.0,22.857142857142858,3.0,0.0
625.125,6.5,359.0,2.0,1,1168.0,0.0,0.0,0.0
101.16666666666669,3.5,772.0,3.5,1,163.0,36.4,8.0,0.0
413.0,5.0,581.0,4.0,1,224.0,0.0,0.0,0.0
1590.4,23.0,1625.0,5.0,0,301.0,0.0,0.0,0.0
37.333333333333336,2.0,846.0,4.5,1,809.0,30.285714285714285,11.0,0.0
516.25,4.666666666666667,652.0,4.0,1,473.0,0.0,0.0,0.0
1393.75,10.5,515.0,4.0,1,565.0,0.0,0.0,0.0
163.25,3.5,612.0,4.0,1,155.0,36.0,0.0,0.0
602.4,9.5,610.0,5.0,1,1131.0,0.0,0.0,0.0
558.0,6.5,384.0,4.0,0,498.0,0.0,0.0,0.0
560.25,6.0,219.0,4.0,1,846.0,0.0,0.0,0.0
762.25,4.0,1755.0,4.0,0,2383.0,0.0,0.0,0.0
1301.5,14.75,1554.0,4.0,1,646.0,0.0,0.0,0.0
661.25,4.25,36.0,4.0,1,244.0,0.0,0.0,0.0
1006.0,13.75,2295.0,3.0,1,602.0,0.0,0.0,0.0
821.0,10.0,427.0,4.5,0,2250.0,0.0,0.0,0.0
1353.5,8.5,641.0,4.0,1,745.0,0.0,0.0,0.0
813.25,6.5,1799.0,4.0,1,2680.0,0.0,0.0,0.0
128.25,3.0,671.0,4.0,1,421.0,0.0,0.0,0.0
227.3333333333333,2.0,628.0,4.0,0,672.0,0.0,0.0,0.0
527.0,4.0,678.0,4.0,1,339.0,0.0,0.0,0.0
100.4,2.0,419.0,4.0,1,270.0,32.30769230769231,12.0,0.0
468.5,4.0,329.0,4.0,1,583.0,0.0,0.0,0.0
684.0,16.75,348.0,4.0,1,542.0,0.0,0.0,0.0
132.25,7.0,317.0,4.0,1,408.0,0.0,0.0,0.0
510.0,11.25,198.0,4.0,0,689.0,0.0,0.0,0.0
796.5,9.0,1489.0,4.0,0,474.0,0.0,0.0,0.0
591.0,7.333333333333333,352.0,4.0,1,99.0,0.0,0.0,0.0
133.5,2.5,197.0,4.0,0,498.0,0.0,0.0,0.0
567.0,5.0,104.0,4.0,1,530.0,0.0,0.0,0.0
407.6,6.666666666666667,755.0,2.0,1,423.0,0.0,0.0,0.0
61.5,2.5,482.0,4.0,0,485.0,0.0,0.0,0.0
684.5,6.5,556.0,4.0,0,1364.0,0.0,0.0,0.0
655.1666666666666,5.5,196.0,4.0,0,1251.0,0.0,0.0,0.0
514.25,5.5,992.0,4.5,0,1864.0,0.0,0.0,0.0
73.66666666666667,1.5,589.0,4.0,1,226.0,0.0,0.0,0.0
116.75,2.0,161.0,4.5,1,131.0,0.0,0.0,0.0
441.2,4.25,614.0,2.333333333333333,1,79.0,0.0,0.0,0.0
18.83333333333333,1.5,391.0,4.0,1,832.0,28.714285714285715,4.0,0.0
443.0,3.5,55.0,4.0,1,1121.0,0.0,0.0,0.0
485.0,5.5,305.0,3.0,0,182.0,0.0,0.0,0.0
172.5,5.5,62.0,4.0,1,191.0,0.0,0.0,0.0
835.5,7.0,762.0,4.0,0,3453.0,0.0,0.0,0.0
226.3333333333333,4.333333333333333,487.0,4.0,0,88.0,0.0,0.0,0.0
1236.5,10.0,2112.0,4.0,1,1403.0,0.0,0.0,0.0
246.8333333333333,5.0,371.0,4.0,0,79.0,0.0,0.0,0.0
728.5,6.5,624.0,4.0,0,1658.0,0.0,0.0,0.0
622.4,11.5,365.0,4.0,1,867.0,0.0,0.0,0.0
1032.0,19.0,1745.0,4.5,1,131.0,0.0,0.0,0.0
716.3333333333334,7.0,246.0,4.0,1,390.0,0.0,0.0,0.0
373.3333333333333,8.333333333333334,193.0,4.0,1,239.0,0.0,0.0,0.0
1679.0,16.833333333333332,336.0,4.0,1,961.0,0.0,0.0,0.0
354.6666666666667,4.5,553.0,2.0,1,108.0,0.0,0.0,0.0
1124.5,12.0,794.0,4.0,1,987.0,0.0,0.0,0.0
509.8333333333333,7.0,558.0,2.0,1,940.0,0.0,0.0,0.0
377.75,10.333333333333334,673.0,4.0,1,481.0,0.0,0.0,0.0
371.3333333333333,4.5,778.0,4.0,1,337.0,0.0,0.0,0.0
8.666666666666666,3.0,82.0,4.5,1,450.0,20.82608695652174,18.0,0.0
32.0,2.5,576.0,4.0,1,441.0,0.0,0.0,0.0
603.0,2.5,1139.0,4.0,0,2134.0,0.0,0.0,0.0
721.5,5.0,910.0,4.0,1,1931.0,0.0,0.0,0.0
254.25,5.333333333333333,717.0,4.0,1,198.0,11.0,1.0,0.0
1171.3333333333333,5.25,784.0,4.0,0,2701.0,0.0,0.0,0.0
865.0,4.5,1174.0,4.0,1,3629.0,0.0,0.0,0.0
119.5,3.5,565.0,4.0,1,432.0,0.0,0.0,0.0
36.2,1.5,996.0,4.5,0,538.0,14.4,2.0,0.0
345.5,7.0,169.0,4.0,0,181.0,0.0,0.0,0.0
565.5,4.0,0.0,4.0,0,953.0,19.0,1.0,0.0
465.75,3.0,167.0,4.0,1,832.0,0.0,0.0,0.0
47.0,1.0,263.0,4.0,0,263.0,0.0,0.0,0.0
1554.75,20.75,1188.0,5.0,0,82.0,0.0,0.0,0.0
363.0,6.5,411.0,2.0,1,746.0,0.0,0.0,0.0
99.0,2.0,291.0,4.0,1,502.0,16.944444444444443,17.0,0.0
508.25,4.5,181.0,4.0,1,202.0,0.0,0.0,0.0
475.5,13.333333333333334,106.0,4.0,0,164.0,0.0,0.0,0.0
60.66666666666666,8.333333333333334,162.0,4.0,0,843.0,0.0,0.0,0.0
900.25,10.25,2121.0,4.0,0,3620.0,0.0,0.0,0.0
466.3333333333333,4.5,0.0,4.0,1,831.0,0.0,0.0,0.0
25.0,8.4,590.0,2.0,1,113.0,0.0,0.0,0.0
224.75,4.0,364.0,2.0,1,53.0,0.0,0.0,0.0
451.5,8.0,699.0,4.0,0,730.0,0.0,0.0,0.0
1000.3333333333334,16.0,273.0,5.0,1,768.0,0.0,0.0,0.0
569.6666666666666,6.0,22.0,2.0,1,930.0,0.0,0.0,0.0
557.75,6.666666666666667,794.0,4.0,1,994.0,0.0,0.0,0.0
191.5,4.0,235.0,2.0,1,56.0,0.0,0.0,0.0
232.75,4.0,515.0,4.0,1,179.0,0.0,0.0,0.0
75.5,4.666666666666667,1092.0,4.0,0,411.0,0.0,0.0,0.0
512.25,4.333333333333333,343.0,4.0,0,1550.0,27.75,3.0,0.0
224.0,4.333333333333333,531.0,4.0,0,288.0,0.0,0.0,0.0
101.0,2.0,565.0,4.0,1,540.0,26.045454545454547,12.0,0.0
324.6666666666667,2.0,0.0,4.0,0,464.0,0.0,0.0,0.0
887.0,5.0,866.0,4.0,1,269.0,0.0,0.0,0.0
592.8,2.0,175.0,4.0,1,845.0,0.0,0.0,0.0
226.4,2.5,0.0,4.0,1,528.0,0.0,0.0,0.0
610.6666666666666,7.0,194.0,4.0,1,617.0,0.0,0.0,0.0
235.8,3.5,565.0,2.0,1,28.0,19.0,1.0,0.0
600.5,5.333333333333333,138.0,4.0,0,1037.0,0.0,0.0,0.0
67.75,1.5,225.0,4.0,1,87.0,14.8,5.0,0.0
121.0,1.5,325.0,4.0,1,203.0,26.066666666666663,10.0,0.0
417.0,7.0,391.0,2.0,1,574.0,0.0,0.0,0.0
402.6666666666667,4.0,0.0,4.0,1,453.0,0.0,0.0,0.0
292.0,9.5,549.0,4.0,1,122.0,0.0,0.0,0.0
12.333333333333334,3.0,373.0,3.5,1,148.0,23.52,14.0,0.0
1181.25,23.75,2264.0,5.0,1,1135.0,0.0,0.0,0.0
292.0,5.5,532.0,4.0,1,187.0,0.0,0.0,0.0
61.0,1.5,769.0,4.0,0,236.0,0.0,0.0,0.0
499.8333333333333,5.75,547.0,2.0,1,951.0,0.0,0.0,0.0
92.75,3.8,363.0,4.0,1,523.0,37.0,4.0,0.0
1043.3333333333333,5.0,1892.0,4.0,1,3777.0,0.0,0.0,0.0
367.25,5.666666666666667,420.0,4.0,1,525.0,0.0,0.0,0.0
799.5,12.5,1870.0,4.5,1,2504.0,0.0,0.0,0.0
229.0,4.0,308.0,4.0,1,213.0,0.0,0.0,0.0
81.0,4.5,1043.0,4.0,0,320.0,0.0,0.0,0.0
122.25,1.0,364.0,4.5,0,239.0,0.0,0.0,0.0
247.66666666666663,1.5,537.0,4.0,1,285.0,0.0,0.0,0.0
410.25,5.75,673.0,4.0,1,755.0,0.0,0.0,0.0
698.6666666666666,9.75,894.0,4.0,1,1069.0,0.0,0.0,0.0
1350.5,12.5,878.0,5.0,1,101.0,0.0,0.0,0.0
57.8,2.5,276.0,4.0,1,455.0,0.0,0.0,0.0
302.6666666666667,5.5,250.0,2.0,1,2.0,0.0,0.0,0.0
186.75,3.5,412.0,3.0,1,77.0,21.666666666666668,2.0,0.0
704.75,5.0,652.0,4.0,1,1739.0,0.0,0.0,0.0
1311.0,14.75,1486.0,4.0,1,425.0,0.0,0.0,0.0
620.0,3.5,238.0,4.0,1,545.0,0.0,0.0,0.0
366.6666666666667,4.5,28.0,4.0,0,548.0,0.0,0.0,0.0
87.5,2.5,1314.0,4.0,0,261.0,0.0,0.0,0.0
528.5,5.0,469.0,4.0,1,228.0,0.0,0.0,0.0
160.75,5.0,355.0,4.0,1,95.0,2.0,1.0,0.0
1402.25,13.5,747.0,4.0,1,1327.0,0.0,0.0,0.0
461.0,4.0,124.0,2.6666666666666665,1,127.0,0.0,0.0,0.0
1480.0,28.666666666666668,1594.0,5.0,1,705.0,0.0,0.0,0.0
1048.0,5.0,1974.0,4.0,1,3880.0,0.0,0.0,0.0
140.5,1.5,540.0,4.0,1,133.0,0.0,0.0,0.0
1001.6666666666666,7.5,1377.0,4.0,1,2930.0,0.0,0.0,0.0
490.25,3.5,325.0,4.0,0,1248.0,0.0,0.0,0.0
1359.2,11.5,747.0,4.5,1,283.0,0.0,0.0,0.0
829.1,9.0,1007.0,4.0,1,542.0,0.0,0.0,0.0
769.5,4.5,1751.0,4.0,1,2426.0,0.0,0.0,0.0
242.0,3.0,313.0,4.0,0,261.0,0.0,0.0,0.0
335.25,3.5,108.0,4.0,1,916.0,0.0,0.0,0.0
257.25,3.0,572.0,4.0,1,650.0,0.0,0.0,0.0
98.75,4.0,620.0,4.0,1,79.0,25.4375,8.0,0.0
940.5,25.5,2291.0,2.5,0,342.0,0.0,0.0,0.0
133.66666666666666,3.333333333333333,437.0,4.0,1,375.0,0.0,0.0,0.0
929.1666666666666,10.0,1873.0,4.5,1,172.0,0.0,0.0,0.0
352.75,11.0,456.0,4.0,1,289.0,0.0,0.0,0.0
540.2,3.5,261.0,4.0,1,276.0,0.0,0.0,0.0
188.66666666666663,5.6,20.0,4.0,0,135.0,0.0,0.0,0.0
1128.75,18.5,23.0,5.0,1,625.0,0.0,0.0,0.0
23.5,1.0,812.0,4.0,0,737.0,0.0,0.0,0.0
289.25,3.333333333333333,577.0,4.0,1,104.0,0.0,0.0,0.0
619.0,6.0,1298.0,4.5,1,2174.0,0.0,0.0,0.0
643.75,8.666666666666666,985.0,3.0,1,1032.0,0.0,0.0,0.0
713.6666666666666,9.0,710.0,4.0,1,272.0,0.0,0.0,0.0
690.25,5.5,464.0,4.0,1,1554.0,0.0,0.0,0.0
25.5,2.0,707.0,4.0,0,755.0,10.0,0.0,0.0
601.0,3.5,197.0,4.0,1,817.0,0.0,0.0,0.0
715.0,4.0,961.0,4.0,0,1562.0,0.0,0.0,0.0
430.0,4.0,233.0,3.5,0,323.0,49.0,1.0,0.0
363.5,6.0,868.0,4.0,1,1006.0,0.0,0.0,0.0
32.5,0.5,252.0,4.0,1,361.0,35.10526315789474,13.0,0.0
232.25,5.0,897.0,4.0,1,243.0,0.0,0.0,0.0
22.25,1.5,300.0,4.0,1,524.0,29.352941176470587,10.0,0.0
95.75,4.75,749.0,2.0,0,80.0,0.0,0.0,0.0
332.0,3.5,267.0,4.0,0,237.0,0.0,0.0,0.0
106.6,3.0,0.0,4.5,1,63.0,0.0,0.0,0.0
492.6666666666667,5.5,441.0,4.0,1,112.0,0.0,0.0,0.0
393.5,4.0,449.0,4.0,1,100.0,0.0,0.0,0.0
78.25,2.5,354.0,4.0,0,682.0,34.0,2.0,0.0
950.3333333333334,21.666666666666668,673.0,5.0,1,1077.0,0.0,0.0,0.0
375.25,2.5,411.0,4.0,1,344.0,0.0,0.0,0.0
1593.5,14.5,326.0,4.0,0,1340.0,0.0,0.0,0.0
224.5,3.5,211.0,4.0,1,180.0,26.25,3.0,0.0
111.75,4.4,298.0,4.0,0,248.0,0.0,0.0,0.0
459.75,7.5,176.0,4.0,0,190.0,37.66666666666666,2.0,0.0
382.3333333333333,5.5,508.0,4.0,1,821.0,0.0,0.0,0.0
301.3333333333333,3.5,0.0,4.0,1,276.0,0.0,0.0,0.0
1191.75,28.0,1000.0,4.0,1,90.0,0.0,0.0,0.0
599.75,3.5,813.0,4.0,1,1079.0,0.0,0.0,0.0
292.75,5.0,444.0,2.6666666666666665,0,12.0,27.666666666666668,1.0,0.0
585.5,6.5,228.0,4.0,1,216.0,0.0,0.0,0.0
336.0,5.0,182.0,2.0,1,10.0,0.0,0.0,0.0
925.25,14.5,1314.0,4.0,1,2225.0,0.0,0.0,0.0
150.25,1.3333333333333333,818.0,4.0,1,272.0,32.875,5.0,0.0
244.25,9.5,270.0,4.0,1,360.0,0.0,0.0,0.0
272.75,3.5,418.0,4.0,1,951.0,0.0,0.0,0.0
1089.25,10.333333333333334,536.0,4.0,1,2191.0,0.0,0.0,0.0
137.75,5.5,714.0,2.0,1,63.0,52.0,1.0,0.0
748.75,8.333333333333334,919.0,4.0,1,873.0,0.0,0.0,0.0
898.6666666666666,11.5,1865.0,4.0,1,3130.0,0.0,0.0,0.0
284.75,4.333333333333333,232.0,4.0,0,218.0,0.0,0.0,0.0
106.25,1.0,132.0,4.0,1,343.0,22.107142857142858,24.0,0.0
220.25,14.25,187.0,4.0,1,380.0,0.0,0.0,0.0
745.75,8.666666666666666,638.0,4.0,1,850.0,0.0,0.0,0.0
164.0,4.0,188.0,2.0,1,92.0,0.0,0.0,0.0
87.75,2.5,139.0,4.0,1,467.0,0.0,0.0,0.0
565.5,4.5,416.0,4.0,1,1312.0,0.0,0.0,0.0
41.8,2.0,879.0,4.0,1,173.0,8.333333333333334,1.0,0.0
54.0,1.5,355.0,4.0,1,649.0,27.73076923076923,19.0,0.0
597.0,6.5,232.0,4.0,1,403.0,0.0,0.0,0.0
589.75,4.666666666666667,462.0,4.5,1,920.0,0.0,0.0,0.0
826.75,9.0,899.0,4.0,1,763.0,0.0,0.0,0.0
1272.25,21.83333333333333,2234.0,4.0,0,1231.0,0.0,0.0,0.0
10.25,2.0,382.0,4.0,0,777.0,0.0,0.0,0.0
336.5,6.0,679.0,4.0,1,761.0,0.0,0.0,0.0
1601.5,27.5,1253.0,5.0,1,200.0,0.0,0.0,0.0
1036.25,16.5,2221.0,4.0,0,881.0,0.0,0.0,0.0
620.75,6.5,453.0,4.0,1,436.0,0.0,0.0,0.0
581.25,2.5,616.0,4.0,0,1460.0,0.0,0.0,0.0
252.0,4.333333333333333,253.0,2.0,1,71.0,29.142857142857142,4.0,0.0
367.6666666666667,3.5,169.0,4.0,0,156.0,38.2,4.0,0.0
604.3333333333334,6.0,689.0,4.5,1,2011.0,0.0,0.0,0.0
22.5,0.5,754.0,4.0,1,595.0,0.0,0.0,0.0
28.0,1.0,917.0,4.0,0,865.0,0.0,0.0,0.0
58.5,1.0,356.0,2.0,1,76.0,33.0,2.0,0.0
152.66666666666666,1.5,794.0,4.0,0,370.0,26.96296296296296,17.0,0.0
573.0,5.0,26.0,4.0,1,829.0,0.0,0.0,0.0
192.66666666666663,2.0,142.0,3.5,0,226.0,0.0,0.0,0.0
134.25,2.0,104.0,3.5,1,393.0,20.0,4.0,0.0
913.5,10.5,1545.0,4.5,0,1268.0,0.0,0.0,0.0
75.0,2.0,364.0,4.5,0,519.0,0.0,0.0,0.0
802.25,12.0,1838.0,4.5,0,2412.0,0.0,0.0,0.0
956.3333333333334,11.75,1908.0,4.0,0,567.0,0.0,0.0,0.0
531.5,4.5,98.0,4.0,1,537.0,0.0,0.0,0.0
1391.5,11.5,690.0,4.0,1,314.0,0.0,0.0,0.0
382.5,6.0,310.0,4.0,1,374.0,0.0,0.0,0.0
12.0,3.0,901.0,4.0,1,22.0,21.96296296296296,10.0,0.0
411.0,6.0,231.0,4.0,1,395.0,0.0,0.0,0.0
17.75,1.5,502.0,4.0,1,468.0,31.5,5.0,0.0
1538.0,20.75,0.0,4.0,1,983.0,0.0,0.0,0.0
216.5,2.5,402.0,4.0,1,87.0,0.0,0.0,0.0
146.5,5.5,469.0,4.0,1,174.0,105.0,0.0,0.0
606.6,5.5,367.0,4.0,1,374.0,0.0,0.0,0.0
390.4,3.0,838.0,4.0,0,208.0,0.0,0.0,0.0
662.25,6.0,810.0,4.0,0,2832.0,0.0,0.0,0.0
295.5,7.0,886.0,4.0,1,594.0,0.0,0.0,0.0
46.5,0.5,363.0,4.0,1,377.0,40.0,3.0,0.0
99.5,1.5,789.0,4.0,1,999.0,25.615384615384617,10.0,0.0
519.0,5.0,39.0,4.0,1,298.0,0.0,0.0,0.0
56.5,1.5,382.0,4.0,1,233.0,17.933333333333334,10.0,0.0
1055.0,19.75,118.0,5.0,1,873.0,0.0,0.0,0.0
886.25,18.0,1637.0,4.0,1,1144.0,0.0,0.0,0.0
634.5,6.5,411.0,4.0,1,1448.0,0.0,0.0,0.0
147.4,2.0,1013.0,4.0,0,330.0,30.846153846153847,8.0,0.0
50.0,2.5,279.0,4.5,1,97.0,0.0,0.0,0.0
415.5,4.5,21.0,4.0,1,270.0,0.0,0.0,0.0
744.75,7.333333333333333,1237.0,4.0,0,566.0,0.0,0.0,0.0
998.5,6.25,28.0,4.0,1,93.0,0.0,0.0,0.0
347.0,3.0,321.0,4.0,1,1488.0,0.0,0.0,0.0
537.8333333333334,3.5,703.0,4.0,1,317.0,0.0,0.0,0.0
359.6666666666667,4.5,168.0,4.0,1,90.0,0.0,0.0,0.0
117.5,4.0,987.0,4.0,0,182.0,0.0,0.0,0.0
208.0,5.0,380.0,2.0,1,17.0,23.2,4.0,0.0
406.8333333333333,3.5,73.0,4.0,1,517.0,0.0,0.0,0.0
431.75,5.5,323.0,2.0,1,174.0,0.0,0.0,0.0
59.0,1.5,535.0,4.0,0,989.0,28.416666666666668,18.0,0.0
148.0,1.0,241.0,4.0,0,481.0,0.0,0.0,0.0
118.0,1.5,427.0,2.0,0,81.0,20.666666666666668,2.0,0.0
514.25,6.0,103.0,3.5,1,565.0,0.0,0.0,0.0
182.75,3.5,322.0,3.0,0,30.0,29.142857142857142,5.0,0.0
708.0,11.0,1015.0,4.5,1,871.0,0.0,0.0,0.0
45.0,8.25,435.0,4.0,0,174.0,0.0,0.0,0.0
336.0,5.0,423.0,4.0,1,779.0,0.0,0.0,0.0
360.0,12.0,485.0,4.0,0,574.0,0.0,0.0,0.0
1007.0,8.5,2222.0,4.0,1,4071.0,0.0,0.0,0.0
366.3333333333333,8.5,426.0,4.0,1,203.0,0.0,0.0,0.0
401.75,3.5,152.0,4.0,1,867.0,0.0,0.0,0.0
260.6666666666667,4.0,819.0,4.0,1,60.0,0.0,0.0,0.0
319.0,5.0,273.0,4.0,0,657.0,0.0,0.0,0.0
266.5,3.5,682.0,4.0,1,173.0,0.0,0.0,0.0
435.0,4.0,33.0,4.0,1,1308.0,0.0,0.0,0.0
542.6666666666666,8.25,101.0,4.0,1,283.0,0.0,0.0,0.0
61.66666666666666,2.0,669.0,4.0,0,863.0,30.2,18.0,0.0
808.875,5.5,1510.0,4.0,1,2814.0,0.0,0.0,0.0
402.0,4.4,466.0,4.0,0,1319.0,0.0,0.0,0.0
472.75,6.0,185.0,3.0,0,387.0,0.0,0.0,0.0
768.0,7.5,1370.0,4.0,0,1322.0,0.0,0.0,0.0
375.5,7.0,367.0,4.0,1,402.0,0.0,0.0,0.0
875.25,11.5,1657.0,4.0,1,1804.0,0.0,0.0,0.0
1437.0,19.5,785.0,4.0,1,1515.0,0.0,0.0,0.0
453.375,4.0,598.0,4.0,1,193.0,0.0,0.0,0.0
155.0,4.5,835.0,4.0,1,332.0,0.0,0.0,0.0
1081.75,15.333333333333334,53.0,5.0,1,844.0,0.0,0.0,0.0
350.0,9.4,354.0,4.0,1,217.0,0.0,0.0,0.0
1142.5,8.5,993.0,4.0,1,1090.0,0.0,0.0,0.0
1111.0,6.666666666666667,504.0,4.5,0,1596.0,0.0,0.0,0.0
649.5,7.2,902.0,4.0,0,720.0,0.0,0.0,0.0
93.0,1.0,1020.0,3.5,1,610.0,35.375,5.0,0.0
16.5,2.0,496.0,4.666666666666667,0,624.0,29.25,12.0,0.0
885.75,10.0,1659.0,4.0,1,1996.0,0.0,0.0,0.0
155.75,6.0,190.0,4.0,0,696.0,40.5,2.0,0.0
45.5,1.5,141.0,4.0,1,290.0,0.0,0.0,0.0
668.25,7.0,608.0,4.0,1,714.0,0.0,0.0,0.0
341.25,3.5,235.0,4.0,1,1419.0,0.0,0.0,0.0
486.5,10.75,453.0,4.0,1,450.0,0.0,0.0,0.0
1298.6666666666667,15.5,2302.0,4.0,1,1308.0,0.0,0.0,0.0
1211.75,25.5,1604.0,5.0,1,592.0,0.0,0.0,0.0
1444.6666666666667,16.5,378.0,4.0,1,531.0,0.0,0.0,0.0
578.1666666666666,11.0,598.0,4.0,1,472.0,0.0,0.0,0.0
610.0,5.0,1398.0,4.0,0,2267.0,0.0,0.0,0.0
456.0,4.0,83.0,4.0,1,499.0,0.0,0.0,0.0
19.25,1.5,404.0,4.5,0,522.0,0.0,0.0,0.0
411.75,3.5,734.0,4.0,1,232.0,0.0,0.0,0.0
599.75,8.0,324.0,4.0,1,266.0,0.0,0.0,0.0
97.33333333333331,5.0,1044.0,4.0,0,336.0,23.0,2.0,0.0
1061.6666666666667,14.75,1386.0,4.5,0,523.0,0.0,0.0,0.0
36.0,2.0,52.0,4.0,1,395.0,0.0,0.0,0.0
637.5,7.5,880.0,4.0,1,590.0,0.0,0.0,0.0
1002.8333333333334,12.166666666666666,293.0,4.0,1,589.0,0.0,0.0,0.0
676.75,7.0,834.0,4.0,1,2250.0,0.0,0.0,0.0
766.75,9.0,1755.0,4.5,1,1819.0,0.0,0.0,0.0
269.0,2.5,217.0,4.0,1,842.0,0.0,0.0,0.0
136.25,3.5,646.0,4.0,1,296.0,0.0,0.0,0.0
255.3333333333333,2.0,668.0,4.0,1,357.0,0.0,0.0,0.0
197.5,3.0,88.0,2.6666666666666665,0,73.0,0.0,0.0,0.0
563.25,16.75,168.0,5.0,0,1938.0,0.0,0.0,0.0
63.333333333333336,4.0,630.0,4.0,1,170.0,21.5609756097561,24.0,0.0
440.25,5.5,314.0,2.0,1,185.0,0.0,0.0,0.0
560.25,8.4,51.0,4.0,1,452.0,0.0,0.0,0.0
1169.1666666666667,7.5,7.0,4.0,0,1791.0,0.0,0.0,0.0
341.6666666666667,5.0,154.0,4.0,1,206.0,0.0,0.0,0.0
344.0,5.0,236.0,4.0,0,305.0,0.0,0.0,0.0
7.333333333333333,2.5,87.0,4.0,0,1069.0,0.0,0.0,0.0
24.5,0.5,864.0,4.0,0,826.0,0.0,0.0,0.0
164.25,6.0,154.0,4.0,0,623.0,0.0,0.0,0.0
62.2,1.5,406.0,4.0,1,1109.0,29.782608695652176,11.0,0.0
68.25,3.5,628.0,4.0,1,485.0,30.0,11.0,0.0
340.5,3.5,825.0,4.0,0,186.0,0.0,0.0,0.0
43.0,1.6666666666666667,19.0,4.0,0,124.0,0.0,0.0,0.0
14.5,2.0,799.0,4.0,1,157.0,25.0,8.0,0.0
209.8333333333333,6.0,480.0,2.0,1,47.0,24.142857142857142,6.0,0.0
124.66666666666669,6.0,222.0,4.0,1,687.0,0.0,0.0,0.0
49.5,0.5,686.0,4.0,1,577.0,28.4,4.0,0.0
23.5,1.0,683.0,4.0,1,896.0,0.0,0.0,0.0
1205.25,6.8,840.0,4.0,1,1044.0,0.0,0.0,0.0
93.5,2.5,284.0,4.0,0,162.0,26.8,12.0,0.0
777.75,10.0,1575.0,4.0,1,2119.0,0.0,0.0,0.0
225.66666666666663,4.5,470.0,4.0,1,197.0,0.0,0.0,0.0
56.0,2.5,279.0,4.0,1,552.0,0.0,0.0,0.0
96.0,2.0,972.0,4.0,0,514.0,30.714285714285715,4.0,0.0
45.0,1.5,527.0,4.0,1,274.0,0.0,0.0,0.0
1033.75,15.25,388.0,4.0,1,580.0,0.0,0.0,0.0
363.6666666666667,5.0,0.0,4.0,1,499.0,0.0,0.0,0.0
714.25,5.5,424.0,4.0,0,1462.0,0.0,0.0,0.0
1479.5,21.0,243.0,4.0,0,664.0,0.0,0.0,0.0
460.5,5.666666666666667,808.0,4.0,0,926.0,0.0,0.0,0.0
458.75,4.0,624.0,2.0,1,139.0,0.0,0.0,0.0
193.8,5.5,418.0,4.0,1,271.0,0.0,0.0,0.0
1249.75,9.0,596.0,4.5,1,2279.0,0.0,0.0,0.0
266.0,3.5,0.0,4.0,1,231.0,0.0,0.0,0.0
166.0,3.0,206.0,4.0,1,69.0,21.428571428571427,3.0,0.0
178.75,2.5,610.0,4.0,1,278.0,28.0,14.0,0.0
696.75,6.5,224.0,4.0,1,1267.0,0.0,0.0,0.0
928.25,19.0,2029.0,4.0,0,1732.0,0.0,0.0,0.0
148.0,1.5,9.0,4.0,1,429.0,0.0,0.0,0.0
366.25,6.0,0.0,4.0,1,73.0,0.0,0.0,0.0
726.1666666666666,10.0,1258.0,4.0,1,2050.0,0.0,0.0,0.0
987.5,9.0,2305.0,4.0,1,4156.0,0.0,0.0,0.0
214.0,5.0,668.0,2.0,0,50.0,0.0,0.0,0.0
43.66666666666666,5.0,1124.0,4.0,0,474.0,17.0,7.0,0.0
60.66666666666666,2.5,415.0,4.0,1,417.0,0.0,0.0,0.0
148.0,6.0,530.0,4.0,1,319.0,0.0,0.0,0.0
71.83333333333333,4.0,38.0,4.0,0,158.0,0.0,0.0,0.0
776.75,4.5,1634.0,4.0,1,2476.0,0.0,0.0,0.0
355.0,4.4,0.0,4.0,1,1207.0,0.0,0.0,0.0
361.5,4.5,156.0,2.0,0,519.0,0.0,0.0,0.0
971.5,10.5,1972.0,4.0,0,3628.0,0.0,0.0,0.0
1034.25,9.5,999.0,4.0,1,1244.0,0.0,0.0,0.0
185.3333333333333,5.333333333333333,438.0,4.0,1,295.0,0.0,0.0,0.0
845.6666666666666,3.0,756.0,4.0,1,3335.0,0.0,0.0,0.0
427.5,3.5,238.0,2.6666666666666665,1,0.0,0.0,0.0,0.0
760.0,10.5,1691.0,4.5,1,2447.0,0.0,0.0,0.0
457.5,6.2,416.0,2.0,1,41.0,0.0,0.0,0.0
1135.5,7.0,1250.0,4.0,0,3136.0,0.0,0.0,0.0
297.3333333333333,4.0,153.0,4.0,1,409.0,0.0,0.0,0.0
310.0,4.0,189.0,2.0,0,92.0,0.0,0.0,0.0
682.5,9.0,757.0,4.0,1,2332.0,0.0,0.0,0.0
320.5,4.5,225.0,4.0,0,118.0,33.666666666666664,2.0,0.0
321.5,2.333333333333333,58.0,4.0,0,381.0,31.75,2.0,0.0
115.75,3.25,447.0,4.0,1,201.0,20.058823529411764,14.0,0.0
111.28571428571428,2.5,657.0,4.0,1,634.0,24.15384615384616,6.0,0.0
568.1666666666666,10.666666666666666,536.0,4.5,1,1049.0,0.0,0.0,0.0
121.75,3.5,603.0,2.0,0,46.0,0.0,0.0,0.0
768.5,11.5,1669.0,4.5,0,2446.0,0.0,0.0,0.0
43.333333333333336,2.0,131.0,4.0,1,216.0,45.2,7.0,0.0
320.0,4.0,88.0,4.0,1,191.0,0.0,0.0,0.0
934.8333333333334,13.0,1516.0,4.0,0,2820.0,0.0,0.0,0.0
947.5,15.5,1329.0,4.0,1,1808.0,0.0,0.0,0.0
619.8333333333334,5.0,89.0,4.0,1,387.0,0.0,0.0,0.0
332.5,3.5,341.0,4.0,1,325.0,0.0,0.0,0.0
100.75,1.5,359.0,3.0,1,346.0,28.5,16.0,0.0
109.0,2.0,365.0,3.5,0,408.0,31.0,9.0,0.0
309.5,3.0,265.0,4.0,1,365.0,0.0,0.0,0.0
735.75,8.0,990.0,4.0,1,175.0,0.0,0.0,0.0
12.75,1.5,191.0,4.5,0,103.0,56.0,5.0,0.0
116.375,3.0,0.0,4.0,1,599.0,0.0,0.0,0.0
1122.0,7.666666666666667,1316.0,4.0,1,3220.0,0.0,0.0,0.0
845.25,20.5,63.0,4.5,0,2530.0,0.0,0.0,0.0
1499.3333333333333,9.5,775.0,4.0,1,1633.0,0.0,0.0,0.0
476.25,5.666666666666667,478.0,2.0,1,286.0,0.0,0.0,0.0
442.5,6.666666666666667,600.0,2.0,1,690.0,0.0,0.0,0.0
64.75,4.2,494.0,4.5,0,633.0,0.0,0.0,0.0
336.8333333333333,4.5,327.0,4.0,1,452.0,0.0,0.0,0.0
579.25,14.333333333333334,511.0,4.5,0,1123.0,0.0,0.0,0.0
421.5,5.666666666666667,187.0,2.0,1,17.0,0.0,0.0,0.0
392.0,4.666666666666667,296.0,2.0,0,104.0,0.0,0.0,0.0
22.0,0.5,407.0,4.0,1,992.0,0.0,0.0,0.0
491.25,6.333333333333333,958.0,2.0,1,899.0,0.0,0.0,0.0
1331.0,16.0,1583.0,4.0,1,494.0,0.0,0.0,0.0
232.16666666666663,9.666666666666666,107.0,4.0,1,570.0,0.0,0.0,0.0
231.0,4.5,286.0,2.0,1,30.0,0.0,0.0,0.0
1366.25,12.75,1376.0,4.0,1,2083.0,0.0,0.0,0.0
845.25,3.0,810.0,4.0,1,3228.0,0.0,0.0,0.0
340.0,7.75,275.0,4.0,1,578.0,0.0,0.0,0.0
49.75,1.0,554.0,2.0,1,34.0,41.0,1.0,0.0
42.75,2.0,353.0,4.5,1,186.0,27.2,13.0,0.0
130.5,2.0,336.0,4.0,1,278.0,0.0,0.0,0.0
267.75,3.0,80.0,2.0,0,268.0,0.0,0.0,0.0
111.0,4.0,626.0,4.0,0,122.0,33.5,5.0,0.0
838.0,8.0,1179.0,4.0,1,250.0,0.0,0.0,0.0
227.75,3.0,344.0,4.0,1,132.0,0.0,0.0,0.0
436.25,10.0,748.0,4.0,1,974.0,0.0,0.0,0.0
147.5,1.5,906.0,4.0,0,303.0,6.625,2.0,0.0
851.6666666666666,10.5,1757.0,4.0,1,1837.0,0.0,0.0,0.0
41.333333333333336,1.5,0.0,4.0,0,258.0,0.0,0.0,0.0
257.5,3.5,63.0,4.0,0,910.0,0.0,0.0,0.0
68.25,1.5,770.0,4.0,1,59.0,28.5625,10.0,0.0
508.0,8.5,287.0,4.0,1,213.0,0.0,0.0,0.0
98.0,2.5,446.0,4.0,1,764.0,19.0,2.0,0.0
221.0,3.5,160.0,4.0,1,126.0,0.0,0.0,0.0
24.5,1.0,431.0,4.0,1,534.0,28.73913043478261,14.0,0.0
19.166666666666668,2.5,1028.0,4.0,1,159.0,0.0,0.0,0.0
137.5,1.3333333333333333,0.0,3.5,0,448.0,27.714285714285715,5.0,0.0
209.75,3.5,1406.0,4.0,1,579.0,0.0,0.0,0.0
568.5,8.5,730.0,4.0,1,949.0,0.0,0.0,0.0
464.0,3.5,49.0,4.0,1,833.0,0.0,0.0,0.0
788.25,15.75,259.0,5.0,1,3004.0,0.0,0.0,0.0
10.333333333333334,2.5,127.0,4.5,0,836.0,5.666666666666667,2.0,0.0
173.5,6.25,415.0,4.0,1,52.0,0.0,0.0,0.0
396.5,7.0,708.0,4.0,1,1012.0,0.0,0.0,0.0
167.0,2.25,1024.0,4.0,1,405.0,0.0,0.0,0.0
110.75,2.5,45.0,4.0,1,709.0,0.0,0.0,0.0
14.0,2.0,266.0,4.5,1,644.0,0.0,0.0,0.0
523.3333333333334,4.5,262.0,4.0,1,486.0,37.0,2.0,0.0
292.5,6.5,204.0,4.0,1,554.0,0.0,0.0,0.0
836.25,12.25,1265.0,4.0,0,111.0,0.0,0.0,0.0
204.3333333333333,4.666666666666667,0.0,2.0,1,77.0,0.0,0.0,0.0
668.25,7.5,741.0,4.0,1,1233.0,0.0,0.0,0.0
228.66666666666663,18.75,426.0,4.0,1,261.0,0.0,0.0,0.0
557.25,7.5,299.0,4.0,1,886.0,0.0,0.0,0.0
844.5,5.0,2014.0,4.0,1,3096.0,0.0,0.0,0.0
949.0,11.0,2009.0,4.0,1,439.0,0.0,0.0,0.0
190.25,7.0,374.0,4.0,1,411.0,0.0,0.0,0.0
212.75,4.0,1067.0,4.0,1,441.0,0.0,0.0,0.0
35.5,2.0,1160.0,4.5,0,524.0,31.5,8.0,0.0
91.33333333333331,2.0,897.0,4.0,0,296.0,0.0,0.0,0.0
100.0,1.6666666666666667,409.0,4.0,1,276.0,22.928571428571427,16.0,0.0
1196.75,7.75,818.0,4.0,1,1017.0,0.0,0.0,0.0
43.0,2.5,313.0,3.5,0,223.0,48.44444444444444,12.0,0.0
928.25,19.0,2163.0,5.0,1,202.0,0.0,0.0,0.0
759.5,8.833333333333334,1489.0,4.0,1,94.0,0.0,0.0,0.0
599.25,6.0,634.0,4.0,1,464.0,0.0,0.0,0.0
28.25,2.6,199.0,4.0,1,160.0,0.0,0.0,0.0
788.0,6.0,1729.0,2.0,1,2763.0,0.0,0.0,0.0
777.75,5.5,1495.0,2.0,1,2404.0,0.0,0.0,0.0
419.3333333333333,7.5,132.0,4.0,1,1086.0,0.0,0.0,0.0
77.75,3.0,500.0,4.0,1,189.0,0.0,0.0,0.0
63.5,2.0,545.0,4.0,1,418.0,27.80952380952381,13.0,0.0
127.0,3.0,456.0,4.0,1,407.0,0.0,0.0,0.0
360.0,4.5,0.0,2.0,1,85.0,0.0,0.0,0.0
372.6666666666667,4.5,244.0,4.0,1,372.0,0.0,0.0,0.0
70.0,2.0,110.0,4.0,1,235.0,7.0,0.0,0.0
825.25,19.25,187.0,5.0,0,2972.0,0.0,0.0,0.0
323.5,6.666666666666667,254.0,2.0,1,12.0,0.0,0.0,0.0
386.5,5.0,383.0,2.6666666666666665,1,18.0,0.0,0.0,0.0
1220.25,8.5,966.0,4.0,0,978.0,0.0,0.0,0.0
907.25,12.25,2038.0,4.0,1,3520.0,0.0,0.0,0.0
332.6,2.0,0.0,4.0,1,274.0,0.0,0.0,0.0
559.5,5.0,369.0,2.6666666666666665,1,724.0,0.0,0.0,0.0
347.75,10.666666666666666,358.0,2.0,1,48.0,0.0,0.0,0.0
1333.0,19.2,1543.0,4.0,1,297.0,0.0,0.0,0.0
752.25,11.5,1098.0,4.5,1,1319.0,0.0,0.0,0.0
542.0,3.333333333333333,571.0,5.0,1,1252.0,0.0,0.0,0.0
291.0,3.5,901.0,4.0,1,366.0,0.0,0.0,0.0
471.3333333333333,3.5,354.0,4.0,1,1297.0,0.0,0.0,0.0
1325.8333333333333,13.25,2163.0,4.0,0,1193.0,0.0,0.0,0.0
122.0,1.5,741.0,4.0,1,258.0,26.33333333333333,4.0,0.0
531.5,7.0,3.0,4.0,1,229.0,0.0,0.0,0.0
1150.2857142857142,11.0,1083.0,4.0,0,1001.0,0.0,0.0,0.0
428.5,3.5,189.0,4.0,1,355.0,0.0,0.0,0.0
197.75,4.333333333333333,173.0,4.0,1,52.0,21.75,5.0,0.0
643.3333333333334,4.5,91.0,4.0,1,974.0,0.0,0.0,0.0
143.5,5.5,255.0,4.0,1,453.0,0.0,0.0,0.0
281.5,3.5,609.0,4.0,1,217.0,0.0,0.0,0.0
791.75,13.25,1477.0,4.0,1,1804.0,0.0,0.0,0.0
559.75,3.5,80.0,4.5,1,1494.0,0.0,0.0,0.0
380.75,4.0,497.0,4.0,1,76.0,13.25,5.0,0.0
531.6,3.75,185.0,4.0,1,639.0,0.0,0.0,0.0
718.0,11.333333333333334,564.0,4.5,1,2092.0,0.0,0.0,0.0
125.5,5.2,447.0,4.0,0,175.0,0.0,0.0,0.0
414.75,4.0,382.0,3.5,1,289.0,0.0,0.0,0.0
170.0,3.0,417.0,4.0,1,454.0,26.0,1.0,0.0
107.0,1.5,601.0,3.5,1,718.0,24.5,6.0,0.0
343.5,4.0,340.0,4.0,0,145.0,0.0,0.0,0.0
921.5,10.666666666666666,1370.0,4.0,1,2035.0,0.0,0.0,0.0
411.25,5.666666666666667,500.0,4.0,1,547.0,0.0,0.0,0.0
97.5,2.5,988.0,4.0,1,166.0,0.0,0.0,0.0
132.0,2.0,677.0,4.0,0,173.0,26.0,1.0,0.0
568.5,6.0,0.0,4.0,1,161.0,0.0,0.0,0.0
490.1666666666667,6.5,435.0,4.0,0,229.0,0.0,0.0,0.0
384.0,6.0,516.0,4.0,1,345.0,0.0,0.0,0.0
29.6,3.5,467.0,4.5,0,483.0,27.38095238095238,12.0,0.0
188.25,3.333333333333333,378.0,4.0,0,37.0,0.0,0.0,0.0
792.75,12.5,1294.0,5.0,1,1227.0,0.0,0.0,0.0
848.1666666666666,8.25,698.0,4.5,1,2730.0,0.0,0.0,0.0
163.25,2.0,816.0,4.0,0,357.0,0.0,0.0,0.0
200.25,5.833333333333333,248.0,4.0,1,260.0,0.0,0.0,0.0
1405.75,15.5,420.0,4.0,1,993.0,0.0,0.0,0.0
22.5,0.5,699.0,4.0,0,488.0,0.0,0.0,0.0
399.4,7.0,691.0,4.0,1,567.0,0.0,0.0,0.0
209.5,5.0,524.0,4.0,0,366.0,0.0,0.0,0.0
253.0,5.666666666666667,251.0,2.0,1,99.0,0.0,0.0,0.0
307.0,4.5,966.0,4.0,1,118.0,0.0,0.0,0.0
104.0,1.5,587.0,3.5,1,941.0,0.0,0.0,0.0
576.75,5.5,59.0,2.0,1,464.0,0.0,0.0,0.0
298.2,7.0,303.0,4.0,0,264.0,0.0,0.0,0.0
252.3333333333333,3.5,153.0,2.6666666666666665,0,19.0,33.333333333333336,2.0,0.0
309.6666666666667,5.0,70.0,4.0,1,192.0,0.0,0.0,0.0
88.0,2.5,256.0,4.0,1,314.0,30.46153846153846,8.0,0.0
407.0,4.5,229.0,4.0,1,997.0,0.0,0.0,0.0
505.5,6.4,221.0,2.0,1,35.0,0.0,0.0,0.0
314.5,4.5,582.0,4.0,1,375.0,0.0,0.0,0.0
573.75,5.0,0.0,4.0,1,691.0,0.0,0.0,0.0
1238.25,8.2,662.0,4.0,0,1731.0,0.0,0.0,0.0
266.75,5.0,280.0,4.0,1,318.0,0.0,0.0,0.0
205.25,3.0,1276.0,4.0,1,263.0,0.0,0.0,0.0
494.25,3.5,0.0,4.0,1,297.0,0.0,0.0,0.0
541.6666666666666,6.5,359.0,4.0,1,827.0,0.0,0.0,0.0
461.5,5.0,120.0,4.0,1,1067.0,0.0,0.0,0.0
190.75,6.0,692.0,4.0,1,645.0,0.0,0.0,0.0
1086.25,18.0,2432.0,4.0,1,1019.0,0.0,0.0,0.0
390.75,4.5,54.0,4.0,1,1006.0,0.0,0.0,0.0
498.3333333333333,10.5,644.0,4.0,1,1133.0,0.0,0.0,0.0
258.6666666666667,4.0,60.0,4.0,1,192.0,17.6,2.0,0.0
280.6666666666667,6.5,836.0,4.0,1,844.0,0.0,0.0,0.0
624.5,4.5,241.0,4.0,1,201.0,0.0,0.0,0.0
509.5,9.5,518.0,4.0,1,123.0,0.0,0.0,0.0
291.3333333333333,8.5,931.0,4.0,1,871.0,0.0,0.0,0.0
226.0,5.0,531.0,4.0,1,107.0,0.0,0.0,0.0
1077.25,6.0,1133.0,4.0,0,2981.0,0.0,0.0,0.0
501.0,7.4,368.0,4.0,1,427.0,0.0,0.0,0.0
400.25,4.0,2.0,4.0,1,365.0,0.0,0.0,0.0
636.0,9.0,677.0,2.0,1,1258.0,0.0,0.0,0.0
506.0,6.5,421.0,2.0,1,230.0,0.0,0.0,0.0
832.5,13.0,301.0,4.5,1,2746.0,0.0,0.0,0.0
376.1666666666667,3.5,334.0,4.0,1,207.0,23.4,4.0,0.0
560.8333333333334,11.333333333333334,245.0,4.0,1,997.0,0.0,0.0,0.0
1016.1666666666666,3.5,2374.0,4.0,1,4279.0,0.0,0.0,0.0
770.75,8.5,1648.0,4.0,1,2418.0,0.0,0.0,0.0
258.75,2.5,284.0,4.0,1,211.0,0.0,0.0,0.0
1070.5,13.75,1292.0,4.5,0,622.0,0.0,0.0,0.0
490.0,5.666666666666667,534.0,2.0,0,17.0,0.0,0.0,0.0
335.3333333333333,4.5,87.0,4.0,1,235.0,0.0,0.0,0.0
504.25,25.0,260.0,5.0,0,1770.0,0.0,0.0,0.0
730.25,5.333333333333333,1400.0,4.0,1,92.0,0.0,0.0,0.0
562.5,4.0,316.0,4.0,1,1396.0,0.0,0.0,0.0
429.25,3.5,233.0,4.0,1,241.0,0.0,0.0,0.0
834.25,5.5,1814.0,4.0,1,3014.0,0.0,0.0,0.0
210.4,3.333333333333333,334.0,4.0,1,280.0,19.0,0.0,0.0
86.25,1.5,189.0,4.0,1,264.0,52.5,1.0,0.0
32.2,9.0,237.0,4.0,1,781.0,0.0,0.0,0.0
733.3333333333334,25.666666666666668,750.0,5.0,1,853.0,0.0,0.0,0.0
232.0,9.0,300.0,4.0,1,375.0,0.0,0.0,0.0
406.25,5.5,430.0,4.0,1,450.0,0.0,0.0,0.0
301.25,5.666666666666667,106.0,4.0,1,59.0,0.0,0.0,0.0
50.75,2.0,78.0,4.0,1,510.0,22.0,5.0,0.0
545.6666666666666,5.333333333333333,91.0,4.0,1,623.0,0.0,0.0,0.0
587.5,6.5,112.0,4.0,1,624.0,0.0,0.0,0.0
307.0,4.5,701.0,4.0,1,308.0,0.0,0.0,0.0
601.0,2.5,515.0,4.0,1,1118.0,0.0,0.0,0.0
316.0,5.5,163.0,2.0,1,39.0,0.0,0.0,0.0
1198.0,7.5,385.0,4.0,1,1527.0,0.0,0.0,0.0
85.25,2.0,41.0,4.0,1,202.0,26.352941176470587,13.0,0.0
254.25,18.75,376.0,4.0,1,439.0,0.0,0.0,0.0
95.0,2.0,693.0,4.0,0,368.0,26.545454545454547,16.0,0.0
601.8333333333334,1.6666666666666667,863.0,4.5,0,1878.0,0.0,0.0,0.0
499.2,5.0,388.0,4.0,1,938.0,0.0,0.0,0.0
663.0,3.333333333333333,720.0,4.5,0,1810.0,0.0,0.0,0.0
642.5,9.0,907.0,4.0,1,1130.0,0.0,0.0,0.0
1002.6666666666666,10.5,1291.0,4.0,1,1717.0,0.0,0.0,0.0
65.0,1.5,696.0,4.0,0,794.0,28.27272727272728,15.0,0.0
905.5,13.25,612.0,4.0,1,755.0,0.0,0.0,0.0
101.66666666666669,3.5,708.0,3.5,1,221.0,33.47058823529412,7.0,0.0
450.25,7.5,786.0,4.0,1,981.0,0.0,0.0,0.0
1082.5,5.5,1383.0,4.0,1,3277.0,0.0,0.0,0.0
1367.5,18.0,1026.0,4.0,1,1584.0,0.0,0.0,0.0
199.25,3.333333333333333,57.0,2.0,0,100.0,0.0,0.0,0.0
291.75,4.0,183.0,4.0,1,274.0,0.0,0.0,0.0
1471.25,16.0,876.0,4.0,0,1654.0,0.0,0.0,0.0
530.25,4.5,450.0,4.0,1,375.0,0.0,0.0,0.0
337.6666666666667,4.5,327.0,4.0,0,531.0,0.0,0.0,0.0
680.0,12.666666666666666,1217.0,4.0,1,1225.0,0.0,0.0,0.0
75.5,1.5,324.0,4.0,0,180.0,33.333333333333336,2.0,0.0
401.6666666666667,3.5,232.0,4.0,1,725.0,0.0,0.0,0.0
393.75,7.0,274.0,4.0,1,919.0,0.0,0.0,0.0
72.33333333333333,2.5,505.0,4.0,1,1121.0,0.0,0.0,0.0
569.5,6.833333333333333,211.0,2.0,1,899.0,0.0,0.0,0.0
397.5,4.5,0.0,4.0,1,1128.0,0.0,0.0,0.0
288.2,5.0,246.0,4.0,1,59.0,23.571428571428573,6.0,0.0
348.5,5.0,550.0,4.0,1,452.0,0.0,0.0,0.0
1065.0,5.0,1681.0,4.0,0,3577.0,0.0,0.0,0.0
549.75,4.0,70.0,4.0,1,96.0,0.0,0.0,0.0
59.875,3.0,383.0,4.0,1,427.0,20.9,6.0,0.0
211.75,10.0,423.0,4.0,0,278.0,0.0,0.0,0.0
229.16666666666663,3.0,923.0,4.0,1,230.0,0.0,0.0,0.0
103.0,1.5,295.0,4.0,0,510.0,24.76923076923077,15.0,0.0
91.5,1.5,998.0,4.0,1,158.0,40.16666666666666,7.0,0.0
45.75,3.25,432.0,4.0,0,242.0,0.0,0.0,0.0
1402.25,26.5,902.0,4.0,0,1551.0,0.0,0.0,0.0
1669.25,26.0,583.0,4.0,0,475.0,0.0,0.0,0.0
578.5,6.5,279.0,4.0,0,911.0,0.0,0.0,0.0
112.4,3.0,318.0,4.0,1,219.0,47.77777777777778,5.0,0.0
221.66666666666663,4.0,844.0,4.0,1,230.0,0.0,0.0,0.0
43.333333333333336,4.5,224.0,4.0,1,611.0,0.0,0.0,0.0
741.25,12.5,1239.0,4.5,1,1066.0,0.0,0.0,0.0
245.0,4.5,228.0,4.0,1,620.0,34.0,1.0,0.0
44.5,1.0,553.0,4.0,1,575.0,11.5,2.0,0.0
1273.0,9.8,1083.0,4.0,0,751.0,0.0,0.0,0.0
128.75,3.0,399.0,4.0,1,615.0,26.5,5.0,0.0
7.0,1.0,779.0,4.0,0,491.0,14.2,4.0,0.0
90.66666666666669,2.0,482.0,4.0,1,70.0,41.4,3.0,0.0
1386.75,19.0,932.0,4.0,0,1500.0,0.0,0.0,0.0
271.75,3.5,228.0,4.0,1,153.0,39.5,5.0,0.0
1121.75,6.0,1174.0,4.0,0,3094.0,0.0,0.0,0.0
351.8333333333333,6.333333333333333,601.0,2.0,1,234.0,0.0,0.0,0.0
1161.75,18.5,1793.0,5.0,0,280.0,0.0,0.0,0.0
427.6666666666667,3.5,291.0,4.0,0,1219.0,0.0,0.0,0.0
10.375,2.5,97.0,4.5,0,451.0,20.285714285714285,31.0,0.0
223.5,3.5,781.0,4.0,1,363.0,16.833333333333332,5.0,0.0
667.0,7.0,722.0,4.5,1,512.0,0.0,0.0,0.0
11.75,1.5,91.0,4.5,0,175.0,27.857142857142858,11.0,0.0
215.0,4.5,382.0,2.0,1,18.0,36.0,2.0,0.0
1340.1666666666667,15.5,2097.0,4.0,1,1144.0,0.0,0.0,0.0
414.3333333333333,4.0,551.0,4.0,1,544.0,0.0,0.0,0.0
1618.5,14.25,385.0,4.0,0,1371.0,0.0,0.0,0.0
60.75,2.0,767.0,4.0,1,241.0,33.84615384615385,7.0,0.0
625.75,5.5,624.0,4.0,1,284.0,0.0,0.0,0.0
827.8333333333334,11.75,1646.0,4.5,1,443.0,0.0,0.0,0.0
464.5,4.5,187.0,4.5,0,77.0,0.0,0.0,0.0
376.25,7.666666666666667,37.0,4.0,1,589.0,11.5,1.0,0.0
905.75,8.666666666666666,2222.0,4.0,1,3684.0,0.0,0.0,0.0
27.5,0.5,584.0,4.0,0,334.0,29.55,18.0,0.0
290.0,5.75,289.0,4.0,1,602.0,0.0,0.0,0.0
1176.0,8.5,1108.0,4.0,0,2959.0,0.0,0.0,0.0
50.0,2.0,409.0,4.0,1,1048.0,0.0,0.0,0.0
91.0,3.5,154.0,4.0,1,171.0,14.833333333333334,1.0,0.0
30.33333333333333,1.5,578.0,4.0,1,651.0,40.0,6.0,0.0
228.3333333333333,5.0,299.0,4.0,1,513.0,0.0,0.0,0.0
533.3333333333334,5.0,755.0,4.0,1,692.0,0.0,0.0,0.0
216.0,4.666666666666667,1034.0,4.0,1,403.0,0.0,0.0,0.0
713.0,3.2,923.0,4.0,1,1549.0,0.0,0.0,0.0
1317.0,11.5,815.0,4.0,1,475.0,0.0,0.0,0.0
416.6666666666667,6.5,0.0,4.0,1,1199.0,0.0,0.0,0.0
373.8333333333333,4.0,251.0,4.0,1,115.0,0.0,0.0,0.0
23.5,0.0,1014.0,4.0,1,370.0,0.0,0.0,0.0
842.75,9.0,1308.0,4.0,0,561.0,0.0,0.0,0.0
694.3333333333334,12.4,1065.0,4.0,0,1197.0,0.0,0.0,0.0
102.5,1.5,391.0,4.0,1,906.0,29.181818181818183,4.0,0.0
46.0,3.0,48.0,4.0,0,548.0,0.0,0.0,0.0
112.0,3.0,728.0,4.0,1,694.0,0.0,0.0,0.0
520.75,4.0,367.0,4.0,1,280.0,0.0,0.0,0.0
451.75,4.5,283.0,4.0,1,629.0,0.0,0.0,0.0
272.25,4.5,137.0,4.0,1,212.0,0.0,0.0,0.0
495.3333333333333,5.0,212.0,4.0,0,691.0,0.0,0.0,0.0
606.0,4.0,505.0,4.0,1,897.0,0.0,0.0,0.0
1354.25,9.5,1226.0,5.0,1,2081.0,0.0,0.0,0.0
22.0,1.5,403.0,4.5,0,611.0,0.0,0.0,0.0
779.75,11.5,1229.0,5.0,1,1206.0,0.0,0.0,0.0
524.5,4.5,39.0,2.0,0,378.0,0.0,0.0,0.0
49.2,9.25,201.0,4.0,1,628.0,45.0,0.0,0.0
107.66666666666669,1.5,470.0,3.5,1,545.0,29.36842105263158,11.0,0.0
583.75,5.0,114.0,4.0,1,1010.0,0.0,0.0,0.0
515.25,10.5,323.0,4.5,0,1038.0,0.0,0.0,0.0
778.5,15.0,1142.0,4.0,1,1005.0,0.0,0.0,0.0
569.25,6.0,9.0,4.0,1,720.0,0.0,0.0,0.0
338.5,3.5,233.0,4.0,1,464.0,0.0,0.0,0.0
524.0,4.5,484.0,2.0,1,24.0,0.0,0.0,0.0
550.25,8.0,723.0,4.0,1,559.0,0.0,0.0,0.0
911.1666666666666,16.5,1626.0,4.0,1,734.0,0.0,0.0,0.0
348.5,6.75,500.0,4.0,0,355.0,0.0,0.0,0.0
832.8,13.0,1699.0,4.0,1,1983.0,0.0,0.0,0.0
772.25,5.5,932.0,4.0,1,630.0,0.0,0.0,0.0
34.666666666666664,2.5,273.0,4.0,1,273.0,20.8125,13.0,0.0
516.3333333333334,6.5,422.0,4.0,1,573.0,0.0,0.0,0.0
853.3333333333334,8.25,1494.0,4.0,1,3266.0,0.0,0.0,0.0
968.5,9.4,201.0,5.0,1,724.0,0.0,0.0,0.0
90.0,3.5,1144.0,4.0,1,286.0,0.0,0.0,0.0
477.75,4.5,240.0,4.0,1,383.0,0.0,0.0,0.0
462.0,4.0,280.0,4.0,1,1322.0,0.0,0.0,0.0
96.0,3.5,288.0,4.0,1,170.0,30.23076923076923,9.0,0.0
440.5,5.5,39.0,4.0,1,199.0,0.0,0.0,0.0
133.75,3.0,958.0,4.0,1,278.0,17.416666666666668,10.0,0.0
244.5,3.0,578.0,2.0,1,93.0,0.0,0.0,0.0
304.3333333333333,3.2,420.0,4.0,1,70.0,0.0,0.0,0.0
622.0,5.666666666666667,710.0,5.0,1,1307.0,0.0,0.0,0.0
135.25,2.333333333333333,343.0,4.0,1,192.0,33.333333333333336,2.0,0.0
300.25,6.0,0.0,4.0,1,162.0,0.0,0.0,0.0
164.0,2.0,7.0,4.0,1,62.0,0.0,0.0,0.0
841.0,12.0,1417.0,4.0,0,274.0,0.0,0.0,0.0
27.0,0.5,641.0,4.0,0,241.0,24.76,23.0,0.0
676.75,13.0,1111.0,4.0,0,658.0,0.0,0.0,0.0
439.25,5.0,143.0,4.0,0,488.0,0.0,0.0,0.0
740.1666666666666,8.0,1155.0,4.5,1,2199.0,0.0,0.0,0.0
729.5,11.333333333333334,1150.0,4.5,1,1009.0,0.0,0.0,0.0
187.3333333333333,3.5,486.0,2.0,1,0.0,42.0,0.0,0.0
26.25,2.5,275.0,3.5,1,415.0,29.88235294117647,12.0,0.0
608.0,5.0,182.0,4.0,1,400.0,0.0,0.0,0.0
583.6666666666666,5.833333333333333,70.0,4.0,1,1173.0,0.0,0.0,0.0
118.25,1.0,198.0,4.0,1,417.0,24.363636363636363,8.0,0.0
461.1666666666667,4.5,171.0,4.0,1,612.0,0.0,0.0,0.0
55.5,2.5,176.0,4.5,1,309.0,27.0,5.0,0.0
468.8333333333333,8.5,381.0,4.0,1,388.0,0.0,0.0,0.0
138.5,2.5,214.0,4.0,0,172.0,0.0,0.0,0.0
879.75,14.666666666666666,108.0,5.0,0,2776.0,0.0,0.0,0.0
1226.75,7.0,428.0,4.0,1,2233.0,0.0,0.0,0.0
184.0,2.25,908.0,4.0,1,313.0,0.0,0.0,0.0
349.6,3.0,170.0,4.0,1,840.0,0.0,0.0,0.0
74.33333333333333,2.5,709.0,4.0,0,625.0,19.0,3.0,0.0
152.66666666666666,5.5,507.0,4.0,1,399.0,0.0,0.0,0.0
1389.75,15.75,1898.0,4.0,1,633.0,0.0,0.0,0.0
219.25,4.0,575.0,4.0,0,664.0,0.0,0.0,0.0
1212.3333333333333,7.5,1415.0,4.0,1,276.0,0.0,0.0,0.0
220.66666666666663,3.0,306.0,3.5,1,82.0,0.0,0.0,0.0
881.6666666666666,7.0,1424.0,4.0,1,3929.0,0.0,0.0,0.0
364.75,3.5,296.0,3.0,1,11.0,0.0,0.0,0.0
203.5,4.25,583.0,4.0,1,690.0,0.0,0.0,0.0
186.75,6.0,120.0,2.6666666666666665,1,41.0,40.0,6.0,0.0
387.5,5.5,263.0,4.0,1,582.0,0.0,0.0,0.0
595.0,8.0,562.0,4.0,1,1082.0,0.0,0.0,0.0
818.2,7.25,1952.0,4.0,1,2967.0,0.0,0.0,0.0
713.25,5.6,840.0,4.5,1,1476.0,0.0,0.0,0.0
78.5,1.5,658.0,4.0,0,136.0,0.0,0.0,0.0
545.0,2.0,561.0,5.0,1,1257.0,0.0,0.0,0.0
255.5,2.0,296.0,4.0,1,272.0,0.0,0.0,0.0
699.0,2.5,756.0,4.0,0,1483.0,0.0,0.0,0.0
922.0,17.75,1709.0,4.0,1,330.0,0.0,0.0,0.0
1370.75,8.5,615.0,4.0,1,573.0,0.0,0.0,0.0
363.1666666666667,5.25,237.0,2.6666666666666665,1,26.0,58.0,1.0,0.0
1090.0,15.5,269.0,5.0,1,705.0,0.0,0.0,0.0
36.66666666666666,1.0,86.0,4.0,1,108.0,37.142857142857146,9.0,0.0
1397.25,18.0,1834.0,4.5,0,943.0,0.0,0.0,0.0
217.0,2.0,418.0,4.0,1,503.0,0.0,0.0,0.0
86.83333333333333,3.0,1196.0,4.0,0,231.0,31.25,15.0,0.0
24.5,1.0,620.0,4.0,1,170.0,0.0,0.0,0.0
213.2,2.5,48.0,4.0,0,503.0,0.0,0.0,0.0
581.0,2.5,1050.0,4.0,0,2461.0,0.0,0.0,0.0
41.5,1.5,643.0,4.0,1,740.0,25.0,7.0,0.0
656.0,7.0,883.0,4.0,0,1027.0,0.0,0.0,0.0
137.25,7.0,460.0,4.0,1,178.0,0.0,0.0,0.0
1105.5,10.0,400.0,4.0,0,2082.0,0.0,0.0,0.0
105.66666666666669,3.5,327.0,4.0,0,274.0,24.5,3.0,0.0
595.5,6.666666666666667,342.0,4.5,1,946.0,0.0,0.0,0.0
274.5,4.2,364.0,4.0,0,125.0,0.0,0.0,0.0
55.5,2.333333333333333,324.0,3.0,1,240.0,0.0,0.0,0.0
199.66666666666663,2.333333333333333,429.0,2.0,1,20.0,0.0,0.0,0.0
290.5,1.5,302.0,4.0,0,370.0,0.0,0.0,0.0
878.3333333333334,9.0,1939.0,4.0,1,3139.0,0.0,0.0,0.0
528.75,5.0,461.0,4.5,0,1800.0,0.0,0.0,0.0
1233.3333333333333,9.5,2013.0,4.0,0,1340.0,0.0,0.0,0.0
850.0,10.75,1858.0,4.5,1,23.0,0.0,0.0,0.0
324.25,7.0,948.0,4.0,1,330.0,0.0,0.0,0.0
37.25,3.0,813.0,4.5,1,366.0,26.347826086956523,15.0,0.0
453.0,6.5,677.0,2.0,1,692.0,0.0,0.0,0.0
639.6666666666666,13.166666666666666,670.0,4.5,1,1730.0,0.0,0.0,0.0
148.66666666666666,4.5,301.0,4.0,1,146.0,0.0,0.0,0.0
734.75,5.5,633.0,4.0,1,1642.0,0.0,0.0,0.0
56.0,2.0,940.0,4.0,1,142.0,25.6,2.0,0.0
478.25,6.0,230.0,4.0,1,598.0,0.0,0.0,0.0
124.83333333333331,5.0,132.0,2.0,1,86.0,0.0,0.0,0.0
714.5,12.75,1106.0,4.5,1,926.0,0.0,0.0,0.0
322.0,3.0,395.0,4.0,0,24.0,0.0,0.0,0.0
95.5,4.0,271.0,4.0,1,174.0,28.857142857142858,5.0,0.0
177.0,3.5,435.0,2.0,0,0.0,28.0,3.0,0.0
405.1666666666667,6.5,0.0,4.0,1,69.0,0.0,0.0,0.0
143.75,2.0,17.0,4.0,0,423.0,0.0,0.0,0.0
320.1666666666667,5.666666666666667,463.0,4.0,0,214.0,0.0,0.0,0.0
257.0,3.5,332.0,2.6666666666666665,1,14.0,0.0,0.0,0.0
67.0,4.5,702.0,4.0,1,275.0,50.16666666666666,3.0,0.0
741.0,9.5,521.0,4.0,1,721.0,0.0,0.0,0.0
1037.75,12.75,2149.0,3.0,1,723.0,0.0,0.0,0.0
108.75,5.0,907.0,4.0,0,232.0,0.0,0.0,0.0
516.5,2.5,420.0,4.0,0,592.0,0.0,0.0,0.0
897.75,17.0,1889.0,4.0,0,1640.0,0.0,0.0,0.0
1216.5,26.666666666666668,1404.0,5.0,1,381.0,0.0,0.0,0.0
385.25,6.5,473.0,2.0,1,89.0,0.0,0.0,0.0
721.5,13.75,804.0,5.0,1,1636.0,0.0,0.0,0.0
513.75,6.6,569.0,4.0,0,840.0,0.0,0.0,0.0
216.5,4.25,337.0,4.0,0,586.0,0.0,0.0,0.0
336.0,2.5,256.0,4.0,1,1496.0,0.0,0.0,0.0
586.75,6.333333333333333,115.0,4.0,1,1047.0,0.0,0.0,0.0
980.0,17.4,1414.0,5.0,0,921.0,0.0,0.0,0.0
232.75,3.5,290.0,4.0,1,174.0,14.0,2.0,0.0
25.5,1.5,700.0,4.0,0,564.0,22.285714285714285,23.0,0.0
1570.75,9.333333333333334,602.0,4.0,1,1607.0,0.0,0.0,0.0
430.3333333333333,5.0,135.0,2.0,1,17.0,0.0,0.0,0.0
368.25,4.5,201.0,4.0,1,212.0,0.0,0.0,0.0
536.3333333333334,3.5,356.0,2.0,1,257.0,0.0,0.0,0.0
310.42857142857144,6.0,716.0,4.0,1,506.0,0.0,0.0,0.0
3.2857142857142856,2.0,662.0,2.5,1,428.0,20.8,4.0,0.0
201.4,2.5,633.0,2.0,0,92.0,23.5,2.0,0.0
1696.25,21.5,1421.0,5.0,0,349.0,0.0,0.0,0.0
133.0,1.5,624.0,4.0,0,245.0,0.0,0.0,0.0
93.25,3.5,354.0,4.0,1,183.0,17.435897435897434,24.0,0.0
615.0,6.666666666666667,524.0,4.0,1,244.0,0.0,0.0,0.0
293.75,4.5,190.0,4.0,1,72.0,0.0,0.0,0.0
126.16666666666669,3.333333333333333,65.0,4.0,1,145.0,19.666666666666668,2.0,0.0
32.25,1.0,54.0,4.0,0,583.0,44.57142857142857,4.0,0.0
453.0,4.0,87.0,4.0,0,533.0,0.0,0.0,0.0
913.5,12.0,1386.0,4.0,1,2134.0,0.0,0.0,0.0
641.0,7.0,860.0,4.0,0,1938.0,0.0,0.0,0.0
28.0,2.0,800.0,4.5,1,636.0,43.3,6.0,0.0
159.66666666666666,1.0,681.0,4.0,1,257.0,0.0,0.0,0.0
96.5,5.666666666666667,863.0,4.0,1,81.0,0.0,0.0,0.0
258.8333333333333,3.0,84.0,4.0,0,376.0,0.0,0.0,0.0
723.6666666666666,6.5,318.0,4.0,1,501.0,0.0,0.0,0.0
200.75,2.0,554.0,4.0,1,177.0,0.0,0.0,0.0
426.0,7.25,180.0,4.0,1,309.0,0.0,0.0,0.0
61.2,4.0,369.0,2.0,1,7.0,0.0,0.0,0.0
392.5,4.0,163.0,4.0,1,645.0,0.0,0.0,0.0
266.0,5.0,251.0,4.0,1,125.0,0.0,0.0,0.0
406.25,5.0,422.0,4.0,0,729.0,0.0,0.0,0.0
692.75,10.333333333333334,659.0,4.5,0,1413.0,0.0,0.0,0.0
505.3333333333333,8.5,456.0,4.0,1,353.0,0.0,0.0,0.0
1050.0,13.25,682.0,4.0,1,2067.0,0.0,0.0,0.0
1640.8333333333333,12.5,717.0,4.0,1,318.0,0.0,0.0,0.0
328.5,3.0,187.0,2.0,1,91.0,0.0,0.0,0.0
207.5,3.5,218.0,4.0,0,184.0,0.0,0.0,0.0
422.0,3.0,513.0,4.0,1,327.0,0.0,0.0,0.0
696.0,11.5,976.0,4.0,1,787.0,0.0,0.0,0.0
90.5,2.0,1151.0,4.0,1,444.0,26.428571428571427,10.0,0.0
34.25,6.6,554.0,4.0,0,184.0,0.0,0.0,0.0
341.75,4.0,343.0,4.0,1,232.0,0.0,0.0,0.0
590.0,3.25,902.0,4.5,1,1655.0,0.0,0.0,0.0
172.83333333333334,4.0,402.0,4.0,0,227.0,0.0,0.0,0.0
350.1666666666667,9.25,632.0,4.0,1,757.0,0.0,0.0,0.0
1006.3333333333334,8.0,1301.0,4.0,0,2830.0,0.0,0.0,0.0
1599.111111111111,15.0,690.0,4.5,0,326.0,0.0,0.0,0.0
75.0,2.25,230.0,3.5,1,1293.0,33.666666666666664,1.0,0.0
1014.5,21.25,2013.0,4.0,1,1933.0,0.0,0.0,0.0
755.5,6.0,1114.0,4.0,1,352.0,0.0,0.0,0.0
309.5,2.5,310.0,4.0,1,34.0,38.0,3.0,0.0
608.0,5.5,401.0,2.6666666666666665,0,1230.0,0.0,0.0,0.0
46.75,1.5,233.0,4.5,0,375.0,23.25,16.0,0.0
755.75,12.5,1168.0,4.5,1,1147.0,0.0,0.0,0.0
71.28571428571429,7.666666666666667,213.0,4.0,1,563.0,0.0,0.0,0.0
705.75,7.5,1336.0,4.0,1,1424.0,0.0,0.0,0.0
232.0,6.0,218.0,4.0,1,390.0,0.0,0.0,0.0
95.5,2.0,671.0,4.0,1,209.0,8.0,1.0,0.0
233.4,3.5,549.0,4.0,0,34.0,0.0,0.0,0.0
878.75,5.5,1234.0,4.0,1,3540.0,0.0,0.0,0.0
1051.2,26.75,160.0,5.0,1,595.0,0.0,0.0,0.0
140.0,2.5,75.0,2.0,1,95.0,29.0,6.0,0.0
362.75,4.0,71.0,4.0,1,524.0,0.0,0.0,0.0
248.4,2.5,667.0,4.0,1,527.0,0.0,0.0,0.0
34.333333333333336,3.0,1273.0,4.0,1,638.0,35.9375,10.0,0.0
337.75,6.666666666666667,557.0,4.0,0,522.0,0.0,0.0,0.0
428.3333333333333,4.333333333333333,185.0,2.0,1,89.0,0.0,0.0,0.0
586.5,2.2,850.0,4.0,0,2368.0,0.0,0.0,0.0
862.0,4.5,2342.0,4.0,0,3341.0,0.0,0.0,0.0
354.0,5.0,259.0,4.0,1,157.0,0.0,0.0,0.0
447.0,9.0,148.0,4.0,0,692.0,0.0,0.0,0.0
1732.75,29.25,1340.0,2.5,1,127.0,0.0,0.0,0.0
552.75,5.0,512.0,4.0,0,429.0,0.0,0.0,0.0
1248.4,10.333333333333334,1156.0,4.0,1,523.0,0.0,0.0,0.0
1044.25,18.25,2332.0,4.0,0,702.0,0.0,0.0,0.0
385.0,3.5,618.0,4.0,1,185.0,0.0,0.0,0.0
649.2,3.75,96.0,4.0,0,1170.0,0.0,0.0,0.0
1214.75,25.5,1886.0,5.0,1,874.0,0.0,0.0,0.0
107.5,2.5,290.0,4.0,1,260.0,0.0,0.0,0.0
536.2222222222222,5.5,224.0,2.6666666666666665,1,690.0,0.0,0.0,0.0
277.5,3.0,364.0,2.0,1,57.0,21.5,2.0,0.0
344.2,3.5,146.0,4.0,0,1342.0,0.0,0.0,0.0
284.25,4.5,214.0,4.0,1,665.0,0.0,0.0,0.0
849.3333333333334,14.5,2003.0,4.0,1,2218.0,0.0,0.0,0.0
124.66666666666669,5.5,440.0,4.0,1,330.0,0.0,0.0,0.0
521.25,3.5,803.0,2.0,1,893.0,0.0,0.0,0.0
1419.75,13.0,431.0,4.0,1,572.0,0.0,0.0,0.0
958.25,23.0,375.0,4.5,1,572.0,0.0,0.0,0.0
270.25,4.0,696.0,4.0,0,73.0,0.0,0.0,0.0
102.0,1.5,309.0,4.0,1,324.0,27.444444444444443,10.0,0.0
576.0,7.0,111.0,4.0,1,427.0,0.0,0.0,0.0
364.3333333333333,3.5,244.0,4.0,1,407.0,0.0,0.0,0.0
310.6666666666667,7.5,391.0,4.0,0,290.0,0.0,0.0,0.0
710.75,5.5,1295.0,2.0,1,2020.0,0.0,0.0,0.0
282.25,4.0,282.0,2.6666666666666665,1,46.0,0.0,0.0,0.0
407.0,2.5,164.0,4.0,0,1099.0,0.0,0.0,0.0
74.75,5.0,611.0,3.5,1,415.0,0.0,0.0,0.0
651.75,5.5,595.0,4.0,1,214.0,0.0,0.0,0.0
753.5,6.333333333333333,1592.0,4.0,1,2352.0,0.0,0.0,0.0
136.16666666666666,6.5,432.0,4.0,1,252.0,0.0,0.0,0.0
1028.6666666666667,13.0,402.0,5.0,1,910.0,0.0,0.0,0.0
306.0,5.5,116.0,2.0,1,53.0,0.0,0.0,0.0
674.5,8.666666666666666,272.0,4.0,1,660.0,0.0,0.0,0.0
371.75,13.4,318.0,4.0,1,693.0,0.0,0.0,0.0
395.5,4.0,476.0,4.0,1,197.0,0.0,0.0,0.0
220.75,2.5,660.0,4.0,1,40.0,0.0,0.0,0.0
413.0,5.5,112.0,4.0,1,280.0,0.0,0.0,0.0
36.0,2.5,1163.0,4.0,0,442.0,24.76,15.0,0.0
675.3333333333334,5.5,814.0,4.0,1,276.0,0.0,0.0,0.0
23.75,2.5,696.0,4.5,0,754.0,41.5,2.0,0.0
549.5,6.5,13.0,2.0,1,610.0,0.0,0.0,0.0
609.8,9.0,935.0,2.0,0,1005.0,0.0,0.0,0.0
946.5,17.5,1276.0,5.0,1,1527.0,0.0,0.0,0.0
42.25,3.0,50.0,3.5,1,136.0,0.0,0.0,0.0
461.6666666666667,3.5,255.0,4.0,1,1378.0,0.0,0.0,0.0
679.0,6.5,131.0,4.0,1,119.0,0.0,0.0,0.0
526.5,5.5,225.0,4.0,1,1675.0,0.0,0.0,0.0
460.0,6.0,369.0,4.0,0,127.0,0.0,0.0,0.0
731.8333333333334,7.5,1395.0,2.0,1,2240.0,0.0,0.0,0.0
94.66666666666669,3.6666666666666665,144.0,4.0,0,256.0,0.0,0.0,0.0
116.75,5.0,324.0,4.0,1,60.0,0.0,0.0,0.0
222.0,4.0,184.0,4.0,1,307.0,0.0,0.0,0.0
31.33333333333333,3.0,252.0,4.0,1,373.0,18.666666666666668,8.0,0.0
517.0,14.0,409.0,5.0,0,1131.0,0.0,0.0,0.0
48.0,1.0,606.0,4.0,1,500.0,0.0,0.0,0.0
276.0,3.0,55.0,4.5,0,174.0,0.0,0.0,0.0
325.5,14.75,378.0,4.0,1,99.0,0.0,0.0,0.0
68.0,0.5,625.0,4.0,0,602.0,35.92307692307692,6.0,0.0
25.5,2.0,604.0,4.0,1,267.0,0.0,0.0,0.0
292.25,4.0,167.0,4.0,0,364.0,0.0,0.0,0.0
119.0,2.5,517.0,4.0,1,204.0,20.5,5.0,0.0
832.5,7.0,1624.0,4.0,1,3036.0,0.0,0.0,0.0
297.6666666666667,3.5,127.0,2.0,0,96.0,0.0,0.0,0.0
50.25,4.5,574.0,4.0,0,733.0,23.59259259259259,20.0,0.0
561.25,4.4,121.0,2.0,1,863.0,0.0,0.0,0.0
199.25,5.75,59.0,4.0,1,184.0,0.0,0.0,0.0
448.5,5.0,57.0,4.0,0,1497.0,0.0,0.0,0.0
426.3333333333333,5.5,431.0,2.0,0,89.0,0.0,0.0,0.0
122.83333333333331,2.75,248.0,4.0,1,270.0,28.6,4.0,0.0
772.5,7.5,1382.0,4.0,0,1421.0,0.0,0.0,0.0
1025.0,24.5,201.0,5.0,1,725.0,0.0,0.0,0.0
111.66666666666669,3.0,483.0,3.0,0,427.0,32.88235294117647,11.0,0.0
293.8333333333333,3.5,128.0,2.0,0,52.0,0.0,0.0,0.0
1056.4444444444443,15.333333333333334,2084.0,4.0,1,1346.0,0.0,0.0,0.0
1197.5,8.5,275.0,4.0,1,2195.0,0.0,0.0,0.0
49.0,1.5,1268.0,4.0,1,139.0,23.125,5.0,0.0
388.5,5.75,328.0,4.0,0,415.0,0.0,0.0,0.0
684.5,14.6,1003.0,5.0,0,1822.0,0.0,0.0,0.0
129.66666666666666,2.5,460.0,4.0,1,219.0,0.0,0.0,0.0
1137.25,6.666666666666667,1008.0,4.0,1,789.0,0.0,0.0,0.0
441.5,6.0,189.0,4.0,1,733.0,0.0,0.0,0.0
775.25,6.5,1680.0,2.0,1,2624.0,0.0,0.0,0.0
985.75,8.5,69.0,4.0,1,252.0,0.0,0.0,0.0
881.5,9.5,1583.0,4.0,1,2167.0,0.0,0.0,0.0
167.0,2.5,265.0,4.0,1,203.0,22.0,1.0,0.0
580.25,7.0,202.0,4.0,1,140.0,0.0,0.0,0.0
146.0,2.0,1033.0,4.0,1,237.0,24.11111111111111,21.0,0.0
92.66666666666669,3.0,1020.0,4.0,0,226.0,0.0,0.0,0.0
665.5,5.5,0.0,4.0,1,95.0,0.0,0.0,0.0
623.3333333333334,7.0,799.0,4.0,1,1100.0,0.0,0.0,0.0
192.25,3.5,488.0,4.0,1,189.0,0.0,0.0,0.0
611.5,6.833333333333333,757.0,4.0,1,229.0,0.0,0.0,0.0
19.5,3.0,351.0,4.5,1,290.0,28.454545454545453,9.0,0.0
637.5,5.0,1183.0,4.0,0,2433.0,0.0,0.0,0.0
1201.75,7.0,524.0,4.0,0,1311.0,0.0,0.0,0.0
35.25,2.0,483.0,2.6666666666666665,0,44.0,0.0,0.0,0.0
200.3333333333333,12.0,410.0,4.0,1,182.0,0.0,0.0,0.0
602.3333333333334,6.0,769.0,4.0,1,183.0,0.0,0.0,0.0
1128.3333333333333,10.75,901.0,4.0,1,1128.0,0.0,0.0,0.0
278.25,4.0,149.0,4.0,0,182.0,0.0,0.0,0.0
153.0,3.0,920.0,4.0,1,189.0,11.75,2.0,0.0
337.75,5.8,401.0,4.0,1,206.0,0.0,0.0,0.0
524.0,4.5,390.0,4.0,1,160.0,0.0,0.0,0.0
338.0,3.5,224.0,4.0,0,209.0,29.25,3.0,0.0
127.25,4.0,548.0,4.0,0,142.0,0.0,0.0,0.0
304.5,6.0,372.0,4.0,1,549.0,0.0,0.0,0.0
77.5,2.5,181.0,4.0,1,87.0,0.0,0.0,0.0
378.5,5.0,243.0,4.0,1,192.0,37.333333333333336,2.0,0.0
57.75,3.5,304.0,4.0,0,692.0,43.71428571428572,3.0,0.0
344.0,6.0,563.0,4.0,1,443.0,0.0,0.0,0.0
319.25,7.5,366.0,4.0,1,383.0,0.0,0.0,0.0
500.75,10.75,248.0,4.5,0,948.0,0.0,0.0,0.0
1.5,0.0,487.0,0.0,1,861.0,0.0,0.0,0.0
269.6666666666667,4.5,893.0,4.0,1,186.0,0.0,0.0,0.0
53.0,1.5,526.0,2.0,0,42.0,31.363636363636363,7.0,0.0
284.25,7.0,254.0,4.0,1,329.0,0.0,0.0,0.0
133.66666666666666,2.5,338.0,4.0,1,237.0,30.75,2.0,0.0
924.5,14.5,1754.0,4.5,0,666.0,0.0,0.0,0.0
242.0,2.0,424.0,4.0,1,875.0,0.0,0.0,0.0
92.25,1.5,879.0,4.0,0,392.0,26.125,6.0,0.0
591.0,4.25,642.0,4.0,1,907.0,0.0,0.0,0.0
385.0,5.0,233.0,4.0,1,317.0,0.0,0.0,0.0
396.75,4.5,153.0,4.0,0,798.0,39.66666666666666,2.0,0.0
67.0,1.5,611.0,4.0,0,508.0,29.95238095238096,11.0,0.0
643.5,9.0,1009.0,4.0,1,1018.0,0.0,0.0,0.0
512.2,7.75,409.0,4.0,1,106.0,0.0,0.0,0.0
36.75,2.0,250.0,2.0,1,16.0,0.0,0.0,0.0
232.75,5.0,548.0,4.0,1,146.0,0.0,0.0,0.0
856.3333333333334,5.0,1022.0,4.0,1,3429.0,0.0,0.0,0.0
365.3333333333333,6.666666666666667,481.0,4.0,1,393.0,0.0,0.0,0.0
244.625,2.5,610.0,4.0,1,626.0,0.0,0.0,0.0
228.5,6.0,614.0,4.0,0,1106.0,0.0,0.0,0.0
104.16666666666669,2.5,770.0,4.0,1,155.0,29.24,15.0,0.0
1709.5,21.75,577.0,4.0,1,550.0,0.0,0.0,0.0
548.6666666666666,8.0,639.0,4.0,1,618.0,0.0,0.0,0.0
663.5,5.5,770.0,4.5,1,1551.0,0.0,0.0,0.0
197.16666666666663,4.0,80.0,4.0,1,137.0,0.0,0.0,0.0
259.0,5.333333333333333,196.0,4.0,1,88.0,0.0,0.0,0.0
34.0,1.5,835.0,4.5,0,897.0,34.875,4.0,0.0
49.75,2.5,566.0,4.0,0,182.0,31.181818181818183,5.0,0.0
1059.1666666666667,20.5,2135.0,2.5,0,410.0,0.0,0.0,0.0
121.75,6.0,743.0,4.0,0,218.0,0.0,0.0,0.0
470.0,4.0,84.0,4.0,1,439.0,0.0,0.0,0.0
138.5,4.5,164.0,4.0,1,367.0,0.0,0.0,0.0
346.75,6.333333333333333,54.0,4.0,1,228.0,28.0,3.0,0.0
100.75,2.5,0.0,3.5,1,221.0,0.0,0.0,0.0
897.0,15.75,685.0,5.0,1,976.0,0.0,0.0,0.0
71.4,1.5,427.0,4.0,1,148.0,25.63157894736842,15.0,0.0
182.0,2.5,0.0,4.0,1,270.0,0.0,0.0,0.0
1121.5,16.0,2468.0,4.0,1,1217.0,0.0,0.0,0.0
115.75,2.5,172.0,4.5,0,231.0,13.0,1.0,0.0
744.1666666666666,5.5,933.0,4.0,1,528.0,0.0,0.0,0.0
513.5,5.0,1.0,4.0,1,381.0,0.0,0.0,0.0
484.0,6.75,61.0,4.5,1,782.0,0.0,0.0,0.0
519.0,4.5,236.0,4.0,0,365.0,0.0,0.0,0.0
284.5,4.5,1110.0,4.0,1,630.0,0.0,0.0,0.0
313.1666666666667,4.5,89.0,4.0,1,127.0,0.0,0.0,0.0
248.75,4.5,769.0,4.0,1,250.0,0.0,0.0,0.0
832.25,4.0,598.0,4.0,1,2728.0,0.0,0.0,0.0
654.0,18.25,698.0,4.5,0,1636.0,0.0,0.0,0.0
679.0,6.0,986.0,4.0,1,1655.0,0.0,0.0,0.0
259.75,3.0,385.0,4.0,1,70.0,21.0,1.0,0.0
42.5,1.5,341.0,4.0,1,75.0,0.0,0.0,0.0
328.5,5.0,722.0,2.0,1,203.0,0.0,0.0,0.0
72.33333333333333,4.5,357.0,3.6666666666666665,0,307.0,33.15384615384615,10.0,0.0
192.0,6.0,109.0,4.0,1,219.0,0.0,0.0,0.0
362.5,3.5,151.0,4.0,1,223.0,0.0,0.0,0.0
200.5,4.0,228.0,4.0,1,224.0,0.0,0.0,0.0
513.5,4.5,497.0,4.0,1,382.0,0.0,0.0,0.0
276.0,3.5,840.0,4.0,0,989.0,0.0,0.0,0.0
1187.75,24.25,1464.0,2.5,0,450.0,0.0,0.0,0.0
85.85714285714286,2.0,377.0,4.0,1,76.0,0.0,0.0,0.0
296.25,6.0,1095.0,4.0,1,869.0,0.0,0.0,0.0
205.75,7.0,173.0,2.0,1,53.0,0.0,0.0,0.0
192.66666666666663,3.5,579.0,4.0,0,140.0,24.0625,12.0,0.0
147.2,2.5,9.0,2.0,0,105.0,0.0,0.0,0.0
297.75,4.5,290.0,4.0,1,154.0,0.0,0.0,0.0
80.66666666666667,4.0,439.0,4.0,1,586.0,0.0,0.0,0.0
70.16666666666667,3.0,310.0,4.5,1,112.0,18.125,6.0,0.0
253.0,4.0,684.0,4.0,0,177.0,0.0,0.0,0.0
105.16666666666669,1.5,38.0,4.0,1,342.0,25.178571428571427,18.0,0.0
105.0,3.0,524.0,4.0,1,338.0,0.0,0.0,0.0
422.1666666666667,7.333333333333333,83.0,4.0,1,356.0,0.0,0.0,0.0
874.25,7.0,2076.0,4.0,1,3338.0,0.0,0.0,0.0
1204.0,7.5,469.0,4.0,1,1430.0,0.0,0.0,0.0
536.75,5.0,162.0,4.0,1,316.0,0.0,0.0,0.0
812.25,10.5,626.0,4.0,0,3384.0,0.0,0.0,0.0
92.25,3.5,246.0,4.0,1,94.0,18.83333333333333,3.0,0.0
134.0,3.0,38.0,4.0,1,230.0,0.0,0.0,0.0
52.0,1.5,556.0,4.0,1,597.0,24.125,13.0,0.0
95.75,3.0,291.0,4.0,0,315.0,31.6,3.0,0.0
598.0,2.8,881.0,4.5,0,2102.0,0.0,0.0,0.0
265.6666666666667,2.5,301.0,4.0,1,746.0,0.0,0.0,0.0
956.75,18.166666666666668,468.0,5.0,1,1098.0,0.0,0.0,0.0
100.25,3.5,679.0,4.0,1,1057.0,0.0,0.0,0.0
597.25,6.0,852.0,4.5,1,1474.0,0.0,0.0,0.0
489.0,8.0,375.0,4.0,1,1017.0,0.0,0.0,0.0
1103.5,6.0,946.0,4.0,1,2781.0,0.0,0.0,0.0
263.3333333333333,3.0,38.0,4.0,0,263.0,0.0,0.0,0.0
21.5,1.0,451.0,4.0,1,736.0,96.0,0.0,0.0
1132.0,8.0,693.0,4.0,1,2577.0,0.0,0.0,0.0
1431.25,16.0,2138.0,4.0,1,951.0,0.0,0.0,0.0
134.6,3.75,275.0,4.0,1,414.0,0.0,0.0,0.0
319.75,5.333333333333333,562.0,4.0,1,152.0,0.0,0.0,0.0
765.5,5.0,953.0,4.0,1,557.0,0.0,0.0,0.0
779.5,10.833333333333334,1383.0,4.0,1,1764.0,0.0,0.0,0.0
635.0,5.5,194.0,4.0,1,413.0,0.0,0.0,0.0
1107.25,22.25,1988.0,5.0,0,249.0,0.0,0.0,0.0
1034.0,19.33333333333333,187.0,5.0,1,968.0,0.0,0.0,0.0
603.3333333333334,3.0,14.0,4.0,1,283.0,0.0,0.0,0.0
729.6666666666666,9.0,1341.0,4.0,0,1651.0,0.0,0.0,0.0
6.5,0.5,387.0,4.5,1,480.0,16.75,22.0,0.0
251.0,2.5,337.0,4.0,1,292.0,0.0,0.0,0.0
400.375,6.5,462.0,4.0,1,181.0,0.0,0.0,0.0
63.5,1.5,276.0,4.0,1,240.0,0.0,0.0,0.0
903.0,11.5,1560.0,4.0,1,1971.0,0.0,0.0,0.0
574.25,4.666666666666667,200.0,4.0,1,712.0,0.0,0.0,0.0
46.0,1.0,241.0,4.0,1,194.0,0.0,0.0,0.0
515.5,6.5,424.0,2.6666666666666665,1,46.0,0.0,0.0,0.0
20.0,1.0,459.0,4.0,1,798.0,0.0,0.0,0.0
309.6666666666667,4.2,155.0,4.0,1,282.0,0.0,0.0,0.0
148.0,2.5,888.0,4.0,1,579.0,23.48,18.0,0.0
29.0,1.0,345.0,2.0,0,97.0,25.90909090909091,15.0,0.0
98.75,1.5,197.0,4.0,0,384.0,20.923076923076923,23.0,0.0
498.25,5.5,595.0,4.0,1,541.0,0.0,0.0,0.0
313.75,5.0,904.0,2.0,1,59.0,0.0,0.0,0.0
208.25,6.0,168.0,2.0,1,45.0,0.0,0.0,0.0
45.75,2.0,496.0,4.0,0,325.0,0.0,0.0,0.0
304.3333333333333,8.5,388.0,4.0,1,114.0,0.0,0.0,0.0
571.0,4.0,516.0,4.0,1,1335.0,0.0,0.0,0.0
1259.75,24.75,1312.0,5.0,1,160.0,0.0,0.0,0.0
280.5,7.0,808.0,4.0,1,747.0,0.0,0.0,0.0
706.75,6.0,960.0,4.0,1,588.0,0.0,0.0,0.0
1159.1666666666667,8.0,1028.0,4.0,0,2923.0,0.0,0.0,0.0
6.2,3.5,657.0,2.0,0,1225.0,0.0,0.0,0.0
145.66666666666666,4.5,448.0,2.6666666666666665,0,83.0,0.0,0.0,0.0
458.5,4.0,338.0,4.0,0,1229.0,0.0,0.0,0.0
1302.25,22.0,1246.0,5.0,1,250.0,0.0,0.0,0.0
757.25,8.6,618.0,4.0,1,794.0,0.0,0.0,0.0
440.25,7.5,325.0,4.0,0,215.0,0.0,0.0,0.0
182.25,3.0,379.0,4.0,0,78.0,17.833333333333332,4.0,0.0
576.75,5.0,19.0,4.0,1,125.0,0.0,0.0,0.0
9.75,2.5,581.0,4.5,1,559.0,0.0,0.0,0.0
447.3333333333333,8.0,231.0,4.0,1,57.0,0.0,0.0,0.0
403.3333333333333,4.5,182.0,4.0,1,988.0,0.0,0.0,0.0
18.5,2.5,100.0,4.5,0,398.0,18.33333333333333,23.0,0.0
572.5,4.0,272.0,4.0,1,114.0,0.0,0.0,0.0
295.3333333333333,8.25,542.0,4.0,1,678.0,0.0,0.0,0.0
491.75,17.0,418.0,4.5,0,1433.0,0.0,0.0,0.0
941.6666666666666,14.0,552.0,5.0,1,1278.0,0.0,0.0,0.0
212.25,5.0,573.0,4.0,1,435.0,0.0,0.0,0.0
344.0,3.0,180.0,2.0,1,75.0,0.0,0.0,0.0
1109.75,7.5,520.0,4.0,1,2282.0,0.0,0.0,0.0
544.5,6.833333333333333,382.0,4.0,0,871.0,0.0,0.0,0.0
376.6,3.5,557.0,4.0,1,785.0,0.0,0.0,0.0
352.5,4.5,171.0,2.0,1,79.0,0.0,0.0,0.0
404.75,5.0,571.0,4.0,1,535.0,0.0,0.0,0.0
857.0,5.0,1153.0,4.0,1,3730.0,0.0,0.0,0.0
62.0,2.0,610.0,4.0,1,404.0,29.22222222222222,5.0,0.0
511.8333333333333,13.25,675.0,4.0,1,1195.0,0.0,0.0,0.0
73.25,2.5,320.0,4.0,1,210.0,0.0,0.0,0.0
337.25,3.5,685.0,4.0,1,265.0,0.0,0.0,0.0
394.0,2.5,443.0,4.0,0,503.0,0.0,0.0,0.0
202.25,5.0,680.0,4.0,1,232.0,27.666666666666668,8.0,0.0
1037.0,10.0,1578.0,4.0,0,3364.0,0.0,0.0,0.0
200.25,3.0,548.0,4.0,1,167.0,0.0,0.0,0.0
889.5,9.5,2259.0,4.0,1,3657.0,0.0,0.0,0.0
893.25,10.75,1185.0,5.0,1,1709.0,0.0,0.0,0.0
105.0,2.5,181.0,4.0,0,599.0,0.0,0.0,0.0
784.3333333333334,6.6,1627.0,4.0,0,2456.0,0.0,0.0,0.0
61.0,1.0,698.0,2.0,1,640.0,24.7,7.0,0.0
268.75,3.0,424.0,4.0,1,959.0,0.0,0.0,0.0
63.0,4.5,1045.0,4.0,1,255.0,20.5625,15.0,0.0
189.4,3.5,593.0,4.0,1,95.0,0.0,0.0,0.0
196.5,3.5,480.0,4.0,1,132.0,0.0,0.0,0.0
51.66666666666666,3.0,171.0,4.5,1,244.0,0.0,0.0,0.0
611.0,3.5,1208.0,4.0,0,2246.0,0.0,0.0,0.0
504.75,5.5,124.0,4.0,1,629.0,0.0,0.0,0.0
870.0,9.5,1481.0,4.0,1,3438.0,0.0,0.0,0.0
758.1666666666666,6.5,1131.0,4.0,1,218.0,0.0,0.0,0.0
201.5,4.75,320.0,4.0,1,141.0,0.0,0.0,0.0
568.5,7.0,819.0,4.0,1,977.0,0.0,0.0,0.0
16.25,2.5,112.0,3.0,1,191.0,31.764705882352946,10.0,0.0
867.0,8.666666666666666,1681.0,4.0,1,2189.0,0.0,0.0,0.0
1215.5,8.0,525.0,4.0,1,1456.0,0.0,0.0,0.0
141.33333333333334,2.0,295.0,4.0,1,405.0,48.0,5.0,0.0
784.25,5.0,1539.0,4.5,1,2560.0,0.0,0.0,0.0
552.2,5.0,1.0,4.0,1,579.0,0.0,0.0,0.0
1078.7142857142858,31.0,148.0,5.0,1,512.0,0.0,0.0,0.0
261.25,4.5,359.0,2.0,1,141.0,0.0,0.0,0.0
592.8,6.5,581.0,4.0,0,721.0,0.0,0.0,0.0
977.4444444444443,22.0,2356.0,3.0,1,510.0,0.0,0.0,0.0
1078.3333333333333,15.0,563.0,4.0,1,1991.0,0.0,0.0,0.0
950.5,9.0,1862.0,4.5,0,3872.0,0.0,0.0,0.0
197.16666666666663,11.0,321.0,4.0,1,161.0,0.0,0.0,0.0
613.0,5.2,501.0,4.0,0,559.0,0.0,0.0,0.0
480.3333333333333,7.666666666666667,592.0,4.0,1,179.0,0.0,0.0,0.0
750.5,8.25,803.0,4.0,1,1841.0,0.0,0.0,0.0
1258.25,8.5,1790.0,4.0,1,981.0,0.0,0.0,0.0
451.6666666666667,3.0,146.0,4.0,1,285.0,0.0,0.0,0.0
124.33333333333331,3.0,318.0,4.0,1,111.0,0.0,0.0,0.0
243.5,4.0,726.0,4.0,1,255.0,25.0,0.0,0.0
134.75,1.5,0.0,4.0,1,117.0,0.0,0.0,0.0
328.3333333333333,12.333333333333334,288.0,4.0,1,21.0,0.0,0.0,0.0
140.5,4.5,709.0,4.0,1,215.0,0.0,0.0,0.0
248.66666666666663,2.5,438.0,4.0,1,162.0,0.0,0.0,0.0
555.0,8.5,571.0,2.0,1,477.0,0.0,0.0,0.0
141.75,2.5,500.0,2.0,1,11.0,0.0,0.0,0.0
1288.8333333333333,19.166666666666668,826.0,5.0,0,2061.0,0.0,0.0,0.0
533.75,4.0,545.0,4.0,1,637.0,0.0,0.0,0.0
224.25,4.5,96.0,4.0,1,237.0,27.2,4.0,0.0
66.0,1.5,550.0,4.0,1,288.0,0.0,0.0,0.0
995.6,19.666666666666668,334.0,5.0,1,313.0,0.0,0.0,0.0
786.0,11.0,1012.0,5.0,1,1318.0,0.0,0.0,0.0
347.6666666666667,7.0,154.0,4.0,1,299.0,0.0,0.0,0.0
526.8,19.5,575.0,4.5,0,1485.0,0.0,0.0,0.0
20.666666666666668,1.5,375.0,2.0,1,77.0,0.0,0.0,0.0
1027.75,14.75,1646.0,4.5,1,293.0,0.0,0.0,0.0
823.25,5.0,447.0,5.0,1,2338.0,0.0,0.0,0.0
92.5,2.0,534.0,4.0,0,169.0,30.105263157894736,13.0,0.0
56.333333333333336,1.3333333333333333,939.0,4.0,1,41.0,28.58333333333333,9.0,0.0
414.25,3.5,120.0,4.0,1,185.0,0.0,0.0,0.0
1023.5,7.0,1317.0,4.0,0,2940.0,0.0,0.0,0.0
522.75,10.666666666666666,360.0,4.0,1,888.0,0.0,0.0,0.0
230.75,2.5,585.0,4.0,1,121.0,23.5,10.0,0.0
70.0,4.0,800.0,4.0,0,480.0,33.285714285714285,11.0,0.0
1295.5,28.5,1666.0,5.0,0,697.0,0.0,0.0,0.0
160.0,3.5,353.0,4.0,1,329.0,12.75,3.0,0.0
293.5,4.5,317.0,4.0,1,921.0,0.0,0.0,0.0
113.75,2.5,281.0,4.0,0,246.0,0.0,0.0,0.0
104.25,1.0,241.0,4.0,1,494.0,24.96153846153846,17.0,0.0
64.33333333333333,1.5,90.0,4.0,1,750.0,0.0,0.0,0.0
608.25,4.5,0.0,4.0,1,207.0,0.0,0.0,0.0
591.75,2.6666666666666665,860.0,4.0,0,2190.0,0.0,0.0,0.0
741.25,22.75,630.0,5.0,1,867.0,0.0,0.0,0.0
886.0,12.666666666666666,1987.0,4.0,1,142.0,0.0,0.0,0.0
355.75,10.0,0.0,4.0,1,1064.0,0.0,0.0,0.0
597.0,11.5,562.0,4.5,1,997.0,0.0,0.0,0.0
554.6666666666666,4.0,224.0,4.0,1,91.0,0.0,0.0,0.0
846.4,5.5,2012.0,4.0,1,2893.0,0.0,0.0,0.0
521.75,4.5,399.0,4.0,1,354.0,0.0,0.0,0.0
446.0,6.0,269.0,4.0,1,634.0,0.0,0.0,0.0
229.5,3.6666666666666665,357.0,4.0,1,113.0,0.0,0.0,0.0
818.8333333333334,9.0,1363.0,5.0,0,1338.0,0.0,0.0,0.0
153.33333333333334,1.5,657.0,4.0,1,410.0,0.0,0.0,0.0
100.0,4.5,499.0,4.0,1,139.0,15.0,3.0,0.0
235.5,3.0,970.0,4.0,1,170.0,0.0,0.0,0.0
567.75,4.0,31.0,4.0,1,615.0,0.0,0.0,0.0
674.75,9.5,0.0,4.0,1,154.0,0.0,0.0,0.0
323.5,6.0,367.0,2.0,1,385.0,0.0,0.0,0.0
614.3333333333334,5.0,343.0,4.0,1,1383.0,0.0,0.0,0.0
431.3333333333333,4.0,148.0,4.0,0,1222.0,27.33333333333333,2.0,0.0
67.6,1.5,645.0,4.0,1,367.0,23.789473684210527,12.0,0.0
382.75,3.5,211.0,3.0,1,0.0,0.0,0.0,0.0
252.0,4.0,69.0,4.0,1,31.0,0.0,0.0,0.0
658.0,6.5,459.0,4.0,1,731.0,0.0,0.0,0.0
67.5,3.5,208.0,4.0,1,314.0,0.0,0.0,0.0
552.8,4.25,334.0,4.0,0,690.0,0.0,0.0,0.0
1140.0,11.0,1093.0,4.0,0,1099.0,0.0,0.0,0.0
503.5,3.0,340.0,4.0,0,797.0,0.0,0.0,0.0
437.75,3.5,0.0,4.0,0,1275.0,0.0,0.0,0.0
514.5,3.5,562.0,4.0,0,871.0,0.0,0.0,0.0
18.75,2.0,801.0,4.0,0,229.0,40.333333333333336,1.0,0.0
63.25,4.0,823.0,4.0,1,163.0,0.0,0.0,0.0
574.25,2.0,1111.0,4.5,1,2774.0,0.0,0.0,0.0
371.0,2.5,552.0,4.0,1,625.0,0.0,0.0,0.0
1201.0,26.0,564.0,4.0,1,383.0,0.0,0.0,0.0
469.6,4.0,439.0,4.0,0,901.0,0.0,0.0,0.0
109.4,3.0,740.0,4.0,0,152.0,0.0,0.0,0.0
76.33333333333333,4.25,635.0,3.5,1,481.0,18.714285714285715,4.0,0.0
4.666666666666667,2.5,0.0,2.0,1,50.0,27.176470588235293,10.0,0.0
105.66666666666669,3.5,92.0,4.0,1,505.0,0.0,0.0,0.0
6.2,5.25,484.0,2.5,0,1014.0,34.05263157894737,14.0,0.0
307.25,7.75,32.0,4.0,1,335.0,0.0,0.0,0.0
1197.5,10.666666666666666,1115.0,4.0,1,728.0,0.0,0.0,0.0
179.75,3.5,600.0,4.0,1,452.0,0.0,0.0,0.0
309.5,7.0,316.0,4.0,1,272.0,0.0,0.0,0.0
822.1666666666666,19.0,331.0,5.0,1,3135.0,0.0,0.0,0.0
621.25,3.5,612.0,4.0,0,876.0,0.0,0.0,0.0
406.75,4.5,345.0,4.0,0,633.0,0.0,0.0,0.0
173.5,2.0,256.0,4.0,1,92.0,0.0,0.0,0.0
64.5,2.5,510.0,4.0,0,50.0,26.823529411764707,9.0,0.0
369.75,4.0,394.0,2.0,0,2.0,13.333333333333334,0.0,0.0
620.25,5.0,483.0,4.5,1,1310.0,0.0,0.0,0.0
70.0,2.0,443.0,4.0,1,198.0,0.0,0.0,0.0
513.5,2.5,334.0,4.0,1,511.0,0.0,0.0,0.0
4.0,2.0,801.0,3.6666666666666665,1,307.0,0.0,0.0,0.0
414.75,5.5,249.0,4.0,0,1271.0,0.0,0.0,0.0
1076.75,12.0,1720.0,4.0,1,1718.0,0.0,0.0,0.0
613.0,5.25,1202.0,4.0,0,2124.0,0.0,0.0,0.0
658.25,12.25,701.0,4.0,1,250.0,0.0,0.0,0.0
637.0,4.0,264.0,4.0,1,737.0,0.0,0.0,0.0
807.5,12.5,1410.0,4.0,1,2784.0,0.0,0.0,0.0
734.25,9.666666666666666,1282.0,4.0,1,1674.0,0.0,0.0,0.0
291.75,3.0,902.0,4.0,1,458.0,0.0,0.0,0.0
309.25,5.0,500.0,4.0,1,592.0,0.0,0.0,0.0
206.75,3.5,282.0,4.0,1,278.0,0.0,0.0,0.0
851.0,11.0,1728.0,4.5,0,414.0,0.0,0.0,0.0
75.33333333333333,3.0,451.0,4.0,1,582.0,50.5,1.0,0.0
11.25,2.0,801.0,4.0,1,115.0,23.4390243902439,12.0,0.0
96.0,3.0,318.0,4.0,1,429.0,30.0,1.0,0.0
488.3333333333333,4.0,285.0,4.0,1,405.0,0.0,0.0,0.0
527.25,9.0,512.0,4.0,1,589.0,0.0,0.0,0.0
890.0,11.0,1562.0,4.5,0,1680.0,0.0,0.0,0.0
562.6666666666666,6.0,237.0,4.0,1,869.0,0.0,0.0,0.0
143.0,1.5,422.0,4.0,1,169.0,0.0,0.0,0.0
1128.75,6.25,258.0,4.0,1,1778.0,0.0,0.0,0.0
119.25,3.0,521.0,4.0,1,306.0,54.0,2.0,0.0
311.5,5.0,263.0,4.0,1,627.0,0.0,0.0,0.0
1276.75,8.5,1990.0,4.0,1,1116.0,0.0,0.0,0.0
134.75,7.5,328.0,4.0,0,379.0,25.0,0.0,0.0
376.25,3.0,451.0,4.0,1,647.0,0.0,0.0,0.0
842.1666666666666,13.166666666666666,802.0,4.5,1,902.0,0.0,0.0,0.0
547.6666666666666,7.0,611.0,2.0,0,582.0,0.0,0.0,0.0
1318.75,7.0,1148.0,4.0,1,1542.0,0.0,0.0,0.0
518.0,5.25,523.0,4.0,1,476.0,0.0,0.0,0.0
160.6,4.5,329.0,2.0,1,27.0,0.0,0.0,0.0
502.25,7.0,362.0,4.0,1,680.0,0.0,0.0,0.0
460.75,1.5,0.0,4.0,1,501.0,0.0,0.0,0.0
51.66666666666666,1.5,133.0,4.666666666666667,0,302.0,20.0,0.0,0.0
911.5,12.2,1668.0,4.5,1,982.0,0.0,0.0,0.0
537.5,5.5,214.0,4.5,1,1814.0,0.0,0.0,0.0
234.0,3.5,320.0,2.0,0,16.0,0.0,0.0,0.0
322.75,3.0,152.0,4.0,0,135.0,0.0,0.0,0.0
740.1666666666666,11.833333333333334,566.0,4.5,0,3209.0,0.0,0.0,0.0
686.75,6.5,337.0,4.0,0,546.0,0.0,0.0,0.0
1060.5,9.5,758.0,4.0,0,1753.0,0.0,0.0,0.0
547.25,8.0,181.0,4.0,0,762.0,38.0,2.0,0.0
853.4,2.5,956.0,4.0,1,3428.0,0.0,0.0,0.0
37.25,1.0,288.0,4.0,1,274.0,30.6,12.0,0.0
373.25,9.5,363.0,4.0,1,598.0,0.0,0.0,0.0
645.75,7.333333333333333,615.0,4.5,0,1524.0,0.0,0.0,0.0
110.8,2.0,570.0,2.0,1,66.0,0.0,0.0,0.0
367.75,7.0,530.0,4.0,0,549.0,0.0,0.0,0.0
38.5,3.5,433.0,4.5,0,544.0,28.88888888888889,6.0,0.0
33.5,3.0,140.0,4.5,1,115.0,0.0,0.0,0.0
994.25,14.75,1068.0,4.5,1,1511.0,0.0,0.0,0.0
385.0,6.5,566.0,4.0,1,177.0,0.0,0.0,0.0
194.16666666666663,8.5,359.0,4.0,1,168.0,0.0,0.0,0.0
420.125,9.5,663.0,4.0,1,632.0,0.0,0.0,0.0
502.0,6.0,314.0,4.0,1,480.0,0.0,0.0,0.0
1109.0,7.5,1380.0,4.0,1,3299.0,0.0,0.0,0.0
196.5,2.25,432.0,4.0,1,237.0,0.0,0.0,0.0
21.0,1.0,371.0,4.0,0,926.0,0.0,0.0,0.0
988.5384615384615,12.166666666666666,1207.0,4.0,1,1652.0,0.0,0.0,0.0
105.75,3.5,636.0,2.0,1,32.0,36.66666666666666,4.0,0.0
1143.75,9.0,123.0,4.0,1,1683.0,0.0,0.0,0.0
298.5,10.25,631.0,4.0,1,220.0,0.0,0.0,0.0
707.75,6.5,1189.0,4.0,1,1456.0,0.0,0.0,0.0
914.25,10.0,1095.0,5.0,1,1618.0,0.0,0.0,0.0
145.0,3.6666666666666665,184.0,4.0,1,268.0,0.0,0.0,0.0
514.75,3.5,101.0,4.0,0,80.0,0.0,0.0,0.0
531.0,4.0,193.0,2.6666666666666665,1,69.0,0.0,0.0,0.0
517.6666666666666,12.0,596.0,4.0,1,347.0,0.0,0.0,0.0
554.25,5.5,934.0,4.0,1,910.0,0.0,0.0,0.0
157.0,1.0,756.0,4.0,1,256.0,0.0,0.0,0.0
125.66666666666669,3.25,189.0,4.0,1,263.0,0.0,0.0,0.0
198.25,3.5,322.0,4.0,0,315.0,0.0,0.0,0.0
540.6,4.5,144.0,4.0,1,119.0,0.0,0.0,0.0
628.0,10.0,296.0,4.0,1,1260.0,0.0,0.0,0.0
798.75,17.666666666666668,209.0,5.0,1,2910.0,0.0,0.0,0.0
268.5,5.0,652.0,4.0,1,773.0,0.0,0.0,0.0
319.5,5.5,490.0,4.0,1,286.0,0.0,0.0,0.0
293.6666666666667,3.5,363.0,4.0,1,236.0,0.0,0.0,0.0
675.2222222222222,10.166666666666666,914.0,4.0,1,876.0,0.0,0.0,0.0
34.0,1.5,1230.0,4.5,0,511.0,40.4,3.0,0.0
385.0,4.0,188.0,4.0,1,349.0,0.0,0.0,0.0
212.5,4.0,0.0,4.0,1,80.0,0.0,0.0,0.0
838.25,20.75,785.0,5.0,1,836.0,0.0,0.0,0.0
1317.75,16.5,2022.0,4.5,1,1056.0,0.0,0.0,0.0
155.5,2.5,617.0,4.0,1,435.0,0.0,0.0,0.0
263.0,7.333333333333333,128.0,4.0,0,482.0,0.0,0.0,0.0
1052.3333333333333,14.0,2012.0,4.0,1,1149.0,0.0,0.0,0.0
138.0,1.5,441.0,4.0,1,225.0,25.25,3.0,0.0
924.75,21.0,2014.0,4.0,1,2032.0,0.0,0.0,0.0
70.5,2.5,528.0,4.0,1,394.0,21.529411764705884,13.0,0.0
21.5,1.0,659.0,4.0,1,662.0,0.0,0.0,0.0
14.75,2.5,429.0,4.0,1,1011.0,27.0,2.0,0.0
581.5,4.0,211.0,4.5,1,1805.0,0.0,0.0,0.0
554.75,7.0,399.0,2.0,1,927.0,0.0,0.0,0.0
121.33333333333331,3.5,168.0,4.0,0,185.0,19.666666666666668,7.0,0.0
59.77777777777778,4.333333333333333,218.0,4.0,0,1260.0,16.333333333333332,2.0,0.0
392.25,4.0,560.0,4.0,0,706.0,0.0,0.0,0.0
518.75,7.0,490.0,4.0,1,84.0,0.0,0.0,0.0
55.0,1.0,386.0,4.0,0,783.0,24.1,6.0,0.0
187.5,3.5,483.0,2.0,0,25.0,24.0,8.0,0.0
1204.0,18.666666666666668,1262.0,5.0,1,9.0,0.0,0.0,0.0
121.66666666666669,1.5,259.0,3.5,0,454.0,0.0,0.0,0.0
438.25,4.5,155.0,4.0,0,514.0,0.0,0.0,0.0
307.4,3.333333333333333,318.0,4.0,1,608.0,0.0,0.0,0.0
466.0,6.5,290.0,4.0,1,476.0,0.0,0.0,0.0
282.6666666666667,2.333333333333333,102.0,4.0,1,66.0,0.0,0.0,0.0
485.75,3.5,255.0,4.0,1,661.0,0.0,0.0,0.0
25.5,1.0,641.0,4.0,1,190.0,34.25,3.0,0.0
830.0,5.0,691.0,4.0,1,3028.0,0.0,0.0,0.0
202.25,7.666666666666667,259.0,4.0,1,338.0,0.0,0.0,0.0
465.25,4.0,398.0,2.6666666666666665,1,13.0,0.0,0.0,0.0
709.0,5.0,1175.0,2.0,1,2100.0,0.0,0.0,0.0
401.75,9.0,294.0,4.0,1,882.0,0.0,0.0,0.0
1.6666666666666667,0.0,514.0,0.0,0,597.0,0.0,0.0,0.0
198.0,4.25,651.0,4.0,0,101.0,0.0,0.0,0.0
473.5,10.0,357.0,4.0,1,313.0,0.0,0.0,0.0
418.5,3.0,290.0,2.0,1,58.0,22.0,11.0,0.0
237.25,2.5,324.0,4.0,1,751.0,0.0,0.0,0.0
1531.75,11.0,185.0,4.0,1,670.0,0.0,0.0,0.0
1728.5,18.0,718.0,4.0,0,426.0,0.0,0.0,0.0
1004.8333333333334,15.333333333333334,1742.0,4.0,1,1992.0,0.0,0.0,0.0
1159.5,8.333333333333334,610.0,4.0,1,1186.0,0.0,0.0,0.0
1242.5,16.0,2385.0,4.0,1,1331.0,0.0,0.0,0.0
344.4,5.5,369.0,4.0,1,329.0,0.0,0.0,0.0
86.75,1.5,952.0,4.0,1,202.0,30.47058823529412,11.0,0.0
504.75,4.0,30.0,4.0,1,466.0,0.0,0.0,0.0
20.666666666666668,0.5,322.0,4.0,1,968.0,39.0,0.0,0.0
104.5,3.5,212.0,4.0,1,244.0,15.333333333333334,2.0,0.0
484.75,7.75,487.0,4.0,1,199.0,0.0,0.0,0.0
183.25,8.0,0.0,4.0,1,498.0,0.0,0.0,0.0
641.75,8.5,538.0,2.0,1,1384.0,0.0,0.0,0.0
626.3333333333334,11.333333333333334,494.0,4.5,0,1334.0,0.0,0.0,0.0
353.0,5.0,127.0,4.0,1,421.0,0.0,0.0,0.0
516.8333333333334,20.75,234.0,5.0,0,1703.0,0.0,0.0,0.0
140.0,1.5,55.0,3.5,0,470.0,0.0,0.0,0.0
205.75,4.333333333333333,59.0,4.0,1,125.0,0.0,0.0,0.0
23.8,2.5,921.0,4.5,1,566.0,22.666666666666668,5.0,0.0
362.75,5.5,203.0,4.0,1,201.0,25.77777777777778,6.0,0.0
93.83333333333331,3.0,353.0,4.0,0,348.0,24.33333333333333,2.0,0.0
176.0,5.5,542.0,4.0,1,178.0,0.0,0.0,0.0
1432.0,27.33333333333333,1676.0,2.5,1,794.0,0.0,0.0,0.0
367.4,4.5,28.0,4.0,1,587.0,0.0,0.0,0.0
55.0,1.0,629.0,4.0,1,405.0,30.0,9.0,0.0
623.8333333333334,9.0,798.0,4.0,1,1162.0,0.0,0.0,0.0
302.5,4.5,50.0,4.0,0,212.0,0.0,0.0,0.0
535.8333333333334,5.75,469.0,4.0,1,695.0,0.0,0.0,0.0
1107.75,9.0,737.0,4.0,1,2489.0,0.0,0.0,0.0
225.0,5.0,28.0,2.0,1,173.0,0.0,0.0,0.0
283.5,9.333333333333334,357.0,4.0,0,210.0,0.0,0.0,0.0
89.66666666666667,2.5,485.0,2.6666666666666665,1,11.0,24.0,4.0,0.0
448.0,4.5,53.0,4.0,1,222.0,0.0,0.0,0.0
146.66666666666666,2.25,40.0,4.0,1,380.0,0.0,0.0,0.0
55.0,2.0,397.0,4.0,1,239.0,23.928571428571427,10.0,0.0
867.6666666666666,5.5,1288.0,4.0,1,3828.0,0.0,0.0,0.0
613.75,5.75,373.0,4.0,1,329.0,0.0,0.0,0.0
875.8333333333334,8.666666666666666,1571.0,4.0,1,3460.0,0.0,0.0,0.0
442.75,6.0,168.0,4.0,1,141.0,0.0,0.0,0.0
8.333333333333334,1.5,291.0,4.5,1,502.0,42.66666666666666,8.0,0.0
99.5,2.0,766.0,3.0,0,654.0,29.125,15.0,0.0
296.25,4.5,151.0,2.0,1,59.0,0.0,0.0,0.0
60.5,1.0,722.0,4.0,1,579.0,21.916666666666668,8.0,0.0
102.75,3.5,33.0,4.0,1,406.0,0.0,0.0,0.0
191.75,2.0,329.0,4.0,1,210.0,0.0,0.0,0.0
87.0,3.0,1067.0,4.0,0,699.0,23.38095238095238,18.0,0.0
778.5,11.5,263.0,5.0,0,2339.0,0.0,0.0,0.0
628.0,2.5,380.0,4.0,0,569.0,0.0,0.0,0.0
180.25,3.0,983.0,4.0,1,412.0,0.0,0.0,0.0
18.5,2.5,569.0,3.5,1,578.0,0.0,0.0,0.0
662.0,9.666666666666666,999.0,4.0,0,1521.0,0.0,0.0,0.0
703.75,7.666666666666667,597.0,4.0,1,3072.0,0.0,0.0,0.0
38.75,1.5,60.0,4.5,1,129.0,23.923076923076923,11.0,0.0
39.75,2.0,418.0,2.0,1,83.0,0.0,0.0,0.0
562.25,4.5,117.0,4.0,1,240.0,0.0,0.0,0.0
466.0,4.5,63.0,4.0,1,778.0,0.0,0.0,0.0
645.25,7.666666666666667,746.0,2.0,1,1357.0,0.0,0.0,0.0
447.25,5.5,53.0,4.0,1,83.0,0.0,0.0,0.0
369.75,6.5,253.0,4.0,1,307.0,0.0,0.0,0.0
911.3333333333334,15.5,656.0,5.0,1,1001.0,0.0,0.0,0.0
289.75,8.0,113.0,4.0,1,583.0,0.0,0.0,0.0
505.8333333333333,6.0,392.0,4.0,0,75.0,0.0,0.0,0.0
1003.5,4.5,2302.0,4.0,1,4180.0,0.0,0.0,0.0
121.25,1.0,557.0,4.0,1,55.0,0.0,0.0,0.0
481.25,24.33333333333333,417.0,4.0,1,273.0,0.0,0.0,0.0
500.3333333333333,4.0,86.0,4.0,1,380.0,0.0,0.0,0.0
581.5,6.5,299.0,4.0,1,758.0,0.0,0.0,0.0
363.6666666666667,5.0,35.0,4.0,1,408.0,0.0,0.0,0.0
70.75,5.5,602.0,4.0,1,360.0,0.0,0.0,0.0
89.5,1.5,1138.0,4.0,0,371.0,0.0,0.0,0.0
40.5,1.5,1292.0,2.0,1,193.0,25.785714285714285,8.0,0.0
581.75,3.333333333333333,952.0,4.0,1,2502.0,0.0,0.0,0.0
838.25,13.6,1379.0,4.0,1,961.0,0.0,0.0,0.0
506.5,4.5,318.0,4.0,1,209.0,0.0,0.0,0.0
57.333333333333336,1.5,582.0,4.0,0,944.0,28.185185185185187,17.0,0.0
506.3333333333333,3.0,425.0,4.0,1,863.0,0.0,0.0,0.0
1168.5,8.5,1064.0,4.0,0,2939.0,0.0,0.0,0.0
165.5,1.5,608.0,4.0,1,214.0,23.764705882352946,12.0,0.0
114.33333333333331,2.0,356.0,4.0,0,201.0,0.0,0.0,0.0
623.6666666666666,4.5,1029.0,4.0,0,2088.0,0.0,0.0,0.0
339.6666666666667,5.5,279.0,4.0,1,685.0,0.0,0.0,0.0
254.75,6.666666666666667,759.0,4.0,1,114.0,0.0,0.0,0.0
26.5,1.5,776.0,4.0,0,735.0,0.0,0.0,0.0
300.25,2.6666666666666665,472.0,4.0,0,202.0,0.0,0.0,0.0
84.0,6.0,977.0,4.0,0,394.0,0.0,0.0,0.0
688.0,9.666666666666666,965.0,4.0,1,1328.0,0.0,0.0,0.0
235.75,4.25,109.0,2.6666666666666665,0,17.0,25.9,6.0,0.0
496.5,5.75,811.0,4.0,1,496.0,0.0,0.0,0.0
141.0,3.0,359.0,2.0,1,10.0,0.0,0.0,0.0
546.6666666666666,2.0,151.0,4.0,0,1097.0,0.0,0.0,0.0
1207.75,21.666666666666668,1454.0,2.5,1,474.0,0.0,0.0,0.0
521.6666666666666,6.5,657.0,4.0,0,498.0,0.0,0.0,0.0
141.5,3.0,325.0,4.0,0,51.0,17.6,4.0,0.0
41.25,2.0,270.0,4.0,1,131.0,38.53846153846154,8.0,0.0
375.5,7.0,208.0,4.0,1,531.0,0.0,0.0,0.0
108.75,3.5,666.0,2.0,1,107.0,0.0,0.0,0.0
252.0,5.0,525.0,4.0,1,24.0,0.0,0.0,0.0
1235.75,8.0,612.0,4.0,0,1610.0,0.0,0.0,0.0
155.0,7.0,795.0,4.0,1,382.0,0.0,0.0,0.0
177.0,3.0,29.0,4.0,1,226.0,0.0,0.0,0.0
380.25,6.5,143.0,4.0,1,247.0,30.5,3.0,0.0
1387.5,14.0,797.0,5.0,1,125.0,0.0,0.0,0.0
831.25,6.0,2007.0,4.0,1,2864.0,0.0,0.0,0.0
263.75,4.5,267.0,4.0,0,287.0,0.0,0.0,0.0
111.25,2.0,133.0,4.0,0,18.0,0.0,0.0,0.0
367.0,8.5,527.0,2.0,1,305.0,0.0,0.0,0.0
638.75,5.0,462.0,4.0,1,300.0,0.0,0.0,0.0
627.1666666666666,4.0,437.0,4.0,1,657.0,0.0,0.0,0.0
39.5,1.5,230.0,4.0,1,142.0,49.0,5.0,0.0
652.3333333333334,16.833333333333332,384.0,4.0,1,1417.0,0.0,0.0,0.0
69.0,0.5,835.0,4.0,1,676.0,36.35,11.0,0.0
407.25,4.0,268.0,4.0,0,261.0,0.0,0.0,0.0
434.0,6.0,359.0,2.0,1,419.0,0.0,0.0,0.0
160.25,2.0,755.0,4.0,1,418.0,0.0,0.0,0.0
676.0,7.0,753.0,4.5,1,602.0,0.0,0.0,0.0
1295.0,12.666666666666666,1060.0,4.0,0,1097.0,0.0,0.0,0.0
336.3333333333333,4.666666666666667,0.0,2.0,1,90.0,20.818181818181817,4.0,0.0
137.75,2.0,475.0,4.0,0,100.0,0.0,0.0,0.0
584.75,14.4,968.0,5.0,1,2554.0,0.0,0.0,0.0
308.5,5.5,9.0,4.0,0,474.0,0.0,0.0,0.0
196.5,15.0,227.0,4.0,1,692.0,0.0,0.0,0.0
246.2,3.0,701.0,4.0,1,49.0,0.0,0.0,0.0
424.25,7.666666666666667,75.0,4.0,1,182.0,0.0,0.0,0.0
105.75,1.0,172.0,4.0,1,496.0,28.105263157894736,11.0,0.0
503.5,3.0,79.0,4.0,1,195.0,0.0,0.0,0.0
263.1666666666667,8.75,393.0,4.0,1,230.0,0.0,0.0,0.0
295.5,3.0,125.0,4.0,1,934.0,0.0,0.0,0.0
90.0,6.5,992.0,4.0,0,530.0,0.0,0.0,0.0
862.5,7.0,2147.0,4.0,1,3252.0,0.0,0.0,0.0
112.0,5.0,637.0,4.0,1,372.0,0.0,0.0,0.0
524.0,5.5,486.0,4.0,0,688.0,0.0,0.0,0.0
1152.0,8.5,59.0,4.0,1,1783.0,0.0,0.0,0.0
935.0,18.33333333333333,499.0,4.5,1,931.0,0.0,0.0,0.0
598.3333333333334,5.0,0.0,4.0,1,499.0,0.0,0.0,0.0
30.8,3.0,315.0,2.0,0,19.0,0.0,0.0,0.0
678.0,11.666666666666666,713.0,4.5,1,2776.0,0.0,0.0,0.0
606.0,9.0,784.0,4.0,1,861.0,0.0,0.0,0.0
527.5,7.75,454.0,4.0,1,664.0,0.0,0.0,0.0
110.33333333333331,2.5,521.0,4.0,1,80.0,0.0,0.0,0.0
59.0,2.0,108.0,4.0,0,510.0,0.0,0.0,0.0
432.0,4.5,483.0,4.0,1,200.0,0.0,0.0,0.0
595.25,3.0,720.0,4.0,1,965.0,0.0,0.0,0.0
876.25,12.0,798.0,5.0,1,2735.0,0.0,0.0,0.0
594.0,5.666666666666667,460.0,4.0,1,857.0,0.0,0.0,0.0
788.5,7.0,918.0,4.0,1,727.0,0.0,0.0,0.0
550.75,12.0,540.0,4.0,0,793.0,0.0,0.0,0.0
90.25,1.5,987.0,4.0,0,833.0,30.90909090909091,10.0,0.0
1180.75,26.666666666666668,1487.0,5.0,1,461.0,0.0,0.0,0.0
427.75,7.0,431.0,4.0,1,231.0,0.0,0.0,0.0
526.0,14.5,313.0,4.0,0,685.0,0.0,0.0,0.0
562.75,6.0,380.0,4.0,0,448.0,0.0,0.0,0.0
516.25,7.0,237.0,2.0,1,121.0,0.0,0.0,0.0
133.6,3.0,206.0,4.0,1,133.0,0.0,0.0,0.0
414.125,4.5,508.0,4.0,1,244.0,0.0,0.0,0.0
121.0,2.5,620.0,4.0,1,222.0,0.0,0.0,0.0
302.0,6.0,872.0,4.0,1,719.0,0.0,0.0,0.0
158.25,3.5,404.0,4.0,1,73.0,0.0,0.0,0.0
104.25,7.0,780.0,4.0,1,476.0,32.5,4.0,0.0
436.6,6.0,427.0,4.0,1,219.0,0.0,0.0,0.0
405.75,6.0,173.0,2.6666666666666665,1,389.0,0.0,0.0,0.0
840.3333333333334,6.25,1465.0,4.0,1,3169.0,0.0,0.0,0.0
66.0,2.5,208.0,4.0,1,319.0,33.916666666666664,9.0,0.0
353.5,3.0,187.0,4.0,0,166.0,35.0,3.0,0.0
333.1666666666667,4.5,89.0,4.0,0,139.0,0.0,0.0,0.0
244.25,6.5,1010.0,4.0,0,426.0,0.0,0.0,0.0
306.25,4.5,13.0,4.0,1,155.0,0.0,0.0,0.0
285.75,4.4,3.0,4.0,0,653.0,0.0,0.0,0.0
605.0,4.666666666666667,235.0,4.0,1,717.0,0.0,0.0,0.0
318.5,2.0,0.0,4.0,0,378.0,0.0,0.0,0.0
449.25,3.5,154.0,4.0,1,1030.0,0.0,0.0,0.0
300.25,6.0,1027.0,4.0,1,907.0,0.0,0.0,0.0
253.8,4.0,180.0,4.0,1,608.0,46.75,2.0,0.0
115.0,2.5,220.0,4.0,1,116.0,17.6875,12.0,0.0
402.4,3.5,312.0,4.0,0,420.0,0.0,0.0,0.0
801.0,6.5,1441.0,4.0,1,161.0,0.0,0.0,0.0
850.6666666666666,6.5,1836.0,4.0,1,3200.0,0.0,0.0,0.0
950.0,10.0,922.0,5.0,1,1440.0,0.0,0.0,0.0
63.0,1.5,667.0,4.0,1,101.0,30.625,7.0,0.0
175.25,11.333333333333334,468.0,4.0,1,348.0,0.0,0.0,0.0
1000.0,14.0,451.0,5.0,1,1009.0,0.0,0.0,0.0
414.75,5.5,127.0,2.0,1,375.0,0.0,0.0,0.0
158.25,1.5,447.0,4.0,1,322.0,44.0,2.0,0.0
875.5,9.333333333333334,1667.0,4.0,0,2093.0,0.0,0.0,0.0
325.0,5.5,349.0,4.0,1,198.0,0.0,0.0,0.0
674.75,4.75,794.0,4.5,1,1724.0,0.0,0.0,0.0
144.33333333333334,3.25,0.0,4.0,1,319.0,0.0,0.0,0.0
659.25,10.666666666666666,571.0,4.0,0,105.0,0.0,0.0,0.0
527.25,5.5,111.0,4.0,1,93.0,0.0,0.0,0.0
785.25,16.25,568.0,4.5,1,2139.0,0.0,0.0,0.0
406.0,3.0,676.0,4.0,1,299.0,0.0,0.0,0.0
473.75,14.75,201.0,4.0,1,337.0,0.0,0.0,0.0
277.5,3.5,438.0,4.0,1,449.0,0.0,0.0,0.0
881.25,15.333333333333334,702.0,4.5,1,964.0,0.0,0.0,0.0
270.5,3.0,215.0,4.0,1,103.0,0.0,0.0,0.0
227.0,4.5,501.0,4.0,0,79.0,0.0,0.0,0.0
586.8,5.75,486.0,4.0,0,710.0,0.0,0.0,0.0
710.75,5.0,1239.0,2.0,1,2084.0,0.0,0.0,0.0
949.3333333333334,14.666666666666666,1260.0,4.0,0,1926.0,0.0,0.0,0.0
435.0,4.5,445.0,4.0,1,262.0,0.0,0.0,0.0
369.5,4.0,519.0,4.0,1,766.0,0.0,0.0,0.0
332.0,5.0,193.0,4.0,0,70.0,0.0,0.0,0.0
196.0,3.5,726.0,4.0,1,16.0,0.0,0.0,0.0
166.25,5.5,664.0,2.0,1,74.0,0.0,0.0,0.0
1214.25,9.0,426.0,4.0,1,1964.0,0.0,0.0,0.0
539.5,7.75,362.0,4.5,0,1842.0,0.0,0.0,0.0
1112.75,8.75,458.0,4.0,0,1794.0,0.0,0.0,0.0
1134.0,13.0,2423.0,4.0,0,1367.0,0.0,0.0,0.0
361.5,12.5,725.0,4.0,1,778.0,0.0,0.0,0.0
498.2,3.5,265.0,4.0,1,739.0,0.0,0.0,0.0
216.25,4.333333333333333,880.0,4.0,1,440.0,5.0,1.0,0.0
96.5,3.333333333333333,591.0,2.6666666666666665,1,38.0,0.0,0.0,0.0
168.0,2.6666666666666665,286.0,4.0,1,486.0,0.0,0.0,0.0
634.2,4.5,588.0,4.0,0,1398.0,0.0,0.0,0.0
47.16666666666666,5.0,411.0,4.0,0,914.0,0.0,0.0,0.0
552.0,6.0,112.0,4.0,1,860.0,0.0,0.0,0.0
100.0,1.0,718.0,4.0,1,1076.0,38.42857142857143,5.0,0.0
980.0,11.5,1119.0,4.0,1,2424.0,0.0,0.0,0.0
933.0,9.0,2200.0,4.0,1,3832.0,0.0,0.0,0.0
325.0,3.0,125.0,2.0,1,27.0,0.0,0.0,0.0
632.8333333333334,9.0,302.0,4.0,1,1355.0,0.0,0.0,0.0
43.5,3.5,223.0,3.0,1,49.0,0.0,0.0,0.0
149.0,4.333333333333333,489.0,4.0,1,548.0,25.5,3.0,0.0
164.0,4.0,162.0,4.0,1,272.0,0.0,0.0,0.0
82.25,3.0,1081.0,4.0,1,149.0,0.0,0.0,0.0
257.3333333333333,4.0,203.0,4.0,1,1048.0,0.0,0.0,0.0
502.25,4.5,482.0,2.0,1,5.0,0.0,0.0,0.0
50.0,1.0,586.0,4.0,1,638.0,0.0,0.0,0.0
1097.5,12.0,903.0,4.0,0,1099.0,0.0,0.0,0.0
965.2,9.5,2063.0,4.0,1,3728.0,0.0,0.0,0.0
880.0,7.333333333333333,1512.0,4.0,1,4029.0,0.0,0.0,0.0
240.16666666666663,11.0,302.0,4.0,1,370.0,0.0,0.0,0.0
465.5,3.5,40.0,4.0,1,880.0,0.0,0.0,0.0
186.0,4.0,302.0,4.0,1,134.0,0.0,0.0,0.0
430.6666666666667,5.0,68.0,4.0,1,1152.0,0.0,0.0,0.0
361.75,6.5,93.0,4.0,1,749.0,0.0,0.0,0.0
388.5,3.5,503.0,4.0,1,615.0,0.0,0.0,0.0
269.5,6.25,154.0,4.0,0,110.0,0.0,0.0,0.0
577.0,4.0,266.0,4.0,1,638.0,0.0,0.0,0.0
150.5,2.0,216.0,4.0,1,547.0,41.8,3.0,0.0
513.5,7.0,193.0,2.0,1,199.0,0.0,0.0,0.0
154.0,4.5,604.0,4.0,0,58.0,0.0,0.0,0.0
320.25,4.5,1094.0,4.0,1,893.0,0.0,0.0,0.0
738.5555555555555,10.166666666666666,1238.0,4.0,0,2058.0,0.0,0.0,0.0
776.0,21.666666666666668,513.0,4.5,1,643.0,0.0,0.0,0.0
459.75,6.0,162.0,4.0,1,35.0,0.0,0.0,0.0
312.75,2.5,262.0,4.0,1,206.0,0.0,0.0,0.0
65.75,2.0,658.0,4.0,1,136.0,0.0,0.0,0.0
157.0,4.0,671.0,4.0,1,187.0,0.0,0.0,0.0
114.8,1.5,171.0,4.0,1,396.0,24.15384615384616,7.0,0.0
146.25,3.0,314.0,3.5,0,38.0,0.0,0.0,0.0
450.3333333333333,3.0,158.0,4.0,0,754.0,0.0,0.0,0.0
20.285714285714285,1.0,605.0,4.0,0,556.0,22.0,0.0,0.0
611.5,7.0,465.0,4.5,1,66.0,0.0,0.0,0.0
211.66666666666663,5.25,866.0,4.0,1,601.0,0.0,0.0,0.0
81.83333333333333,4.666666666666667,502.0,4.0,1,444.0,0.0,0.0,0.0
361.3333333333333,4.333333333333333,22.0,4.0,1,438.0,0.0,0.0,0.0
44.5,1.0,809.0,4.5,0,651.0,37.333333333333336,4.0,0.0
451.5,5.0,509.0,2.0,1,43.0,0.0,0.0,0.0
197.5,2.5,78.0,3.5,0,196.0,0.0,0.0,0.0
1082.6666666666667,22.0,1979.0,5.0,1,559.0,0.0,0.0,0.0
49.0,3.5,267.0,3.5,1,118.0,0.0,0.0,0.0
57.0,2.5,315.0,4.0,0,531.0,21.424242424242426,19.0,0.0
397.3333333333333,3.0,396.0,4.0,0,180.0,0.0,0.0,0.0
155.0,2.5,1001.0,4.0,1,150.0,27.8,10.0,0.0
347.5,10.0,752.0,4.0,1,682.0,0.0,0.0,0.0
23.5,0.5,936.0,4.0,1,248.0,0.0,0.0,0.0
220.3333333333333,6.5,741.0,4.0,1,1045.0,0.0,0.0,0.0
220.8333333333333,3.333333333333333,43.0,4.0,1,320.0,0.0,0.0,0.0
755.0,7.25,494.0,4.5,1,3288.0,0.0,0.0,0.0
628.5,17.25,860.0,5.0,1,2334.0,0.0,0.0,0.0
498.25,5.0,278.0,4.0,1,132.0,0.0,0.0,0.0
659.25,10.4,1107.0,4.0,1,1118.0,0.0,0.0,0.0
761.0,9.25,1554.0,4.0,1,2349.0,0.0,0.0,0.0
574.6666666666666,6.333333333333333,65.0,4.0,0,628.0,34.333333333333336,2.0,0.0
279.25,4.5,541.0,4.0,1,362.0,0.0,0.0,0.0
862.75,9.0,1589.0,4.0,1,3292.0,0.0,0.0,0.0
417.0,4.5,515.0,4.0,1,145.0,0.0,0.0,0.0
394.75,5.5,562.0,4.0,1,697.0,0.0,0.0,0.0
596.1111111111111,7.333333333333333,751.0,4.5,1,2235.0,0.0,0.0,0.0
423.5,6.75,528.0,4.0,1,669.0,0.0,0.0,0.0
719.25,7.5,1263.0,4.0,0,1553.0,0.0,0.0,0.0
123.0,4.666666666666667,520.0,4.0,1,218.0,0.0,0.0,0.0
91.5,2.5,384.0,4.0,1,252.0,22.866666666666667,22.0,0.0
260.0,3.0,819.0,4.0,0,213.0,0.0,0.0,0.0
277.0,3.0,425.0,4.0,1,45.0,0.0,0.0,0.0
367.25,3.5,434.0,4.0,1,1027.0,0.0,0.0,0.0
262.75,5.0,713.0,4.0,1,238.0,5.0,0.0,0.0
283.5,3.0,38.0,2.0,1,58.0,0.0,0.0,0.0
1060.5,12.5,1096.0,4.0,1,2756.0,0.0,0.0,0.0
673.5,8.5,999.0,2.0,1,1795.0,0.0,0.0,0.0
744.25,5.0,1501.0,4.0,1,2253.0,0.0,0.0,0.0
14.5,2.0,356.0,4.0,0,550.0,0.0,0.0,0.0
2.0,1.0,885.0,0.0,0,1341.0,0.0,0.0,0.0
446.0,7.0,92.0,2.0,1,373.0,0.0,0.0,0.0
750.0,7.666666666666667,1196.0,4.0,1,2170.0,0.0,0.0,0.0
221.5,5.0,205.0,4.0,1,519.0,0.0,0.0,0.0
404.3333333333333,3.6666666666666665,73.0,4.0,0,1000.0,0.0,0.0,0.0
479.75,4.0,389.0,4.0,0,163.0,0.0,0.0,0.0
408.75,3.5,207.0,4.0,0,1004.0,0.0,0.0,0.0
235.0,5.5,301.0,4.0,0,872.0,0.0,0.0,0.0
567.1666666666666,8.666666666666666,614.0,4.0,1,888.0,0.0,0.0,0.0
723.5,6.0,540.0,4.0,1,788.0,0.0,0.0,0.0
299.0,4.5,242.0,2.6666666666666665,1,63.0,33.333333333333336,2.0,0.0
74.125,1.5,426.0,4.0,1,40.0,19.5,2.0,0.0
107.11111111111111,1.5,0.0,4.0,1,423.0,23.30434782608696,12.0,0.0
261.75,4.666666666666667,581.0,4.0,1,205.0,0.0,0.0,0.0
651.5,8.666666666666666,958.0,4.0,0,620.0,0.0,0.0,0.0
456.75,5.5,672.0,4.0,1,500.0,0.0,0.0,0.0
462.75,5.25,145.0,4.0,0,55.0,0.0,0.0,0.0
252.25,2.0,592.0,4.0,0,529.0,0.0,0.0,0.0
173.2,3.0,429.0,4.0,1,146.0,17.0,1.0,0.0
161.5,3.5,693.0,4.0,1,199.0,23.33333333333333,3.0,0.0
66.0,2.0,499.0,4.0,1,344.0,0.0,0.0,0.0
339.5,6.5,306.0,2.6666666666666665,1,10.0,0.0,0.0,0.0
382.5,4.0,464.0,4.0,1,440.0,0.0,0.0,0.0
8.333333333333334,3.0,681.0,4.5,0,461.0,11.0,0.0,0.0
308.0,5.5,106.0,2.0,0,2.0,0.0,0.0,0.0
505.25,5.666666666666667,335.0,4.0,0,1460.0,24.666666666666668,2.0,0.0
461.25,4.5,128.0,4.0,1,1604.0,0.0,0.0,0.0
608.3333333333334,3.5,708.0,4.0,1,938.0,0.0,0.0,0.0
311.25,5.0,329.0,2.0,0,67.0,0.0,0.0,0.0
189.16666666666663,4.0,715.0,4.0,0,114.0,22.866666666666667,19.0,0.0
183.0,3.5,574.0,4.0,1,373.0,0.0,0.0,0.0
209.2,10.25,143.0,4.5,1,321.0,0.0,0.0,0.0
885.75,12.0,1926.0,4.5,0,534.0,0.0,0.0,0.0
287.0,4.5,294.0,4.0,1,442.0,0.0,0.0,0.0
893.0,9.0,1608.0,4.0,0,2544.0,0.0,0.0,0.0
49.0,3.5,906.0,4.0,1,230.0,17.35483870967742,27.0,0.0
336.25,5.0,519.0,4.0,0,476.0,0.0,0.0,0.0
459.0,6.0,138.0,3.0,0,394.0,0.0,0.0,0.0
235.3333333333333,4.5,527.0,4.0,1,166.0,0.0,0.0,0.0
359.8333333333333,10.5,556.0,4.0,0,386.0,0.0,0.0,0.0
611.75,3.333333333333333,383.0,4.0,1,535.0,0.0,0.0,0.0
375.5,4.5,160.0,2.0,1,16.0,0.0,0.0,0.0
873.5,18.25,756.0,5.0,1,1153.0,0.0,0.0,0.0
176.5,3.75,537.0,4.0,1,141.0,0.0,0.0,0.0
564.5,6.666666666666667,528.0,4.0,1,1239.0,0.0,0.0,0.0
12.0,1.5,866.0,4.0,1,388.0,18.433333333333334,17.0,0.0
309.0,5.25,468.0,4.0,1,325.0,0.0,0.0,0.0
31.33333333333333,1.5,421.0,4.0,1,146.0,20.9,7.0,0.0
58.833333333333336,2.333333333333333,177.0,4.0,1,222.0,41.333333333333336,4.0,0.0
69.66666666666667,1.5,415.0,4.0,1,172.0,23.0,3.0,0.0
57.25,2.0,261.0,4.0,1,176.0,24.55555555555556,6.0,0.0
358.6666666666667,7.0,312.0,2.0,1,649.0,0.0,0.0,0.0
578.5,7.0,9.0,4.0,1,818.0,0.0,0.0,0.0
395.0,4.0,402.0,2.0,1,11.0,0.0,0.0,0.0
214.0,2.5,109.0,4.0,1,166.0,0.0,0.0,0.0
435.0,3.0,198.0,4.0,1,1418.0,0.0,0.0,0.0
54.0,1.5,330.0,4.0,1,369.0,26.0,1.0,0.0
49.0,2.25,487.0,4.0,1,779.0,33.666666666666664,8.0,0.0
832.5,11.0,1861.0,4.5,1,1289.0,0.0,0.0,0.0
303.25,7.0,639.0,4.0,0,641.0,0.0,0.0,0.0
696.5,7.0,617.0,4.0,0,774.0,0.0,0.0,0.0
41.0,2.5,372.0,4.5,1,323.0,29.1875,29.0,0.0
150.66666666666666,1.0,64.0,4.0,1,161.0,16.0,6.0,0.0
1334.8333333333333,8.5,737.0,4.0,0,697.0,0.0,0.0,0.0
85.2,4.333333333333333,512.0,3.5,0,498.0,0.0,0.0,0.0
438.5,6.5,589.0,4.0,1,705.0,0.0,0.0,0.0
270.0,5.0,720.0,4.0,1,284.0,0.0,0.0,0.0
219.25,3.6666666666666665,596.0,4.0,1,159.0,0.0,0.0,0.0
614.75,7.0,292.0,4.0,0,618.0,0.0,0.0,0.0
425.75,6.333333333333333,533.0,4.0,1,166.0,0.0,0.0,0.0
330.5,2.5,20.0,4.0,1,270.0,0.0,0.0,0.0
34.4,1.0,613.0,4.0,1,240.0,26.25,3.0,0.0
58.5,2.5,455.0,4.0,0,332.0,24.23529411764705,19.0,0.0
556.0,5.0,0.0,4.0,1,86.0,0.0,0.0,0.0
89.33333333333333,2.5,489.0,4.0,1,134.0,28.22222222222222,5.0,0.0
440.8,5.0,272.0,4.0,1,29.0,31.33333333333333,2.0,0.0
1074.25,6.0,1228.0,4.0,0,3081.0,0.0,0.0,0.0
223.0,4.5,405.0,2.0,0,3.0,0.0,0.0,0.0
664.25,5.5,736.0,4.0,1,276.0,0.0,0.0,0.0
91.33333333333331,1.5,605.0,2.0,1,15.0,0.0,0.0,0.0
215.75,3.5,185.0,4.0,1,170.0,35.333333333333336,6.0,0.0
513.6,6.666666666666667,917.0,2.0,1,794.0,0.0,0.0,0.0
104.33333333333331,2.5,245.0,4.0,1,699.0,26.8,2.0,0.0
69.5,1.5,450.0,4.0,1,181.0,28.53333333333333,10.0,0.0
968.5,5.0,1844.0,4.5,1,3948.0,0.0,0.0,0.0
1295.5,15.75,915.0,4.0,1,418.0,0.0,0.0,0.0
152.83333333333334,4.5,389.0,4.0,0,204.0,28.857142857142858,5.0,0.0
291.75,3.5,67.0,4.0,1,111.0,0.0,0.0,0.0
372.0,4.0,279.0,4.0,1,1042.0,0.0,0.0,0.0
485.5,6.25,461.0,4.0,1,348.0,0.0,0.0,0.0
49.6,1.5,408.0,4.0,0,573.0,46.5,5.0,0.0
539.75,8.0,171.0,4.0,1,411.0,0.0,0.0,0.0
1000.8333333333334,11.5,1135.0,4.5,1,1320.0,0.0,0.0,0.0
533.75,3.5,44.0,4.0,0,580.0,0.0,0.0,0.0
628.5,2.5,274.0,4.0,1,670.0,0.0,0.0,0.0
377.25,4.0,14.0,2.6666666666666665,1,6.0,26.0,1.0,0.0
490.0,5.5,275.0,2.0,1,73.0,0.0,0.0,0.0
36.5,3.5,831.0,4.0,0,1241.0,34.166666666666664,2.0,0.0
715.25,5.666666666666667,812.0,4.0,1,1841.0,0.0,0.0,0.0
219.0,5.25,318.0,4.0,1,386.0,0.0,0.0,0.0
283.0,4.75,438.0,4.0,0,33.0,0.0,0.0,0.0
234.0,4.5,949.0,4.0,1,343.0,0.0,0.0,0.0
509.5,5.5,666.0,4.0,1,480.0,0.0,0.0,0.0
774.75,17.333333333333332,300.0,4.5,1,2671.0,0.0,0.0,0.0
127.0,2.5,123.0,4.0,1,169.0,0.0,0.0,0.0
447.75,4.5,44.0,2.0,1,42.0,0.0,0.0,0.0
54.5,1.5,162.0,2.0,0,47.0,29.914285714285715,19.0,0.0
94.6,1.0,807.0,4.0,1,1081.0,50.25,2.0,0.0
639.5,7.666666666666667,708.0,4.0,1,1374.0,0.0,0.0,0.0
36.75,2.5,766.0,4.0,0,1231.0,31.5,8.0,0.0
93.0,2.0,866.0,2.0,1,18.0,29.666666666666668,6.0,0.0
774.6666666666666,9.333333333333334,628.0,4.0,1,3426.0,0.0,0.0,0.0
160.0,4.5,157.0,4.0,1,370.0,0.0,0.0,0.0
35.0,3.0,313.0,2.0,1,30.0,0.0,0.0,0.0
812.25,13.25,1630.0,4.333333333333333,0,576.0,0.0,0.0,0.0
142.5,3.5,98.0,4.0,1,358.0,0.0,0.0,0.0
794.25,6.5,1426.0,4.0,1,383.0,0.0,0.0,0.0
602.6666666666666,3.2,911.0,4.5,1,2014.0,0.0,0.0,0.0
902.75,15.0,1887.0,4.5,0,483.0,0.0,0.0,0.0
151.5,1.5,626.0,4.0,1,458.0,0.0,0.0,0.0
507.0,3.5,68.0,4.0,0,230.0,0.0,0.0,0.0
663.25,7.5,851.0,4.0,1,1570.0,0.0,0.0,0.0
1038.75,11.5,473.0,5.0,1,827.0,0.0,0.0,0.0
597.25,5.5,120.0,4.0,1,1181.0,0.0,0.0,0.0
224.25,4.5,286.0,4.0,1,48.0,0.0,0.0,0.0
276.0,3.0,108.0,4.0,0,293.0,0.0,0.0,0.0
808.75,7.0,1915.0,2.0,1,2930.0,0.0,0.0,0.0
269.3333333333333,4.5,588.0,4.0,0,746.0,0.0,0.0,0.0
417.5,3.6,359.0,4.0,1,1256.0,0.0,0.0,0.0
48.25,15.5,366.0,4.5,0,316.0,0.0,0.0,0.0
296.0,5.0,143.0,4.0,1,110.0,0.0,0.0,0.0
299.5,5.5,32.0,4.0,1,307.0,0.0,0.0,0.0
1177.25,11.0,1161.0,4.0,1,918.0,0.0,0.0,0.0
340.75,2.5,163.0,4.0,1,957.0,0.0,0.0,0.0
17.75,2.333333333333333,804.0,2.0,0,60.0,27.25,14.0,0.0
393.75,4.0,447.0,4.0,1,833.0,0.0,0.0,0.0
293.75,4.5,90.0,4.0,1,13.0,0.0,0.0,0.0
344.5,4.5,251.0,4.0,0,89.0,0.0,0.0,0.0
26.5,0.5,1078.0,4.0,0,1103.0,0.0,0.0,0.0
782.5,9.5,328.0,5.0,1,3098.0,0.0,0.0,0.0
132.33333333333334,2.5,637.0,2.0,0,29.0,0.0,0.0,0.0
75.5,1.5,945.0,4.0,1,245.0,21.75,11.0,0.0
1099.75,20.0,2070.0,5.0,1,939.0,0.0,0.0,0.0
430.0,5.5,182.0,4.0,1,149.0,0.0,0.0,0.0
199.5,3.0,649.0,4.0,1,418.0,12.5,1.0,0.0
213.5,2.5,0.0,4.0,1,201.0,5.0,1.0,0.0
495.25,6.0,175.0,2.0,1,22.0,0.0,0.0,0.0
891.75,18.0,2015.0,4.0,1,1839.0,0.0,0.0,0.0
683.75,12.25,1017.0,4.0,1,565.0,0.0,0.0,0.0
749.3333333333334,7.75,1023.0,4.0,0,1851.0,0.0,0.0,0.0
105.5,2.5,280.0,4.0,1,89.0,0.0,0.0,0.0
520.0,4.5,68.0,4.0,1,741.0,0.0,0.0,0.0
1406.5,13.0,415.0,4.0,0,706.0,0.0,0.0,0.0
735.75,11.5,480.0,5.0,0,2536.0,0.0,0.0,0.0
1403.75,10.5,558.0,4.0,1,440.0,0.0,0.0,0.0
56.5,2.0,637.0,4.5,0,890.0,28.61904761904762,13.0,0.0
53.75,1.5,0.0,4.5,0,158.0,0.0,0.0,0.0
450.75,4.5,383.0,2.0,1,739.0,0.0,0.0,0.0
300.75,7.0,430.0,4.0,1,639.0,0.0,0.0,0.0
73.66666666666667,1.5,134.0,4.0,1,178.0,12.545454545454543,4.0,0.0
1085.75,16.5,2260.0,4.0,1,1560.0,0.0,0.0,0.0
1053.25,22.666666666666668,2412.0,4.0,1,822.0,0.0,0.0,0.0
434.0,3.0,119.0,4.0,1,1011.0,0.0,0.0,0.0
570.5,5.5,0.0,4.0,1,757.0,0.0,0.0,0.0
216.0,4.666666666666667,203.0,4.0,1,543.0,0.0,0.0,0.0
352.0,9.0,656.0,4.0,0,484.0,0.0,0.0,0.0
1548.25,14.0,176.0,4.0,1,720.0,0.0,0.0,0.0
694.0,7.0,1085.0,4.0,0,1531.0,0.0,0.0,0.0
1043.0,15.5,2055.0,4.0,1,978.0,0.0,0.0,0.0
298.0,4.0,785.0,2.0,1,71.0,0.0,0.0,0.0
1158.5,8.0,57.0,4.0,1,1882.0,0.0,0.0,0.0
142.5,4.0,113.0,4.0,1,45.0,0.0,0.0,0.0
913.0,12.5,1708.0,4.0,1,530.0,0.0,0.0,0.0
119.66666666666669,1.5,338.0,4.0,1,438.0,16.8,6.0,0.0
369.0,11.666666666666666,811.0,4.0,1,720.0,0.0,0.0,0.0
48.6,1.0,739.0,4.0,1,204.0,0.0,0.0,0.0
288.25,7.333333333333333,241.0,4.0,1,258.0,0.0,0.0,0.0
660.0,5.333333333333333,748.0,3.0,0,1562.0,0.0,0.0,0.0
73.0,4.0,1015.0,4.0,1,158.0,0.0,0.0,0.0
341.5,4.5,279.0,4.0,1,85.0,0.0,0.0,0.0
36.66666666666666,1.5,865.0,4.0,1,659.0,0.0,0.0,0.0
1004.75,17.5,2022.0,4.0,0,789.0,0.0,0.0,0.0
278.6666666666667,3.0,82.0,4.0,0,103.0,0.0,0.0,0.0
448.5,8.5,281.0,2.0,1,138.0,0.0,0.0,0.0
506.75,4.5,590.0,4.0,1,289.0,0.0,0.0,0.0
763.8333333333334,6.0,399.0,5.0,0,3132.0,0.0,0.0,0.0
1230.5,7.5,569.0,4.0,0,2351.0,0.0,0.0,0.0
573.0,13.0,556.0,4.0,0,891.0,0.0,0.0,0.0
683.75,7.0,1118.0,2.0,1,1802.0,0.0,0.0,0.0
176.0,4.5,204.0,4.0,0,135.0,0.0,0.0,0.0
495.75,8.0,302.0,3.5,1,582.0,0.0,0.0,0.0
199.0,2.5,311.0,4.0,1,159.0,0.0,0.0,0.0
418.6,7.5,236.0,4.0,1,525.0,0.0,0.0,0.0
77.4,2.5,413.0,4.0,1,555.0,21.9,11.0,0.0
310.75,5.0,358.0,4.0,0,161.0,0.0,0.0,0.0
340.5,9.0,758.0,4.0,1,601.0,0.0,0.0,0.0
473.5,7.0,618.0,2.0,1,5.0,0.0,0.0,0.0
221.5,7.0,882.0,4.0,0,527.0,0.0,0.0,0.0
211.75,4.25,986.0,4.0,1,979.0,0.0,0.0,0.0
165.25,4.0,500.0,4.0,1,71.0,0.0,0.0,0.0
150.16666666666666,10.75,129.0,4.0,0,157.0,0.0,0.0,0.0
560.6,4.5,312.0,2.0,1,21.0,0.0,0.0,0.0
368.5,9.5,48.0,4.0,1,1336.0,0.0,0.0,0.0
716.75,10.25,666.0,4.0,1,1928.0,0.0,0.0,0.0
332.0,5.0,430.0,4.0,0,356.0,0.0,0.0,0.0
327.0,4.666666666666667,240.0,4.0,0,415.0,0.0,0.0,0.0
289.0,2.6666666666666665,258.0,4.0,1,398.0,0.0,0.0,0.0
33.5,4.5,494.0,4.0,0,140.0,23.2,5.0,0.0
429.5,6.0,127.0,4.0,1,328.0,0.0,0.0,0.0
6.333333333333333,6.5,422.0,4.5,1,884.0,24.0,0.0,0.0
26.5,2.0,588.0,4.0,1,522.0,0.0,0.0,0.0
26.0,0.5,1086.0,4.0,1,1011.0,0.0,0.0,0.0
663.25,11.333333333333334,1004.0,2.6666666666666665,1,946.0,0.0,0.0,0.0
285.25,4.5,451.0,4.0,1,251.0,34.5,2.0,0.0
568.75,18.75,959.0,5.0,0,1666.0,0.0,0.0,0.0
461.57142857142856,4.5,270.0,4.0,1,683.0,0.0,0.0,0.0
652.6666666666666,4.5,44.0,2.0,1,127.0,0.0,0.0,0.0
562.0,4.5,0.0,4.0,1,40.0,0.0,0.0,0.0
149.33333333333334,4.5,113.0,4.0,0,584.0,0.0,0.0,0.0
829.75,6.0,1714.0,4.0,1,2978.0,0.0,0.0,0.0
968.75,17.333333333333332,381.0,4.5,1,439.0,0.0,0.0,0.0
63.25,4.5,7.0,4.0,1,1081.0,0.0,0.0,0.0
849.5,10.0,1785.0,4.5,0,1558.0,0.0,0.0,0.0
677.25,8.25,559.0,4.0,1,1281.0,0.0,0.0,0.0
859.1666666666666,13.0,1804.0,4.5,1,1154.0,0.0,0.0,0.0
252.25,3.25,442.0,4.0,1,383.0,0.0,0.0,0.0
397.2,4.5,122.0,4.0,1,990.0,0.0,0.0,0.0
363.0,5.0,58.0,4.0,1,634.0,0.0,0.0,0.0
962.5,5.0,180.0,4.0,1,131.0,0.0,0.0,0.0
618.75,9.8,1003.0,4.5,0,1946.0,0.0,0.0,0.0
1340.25,11.0,2298.0,4.0,1,1127.0,0.0,0.0,0.0
1027.111111111111,13.0,1698.0,4.0,1,1894.0,0.0,0.0,0.0
1176.75,12.5,2149.0,4.0,1,1643.0,0.0,0.0,0.0
52.25,2.0,1071.0,4.0,1,421.0,24.31578947368421,25.0,0.0
552.8,3.5,107.0,4.0,0,344.0,0.0,0.0,0.0
224.0,2.5,51.0,4.0,1,350.0,0.0,0.0,0.0
1727.0,17.5,929.0,4.5,1,209.0,0.0,0.0,0.0
547.5,8.0,399.0,4.0,1,836.0,0.0,0.0,0.0
585.5,9.6,315.0,4.0,0,996.0,0.0,0.0,0.0
179.0,2.5,304.0,2.0,0,89.0,0.0,0.0,0.0
781.0,12.5,1828.0,4.0,1,1919.0,0.0,0.0,0.0
48.75,2.0,258.0,4.0,0,271.0,0.0,0.0,0.0
562.5,12.0,436.0,4.5,0,955.0,0.0,0.0,0.0
15.0,1.5,105.0,4.0,0,1049.0,37.0,0.0,0.0
539.5,6.0,103.0,4.0,1,641.0,0.0,0.0,0.0
1210.75,27.88888888888889,1086.0,4.0,1,96.0,0.0,0.0,0.0
81.0,2.0,864.0,4.0,1,869.0,23.192307692307693,18.0,0.0
292.5,8.5,513.0,4.0,1,45.0,0.0,0.0,0.0
658.75,6.0,674.0,4.0,1,178.0,0.0,0.0,0.0
143.5,3.5,636.0,4.0,1,374.0,10.0,3.0,0.0
50.25,2.5,493.0,4.0,0,795.0,21.07692307692308,25.0,0.0
476.25,5.5,260.0,4.0,1,696.0,0.0,0.0,0.0
49.66666666666666,8.833333333333334,309.0,4.0,1,487.0,0.0,0.0,0.0
1025.5,18.0,660.0,4.5,0,1089.0,0.0,0.0,0.0
457.0,6.5,302.0,2.0,1,0.0,0.0,0.0,0.0
510.25,6.0,799.0,4.0,1,748.0,0.0,0.0,0.0
310.0,7.5,163.0,4.0,0,3.0,0.0,0.0,0.0
235.5,4.0,186.0,4.0,1,120.0,0.0,0.0,0.0
720.1666666666666,7.0,1323.0,4.0,1,2053.0,0.0,0.0,0.0
280.5,2.0,155.0,4.5,0,148.0,0.0,0.0,0.0
386.0,3.5,718.0,4.0,1,275.0,0.0,0.0,0.0
78.66666666666667,1.5,1045.0,4.0,1,198.0,28.615384615384617,10.0,0.0
444.6666666666667,3.0,79.0,4.0,1,1225.0,0.0,0.0,0.0
626.5,9.25,522.0,5.0,1,2247.0,0.0,0.0,0.0
122.25,1.5,260.0,4.0,1,320.0,14.0,1.0,0.0
52.0,1.5,472.0,4.0,1,189.0,15.5,3.0,0.0
302.0,5.5,129.0,4.0,0,179.0,0.0,0.0,0.0
946.25,18.75,1941.0,4.5,1,1.0,0.0,0.0,0.0
562.25,5.0,42.0,4.0,0,1032.0,0.0,0.0,0.0
313.0,8.0,500.0,4.0,1,730.0,0.0,0.0,0.0
660.75,9.5,704.0,2.0,1,1219.0,0.0,0.0,0.0
98.5,1.5,302.0,4.0,1,195.0,30.6,10.0,0.0
355.3333333333333,13.0,471.0,4.0,1,127.0,0.0,0.0,0.0
608.3333333333334,8.75,596.0,4.5,1,1972.0,0.0,0.0,0.0
1503.75,14.666666666666666,875.0,4.0,1,1712.0,0.0,0.0,0.0
25.5,0.0,979.0,4.0,1,861.0,0.0,0.0,0.0
773.75,9.0,381.0,5.0,0,2315.0,0.0,0.0,0.0
252.0,4.0,160.0,4.0,0,103.0,0.0,0.0,0.0
93.0,1.5,465.0,4.0,0,317.0,24.28,18.0,0.0
186.0,8.25,149.0,4.5,0,228.0,0.0,0.0,0.0
4.0,1.0,401.0,4.0,1,483.0,10.125,2.0,0.0
51.5,1.0,716.0,4.0,1,270.0,8.0,1.0,0.0
832.75,2.5,615.0,4.0,1,2828.0,0.0,0.0,0.0
367.75,4.333333333333333,151.0,4.0,1,247.0,0.0,0.0,0.0
585.75,4.5,360.0,4.0,0,779.0,0.0,0.0,0.0
477.0,6.0,328.0,3.5,0,539.0,0.0,0.0,0.0
1725.75,24.5,1467.0,5.0,0,368.0,0.0,0.0,0.0
1121.75,12.833333333333334,1542.0,4.0,1,1306.0,0.0,0.0,0.0
287.5,2.5,83.0,4.0,1,381.0,0.0,0.0,0.0
242.0,2.5,808.0,4.0,1,425.0,0.0,0.0,0.0
314.5,8.0,359.0,4.0,0,386.0,0.0,0.0,0.0
1071.5,5.5,1324.0,4.0,1,3181.0,0.0,0.0,0.0
1251.5,15.666666666666666,1440.0,5.0,1,242.0,0.0,0.0,0.0
387.8888888888889,6.5,608.0,4.0,1,916.0,0.0,0.0,0.0
1212.5,8.0,577.0,4.0,1,2429.0,0.0,0.0,0.0
490.75,3.5,61.0,4.5,1,761.0,0.0,0.0,0.0
77.5,2.0,1145.0,4.0,1,67.0,26.25,10.0,0.0
752.25,8.5,621.0,4.0,1,816.0,0.0,0.0,0.0
221.3333333333333,7.0,934.0,4.0,1,607.0,0.0,0.0,0.0
735.5,4.5,1403.0,4.5,0,2147.0,0.0,0.0,0.0
221.0,4.0,67.0,4.0,1,571.0,0.0,0.0,0.0
148.0,3.5,337.0,4.0,1,333.0,0.0,0.0,0.0
741.5,19.25,539.0,4.5,1,557.0,0.0,0.0,0.0
139.0,2.5,14.0,4.0,0,348.0,0.0,0.0,0.0
24.0,1.0,799.0,4.0,1,666.0,0.0,0.0,0.0
274.5,3.0,182.0,4.0,1,251.0,4.0,0.0,0.0
516.1666666666666,9.0,1080.0,4.0,1,2274.0,0.0,0.0,0.0
125.0,5.5,300.0,4.0,1,306.0,0.0,0.0,0.0
723.25,14.25,378.0,4.5,1,465.0,0.0,0.0,0.0
477.5,6.75,105.0,2.0,0,222.0,0.0,0.0,0.0
601.25,4.5,328.0,4.0,1,1105.0,0.0,0.0,0.0
632.5,13.25,431.0,4.0,1,1373.0,0.0,0.0,0.0
163.5,5.8,384.0,4.0,1,214.0,0.0,0.0,0.0
525.25,4.333333333333333,514.0,4.0,1,444.0,0.0,0.0,0.0
1077.75,18.666666666666668,1882.0,2.5,1,715.0,0.0,0.0,0.0
84.0,1.6666666666666667,744.0,4.0,0,506.0,26.08695652173913,15.0,0.0
403.0,4.25,273.0,4.0,1,333.0,0.0,0.0,0.0
160.0,5.0,595.0,4.0,0,484.0,0.0,0.0,0.0
745.5,10.5,1365.0,4.0,1,1123.0,0.0,0.0,0.0
449.5,4.5,303.0,4.0,0,1321.0,0.0,0.0,0.0
437.5,5.5,133.0,4.0,1,1348.0,0.0,0.0,0.0
1131.0,19.5,768.0,4.0,1,830.0,0.0,0.0,0.0
365.0,4.666666666666667,19.0,4.0,1,93.0,8.0,3.0,0.0
606.0,5.333333333333333,921.0,4.0,0,1911.0,0.0,0.0,0.0
847.5,5.5,1112.0,4.0,1,3734.0,0.0,0.0,0.0
1522.6666666666667,19.666666666666668,2101.0,4.0,1,630.0,0.0,0.0,0.0
1398.4,37.25,1980.0,4.0,0,255.0,0.0,0.0,0.0
316.0,3.5,353.0,2.0,1,76.0,0.0,0.0,0.0
476.5,6.666666666666667,875.0,4.0,1,926.0,0.0,0.0,0.0
53.75,2.5,761.0,4.0,1,190.0,0.0,0.0,0.0
1114.5,19.33333333333333,169.0,5.0,1,711.0,0.0,0.0,0.0
263.0,3.5,2.0,4.0,1,373.0,0.0,0.0,0.0
311.5,2.5,287.0,4.0,1,107.0,0.0,0.0,0.0
385.0,4.5,867.0,4.0,1,381.0,0.0,0.0,0.0
356.75,7.5,228.0,4.0,1,400.0,0.0,0.0,0.0
448.0,5.5,578.0,4.0,1,494.0,0.0,0.0,0.0
713.75,6.5,524.0,4.0,1,1583.0,0.0,0.0,0.0
1123.25,13.0,2395.0,4.0,1,1278.0,0.0,0.0,0.0
66.75,2.5,167.0,4.0,0,186.0,0.0,0.0,0.0
24.5,3.5,416.0,4.0,1,248.0,27.09090909090909,5.0,0.0
529.25,4.5,28.0,2.0,0,456.0,0.0,0.0,0.0
829.5,10.0,1497.0,5.0,1,1504.0,0.0,0.0,0.0
1121.25,8.5,791.0,4.0,0,2677.0,0.0,0.0,0.0
530.5,9.0,513.0,4.0,1,1239.0,0.0,0.0,0.0
1035.0,11.5,1436.0,2.0,1,1669.0,0.0,0.0,0.0
227.5,3.5,0.0,4.0,1,233.0,22.5,3.0,0.0
538.3333333333334,4.5,68.0,4.0,0,1830.0,0.0,0.0,0.0
280.25,4.5,968.0,4.0,1,60.0,0.0,0.0,0.0
887.8,9.5,1756.0,4.0,0,2841.0,0.0,0.0,0.0
387.4,4.5,519.0,4.0,1,173.0,34.5,4.0,0.0
361.0,2.5,44.0,4.0,1,214.0,0.0,0.0,0.0
381.75,5.0,244.0,2.0,1,475.0,0.0,0.0,0.0
1283.5,28.666666666666668,1253.0,5.0,1,360.0,0.0,0.0,0.0
833.8,6.666666666666667,1540.0,4.0,1,3100.0,0.0,0.0,0.0
63.25,1.0,611.0,4.0,0,331.0,37.0,8.0,0.0
527.8333333333334,5.0,261.0,4.5,0,1716.0,0.0,0.0,0.0
351.2,11.75,341.0,4.0,1,598.0,0.0,0.0,0.0
51.5,1.5,309.0,4.0,1,968.0,14.0,4.0,0.0
390.5,4.25,602.0,4.0,1,108.0,0.0,0.0,0.0
552.5,4.5,22.0,4.0,1,300.0,0.0,0.0,0.0
491.0,7.5,129.0,4.0,1,166.0,0.0,0.0,0.0
584.0,5.333333333333333,27.0,4.0,1,970.0,0.0,0.0,0.0
86.0,3.5,541.0,3.0,1,556.0,0.0,0.0,0.0
572.0,8.0,840.0,4.0,0,782.0,0.0,0.0,0.0
1270.75,9.0,2093.0,4.0,0,1257.0,0.0,0.0,0.0
268.875,7.0,406.0,4.0,1,212.0,0.0,0.0,0.0
149.25,1.4,173.0,4.0,1,548.0,0.0,0.0,0.0
843.8333333333334,5.5,2062.0,4.0,1,2976.0,0.0,0.0,0.0
786.75,11.333333333333334,1484.0,4.333333333333333,1,535.0,0.0,0.0,0.0
635.75,4.0,0.0,4.0,1,951.0,0.0,0.0,0.0
583.0,4.5,167.0,4.0,0,279.0,0.0,0.0,0.0
441.25,7.0,102.0,4.0,1,447.0,0.0,0.0,0.0
92.0,3.0,432.0,4.0,1,255.0,29.666666666666668,3.0,0.0
265.0,7.0,522.0,4.0,1,217.0,0.0,0.0,0.0
437.25,5.0,13.0,4.0,0,142.0,0.0,0.0,0.0
1281.75,10.666666666666666,1368.0,4.0,1,462.0,0.0,0.0,0.0
64.66666666666667,2.0,216.0,3.5,0,680.0,0.0,0.0,0.0
171.5,2.5,85.0,4.0,1,178.0,0.0,0.0,0.0
773.75,8.0,1465.0,4.5,1,1215.0,0.0,0.0,0.0
367.75,4.0,294.0,4.5,0,61.0,0.0,0.0,0.0
1517.3333333333333,17.0,985.0,5.0,1,82.0,0.0,0.0,0.0
29.75,1.5,1140.0,4.5,1,626.0,27.36842105263158,9.0,0.0
392.0,9.5,330.0,4.0,1,947.0,0.0,0.0,0.0
972.3333333333334,10.0,1073.0,4.0,1,2020.0,0.0,0.0,0.0
652.75,6.333333333333333,1115.0,4.0,1,2222.0,0.0,0.0,0.0
211.0,4.5,808.0,4.0,1,523.0,0.0,0.0,0.0
80.5,1.5,1182.0,4.0,1,37.0,0.0,0.0,0.0
208.0,3.0,127.0,4.0,1,186.0,0.0,0.0,0.0
215.75,2.5,20.0,2.0,0,24.0,0.0,0.0,0.0
482.5,16.75,187.0,4.5,0,1673.0,0.0,0.0,0.0
61.0,0.5,352.0,4.0,0,137.0,28.09523809523809,9.0,0.0
185.75,3.0,313.0,4.0,1,111.0,35.90909090909091,9.0,0.0
273.1666666666667,4.5,294.0,2.0,1,76.0,30.714285714285715,10.0,0.0
684.25,8.0,566.0,5.0,1,1657.0,0.0,0.0,0.0
611.25,4.0,419.0,4.0,1,673.0,0.0,0.0,0.0
106.5,2.5,270.0,4.0,1,16.0,17.5,3.0,0.0
321.25,4.0,116.0,4.0,1,109.0,0.0,0.0,0.0
201.0,8.0,459.0,4.0,1,354.0,0.0,0.0,0.0
752.0,10.25,518.0,4.0,1,684.0,0.0,0.0,0.0
409.75,5.0,190.0,4.0,1,374.0,0.0,0.0,0.0
322.75,7.333333333333333,410.0,4.0,0,219.0,0.0,0.0,0.0
751.8333333333334,6.5,762.0,4.0,1,712.0,0.0,0.0,0.0
84.75,2.5,461.0,2.6666666666666665,0,3.0,25.88888888888889,10.0,0.0
699.5,12.0,708.0,4.0,0,138.0,0.0,0.0,0.0
281.0,3.0,160.0,2.0,1,48.0,0.0,0.0,0.0
370.75,12.75,220.0,4.0,1,712.0,0.0,0.0,0.0
607.0,4.0,0.0,4.0,1,142.0,0.0,0.0,0.0
78.0,4.333333333333333,649.0,4.0,0,170.0,0.0,0.0,0.0
185.3333333333333,2.5,310.0,4.0,1,248.0,24.666666666666668,5.0,0.0
530.5,5.333333333333333,721.0,2.0,1,789.0,0.0,0.0,0.0
482.5,7.333333333333333,508.0,4.0,1,192.0,0.0,0.0,0.0
410.5,5.0,255.0,2.0,1,325.0,0.0,0.0,0.0
809.8333333333334,10.333333333333334,1222.0,5.0,1,1346.0,0.0,0.0,0.0
74.0,2.1666666666666665,372.0,4.0,0,399.0,26.25,3.0,0.0
375.5,9.0,378.0,4.0,1,518.0,0.0,0.0,0.0
602.25,4.0,14.0,4.0,1,224.0,0.0,0.0,0.0
618.0,5.5,213.0,4.0,1,1274.0,0.0,0.0,0.0
418.5,6.5,119.0,4.0,1,265.0,0.0,0.0,0.0
1139.3333333333333,9.0,1408.0,4.5,0,396.0,0.0,0.0,0.0
70.33333333333333,1.0,737.0,4.0,1,749.0,26.21052631578948,14.0,0.0
979.25,7.0,84.0,4.0,1,187.0,0.0,0.0,0.0
222.66666666666663,4.5,903.0,4.0,1,877.0,39.66666666666666,2.0,0.0
31.0,2.0,518.0,4.0,1,463.0,20.428571428571427,12.0,0.0
970.5,5.0,71.0,4.5,0,250.0,0.0,0.0,0.0
1139.3333333333333,6.5,484.0,4.0,1,1378.0,0.0,0.0,0.0
115.75,2.5,639.0,4.0,0,704.0,0.0,0.0,0.0
839.9,7.5,908.0,4.0,1,607.0,0.0,0.0,0.0
50.0,3.5,634.0,4.0,0,757.0,20.166666666666668,10.0,0.0
137.25,2.5,0.0,4.0,0,251.0,0.0,0.0,0.0
25.0,0.5,904.0,4.0,1,555.0,0.0,0.0,0.0
1294.5,8.0,1099.0,4.0,1,312.0,0.0,0.0,0.0
126.75,2.5,636.0,4.5,0,367.0,14.6,5.0,0.0
579.0,6.666666666666667,133.0,4.0,1,233.0,0.0,0.0,0.0
924.75,13.5,1534.0,4.0,1,2724.0,0.0,0.0,0.0
14.75,3.0,607.0,4.5,1,121.0,22.3,7.0,0.0
357.0,5.0,383.0,4.0,1,192.0,0.0,0.0,0.0
286.5,3.5,49.0,4.0,1,123.0,0.0,0.0,0.0
64.5,2.5,286.0,4.0,0,533.0,34.2,10.0,0.0
67.75,2.5,483.0,4.0,1,639.0,25.5,6.0,0.0
76.5,2.5,815.0,4.0,1,380.0,36.0,9.0,0.0
98.33333333333331,3.0,644.0,4.0,0,601.0,38.63636363636363,8.0,0.0
37.0,2.0,103.0,4.5,1,47.0,0.0,0.0,0.0
1135.75,14.666666666666666,2565.0,4.0,1,1205.0,0.0,0.0,0.0
102.25,1.5,303.0,4.0,1,354.0,18.0,3.0,0.0
193.8,5.0,670.0,4.0,0,96.0,0.0,0.0,0.0
267.5,5.666666666666667,621.0,4.0,1,279.0,0.0,0.0,0.0
316.0,4.5,653.0,4.0,1,421.0,0.0,0.0,0.0
134.75,2.6666666666666665,660.0,4.0,1,159.0,0.0,0.0,0.0
914.5,14.75,657.0,5.0,1,1253.0,0.0,0.0,0.0
561.25,5.5,993.0,4.0,1,1007.0,0.0,0.0,0.0
387.25,5.5,356.0,4.0,0,134.0,0.0,0.0,0.0
274.75,4.5,159.0,4.0,0,223.0,0.0,0.0,0.0
31.0,1.0,1117.0,4.5,1,694.0,29.785714285714285,7.0,0.0
851.8333333333334,21.0,802.0,5.0,1,1177.0,0.0,0.0,0.0
379.6666666666667,6.6,408.0,2.0,1,727.0,0.0,0.0,0.0
1386.25,12.666666666666666,452.0,4.0,1,853.0,0.0,0.0,0.0
1171.75,20.25,1544.0,2.5,0,522.0,0.0,0.0,0.0
154.75,4.0,151.0,4.0,0,451.0,0.0,0.0,0.0
813.6666666666666,19.875,691.0,5.0,1,829.0,0.0,0.0,0.0
841.25,14.5,1733.0,4.0,0,1661.0,0.0,0.0,0.0
347.3333333333333,5.5,27.0,4.0,1,352.0,0.0,0.0,0.0
465.0,4.0,58.0,4.0,0,510.0,0.0,0.0,0.0
1301.0,11.5,1127.0,4.0,1,1192.0,0.0,0.0,0.0
659.0,9.75,1085.0,3.0,1,1131.0,0.0,0.0,0.0
619.75,5.0,233.0,2.0,1,537.0,0.0,0.0,0.0
244.0,3.5,527.0,4.0,1,99.0,0.0,0.0,0.0
1285.25,10.75,924.0,4.0,1,1575.0,0.0,0.0,0.0
381.6,7.0,179.0,2.0,1,52.0,0.0,0.0,0.0
535.75,3.5,391.0,4.0,1,241.0,0.0,0.0,0.0
1217.5,13.5,1593.0,4.0,1,960.0,0.0,0.0,0.0
721.75,7.5,1200.0,4.0,1,1577.0,0.0,0.0,0.0
507.8333333333333,5.75,421.0,4.0,1,780.0,0.0,0.0,0.0
1607.5,13.0,592.0,4.0,0,413.0,0.0,0.0,0.0
349.0,2.5,35.0,4.0,0,1178.0,0.0,0.0,0.0
221.3333333333333,3.0,182.0,2.6666666666666665,1,35.0,0.0,0.0,0.0
337.6666666666667,4.5,267.0,4.0,1,295.0,0.0,0.0,0.0
308.5,6.0,71.0,2.0,0,32.0,0.0,0.0,0.0
583.3333333333334,15.5,375.0,4.0,1,425.0,0.0,0.0,0.0
251.75,2.0,259.0,4.0,1,388.0,0.0,0.0,0.0
659.25,9.0,626.0,4.0,1,1108.0,0.0,0.0,0.0
247.0,3.0,194.0,2.0,1,393.0,0.0,0.0,0.0
1143.3333333333333,13.0,2455.0,4.0,1,1458.0,0.0,0.0,0.0
588.5,5.0,550.0,4.0,0,1715.0,0.0,0.0,0.0
399.0,12.5,518.0,4.0,1,331.0,0.0,0.0,0.0
419.5,2.5,342.0,4.0,0,229.0,40.0,4.0,0.0
625.3333333333334,6.0,197.0,4.0,1,363.0,0.0,0.0,0.0
249.3333333333333,4.666666666666667,870.0,4.0,1,97.0,0.0,0.0,0.0
143.0,1.5,37.0,4.0,1,482.0,0.0,0.0,0.0
891.8333333333334,10.0,1608.0,4.0,0,536.0,0.0,0.0,0.0
1260.75,10.166666666666666,809.0,4.0,1,1434.0,0.0,0.0,0.0
475.1666666666667,4.5,120.0,4.0,1,527.0,0.0,0.0,0.0
720.5,4.5,472.0,4.0,1,1433.0,0.0,0.0,0.0
433.75,6.666666666666667,157.0,4.0,1,538.0,0.0,0.0,0.0
367.0,3.5,757.0,4.0,1,113.0,0.0,0.0,0.0
555.6,4.5,107.0,4.0,1,201.0,0.0,0.0,0.0
1071.5,11.333333333333334,1377.0,2.0,1,1471.0,0.0,0.0,0.0
104.16666666666669,2.0,109.0,4.0,1,248.0,28.705882352941178,7.0,0.0
31.0,1.5,467.0,4.0,1,313.0,22.0,7.0,0.0
550.0,3.5,427.0,4.0,1,910.0,0.0,0.0,0.0
117.75,2.5,544.0,2.333333333333333,1,109.0,40.4,6.0,0.0
19.5,1.5,275.0,4.0,1,113.0,0.0,0.0,0.0
693.2,10.0,792.0,4.0,1,329.0,0.0,0.0,0.0
169.0,7.5,659.0,4.0,1,422.0,0.0,0.0,0.0
59.16666666666666,2.5,250.0,4.0,0,444.0,22.375,13.0,0.0
756.0,24.0,514.0,5.0,1,605.0,0.0,0.0,0.0
346.0,10.333333333333334,359.0,4.0,1,174.0,0.0,0.0,0.0
829.5,9.8,1865.0,4.0,1,1117.0,0.0,0.0,0.0
382.0,3.0,0.0,4.0,1,916.0,0.0,0.0,0.0
741.0,8.5,1356.0,4.0,1,2149.0,0.0,0.0,0.0
305.4,2.5,314.0,4.0,1,505.0,0.0,0.0,0.0
223.8333333333333,4.5,1.0,2.0,1,185.0,0.0,0.0,0.0
581.0,4.5,478.0,2.0,1,864.0,0.0,0.0,0.0
1022.0,19.5,1936.0,5.0,1,30.0,0.0,0.0,0.0
54.833333333333336,3.0,193.0,4.0,0,857.0,27.666666666666668,19.0,0.0
767.25,7.0,407.0,5.0,1,3193.0,0.0,0.0,0.0
164.0,2.0,742.0,4.0,1,277.0,0.0,0.0,0.0
969.6,22.25,1878.0,4.0,1,2108.0,0.0,0.0,0.0
1107.25,13.0,2307.0,4.0,1,1486.0,0.0,0.0,0.0
134.75,2.5,217.0,3.5,1,133.0,0.0,0.0,0.0
780.0,5.5,1269.0,4.0,1,294.0,0.0,0.0,0.0
34.75,3.0,252.0,4.0,1,82.0,0.0,0.0,0.0
291.25,3.0,489.0,4.0,1,313.0,0.0,0.0,0.0
350.25,3.5,201.0,4.0,1,137.0,0.0,0.0,0.0
448.6666666666667,6.0,122.0,4.0,0,283.0,0.0,0.0,0.0
464.5,4.0,309.0,4.0,0,137.0,0.0,0.0,0.0
762.25,6.666666666666667,1454.0,4.333333333333333,0,1929.0,0.0,0.0,0.0
517.5,6.0,502.0,4.0,1,179.0,0.0,0.0,0.0
336.75,7.0,358.0,4.0,0,312.0,0.0,0.0,0.0
103.0,5.0,676.0,4.0,1,273.0,0.0,0.0,0.0
283.3333333333333,3.75,442.0,4.0,1,89.0,0.0,0.0,0.0
43.2,2.0,297.0,4.5,0,148.0,21.875,7.0,0.0
670.5,7.5,898.0,4.0,0,2310.0,0.0,0.0,0.0
298.3333333333333,4.5,18.0,4.0,0,275.0,0.0,0.0,0.0
354.25,4.5,234.0,4.0,1,1223.0,0.0,0.0,0.0
1278.5,10.0,2292.0,4.0,1,1399.0,0.0,0.0,0.0
860.0,5.0,2217.0,4.0,1,3279.0,0.0,0.0,0.0
409.0,4.5,347.0,2.6666666666666665,0,232.0,0.0,0.0,0.0
295.6666666666667,4.0,802.0,4.0,1,237.0,0.0,0.0,0.0
22.0,0.5,462.0,4.0,1,897.0,0.0,0.0,0.0
730.0,7.0,1015.0,4.0,1,458.0,0.0,0.0,0.0
667.75,6.666666666666667,437.0,4.0,0,136.0,0.0,0.0,0.0
69.0,0.5,825.0,4.0,1,751.0,26.64,21.0,0.0
100.83333333333331,3.5,622.0,2.0,1,21.0,13.0,4.0,0.0
232.66666666666663,4.0,693.0,4.0,1,36.0,0.0,0.0,0.0
306.25,4.333333333333333,378.0,4.0,1,77.0,0.0,0.0,0.0
845.25,20.75,994.0,4.5,1,2558.0,0.0,0.0,0.0
287.25,6.0,345.0,4.0,0,56.0,0.0,0.0,0.0
609.25,4.5,361.0,4.0,1,1256.0,0.0,0.0,0.0
683.25,8.75,1088.0,2.0,1,56.0,0.0,0.0,0.0
102.5,1.0,324.0,4.0,1,129.0,32.095238095238095,12.0,0.0
9.5,3.5,397.0,3.0,0,449.0,16.0,1.0,0.0
23.5,0.5,671.0,4.0,1,758.0,0.0,0.0,0.0
597.6666666666666,6.5,256.0,4.0,1,954.0,0.0,0.0,0.0
350.25,7.0,427.0,4.0,0,593.0,0.0,0.0,0.0
460.75,4.666666666666667,368.0,4.0,1,125.0,0.0,0.0,0.0
59.25,5.5,812.0,4.0,0,391.0,0.0,0.0,0.0
452.25,8.0,375.0,4.0,0,428.0,0.0,0.0,0.0
61.0,0.5,438.0,4.0,1,112.0,29.857142857142858,13.0,0.0
1590.25,18.666666666666668,1108.0,5.0,1,45.0,0.0,0.0,0.0
135.25,3.5,86.0,4.0,0,836.0,0.0,0.0,0.0
537.5,6.0,68.0,4.0,1,514.0,0.0,0.0,0.0
223.0,5.0,231.0,2.0,0,13.0,0.0,0.0,0.0
552.25,7.333333333333333,0.0,4.0,1,540.0,0.0,0.0,0.0
431.75,7.5,619.0,4.0,1,764.0,0.0,0.0,0.0
1062.25,21.0,1926.0,5.0,1,650.0,0.0,0.0,0.0
423.0,3.5,245.0,4.0,0,322.0,0.0,0.0,0.0
393.25,4.0,824.0,2.0,1,349.0,0.0,0.0,0.0
187.5,2.0,214.0,4.0,0,126.0,0.0,0.0,0.0
53.66666666666666,6.0,833.0,4.0,1,534.0,0.0,0.0,0.0
212.8333333333333,5.333333333333333,329.0,4.0,1,448.0,0.0,0.0,0.0
224.0,4.0,587.0,2.6666666666666665,1,3.0,0.0,0.0,0.0
80.0,2.4,1191.0,4.0,0,115.0,0.0,0.0,0.0
447.5,7.0,687.0,4.0,1,788.0,0.0,0.0,0.0
88.33333333333333,2.5,543.0,4.0,1,614.0,29.5,5.0,0.0
112.25,1.5,366.0,2.0,0,94.0,12.7,6.0,0.0
544.75,2.5,255.0,4.0,1,517.0,0.0,0.0,0.0
28.666666666666668,2.0,862.0,4.0,0,1032.0,38.0,3.0,0.0
142.0,2.5,948.0,4.0,1,484.0,16.0,0.0,0.0
502.75,3.333333333333333,43.0,4.0,1,271.0,0.0,0.0,0.0
43.0,3.0,960.0,4.0,1,255.0,19.65,14.0,0.0
643.75,16.0,743.0,5.0,1,1272.0,0.0,0.0,0.0
389.75,2.5,375.0,3.0,1,10.0,0.0,0.0,0.0
1288.0,18.75,783.0,4.0,1,387.0,0.0,0.0,0.0
370.5,4.333333333333333,73.0,2.0,1,39.0,0.0,0.0,0.0
154.16666666666666,2.5,873.0,4.0,0,460.0,27.94117647058824,13.0,0.0
253.75,2.5,393.0,4.0,1,173.0,0.0,0.0,0.0
179.8,3.0,286.0,2.0,1,37.0,22.33333333333333,2.0,0.0
44.25,2.5,29.0,4.0,1,108.0,0.0,0.0,0.0
448.6666666666667,3.0,214.0,4.0,0,1130.0,0.0,0.0,0.0
128.75,3.0,251.0,4.0,1,240.0,0.0,0.0,0.0
1092.75,22.5,2155.0,5.0,1,940.0,0.0,0.0,0.0
710.0,7.5,882.0,4.0,1,1528.0,0.0,0.0,0.0
691.0,9.166666666666666,1304.0,2.0,1,1318.0,0.0,0.0,0.0
466.75,5.0,302.0,4.0,1,484.0,0.0,0.0,0.0
1472.75,10.333333333333334,776.0,4.0,0,1572.0,0.0,0.0,0.0
439.5,3.0,139.0,4.0,1,1411.0,0.0,0.0,0.0
570.0,5.0,37.0,4.0,1,516.0,0.0,0.0,0.0
114.25,2.5,272.0,4.0,1,170.0,0.0,0.0,0.0
639.2,3.75,1062.0,4.0,0,2578.0,0.0,0.0,0.0
45.5,1.5,41.0,4.0,1,388.0,0.0,0.0,0.0
959.5,23.5,400.0,5.0,1,795.0,0.0,0.0,0.0
341.25,6.5,765.0,4.0,1,407.0,0.0,0.0,0.0
115.5,1.5,454.0,2.0,1,4.0,33.77777777777778,6.0,0.0
691.25,9.0,695.0,4.0,1,2277.0,0.0,0.0,0.0
676.25,9.0,0.0,4.0,1,89.0,0.0,0.0,0.0
290.3333333333333,3.5,264.0,4.0,1,151.0,0.0,0.0,0.0
156.25,4.75,394.0,4.0,1,204.0,0.0,0.0,0.0
38.0,2.5,3.0,4.0,1,270.0,0.0,0.0,0.0
714.5,6.0,888.0,4.0,1,625.0,0.0,0.0,0.0
199.25,2.0,477.0,4.0,1,239.0,0.0,0.0,0.0
602.0,6.5,116.0,4.0,1,1191.0,0.0,0.0,0.0
418.0,4.5,153.0,4.0,0,968.0,0.0,0.0,0.0
495.5,11.666666666666666,429.0,4.0,0,987.0,0.0,0.0,0.0
439.0,7.5,447.0,4.0,1,93.0,0.0,0.0,0.0
30.666666666666668,1.0,307.0,4.0,1,51.0,7.0,1.0,0.0
4.5,2.5,0.0,3.0,0,320.0,23.47058823529412,10.0,0.0
120.33333333333331,2.5,164.0,4.0,0,296.0,22.0,1.0,0.0
166.25,1.5,159.0,4.0,0,24.0,0.0,0.0,0.0
50.5,3.0,352.0,4.0,0,584.0,22.94117647058824,22.0,0.0
649.75,16.5,598.0,4.5,1,1551.0,0.0,0.0,0.0
594.6666666666666,2.5,1456.0,4.0,0,2502.0,0.0,0.0,0.0
505.5,7.0,524.0,4.0,1,793.0,0.0,0.0,0.0
509.0,3.25,1089.0,4.0,1,1855.0,0.0,0.0,0.0
142.75,3.5,156.0,2.0,0,69.0,0.0,0.0,0.0
256.0,3.5,209.0,2.0,1,99.0,0.0,0.0,0.0
576.0,4.0,616.0,4.0,1,1365.0,0.0,0.0,0.0
574.0,8.5,525.0,4.5,1,70.0,0.0,0.0,0.0
419.0,5.0,499.0,2.6666666666666665,0,65.0,0.0,0.0,0.0
604.5,3.5,590.0,4.0,1,1173.0,0.0,0.0,0.0
24.666666666666668,2.0,796.0,4.5,0,692.0,24.33333333333333,4.0,0.0
552.0,5.5,340.0,2.0,0,349.0,0.0,0.0,0.0
54.333333333333336,1.5,1107.0,4.0,0,273.0,45.285714285714285,13.0,0.0
58.0,1.5,973.0,4.0,1,184.0,32.214285714285715,12.0,0.0
472.0,6.0,0.0,4.0,1,686.0,0.0,0.0,0.0
508.25,5.0,328.0,4.0,0,270.0,0.0,0.0,0.0
316.5,8.5,836.0,4.0,1,405.0,0.0,0.0,0.0
121.33333333333331,2.5,564.0,4.0,1,357.0,28.75,6.0,0.0
684.5,11.833333333333334,703.0,5.0,1,667.0,0.0,0.0,0.0
119.33333333333331,2.0,383.0,4.0,1,68.0,26.0,7.0,0.0
62.0,2.0,764.0,4.0,0,621.0,21.8,12.0,0.0
591.0,7.5,720.0,4.0,0,718.0,0.0,0.0,0.0
166.75,7.5,429.0,4.0,1,127.0,33.333333333333336,2.0,0.0
612.2,3.5,610.0,4.0,1,860.0,0.0,0.0,0.0
242.25,4.333333333333333,239.0,4.0,0,261.0,4.0,1.0,0.0
120.16666666666669,4.0,230.0,2.0,1,17.0,0.0,0.0,0.0
63.5,2.0,335.0,3.5,1,332.0,0.0,0.0,0.0
479.5,7.5,265.0,4.0,0,316.0,0.0,0.0,0.0
779.75,14.666666666666666,1310.0,4.0,1,1298.0,0.0,0.0,0.0
993.0,14.25,1688.0,5.0,1,281.0,0.0,0.0,0.0
309.5,17.0,470.0,4.0,1,30.0,0.0,0.0,0.0
375.0,5.0,104.0,4.0,1,232.0,42.0,0.0,0.0
670.25,13.0,1077.0,4.0,0,753.0,0.0,0.0,0.0
419.5,3.5,18.0,4.0,1,536.0,0.0,0.0,0.0
772.1666666666666,7.25,364.0,5.0,1,2278.0,0.0,0.0,0.0
1070.5,10.5,369.0,5.0,1,711.0,0.0,0.0,0.0
341.4,2.5,289.0,4.0,1,1403.0,0.0,0.0,0.0
403.0,5.5,252.0,4.0,1,39.0,0.0,0.0,0.0
590.6666666666666,6.0,217.0,2.6666666666666665,1,1036.0,0.0,0.0,0.0
187.25,3.0,486.0,4.0,1,157.0,0.0,0.0,0.0
530.0,4.0,527.0,4.0,1,323.0,0.0,0.0,0.0
147.75,4.333333333333333,594.0,3.0,1,39.0,21.75,2.0,0.0
5.5,3.0,482.0,3.0,1,442.0,17.564102564102566,35.0,0.0
417.0,5.0,447.0,4.0,1,27.0,0.0,0.0,0.0
124.75,4.0,576.0,3.0,0,29.0,0.0,0.0,0.0
289.0,3.5,167.0,2.0,1,22.0,0.0,0.0,0.0
84.25,1.5,603.0,4.0,1,113.0,23.07692307692308,9.0,0.0
1577.75,25.666666666666668,1625.0,5.0,1,318.0,0.0,0.0,0.0
557.5,6.5,713.0,4.0,1,86.0,0.0,0.0,0.0
237.25,2.0,210.0,4.0,1,536.0,0.0,0.0,0.0
27.33333333333333,1.5,545.0,2.0,1,91.0,0.0,0.0,0.0
472.0,6.0,571.0,4.0,1,972.0,0.0,0.0,0.0
722.25,11.5,1063.0,4.5,1,959.0,0.0,0.0,0.0
603.0,2.5,756.0,4.0,0,959.0,0.0,0.0,0.0
144.0,1.5,0.0,4.0,1,499.0,0.0,0.0,0.0
603.0,2.5,1392.0,4.0,0,2410.0,0.0,0.0,0.0
487.3333333333333,6.5,213.0,4.0,1,659.0,0.0,0.0,0.0
83.66666666666667,2.5,439.0,2.0,0,41.0,0.0,0.0,0.0
661.5,5.75,575.0,4.0,1,751.0,0.0,0.0,0.0
865.5,4.5,956.0,4.0,1,333.0,0.0,0.0,0.0
168.66666666666666,1.5,511.0,4.0,1,268.0,0.0,0.0,0.0
1021.0,21.0,1917.0,4.0,0,1136.0,0.0,0.0,0.0
898.0,12.0,1895.0,4.5,0,619.0,0.0,0.0,0.0
1025.25,12.25,1376.0,4.5,0,590.0,0.0,0.0,0.0
81.75,1.25,216.0,2.6666666666666665,1,20.0,27.642857142857142,11.0,0.0
816.75,16.5,188.0,4.5,1,2723.0,0.0,0.0,0.0
149.75,4.5,736.0,4.0,1,369.0,0.0,0.0,0.0
665.5,8.0,307.0,4.0,0,1028.0,0.0,0.0,0.0
615.0,6.0,277.0,4.0,1,221.0,0.0,0.0,0.0
817.25,4.5,493.0,4.0,1,2631.0,0.0,0.0,0.0
271.75,3.6,345.0,4.0,1,218.0,35.5,2.0,0.0
405.3333333333333,2.0,304.0,4.0,1,76.0,0.0,0.0,0.0
34.5,1.0,932.0,4.0,0,735.0,0.0,0.0,0.0
259.0,8.75,306.0,4.0,1,297.0,0.0,0.0,0.0
1088.0,5.5,1284.0,4.0,1,3177.0,0.0,0.0,0.0
326.0,1.5,0.0,4.0,0,364.0,32.25,2.0,0.0
999.5,9.5,961.0,4.0,0,1925.0,0.0,0.0,0.0
258.25,5.5,586.0,4.0,1,502.0,0.0,0.0,0.0
201.5,3.333333333333333,333.0,4.0,0,151.0,0.0,0.0,0.0
139.83333333333334,3.5,60.0,4.0,1,239.0,0.0,0.0,0.0
697.0,6.5,700.0,4.0,0,1282.0,0.0,0.0,0.0
87.0,2.0,735.0,4.0,1,304.0,0.0,0.0,0.0
697.25,7.0,1158.0,4.0,1,248.0,0.0,0.0,0.0
171.0,2.5,423.0,4.0,1,548.0,0.0,0.0,0.0
80.0,2.0,1092.0,4.0,0,82.0,0.0,0.0,0.0
823.75,6.0,1615.0,4.0,1,2942.0,0.0,0.0,0.0
631.75,3.0,133.0,4.0,1,810.0,0.0,0.0,0.0
315.0,4.5,850.0,4.0,1,223.0,0.0,0.0,0.0
78.0,0.5,321.0,4.0,0,444.0,37.77777777777778,5.0,0.0
1268.5,8.0,1890.0,4.0,0,1046.0,0.0,0.0,0.0
457.6,4.5,198.0,4.0,1,516.0,0.0,0.0,0.0
720.6666666666666,6.666666666666667,1238.0,4.0,1,2080.0,0.0,0.0,0.0
181.5,3.5,213.0,2.0,0,71.0,0.0,0.0,0.0
121.5,2.0,66.0,4.0,1,160.0,0.0,0.0,0.0
104.75,4.0,766.0,4.0,1,704.0,0.0,0.0,0.0
114.75,3.0,339.0,4.0,0,458.0,0.0,0.0,0.0
378.8333333333333,10.0,445.0,4.0,1,104.0,0.0,0.0,0.0
182.0,16.0,432.0,4.0,1,255.0,0.0,0.0,0.0
89.5,2.5,443.0,4.0,1,532.0,50.125,5.0,0.0
709.0,9.5,1096.0,4.0,1,1257.0,0.0,0.0,0.0
151.25,3.5,310.0,4.0,1,117.0,53.0,0.0,0.0
1124.3333333333333,11.0,2362.0,4.0,1,1421.0,0.0,0.0,0.0
192.16666666666663,2.5,116.0,3.5,0,162.0,0.0,0.0,0.0
787.25,5.5,1693.0,4.0,1,2735.0,0.0,0.0,0.0
226.75,4.0,508.0,4.0,1,220.0,0.0,0.0,0.0
136.33333333333334,3.333333333333333,636.0,2.0,1,10.0,15.428571428571429,4.0,0.0
728.25,4.5,1321.0,4.0,1,178.0,0.0,0.0,0.0
359.5,5.0,551.0,4.0,1,723.0,0.0,0.0,0.0
152.2,1.5,723.0,4.0,1,364.0,25.0,2.0,0.0
114.5,4.5,233.0,4.0,1,299.0,0.0,0.0,0.0
176.0,3.5,182.0,2.0,0,12.0,0.0,0.0,0.0
307.3333333333333,3.5,365.0,4.0,1,830.0,0.0,0.0,0.0
230.25,3.5,251.0,4.0,0,216.0,0.0,0.0,0.0
343.85714285714283,4.75,475.0,4.0,1,285.0,0.0,0.0,0.0
67.75,6.75,0.0,4.0,0,869.0,0.0,0.0,0.0
1076.6,4.0,1673.0,4.0,1,3585.0,0.0,0.0,0.0
212.5,2.5,89.0,4.0,0,89.0,0.0,0.0,0.0
273.75,7.333333333333333,143.0,4.0,1,298.0,0.0,0.0,0.0
172.0,2.0,526.0,4.0,1,263.0,48.0,4.0,0.0
319.75,5.25,554.0,4.0,1,414.0,0.0,0.0,0.0
787.0,6.5,1245.0,4.0,1,355.0,0.0,0.0,0.0
165.33333333333334,4.0,397.0,4.0,0,365.0,0.0,0.0,0.0
472.0,6.5,23.0,4.0,1,354.0,0.0,0.0,0.0
188.0,3.5,542.0,4.0,1,32.0,11.0,0.0,0.0
1585.25,11.75,415.0,4.0,1,1430.0,0.0,0.0,0.0
279.2,4.0,320.0,4.0,0,993.0,0.0,0.0,0.0
666.0,10.75,499.0,4.0,1,1528.0,0.0,0.0,0.0
259.6666666666667,3.5,415.0,2.0,0,105.0,0.0,0.0,0.0
496.25,3.0,147.0,4.0,1,446.0,0.0,0.0,0.0
203.66666666666663,3.0,226.0,4.0,1,193.0,0.0,0.0,0.0
217.75,4.0,303.0,4.0,1,84.0,0.0,0.0,0.0
22.5,1.5,912.0,4.0,1,217.0,0.0,0.0,0.0
95.0,1.0,965.0,3.5,1,476.0,37.8,5.0,0.0
209.0,3.333333333333333,60.0,4.0,0,409.0,0.0,0.0,0.0
698.75,6.0,396.0,4.0,0,653.0,0.0,0.0,0.0
671.75,7.0,660.0,5.0,1,570.0,0.0,0.0,0.0
39.66666666666666,1.5,167.0,4.0,1,471.0,0.0,0.0,0.0
1302.75,7.0,1074.0,4.0,1,1730.0,0.0,0.0,0.0
97.0,11.333333333333334,137.0,4.0,1,599.0,0.0,0.0,0.0
550.0,15.0,538.0,4.0,1,330.0,0.0,0.0,0.0
248.75,3.0,454.0,4.0,0,283.0,39.66666666666666,2.0,0.0
826.3333333333334,8.4,1964.0,4.0,0,2658.0,0.0,0.0,0.0
367.25,5.25,491.0,4.0,1,256.0,0.0,0.0,0.0
146.25,3.5,262.0,4.0,1,233.0,0.0,0.0,0.0
18.0,2.0,607.0,4.5,0,536.0,29.72222222222222,13.0,0.0
194.25,4.833333333333333,495.0,4.0,1,563.0,0.0,0.0,0.0
818.0,23.5,692.0,5.0,1,758.0,0.0,0.0,0.0
305.0,3.5,385.0,4.0,1,702.0,0.0,0.0,0.0
250.75,3.0,627.0,4.0,0,0.0,0.0,0.0,0.0
216.5,2.0,230.0,4.0,1,368.0,28.857142857142858,4.0,0.0
639.5,4.5,299.0,4.0,1,517.0,0.0,0.0,0.0
370.5,2.0,593.0,4.0,1,473.0,0.0,0.0,0.0
306.5,3.5,343.0,4.0,0,968.0,0.0,0.0,0.0
313.75,5.5,541.0,4.0,1,248.0,0.0,0.0,0.0
992.0,4.5,2193.0,4.0,1,4284.0,0.0,0.0,0.0
844.25,3.5,618.0,4.0,1,3243.0,0.0,0.0,0.0
926.5,11.0,1538.0,4.0,1,2028.0,0.0,0.0,0.0
114.75,3.5,589.0,4.0,1,335.0,0.0,0.0,0.0
460.0,3.0,29.0,4.0,0,510.0,0.0,0.0,0.0
48.0,2.5,13.0,4.0,1,261.0,0.0,0.0,0.0
401.0,4.5,648.0,4.0,0,187.0,0.0,0.0,0.0
381.25,4.0,654.0,4.0,0,375.0,0.0,0.0,0.0
557.25,8.333333333333334,382.0,4.0,0,516.0,0.0,0.0,0.0
1539.5,11.0,581.0,4.0,1,1554.0,0.0,0.0,0.0
269.25,6.0,695.0,4.0,1,334.0,0.0,0.0,0.0
160.5,1.0,785.0,4.0,1,225.0,27.8,4.0,0.0
300.8333333333333,3.5,745.0,2.0,1,23.0,0.0,0.0,0.0
332.0,6.5,670.0,4.0,1,302.0,0.0,0.0,0.0
706.0,11.0,955.0,4.333333333333333,1,18.0,0.0,0.0,0.0
101.0,3.5,917.0,4.0,1,160.0,0.0,0.0,0.0
1275.5,12.5,1031.0,4.0,1,560.0,0.0,0.0,0.0
190.75,3.0,485.0,4.0,1,255.0,0.0,0.0,0.0
50.0,2.0,670.0,4.0,0,321.0,19.34285714285714,17.0,0.0
177.5,2.333333333333333,635.0,4.0,1,249.0,21.666666666666668,3.0,0.0
776.0,8.0,1272.0,4.0,1,319.0,0.0,0.0,0.0
557.0,6.0,714.0,4.0,1,877.0,0.0,0.0,0.0
157.25,3.5,45.0,4.0,1,140.0,0.0,0.0,0.0
125.66666666666669,4.666666666666667,499.0,4.0,0,124.0,28.0,4.0,0.0
433.4,5.0,40.0,4.0,0,497.0,0.0,0.0,0.0
598.5,4.5,599.0,4.0,1,946.0,0.0,0.0,0.0
1032.3333333333333,20.5,2166.0,5.0,1,509.0,0.0,0.0,0.0
124.5,2.0,175.0,4.0,1,303.0,0.0,0.0,0.0
558.1666666666666,4.0,141.0,4.0,1,371.0,0.0,0.0,0.0
65.0,1.0,85.0,4.5,0,849.0,27.0,2.0,0.0
455.6666666666667,4.5,27.0,4.0,1,579.0,0.0,0.0,0.0
439.5,3.0,96.0,4.0,1,1320.0,0.0,0.0,0.0
28.0,3.5,463.0,4.0,0,392.0,22.6,9.0,0.0
847.3333333333334,8.333333333333334,713.0,4.5,1,2830.0,0.0,0.0,0.0
1133.75,17.75,1945.0,5.0,0,459.0,0.0,0.0,0.0
20.33333333333333,1.0,326.0,4.5,1,620.0,0.0,0.0,0.0
595.5,5.5,456.0,4.0,1,664.0,0.0,0.0,0.0
605.25,6.0,267.0,2.6666666666666665,1,1070.0,0.0,0.0,0.0
1282.75,10.0,1388.0,5.0,0,334.0,0.0,0.0,0.0
558.25,7.5,214.0,4.0,1,810.0,0.0,0.0,0.0
25.0,0.5,738.0,4.0,1,910.0,0.0,0.0,0.0
1188.1666666666667,9.666666666666666,608.0,4.0,0,1198.0,0.0,0.0,0.0
361.3333333333333,6.5,330.0,2.0,1,119.0,0.0,0.0,0.0
577.0,1.5,1162.0,4.0,1,2684.0,0.0,0.0,0.0
1316.5,13.25,1999.0,4.0,1,901.0,0.0,0.0,0.0
1676.0,15.0,337.0,4.0,1,1057.0,0.0,0.0,0.0
316.0,4.5,593.0,4.0,1,543.0,0.0,0.0,0.0
502.25,5.5,160.0,4.0,1,662.0,0.0,0.0,0.0
312.0,4.0,180.0,4.0,0,425.0,0.0,0.0,0.0
211.3333333333333,4.0,0.0,2.0,0,3.0,0.0,0.0,0.0
646.75,12.75,424.0,4.0,0,1052.0,0.0,0.0,0.0
483.75,5.0,409.0,4.0,0,246.0,0.0,0.0,0.0
1154.5,10.5,1306.0,4.5,0,492.0,0.0,0.0,0.0
250.0,4.666666666666667,620.0,2.0,1,22.0,0.0,0.0,0.0
582.0,7.666666666666667,238.0,4.0,1,311.0,0.0,0.0,0.0
22.0,0.5,509.0,4.0,0,609.0,40.8,6.0,0.0
75.8,2.0,6.0,4.0,1,248.0,17.0,3.0,0.0
69.75,1.5,1047.0,4.0,1,272.0,22.63636363636364,16.0,0.0
92.33333333333331,2.5,447.0,3.5,1,603.0,0.0,0.0,0.0
466.25,5.0,292.0,4.0,1,1138.0,0.0,0.0,0.0
1505.75,36.5,1217.0,5.0,0,319.0,0.0,0.0,0.0
616.75,17.25,438.0,5.0,1,2156.0,0.0,0.0,0.0
325.75,5.75,342.0,4.0,1,339.0,0.0,0.0,0.0
52.5,2.5,147.0,4.0,1,522.0,0.0,0.0,0.0
431.0,9.75,654.0,4.0,1,874.0,0.0,0.0,0.0
952.5,16.333333333333332,1257.0,4.0,0,1726.0,0.0,0.0,0.0
795.5,6.5,1343.0,4.0,1,258.0,0.0,0.0,0.0
671.75,15.75,492.0,4.5,1,1276.0,0.0,0.0,0.0
759.75,9.0,1476.0,4.0,1,2128.0,0.0,0.0,0.0
73.0,4.333333333333333,229.0,4.0,1,103.0,0.0,0.0,0.0
1521.1666666666667,20.75,2194.0,4.0,1,291.0,0.0,0.0,0.0
31.0,2.0,237.0,4.0,1,303.0,15.0,0.0,0.0
154.25,5.0,404.0,4.0,1,172.0,56.0,0.0,0.0
301.75,3.5,388.0,4.0,1,279.0,0.0,0.0,0.0
1622.5,15.333333333333334,846.0,4.5,0,187.0,0.0,0.0,0.0
187.75,4.0,1207.0,4.0,0,483.0,0.0,0.0,0.0
425.3333333333333,4.5,542.0,4.0,1,290.0,0.0,0.0,0.0
514.0,5.0,490.0,4.0,1,202.0,0.0,0.0,0.0
190.0,3.0,416.0,4.0,1,63.0,0.0,0.0,0.0
41.333333333333336,1.5,78.0,4.0,1,123.0,0.0,0.0,0.0
1676.5,22.5,1070.0,5.0,1,114.0,0.0,0.0,0.0
56.0,2.0,214.0,4.0,1,172.0,0.0,0.0,0.0
602.5,4.0,444.0,4.0,1,685.0,0.0,0.0,0.0
240.25,2.0,224.0,4.0,1,815.0,0.0,0.0,0.0
463.5,9.0,675.0,4.0,1,704.0,0.0,0.0,0.0
294.3333333333333,6.5,993.0,2.0,1,66.0,0.0,0.0,0.0
45.0,4.0,518.0,4.0,1,258.0,0.0,0.0,0.0
399.5,7.5,195.0,4.0,1,959.0,0.0,0.0,0.0
801.75,11.333333333333334,1665.0,4.0,0,1224.0,0.0,0.0,0.0
534.75,4.5,764.0,4.0,1,252.0,0.0,0.0,0.0
109.5,3.5,668.0,4.0,1,718.0,0.0,0.0,0.0
376.75,5.0,443.0,2.6666666666666665,0,13.0,18.0,1.0,0.0
465.5,4.75,0.0,4.0,1,499.0,0.0,0.0,0.0
527.8333333333334,4.0,678.0,4.0,0,543.0,0.0,0.0,0.0
417.5,5.5,602.0,2.0,1,54.0,0.0,0.0,0.0
403.0,3.5,314.0,4.0,0,799.0,0.0,0.0,0.0
575.0,6.5,597.0,4.0,1,622.0,0.0,0.0,0.0
71.0,5.0,562.0,4.0,0,214.0,0.0,0.0,0.0
1088.75,6.5,1375.0,4.0,1,3280.0,0.0,0.0,0.0
238.25,2.5,424.0,4.0,1,782.0,0.0,0.0,0.0
76.25,1.5,619.0,4.0,0,717.0,0.0,0.0,0.0
304.3333333333333,3.0,790.0,4.0,1,458.0,0.0,0.0,0.0
387.8,4.5,211.0,4.0,1,232.0,0.0,0.0,0.0
164.0,3.5,355.0,4.0,1,400.0,0.0,0.0,0.0
164.5,4.5,178.0,3.0,0,16.0,34.5,4.0,0.0
492.5,7.5,578.0,2.0,1,70.0,0.0,0.0,0.0
1153.25,11.666666666666666,1106.0,4.0,1,692.0,0.0,0.0,0.0
178.5,2.5,328.0,4.0,1,201.0,27.105263157894736,15.0,0.0
740.6666666666666,5.0,1279.0,4.0,1,2042.0,0.0,0.0,0.0
454.0,6.5,152.0,2.0,1,155.0,0.0,0.0,0.0
659.75,4.0,780.0,4.5,0,1873.0,0.0,0.0,0.0
1541.6666666666667,29.33333333333333,1687.0,5.0,0,683.0,0.0,0.0,0.0
491.75,3.0,467.0,4.0,0,1133.0,0.0,0.0,0.0
213.16666666666663,5.0,243.0,4.0,0,207.0,0.0,0.0,0.0
520.0,5.0,406.0,2.0,1,66.0,0.0,0.0,0.0
259.0,3.5,635.0,4.0,1,306.0,0.0,0.0,0.0
539.6666666666666,9.8,479.0,4.0,0,305.0,0.0,0.0,0.0
467.5,4.0,124.0,2.0,1,108.0,0.0,0.0,0.0
682.0,13.0,619.0,4.5,1,654.0,0.0,0.0,0.0
415.5,3.0,654.0,4.0,1,321.0,0.0,0.0,0.0
322.0,5.5,497.0,4.0,1,462.0,0.0,0.0,0.0
19.5,0.5,191.0,4.5,0,780.0,0.0,0.0,0.0
230.0,4.5,402.0,4.0,1,331.0,0.0,0.0,0.0
897.5,13.666666666666666,1609.0,4.0,0,339.0,0.0,0.0,0.0
430.25,5.25,323.0,2.0,1,161.0,0.0,0.0,0.0
357.6666666666667,4.0,396.0,4.0,1,277.0,0.0,0.0,0.0
1235.0,7.25,710.0,4.0,1,2472.0,0.0,0.0,0.0
417.0,5.5,246.0,2.0,0,51.0,0.0,0.0,0.0
658.0,5.5,714.0,4.5,1,1446.0,0.0,0.0,0.0
39.75,7.0,489.0,4.0,0,321.0,0.0,0.0,0.0
1209.25,8.0,1229.0,4.5,0,661.0,0.0,0.0,0.0
27.75,3.2,392.0,2.0,1,0.0,0.0,0.0,0.0
1325.75,15.5,1511.0,4.0,1,353.0,0.0,0.0,0.0
823.8333333333334,8.428571428571429,1922.0,4.0,0,2755.0,0.0,0.0,0.0
943.5,12.333333333333334,407.0,4.5,1,908.0,0.0,0.0,0.0
228.0,4.5,286.0,4.0,1,313.0,0.0,0.0,0.0
878.5,8.5,2006.0,4.0,1,3239.0,0.0,0.0,0.0
622.25,3.0,466.0,4.0,0,453.0,0.0,0.0,0.0
242.5,8.0,380.0,4.0,1,994.0,0.0,0.0,0.0
167.75,2.0,443.0,4.0,1,190.0,0.0,0.0,0.0
145.33333333333334,0.5,88.0,4.0,0,424.0,0.0,0.0,0.0
22.0,1.5,468.0,4.5,0,511.0,0.0,0.0,0.0
13.5,2.0,684.0,4.0,0,449.0,102.0,0.0,0.0
154.6,3.5,653.0,4.0,1,247.0,0.0,0.0,0.0
236.6,6.0,747.0,4.0,1,108.0,0.0,0.0,0.0
264.0,5.5,1200.0,4.0,1,607.0,0.0,0.0,0.0
456.5,5.0,273.0,4.0,1,91.0,23.0,0.0,0.0
609.0,5.0,421.0,4.0,1,1204.0,0.0,0.0,0.0
526.25,5.75,671.0,4.0,1,578.0,0.0,0.0,0.0
109.33333333333331,3.5,820.0,4.0,1,673.0,0.0,0.0,0.0
235.75,4.5,101.0,4.0,0,193.0,0.0,0.0,0.0
80.5,1.5,0.0,4.0,0,93.0,0.0,0.0,0.0
842.5,14.8,2060.0,4.0,1,2145.0,0.0,0.0,0.0
532.5,5.5,504.0,5.0,0,1155.0,0.0,0.0,0.0
240.6,2.6666666666666665,696.0,4.0,1,625.0,0.0,0.0,0.0
247.3333333333333,3.0,299.0,4.0,1,412.0,33.666666666666664,2.0,0.0
517.8333333333334,10.0,613.0,4.0,1,1248.0,0.0,0.0,0.0
1366.25,17.5,1113.0,5.0,1,229.0,0.0,0.0,0.0
85.25,3.0,139.0,4.0,1,487.0,0.0,0.0,0.0
296.3333333333333,3.0,210.0,2.0,1,0.0,0.0,0.0,0.0
54.0,1.5,455.0,4.0,1,712.0,21.0,2.0,0.0
547.375,3.5,50.0,2.0,1,653.0,0.0,0.0,0.0
589.0,7.5,115.0,4.0,1,1169.0,0.0,0.0,0.0
995.8,10.5,1987.0,4.0,1,3746.0,0.0,0.0,0.0
355.25,3.0,480.0,2.6666666666666665,1,22.0,0.0,0.0,0.0
735.0,8.25,945.0,4.0,1,1752.0,0.0,0.0,0.0
640.25,18.5,356.0,4.0,1,1265.0,0.0,0.0,0.0
629.1666666666666,5.0,297.0,4.0,1,299.0,0.0,0.0,0.0
262.5,3.5,185.0,4.0,1,245.0,0.0,0.0,0.0
492.0,4.0,100.0,4.0,1,436.0,0.0,0.0,0.0
538.0,5.5,703.0,4.0,1,931.0,0.0,0.0,0.0
206.25,6.5,426.0,4.5,1,314.0,0.0,0.0,0.0
70.5,5.5,707.0,4.0,0,290.0,24.65,33.0,0.0
329.25,5.333333333333333,749.0,4.0,1,727.0,30.25,3.0,0.0
32.5,1.0,1135.0,4.5,0,653.0,42.142857142857146,3.0,0.0
900.75,16.0,1940.0,4.0,1,3323.0,0.0,0.0,0.0
204.5,3.5,183.0,4.0,0,443.0,0.0,0.0,0.0
404.8,2.6666666666666665,732.0,2.0,1,28.0,0.0,0.0,0.0
966.0,18.33333333333333,452.0,5.0,1,1233.0,0.0,0.0,0.0
90.5,1.5,438.0,2.0,1,69.0,18.75,10.0,0.0
944.1666666666666,13.2,1899.0,4.0,1,3420.0,0.0,0.0,0.0
446.6666666666667,2.5,0.0,4.0,0,1611.0,0.0,0.0,0.0
229.25,5.0,395.0,4.0,1,945.0,0.0,0.0,0.0
537.5,5.333333333333333,267.0,4.0,0,733.0,0.0,0.0,0.0
352.25,8.5,161.0,4.0,0,674.0,0.0,0.0,0.0
194.5,5.0,312.0,4.0,1,174.0,0.0,0.0,0.0
607.0,3.0,532.0,4.0,1,748.0,0.0,0.0,0.0
141.5,4.0,312.0,4.0,1,517.0,0.0,0.0,0.0
1488.0,19.0,1024.0,5.0,0,136.0,0.0,0.0,0.0
454.5,6.0,360.0,4.0,1,285.0,0.0,0.0,0.0
349.3333333333333,4.5,175.0,4.0,1,220.0,0.0,0.0,0.0
617.0,5.0,436.0,4.5,1,1352.0,0.0,0.0,0.0
779.3333333333334,5.5,1496.0,3.25,1,2455.0,0.0,0.0,0.0
362.75,13.25,459.0,4.0,1,274.0,0.0,0.0,0.0
436.75,11.5,549.0,4.0,0,773.0,0.0,0.0,0.0
1114.0,12.0,1887.0,4.0,1,1683.0,0.0,0.0,0.0
38.0,2.5,709.0,4.0,0,1048.0,34.5,1.0,0.0
133.0,2.5,850.0,4.0,1,232.0,0.0,0.0,0.0
927.75,13.0,1374.0,5.0,1,1540.0,0.0,0.0,0.0
558.6666666666666,8.5,581.0,4.0,1,407.0,0.0,0.0,0.0
414.0,3.75,480.0,4.0,1,50.0,0.0,0.0,0.0
1228.5,8.5,593.0,4.0,0,1484.0,0.0,0.0,0.0
318.75,4.5,362.0,4.0,1,1347.0,0.0,0.0,0.0
168.5,1.5,554.0,4.0,1,194.0,22.363636363636363,10.0,0.0
1058.75,10.5,787.0,4.5,1,1558.0,0.0,0.0,0.0
570.25,13.5,403.0,4.0,0,196.0,0.0,0.0,0.0
170.75,2.5,747.0,2.6666666666666665,0,5.0,34.333333333333336,14.0,0.0
369.5,4.5,91.0,4.0,1,640.0,0.0,0.0,0.0
529.75,4.0,175.0,4.0,1,672.0,0.0,0.0,0.0
789.25,16.25,501.0,4.5,1,2151.0,0.0,0.0,0.0
971.8333333333334,26.5,1860.0,4.0,1,1230.0,0.0,0.0,0.0
658.5,10.5,454.0,5.0,1,2314.0,0.0,0.0,0.0
180.0,1.5,262.0,2.0,0,12.0,54.0,1.0,0.0
172.0,4.0,29.0,4.0,1,267.0,0.0,0.0,0.0
481.5,5.0,211.0,4.0,1,154.0,0.0,0.0,0.0
565.0,10.6,525.0,4.0,1,756.0,0.0,0.0,0.0
158.25,4.0,1166.0,4.0,1,518.0,0.0,0.0,0.0
118.66666666666669,2.5,720.0,4.0,0,125.0,0.0,0.0,0.0
628.0,10.0,893.0,2.0,1,920.0,0.0,0.0,0.0
341.25,5.0,318.0,4.0,1,214.0,0.0,0.0,0.0
307.25,6.5,425.0,4.0,1,601.0,0.0,0.0,0.0
513.5,5.5,268.0,2.6666666666666665,1,563.0,0.0,0.0,0.0
839.6666666666666,13.666666666666666,1609.0,4.0,1,1461.0,0.0,0.0,0.0
99.5,2.0,809.0,4.0,0,858.0,40.16666666666666,2.0,0.0
709.6666666666666,5.5,610.0,4.0,1,735.0,0.0,0.0,0.0
409.0,4.5,426.0,4.0,1,483.0,0.0,0.0,0.0
59.5,2.5,445.0,4.0,1,414.0,36.78947368421053,12.0,0.0
778.5,12.25,1622.0,2.0,0,1822.0,0.0,0.0,0.0
798.5,9.5,1649.0,4.5,1,1715.0,0.0,0.0,0.0
269.0,3.5,64.0,4.0,1,126.0,0.0,0.0,0.0
450.0,6.0,539.0,4.0,1,295.0,0.0,0.0,0.0
551.3333333333334,1.5,117.0,4.0,1,1288.0,0.0,0.0,0.0
278.8333333333333,3.25,235.0,2.0,1,76.0,0.0,0.0,0.0
522.25,6.0,307.0,4.0,1,219.0,0.0,0.0,0.0
254.75,2.5,460.0,2.0,1,2.0,20.75,3.0,0.0
507.5,7.5,121.0,2.0,0,71.0,0.0,0.0,0.0
1142.0,9.5,238.0,4.0,0,2077.0,0.0,0.0,0.0
711.25,9.0,1484.0,4.0,0,1542.0,0.0,0.0,0.0
546.75,4.5,2.0,4.0,1,319.0,0.0,0.0,0.0
214.0,2.5,204.0,4.0,1,254.0,30.0,2.0,0.0
315.25,5.5,866.0,4.0,1,420.0,0.0,0.0,0.0
46.5,19.666666666666668,278.0,3.0,0,420.0,0.0,0.0,0.0
1121.1666666666667,10.0,314.0,4.0,0,2078.0,0.0,0.0,0.0
393.75,5.75,513.0,4.0,1,258.0,0.0,0.0,0.0
1487.25,21.5,2175.0,4.0,1,614.0,0.0,0.0,0.0
393.0,4.0,299.0,2.0,0,46.0,0.0,0.0,0.0
469.0,5.666666666666667,366.0,4.0,1,21.0,0.0,0.0,0.0
662.75,6.0,740.0,4.333333333333333,1,1617.0,0.0,0.0,0.0
780.5,5.5,1500.0,4.0,1,2384.0,0.0,0.0,0.0
629.5,4.5,1082.0,4.0,0,2154.0,0.0,0.0,0.0
165.25,2.75,679.0,4.0,1,252.0,0.0,0.0,0.0
42.5,0.5,340.0,4.5,1,417.0,31.428571428571427,3.0,0.0
1356.75,18.0,1281.0,4.0,0,1945.0,0.0,0.0,0.0
457.0,7.5,123.0,4.5,0,1754.0,0.0,0.0,0.0
1161.2,8.5,97.0,4.0,0,1982.0,0.0,0.0,0.0
546.25,4.5,124.0,4.0,1,601.0,0.0,0.0,0.0
499.25,12.5,553.0,4.0,1,536.0,0.0,0.0,0.0
505.75,5.0,690.0,4.0,1,267.0,0.0,0.0,0.0
545.25,3.6666666666666665,422.0,4.0,1,889.0,0.0,0.0,0.0
586.25,5.5,181.0,4.0,1,129.0,0.0,0.0,0.0
810.25,7.25,1810.0,4.0,1,2831.0,0.0,0.0,0.0
385.5,6.0,436.0,4.0,0,158.0,0.0,0.0,0.0
938.3333333333334,13.0,1253.0,4.0,1,2320.0,0.0,0.0,0.0
76.25,2.5,868.0,4.0,0,464.0,24.33333333333333,9.0,0.0
927.25,16.25,2313.0,2.0,0,469.0,0.0,0.0,0.0
136.0,2.5,459.0,2.0,0,24.0,0.0,0.0,0.0
838.5,10.0,1218.0,4.0,0,190.0,0.0,0.0,0.0
504.75,5.5,406.0,4.0,0,225.0,0.0,0.0,0.0
387.25,3.0,312.0,2.0,1,19.0,0.0,0.0,0.0
364.25,4.0,336.0,4.0,0,1110.0,0.0,0.0,0.0
139.25,1.5,0.0,3.0,0,398.0,22.6,7.0,0.0
33.75,2.0,396.0,4.0,1,91.0,14.0,1.0,0.0
423.0,4.5,525.0,4.0,0,134.0,0.0,0.0,0.0
521.75,5.0,278.0,2.0,1,148.0,0.0,0.0,0.0
951.0,13.5,700.0,5.0,1,1217.0,0.0,0.0,0.0
483.6666666666667,3.5,485.0,4.0,1,1036.0,0.0,0.0,0.0
713.5,5.5,729.0,4.0,1,1540.0,0.0,0.0,0.0
59.2,1.0,400.0,4.0,1,122.0,28.38888888888889,12.0,0.0
435.0,5.0,209.0,4.0,1,398.0,0.0,0.0,0.0
491.25,7.0,455.0,4.0,0,193.0,0.0,0.0,0.0
105.75,6.5,951.0,4.0,1,320.0,24.6,3.0,0.0
274.0,2.5,289.0,4.0,1,61.0,15.4,2.0,0.0
954.0,17.5,1399.0,4.5,0,1130.0,0.0,0.0,0.0
223.25,5.25,538.0,4.0,1,196.0,0.0,0.0,0.0
7.833333333333333,4.0,797.0,2.0,0,67.0,21.62162162162162,21.0,0.0
25.5,0.5,908.0,4.0,0,996.0,0.0,0.0,0.0
362.0,6.0,13.0,4.0,1,185.0,27.875,5.0,0.0
580.0,4.5,70.0,4.0,1,144.0,0.0,0.0,0.0
1054.1666666666667,17.25,752.0,4.5,1,1154.0,0.0,0.0,0.0
136.75,2.0,646.0,4.0,1,205.0,0.0,0.0,0.0
255.3333333333333,2.0,608.0,4.0,1,451.0,0.0,0.0,0.0
106.5,2.5,308.0,4.0,1,223.0,0.0,0.0,0.0
106.0,3.0,463.0,4.0,1,82.0,0.0,0.0,0.0
40.0,2.0,144.0,2.0,1,81.0,0.0,0.0,0.0
614.5,3.5,513.0,4.0,1,774.0,0.0,0.0,0.0
394.5,5.5,339.0,4.0,1,513.0,0.0,0.0,0.0
378.5,3.5,59.0,2.0,1,722.0,0.0,0.0,0.0
283.8,9.0,311.0,4.0,1,285.0,0.0,0.0,0.0
326.5,2.0,201.0,4.0,0,579.0,0.0,0.0,0.0
259.0,5.5,1061.0,4.0,1,748.0,0.0,0.0,0.0
398.25,5.5,370.0,4.0,1,133.0,0.0,0.0,0.0
618.0,6.0,166.0,4.0,0,287.0,0.0,0.0,0.0
283.0,4.0,565.0,4.0,1,224.0,0.0,0.0,0.0
264.25,3.5,908.0,4.0,1,164.0,0.0,0.0,0.0
623.6666666666666,5.5,280.0,4.0,0,1193.0,0.0,0.0,0.0
301.75,2.6666666666666665,539.0,4.0,0,106.0,0.0,0.0,0.0
431.25,4.0,54.0,2.0,0,33.0,0.0,0.0,0.0
1287.5,29.75,1622.0,4.0,1,140.0,0.0,0.0,0.0
717.5,11.666666666666666,355.0,4.5,1,469.0,0.0,0.0,0.0
744.25,6.5,1153.0,4.0,1,477.0,0.0,0.0,0.0
66.5,1.5,554.0,4.0,0,184.0,39.6,2.0,0.0
486.6666666666667,7.5,381.0,4.0,0,72.0,0.0,0.0,0.0
331.25,4.25,211.0,4.0,0,226.0,0.0,0.0,0.0
580.0,3.0,126.0,2.0,1,911.0,0.0,0.0,0.0
234.75,16.0,341.0,4.0,1,512.0,0.0,0.0,0.0
129.33333333333334,5.2,349.0,4.0,1,192.0,0.0,0.0,0.0
591.5,4.0,860.0,4.0,1,1106.0,0.0,0.0,0.0
71.66666666666667,3.0,408.0,2.0,0,0.0,0.0,0.0,0.0
541.25,6.0,656.0,4.0,1,467.0,0.0,0.0,0.0
396.0,9.0,311.0,4.0,1,600.0,0.0,0.0,0.0
510.5,8.0,653.0,4.0,1,627.0,0.0,0.0,0.0
127.8,1.5,334.0,3.5,1,139.0,0.5,0.0,0.0
758.75,12.25,532.0,4.0,1,687.0,0.0,0.0,0.0
1263.1666666666667,25.0,826.0,5.0,1,1963.0,0.0,0.0,0.0
779.5,16.0,1009.0,4.0,1,372.0,0.0,0.0,0.0
422.0,6.0,0.0,4.0,1,64.0,0.0,0.0,0.0
138.0,3.0,275.0,4.0,1,187.0,0.0,0.0,0.0
708.25,7.0,934.0,4.0,1,1483.0,0.0,0.0,0.0
252.0,2.0,563.0,4.0,1,1061.0,0.0,0.0,0.0
361.0,3.0,265.0,4.0,1,401.0,0.0,0.0,0.0
1088.75,18.25,703.0,4.0,1,997.0,0.0,0.0,0.0
24.0,1.0,381.0,4.0,1,494.0,25.347826086956523,15.0,0.0
549.5,6.0,0.0,4.0,1,638.0,0.0,0.0,0.0
589.5,5.5,802.0,4.5,1,1433.0,0.0,0.0,0.0
641.0,6.0,593.0,4.5,1,288.0,0.0,0.0,0.0
171.75,3.6666666666666665,586.0,4.0,1,137.0,0.0,0.0,0.0
80.8,1.5,1130.0,4.0,1,69.0,49.11111111111112,5.0,0.0
401.5,4.5,739.0,4.0,0,356.0,0.0,0.0,0.0
2.0,2.0,348.0,0.0,0,238.0,0.0,0.0,0.0
559.75,5.5,268.0,2.0,1,546.0,0.0,0.0,0.0
601.75,2.5,116.0,2.0,1,817.0,0.0,0.0,0.0
161.0,5.5,608.0,4.0,1,581.0,0.0,0.0,0.0
670.3333333333334,8.0,815.0,4.0,0,1707.0,0.0,0.0,0.0
996.5,17.25,407.0,4.5,1,808.0,0.0,0.0,0.0
270.5,4.0,69.0,4.0,1,420.0,26.25,3.0,0.0
511.8333333333333,7.333333333333333,342.0,4.0,0,121.0,0.0,0.0,0.0
1109.0,8.5,1393.0,4.0,1,3308.0,0.0,0.0,0.0
299.75,6.0,199.0,2.0,0,79.0,0.0,0.0,0.0
106.0,2.0,570.0,4.0,1,363.0,31.5,15.0,0.0
357.25,14.5,319.0,4.0,1,694.0,0.0,0.0,0.0
123.83333333333331,2.5,51.0,4.0,1,405.0,0.0,0.0,0.0
155.0,1.0,380.0,4.0,1,345.0,32.55555555555556,7.0,0.0
65.75,4.0,417.0,3.0,1,229.0,38.92307692307692,7.0,0.0
249.0,6.0,569.0,4.0,1,82.0,0.0,0.0,0.0
261.0,5.5,105.0,4.0,1,291.0,0.0,0.0,0.0
725.75,14.0,847.0,4.5,0,91.0,0.0,0.0,0.0
247.25,6.0,913.0,4.0,1,337.0,36.333333333333336,2.0,0.0
1489.75,16.75,276.0,4.0,0,1199.0,0.0,0.0,0.0
291.75,3.5,835.0,4.0,1,158.0,0.0,0.0,0.0
511.4,3.5,68.0,4.0,1,134.0,0.0,0.0,0.0
484.0,6.75,333.0,4.0,1,74.0,0.0,0.0,0.0
178.25,2.5,521.0,4.0,0,379.0,30.23529411764705,15.0,0.0
545.75,3.5,454.0,4.0,0,352.0,0.0,0.0,0.0
1174.1666666666667,13.0,807.0,4.0,1,1000.0,0.0,0.0,0.0
356.0,4.75,775.0,4.0,1,500.0,0.0,0.0,0.0
184.66666666666663,3.5,725.0,2.6666666666666665,0,67.0,22.647058823529413,15.0,0.0
236.625,6.5,965.0,4.0,1,873.0,0.0,0.0,0.0
608.6666666666666,3.333333333333333,402.0,4.0,1,606.0,0.0,0.0,0.0
353.75,4.0,189.0,2.0,1,327.0,0.0,0.0,0.0
1313.25,10.75,879.0,4.0,1,389.0,0.0,0.0,0.0
251.0,2.5,608.0,4.0,1,122.0,0.0,0.0,0.0
46.333333333333336,1.5,7.0,4.0,1,187.0,19.0,5.0,0.0
221.75,5.0,356.0,4.0,1,664.0,0.0,0.0,0.0
104.66666666666669,2.0,565.0,2.0,1,68.0,8.5,2.0,0.0
720.8333333333334,11.4,1165.0,4.0,0,1165.0,0.0,0.0,0.0
810.0,10.0,1744.0,4.5,0,1722.0,0.0,0.0,0.0
839.25,7.0,1723.0,4.0,1,3071.0,0.0,0.0,0.0
74.25,1.5,200.0,4.0,1,1116.0,0.0,0.0,0.0
585.0,13.25,761.0,5.0,0,1468.0,0.0,0.0,0.0
307.75,4.0,277.0,4.0,1,196.0,0.0,0.0,0.0
284.75,4.5,174.0,4.0,0,1140.0,0.0,0.0,0.0
605.6666666666666,8.0,1010.0,4.5,0,1616.0,0.0,0.0,0.0
664.0,12.0,1132.0,4.0,1,1125.0,0.0,0.0,0.0
320.5,7.5,439.0,2.0,1,94.0,0.0,0.0,0.0
241.75,2.5,524.0,4.0,1,824.0,0.0,0.0,0.0
31.0,1.5,914.0,4.0,0,1119.0,0.0,0.0,0.0
178.0,3.0,347.0,4.0,1,6.0,0.0,0.0,0.0
366.3333333333333,6.0,296.0,4.0,0,1234.0,0.0,0.0,0.0
247.3333333333333,5.0,805.0,4.0,1,197.0,0.0,0.0,0.0
729.5,6.5,319.0,4.0,1,485.0,0.0,0.0,0.0
808.0,7.0,1832.0,4.0,1,2837.0,0.0,0.0,0.0
1043.5,13.5,1659.0,4.0,0,1795.0,0.0,0.0,0.0
391.25,4.5,388.0,4.0,0,1300.0,0.0,0.0,0.0
581.25,9.375,352.0,5.0,0,1347.0,0.0,0.0,0.0
1326.75,9.0,1248.0,4.0,1,1713.0,0.0,0.0,0.0
536.25,5.0,348.0,4.0,0,899.0,0.0,0.0,0.0
147.25,3.0,288.0,4.0,1,266.0,0.0,0.0,0.0
442.5,3.5,248.0,4.0,1,1045.0,0.0,0.0,0.0
1157.6,9.0,207.0,4.5,1,1591.0,0.0,0.0,0.0
95.33333333333331,1.0,799.0,4.0,1,1143.0,31.166666666666668,7.0,0.0
192.0,3.5,260.0,4.0,1,104.0,29.6,8.0,0.0
197.6,1.5,730.0,2.0,0,33.0,29.25,5.0,0.0
25.5,2.0,685.0,4.0,0,591.0,0.0,0.0,0.0
246.3333333333333,3.5,696.0,4.0,1,236.0,24.5,1.0,0.0
640.5,10.0,830.0,2.0,1,1583.0,0.0,0.0,0.0
462.3333333333333,2.5,213.0,4.0,1,1594.0,0.0,0.0,0.0
61.333333333333336,2.5,330.0,3.0,1,524.0,0.0,0.0,0.0
525.25,7.25,580.0,4.5,0,1857.0,0.0,0.0,0.0
33.25,1.0,934.0,4.5,1,844.0,34.0,6.0,0.0
306.25,5.0,45.0,4.0,1,411.0,0.0,0.0,0.0
642.0,4.5,604.0,4.0,1,522.0,0.0,0.0,0.0
933.5,9.5,1755.0,4.5,1,4146.0,0.0,0.0,0.0
520.0,5.75,452.0,4.0,1,666.0,0.0,0.0,0.0
591.75,6.5,369.0,4.0,1,484.0,0.0,0.0,0.0
458.0,3.5,372.0,2.6666666666666665,1,2.0,0.0,0.0,0.0
722.1666666666666,6.333333333333333,804.0,4.0,1,1639.0,0.0,0.0,0.0
83.75,1.6666666666666667,307.0,2.0,1,34.0,30.55555555555556,11.0,0.0
281.0,2.0,179.0,4.0,1,162.0,0.0,0.0,0.0
861.5,7.5,1756.0,4.0,1,2481.0,0.0,0.0,0.0
311.25,6.5,258.0,4.0,0,102.0,0.0,0.0,0.0
655.25,2.0,329.0,4.0,0,112.0,0.0,0.0,0.0
853.3333333333334,12.75,1846.0,4.0,1,1065.0,0.0,0.0,0.0
343.8333333333333,4.0,134.0,4.0,1,1321.0,0.0,0.0,0.0
171.75,4.5,613.0,4.0,1,473.0,0.0,0.0,0.0
57.66666666666666,1.5,473.0,4.0,1,623.0,14.0,0.0,0.0
495.6666666666667,7.0,395.0,4.0,1,800.0,0.0,0.0,0.0
1306.0,10.666666666666666,2190.0,4.0,1,1184.0,0.0,0.0,0.0
103.5,1.5,566.0,3.5,0,524.0,28.0,12.0,0.0
56.5,2.5,214.0,4.0,1,142.0,16.0,1.0,0.0
46.333333333333336,2.0,4.0,4.0,1,275.0,0.0,0.0,0.0
405.0,6.0,246.0,4.0,1,1186.0,0.0,0.0,0.0
331.0,3.5,276.0,4.0,0,1329.0,0.0,0.0,0.0
85.66666666666667,2.5,316.0,4.0,1,426.0,32.5,7.0,0.0
899.75,8.5,656.0,4.0,1,442.0,0.0,0.0,0.0
586.5,15.75,156.0,5.0,1,1456.0,0.0,0.0,0.0
381.75,3.5,619.0,4.0,1,152.0,0.0,0.0,0.0
95.25,1.5,895.0,3.5,0,581.0,39.8,4.0,0.0
223.5,18.33333333333333,396.0,4.0,0,421.0,0.0,0.0,0.0
507.0,4.5,565.0,4.0,1,554.0,0.0,0.0,0.0
273.0,6.5,733.0,4.0,1,324.0,0.0,0.0,0.0
18.25,2.5,514.0,4.0,1,203.0,29.866666666666667,10.0,0.0
414.6666666666667,5.5,3.0,4.0,1,352.0,0.0,0.0,0.0
68.5,1.5,821.0,4.0,1,608.0,26.24,12.0,0.0
819.0,9.5,1231.0,4.0,0,766.0,0.0,0.0,0.0
790.3333333333334,15.0,1018.0,4.0,0,627.0,0.0,0.0,0.0
323.25,5.5,821.0,2.0,1,67.0,0.0,0.0,0.0
89.0,4.5,962.0,4.0,1,392.0,0.0,0.0,0.0
670.75,7.0,644.0,4.0,1,1204.0,0.0,0.0,0.0
330.75,2.5,53.0,4.0,0,1537.0,0.0,0.0,0.0
113.25,2.0,479.0,4.0,1,343.0,34.166666666666664,4.0,0.0
535.1111111111111,16.5,618.0,4.0,1,1176.0,0.0,0.0,0.0
421.25,2.5,336.0,4.0,1,157.0,24.785714285714285,10.0,0.0
104.5,4.0,320.0,4.0,1,318.0,0.0,0.0,0.0
168.0,7.25,319.0,4.0,1,233.0,107.0,0.0,0.0
1023.75,28.0,223.0,5.0,1,432.0,0.0,0.0,0.0
58.25,2.0,465.0,4.0,0,865.0,3.0,0.0,0.0
1545.0,14.5,383.0,4.0,0,1383.0,0.0,0.0,0.0
142.33333333333334,2.25,399.0,4.0,1,96.0,0.0,0.0,0.0
128.0,4.5,671.0,4.0,1,231.0,7.0,0.0,0.0
309.75,4.5,277.0,4.0,1,706.0,0.0,0.0,0.0
1580.888888888889,17.0,105.0,4.0,0,1117.0,0.0,0.0,0.0
725.5,13.666666666666666,1198.0,4.5,1,987.0,0.0,0.0,0.0
180.0,3.0,295.0,4.0,0,148.0,0.0,0.0,0.0
280.0,6.75,50.0,4.0,1,710.0,0.0,0.0,0.0
491.6666666666667,5.5,421.0,2.0,0,243.0,0.0,0.0,0.0
539.8333333333334,5.5,554.0,2.0,0,515.0,0.0,0.0,0.0
101.0,2.333333333333333,634.0,2.6666666666666665,1,14.0,21.55555555555556,4.0,0.0
75.5,7.333333333333333,946.0,4.0,1,439.0,0.0,0.0,0.0
305.5,7.0,807.0,4.0,1,415.0,0.0,0.0,0.0
89.25,3.5,263.0,4.0,1,512.0,13.5,1.0,0.0
70.0,1.5,487.0,4.0,1,344.0,0.0,0.0,0.0
397.25,7.5,404.0,4.0,1,120.0,19.0,1.0,0.0
377.0,4.0,233.0,2.0,0,16.0,22.444444444444443,6.0,0.0
533.0,6.25,437.0,2.6666666666666665,0,72.0,0.0,0.0,0.0
1005.0,15.0,473.0,5.0,1,892.0,0.0,0.0,0.0
190.25,6.75,228.0,2.0,1,3.0,0.0,0.0,0.0
439.3333333333333,4.5,308.0,4.0,1,291.0,0.0,0.0,0.0
564.5,3.0,132.0,4.0,1,400.0,0.0,0.0,0.0
750.8333333333334,7.0,1283.0,5.0,1,2334.0,0.0,0.0,0.0
35.75,1.5,533.0,2.333333333333333,0,96.0,0.0,0.0,0.0
944.1666666666666,14.5,1723.0,4.5,1,3752.0,0.0,0.0,0.0
695.5,10.25,331.0,4.0,1,286.0,0.0,0.0,0.0
105.5,16.0,143.0,4.0,1,224.0,0.0,0.0,0.0
208.0,2.5,391.0,4.0,0,35.0,0.0,0.0,0.0
278.0,5.666666666666667,409.0,4.0,1,8.0,0.0,0.0,0.0
619.0,15.0,290.0,4.0,1,910.0,0.0,0.0,0.0
594.2,9.8,835.0,2.0,0,875.0,0.0,0.0,0.0
485.5,5.0,621.0,4.0,0,190.0,0.0,0.0,0.0
53.66666666666666,2.5,184.0,2.0,1,56.0,26.95,11.0,0.0
62.0,1.5,203.0,4.0,1,157.0,0.0,0.0,0.0
511.5,5.0,617.0,4.0,1,489.0,0.0,0.0,0.0
145.75,2.5,102.0,3.5,1,431.0,0.0,0.0,0.0
644.0,7.0,720.0,4.0,1,656.0,0.0,0.0,0.0
37.833333333333336,9.75,202.0,4.0,1,702.0,68.0,0.0,0.0
573.6666666666666,4.333333333333333,312.0,5.0,1,1694.0,0.0,0.0,0.0
371.25,5.333333333333333,737.0,4.0,1,721.0,0.0,0.0,0.0
202.66666666666663,3.75,431.0,4.0,1,161.0,0.0,0.0,0.0
530.5,4.666666666666667,85.0,4.0,1,630.0,0.0,0.0,0.0
394.5,5.0,237.0,4.0,1,712.0,0.0,0.0,0.0
158.0,1.5,447.0,4.0,1,415.0,13.0,1.0,0.0
299.0,5.333333333333333,199.0,4.0,1,13.0,0.0,0.0,0.0
288.55555555555554,9.0,405.0,4.0,1,594.0,0.0,0.0,0.0
129.5,3.0,875.0,4.0,1,177.0,31.2,4.0,0.0
105.0,1.5,103.0,4.0,0,116.0,26.33333333333333,3.0,0.0
521.25,5.0,279.0,4.0,1,450.0,0.0,0.0,0.0
41.333333333333336,2.0,4.0,4.5,1,52.0,11.0,0.0,0.0
52.5,3.0,599.0,4.0,1,223.0,0.0,0.0,0.0
373.5,7.5,170.0,4.0,0,236.0,0.0,0.0,0.0
576.0,7.5,668.0,4.0,1,631.0,0.0,0.0,0.0
1107.5,7.5,1374.0,4.0,1,3294.0,0.0,0.0,0.0
292.0,3.5,732.0,4.0,1,355.0,0.0,0.0,0.0
589.25,5.0,405.0,4.0,1,981.0,0.0,0.0,0.0
1310.5,11.0,2290.0,4.0,1,1255.0,0.0,0.0,0.0
734.0,8.5,722.0,4.0,1,572.0,0.0,0.0,0.0
33.0,0.5,353.0,4.0,0,364.0,23.55555555555556,7.0,0.0
454.6666666666667,6.0,373.0,4.0,1,611.0,0.0,0.0,0.0
390.75,5.75,252.0,4.0,1,776.0,0.0,0.0,0.0
130.25,3.75,474.0,4.0,1,413.0,27.75,4.0,0.0
440.5,7.5,241.0,3.5,1,396.0,0.0,0.0,0.0
888.7777777777778,10.166666666666666,1617.0,4.0,1,3557.0,0.0,0.0,0.0
331.6666666666667,1.5,133.0,4.0,0,501.0,0.0,0.0,0.0
380.75,12.666666666666666,848.0,4.0,1,732.0,0.0,0.0,0.0
97.66666666666669,2.0,198.0,4.0,1,38.0,25.08,16.0,0.0
137.25,2.0,376.0,4.0,0,222.0,0.0,0.0,0.0
1017.25,8.5,1322.0,4.0,0,832.0,0.0,0.0,0.0
431.5,5.0,346.0,2.0,1,291.0,0.0,0.0,0.0
1321.6666666666667,11.75,860.0,4.0,0,952.0,0.0,0.0,0.0
397.0,7.0,507.0,4.0,1,225.0,0.0,0.0,0.0
106.25,3.0,424.0,1.5,1,38.0,42.7,6.0,0.0
33.166666666666664,2.0,937.0,4.0,1,403.0,34.714285714285715,9.0,0.0
489.5,5.25,188.0,4.0,1,534.0,0.0,0.0,0.0
435.25,4.5,236.0,4.0,1,425.0,0.0,0.0,0.0
369.8333333333333,4.0,467.0,4.0,1,731.0,0.0,0.0,0.0
308.5,4.5,340.0,4.0,1,707.0,0.0,0.0,0.0
638.8333333333334,18.166666666666668,636.0,5.0,0,1133.0,0.0,0.0,0.0
581.8333333333334,8.25,131.0,4.5,1,1920.0,0.0,0.0,0.0
123.5,1.0,157.0,4.0,0,519.0,27.25,3.0,0.0
14.666666666666666,3.0,175.0,4.0,1,73.0,0.0,0.0,0.0
121.33333333333331,2.0,329.0,4.0,0,239.0,0.0,0.0,0.0
295.0,4.5,137.0,4.0,0,336.0,0.0,0.0,0.0
615.25,4.2,466.0,4.0,1,437.0,0.0,0.0,0.0
518.0,7.5,280.0,4.0,1,308.0,0.0,0.0,0.0
409.75,7.25,641.0,4.0,1,635.0,0.0,0.0,0.0
1152.5,6.0,628.0,4.0,0,1178.0,0.0,0.0,0.0
40.0,1.0,294.0,4.0,1,296.0,30.36842105263158,12.0,0.0
957.9090909090908,12.0,266.0,4.5,1,770.0,0.0,0.0,0.0
1012.25,24.33333333333333,246.0,5.0,0,503.0,0.0,0.0,0.0
575.0,6.5,626.0,4.0,1,618.0,0.0,0.0,0.0
389.6666666666667,3.5,114.0,4.0,1,723.0,0.0,0.0,0.0
147.75,3.0,616.0,4.0,1,158.0,0.0,0.0,0.0
25.25,2.5,493.0,4.0,1,71.0,0.0,0.0,0.0
181.0,8.0,300.0,2.0,1,45.0,0.0,0.0,0.0
222.3333333333333,3.5,449.0,4.0,0,58.0,0.0,0.0,0.0
398.5,4.0,573.0,4.0,1,34.0,0.0,0.0,0.0
1045.25,16.25,1515.0,4.5,0,412.0,0.0,0.0,0.0
547.3333333333334,4.5,814.0,4.0,1,777.0,0.0,0.0,0.0
632.75,14.0,635.0,4.0,1,927.0,0.0,0.0,0.0
23.0,0.0,930.0,4.0,0,458.0,0.0,0.0,0.0
894.5,14.5,2017.0,4.0,1,3423.0,0.0,0.0,0.0
47.25,1.5,223.0,3.5,1,227.0,46.0,8.0,0.0
140.125,2.5,899.0,4.5,1,303.0,0.0,0.0,0.0
133.33333333333334,4.0,348.0,2.6666666666666665,0,59.0,0.0,0.0,0.0
149.25,2.5,1003.0,4.5,0,409.0,23.4,11.0,0.0
194.5,4.25,303.0,4.0,1,456.0,51.5,1.0,0.0
358.1666666666667,8.0,182.0,4.0,1,323.0,0.0,0.0,0.0
898.0,9.5,1484.0,4.0,1,2148.0,0.0,0.0,0.0
1036.75,8.5,1180.0,4.0,1,951.0,0.0,0.0,0.0
566.75,3.0,16.0,4.0,1,505.0,0.0,0.0,0.0
1188.75,8.8,26.0,4.0,0,1896.0,0.0,0.0,0.0
180.0,3.0,445.0,2.0,0,28.0,14.285714285714286,4.0,0.0
78.75,2.5,66.0,4.0,1,340.0,34.333333333333336,8.0,0.0
324.5,6.0,306.0,4.0,1,618.0,0.0,0.0,0.0
290.75,5.0,849.0,4.0,1,211.0,0.0,0.0,0.0
64.5,4.166666666666667,826.0,4.0,1,619.0,21.0,13.0,0.0
1314.25,10.0,1212.0,5.0,0,185.0,0.0,0.0,0.0
1157.8333333333333,14.0,1521.0,4.0,1,1112.0,0.0,0.0,0.0
360.0,7.0,25.0,2.0,0,54.0,0.0,0.0,0.0
24.0,2.0,410.0,4.0,1,187.0,0.0,0.0,0.0
291.75,4.0,0.0,4.0,1,208.0,0.0,0.0,0.0
343.0,2.0,124.0,4.0,1,1139.0,0.0,0.0,0.0
34.0,1.5,1021.0,4.5,0,342.0,18.954545454545453,19.0,0.0
789.75,13.0,1326.0,4.5,0,1580.0,0.0,0.0,0.0
800.75,12.0,1517.0,2.0,1,1515.0,0.0,0.0,0.0
113.8,4.25,448.0,4.0,1,155.0,0.0,0.0,0.0
529.0,5.0,402.0,4.0,1,689.0,0.0,0.0,0.0
473.75,8.25,4.0,4.5,1,564.0,0.0,0.0,0.0
1147.75,27.666666666666668,649.0,4.0,1,607.0,0.0,0.0,0.0
443.75,3.0,213.0,4.0,0,923.0,0.0,0.0,0.0
105.33333333333331,4.5,133.0,4.0,1,416.0,0.0,0.0,0.0
85.5,3.5,439.0,4.0,1,605.0,6.6,2.0,0.0
186.66666666666663,3.0,25.0,4.0,1,76.0,0.0,0.0,0.0
63.0,1.5,153.0,4.0,0,652.0,0.0,0.0,0.0
6.333333333333333,3.0,29.0,2.0,1,1135.0,19.33333333333333,1.0,0.0
330.8333333333333,4.5,1059.0,4.0,1,830.0,0.0,0.0,0.0
494.0,7.0,242.0,4.0,1,567.0,0.0,0.0,0.0
100.25,1.5,2.0,4.0,0,315.0,0.0,0.0,0.0
513.5,6.666666666666667,186.0,4.0,1,443.0,0.0,0.0,0.0
119.5,4.5,621.0,4.0,1,228.0,0.0,0.0,0.0
161.5,6.75,424.0,4.0,1,192.0,0.0,0.0,0.0
1229.6666666666667,8.0,666.0,4.0,1,1389.0,0.0,0.0,0.0
146.25,1.5,78.0,4.0,1,273.0,0.0,0.0,0.0
68.85714285714286,2.0,653.0,4.0,1,455.0,33.23529411764706,9.0,0.0
593.0,7.0,832.0,4.0,1,997.0,0.0,0.0,0.0
230.25,3.0,238.0,4.0,0,132.0,0.0,0.0,0.0
734.6666666666666,9.0,1012.0,4.0,1,1384.0,0.0,0.0,0.0
92.66666666666669,2.5,641.0,4.0,1,554.0,27.7,13.0,0.0
672.0,11.0,451.0,5.0,0,2125.0,0.0,0.0,0.0
153.66666666666666,2.0,545.0,4.0,1,50.0,0.0,0.0,0.0
209.5,4.0,230.0,4.0,0,47.0,14.666666666666666,1.0,0.0
52.0,1.0,73.0,4.5,0,161.0,0.0,0.0,0.0
624.5,10.5,805.0,4.5,1,1773.0,0.0,0.0,0.0
418.75,9.5,38.0,4.0,0,477.0,0.0,0.0,0.0
497.25,8.0,491.0,4.0,1,723.0,0.0,0.0,0.0
178.66666666666666,18.0,318.0,4.0,0,332.0,0.0,0.0,0.0
961.0,11.75,903.0,5.0,1,1407.0,0.0,0.0,0.0
408.25,5.0,90.0,4.0,0,1088.0,0.0,0.0,0.0
1139.0,15.0,1915.0,5.0,0,359.0,0.0,0.0,0.0
574.0,8.333333333333334,723.0,2.0,1,673.0,0.0,0.0,0.0
426.5,5.0,0.0,4.0,1,2.0,0.0,0.0,0.0
728.5,14.75,488.0,4.5,1,2848.0,0.0,0.0,0.0
210.75,3.5,488.0,4.0,1,155.0,0.0,0.0,0.0
243.0,1.5,308.0,4.0,0,767.0,0.0,0.0,0.0
855.3333333333334,6.5,1780.0,4.0,1,2216.0,0.0,0.0,0.0
517.75,5.5,168.0,4.0,1,650.0,0.0,0.0,0.0
241.75,4.5,563.0,4.0,1,236.0,0.0,0.0,0.0
324.75,5.5,819.0,4.0,1,324.0,0.0,0.0,0.0
141.33333333333334,1.5,275.0,4.0,1,236.0,28.0,2.0,0.0
525.0,5.5,553.0,2.0,1,300.0,0.0,0.0,0.0
501.8333333333333,9.0,433.0,4.0,0,114.0,0.0,0.0,0.0
192.25,2.0,241.0,4.0,1,160.0,0.0,0.0,0.0
428.5,6.0,34.0,4.0,0,132.0,0.0,0.0,0.0
242.5,2.5,246.0,4.0,0,171.0,0.0,0.0,0.0
605.0,2.6,952.0,4.5,0,1928.0,0.0,0.0,0.0
100.66666666666669,1.0,305.0,4.0,1,651.0,0.0,0.0,0.0
587.75,5.0,570.0,4.0,1,847.0,0.0,0.0,0.0
811.6666666666666,10.5,1415.0,2.0,1,1258.0,0.0,0.0,0.0
138.5,2.0,882.0,4.0,1,473.0,25.0,4.0,0.0
694.0,6.5,687.0,4.0,1,1777.0,0.0,0.0,0.0
581.25,6.5,124.0,4.0,1,348.0,0.0,0.0,0.0
1140.0,7.0,216.0,4.5,1,1583.0,0.0,0.0,0.0
930.5,13.0,1582.0,4.0,1,2920.0,0.0,0.0,0.0
159.0,3.5,671.0,4.0,1,111.0,0.0,0.0,0.0
500.5,14.25,604.0,4.0,0,1306.0,0.0,0.0,0.0
870.0,12.5,1129.0,5.0,1,2909.0,0.0,0.0,0.0
1210.25,7.5,1034.0,4.0,1,853.0,0.0,0.0,0.0
550.25,5.5,4.0,4.0,1,400.0,0.0,0.0,0.0
1274.6666666666667,12.5,909.0,4.5,1,2454.0,0.0,0.0,0.0
315.0,4.5,92.0,4.0,1,172.0,0.0,0.0,0.0
497.25,16.0,363.0,4.5,1,1511.0,0.0,0.0,0.0
503.25,5.5,180.0,4.0,1,468.0,0.0,0.0,0.0
395.0,7.5,213.0,2.0,1,935.0,0.0,0.0,0.0
693.25,6.5,1025.0,2.0,1,1900.0,0.0,0.0,0.0
1066.25,24.666666666666668,1923.0,5.0,1,82.0,0.0,0.0,0.0
748.3333333333334,6.0,1496.0,2.0,1,2069.0,0.0,0.0,0.0
867.1666666666666,12.75,1962.0,3.0,0,164.0,0.0,0.0,0.0
373.25,7.0,386.0,2.0,1,422.0,0.0,0.0,0.0
1123.6666666666667,8.0,794.0,4.0,1,1087.0,0.0,0.0,0.0
116.75,2.5,416.0,4.0,1,66.0,0.0,0.0,0.0
29.5,1.0,1050.0,4.0,1,1088.0,0.0,0.0,0.0
443.5,3.0,63.0,4.0,1,438.0,0.0,0.0,0.0
352.5,3.0,282.0,4.0,1,1274.0,0.0,0.0,0.0
500.3333333333333,3.5,81.0,4.0,1,301.0,0.0,0.0,0.0
191.75,3.5,401.0,4.0,1,93.0,0.0,0.0,0.0
509.25,3.0,1061.0,4.0,0,2063.0,0.0,0.0,0.0
88.75,2.0,693.0,4.0,1,567.0,32.214285714285715,9.0,0.0
1291.75,17.333333333333332,1949.0,4.5,1,971.0,0.0,0.0,0.0
30.5,3.0,369.0,4.0,0,453.0,21.9,6.0,0.0
502.0,5.25,472.0,2.6666666666666665,1,0.0,0.0,0.0,0.0
103.66666666666669,3.0,549.0,4.0,1,379.0,20.0,4.0,0.0
679.5,5.25,174.0,4.0,1,600.0,0.0,0.0,0.0
172.5,3.0,432.0,4.0,1,178.0,0.0,0.0,0.0
212.0,3.75,354.0,3.5,1,630.0,0.0,0.0,0.0
610.75,16.25,639.0,5.0,0,1211.0,0.0,0.0,0.0
52.5,1.0,84.0,4.0,0,219.0,0.0,0.0,0.0
427.5,6.666666666666667,224.0,4.0,1,404.0,0.0,0.0,0.0
574.5,4.5,17.0,4.0,0,55.0,0.0,0.0,0.0
792.6666666666666,9.5,1714.0,4.0,1,2315.0,0.0,0.0,0.0
435.25,5.6,156.0,4.0,1,221.0,0.0,0.0,0.0
1259.0,10.0,1118.0,4.0,1,435.0,0.0,0.0,0.0
40.6,2.6666666666666665,734.0,4.0,0,1247.0,7.5,1.0,0.0
1155.5,30.0,550.0,4.0,1,476.0,0.0,0.0,0.0
525.4,13.5,885.0,4.5,1,2093.0,0.0,0.0,0.0
464.5,7.2,322.0,4.0,1,268.0,0.0,0.0,0.0
286.0,4.5,254.0,4.0,1,976.0,0.0,0.0,0.0
78.33333333333333,2.0,517.0,2.0,0,96.0,0.0,0.0,0.0
150.0,2.5,1042.0,4.0,0,290.0,25.125,20.0,0.0
971.5,15.0,1309.0,5.0,0,1121.0,0.0,0.0,0.0
1195.5,5.666666666666667,227.0,4.0,0,1821.0,0.0,0.0,0.0
457.25,3.5,181.0,4.0,1,1494.0,0.0,0.0,0.0
592.25,14.8,767.0,5.0,0,1486.0,0.0,0.0,0.0
297.75,6.5,1059.0,4.0,1,965.0,0.0,0.0,0.0
933.75,15.25,558.0,5.0,1,1311.0,0.0,0.0,0.0
127.5,4.5,536.0,4.0,1,243.0,41.25,2.0,0.0
880.0,9.5,1716.0,4.0,1,3416.0,0.0,0.0,0.0
3.8,3.5,131.0,2.5,0,816.0,0.0,0.0,0.0
233.5,2.0,109.0,4.0,1,464.0,0.0,0.0,0.0
551.75,4.5,126.0,4.0,1,282.0,0.0,0.0,0.0
292.5,3.5,0.0,4.0,1,135.0,0.0,0.0,0.0
167.25,2.5,0.0,4.0,1,150.0,0.0,0.0,0.0
612.25,4.333333333333333,552.0,2.0,1,1317.0,0.0,0.0,0.0
478.4,5.0,110.0,4.0,1,1423.0,34.333333333333336,2.0,0.0
31.166666666666668,2.0,524.0,4.0,0,560.0,36.0,1.0,0.0
219.25,6.5,407.0,4.0,0,382.0,0.0,0.0,0.0
1109.5,10.5,367.0,4.0,1,1983.0,0.0,0.0,0.0
439.25,5.0,208.0,4.0,1,385.0,0.0,0.0,0.0
674.5,8.833333333333334,1046.0,4.0,1,1460.0,0.0,0.0,0.0
147.5,1.25,188.0,4.0,1,341.0,0.0,0.0,0.0
539.5,12.5,65.0,5.0,0,1772.0,0.0,0.0,0.0
855.25,12.25,1843.0,3.0,1,84.0,0.0,0.0,0.0
510.25,6.0,39.0,4.0,1,660.0,0.0,0.0,0.0
329.6666666666667,8.0,658.0,4.0,1,521.0,0.0,0.0,0.0
1644.5,26.25,364.0,4.0,1,696.0,0.0,0.0,0.0
356.5,2.5,317.0,4.0,1,414.0,0.0,0.0,0.0
1317.25,15.25,1033.0,5.0,0,1920.0,0.0,0.0,0.0
564.25,3.0,40.0,4.0,1,301.0,0.0,0.0,0.0
536.75,7.0,260.0,4.0,0,127.0,0.0,0.0,0.0
83.75,3.0,1075.0,4.0,1,302.0,0.0,0.0,0.0
234.75,5.5,398.0,2.0,0,68.0,0.0,0.0,0.0
631.25,16.833333333333332,650.0,5.0,0,2288.0,0.0,0.0,0.0
194.3333333333333,2.5,16.0,3.5,1,128.0,0.0,0.0,0.0
772.8333333333334,5.75,1529.0,4.0,0,2357.0,0.0,0.0,0.0
641.0,7.6,551.0,2.0,0,1364.0,0.0,0.0,0.0
870.0,6.5,2148.0,4.0,1,3410.0,0.0,0.0,0.0
388.25,7.5,117.0,4.0,1,356.0,0.0,0.0,0.0
113.25,1.5,137.0,4.0,0,158.0,21.25,4.0,0.0
234.6,4.0,535.0,2.0,0,46.0,0.0,0.0,0.0
35.75,2.5,103.0,4.0,1,184.0,0.0,0.0,0.0
421.0,5.0,408.0,4.0,1,355.0,0.0,0.0,0.0
140.0,2.0,88.0,4.0,1,174.0,0.0,0.0,0.0
597.5,8.5,245.0,4.0,0,974.0,0.0,0.0,0.0
298.3333333333333,4.5,13.0,4.0,1,65.0,0.0,0.0,0.0
829.5555555555555,16.333333333333332,784.0,5.0,1,924.0,0.0,0.0,0.0
5.0,1.0,773.0,4.0,0,532.0,23.625,14.0,0.0
394.5,6.5,553.0,4.0,1,249.0,0.0,0.0,0.0
294.75,4.0,214.0,2.0,1,126.0,0.0,0.0,0.0
803.25,10.5,1660.0,4.0,0,1710.0,0.0,0.0,0.0
1139.25,8.2,158.0,4.0,1,1778.0,0.0,0.0,0.0
657.75,10.0,235.0,4.0,1,756.0,0.0,0.0,0.0
582.0,2.0,669.0,4.0,0,1493.0,0.0,0.0,0.0
134.0,4.5,523.0,4.0,1,97.0,0.0,0.0,0.0
528.75,5.5,313.0,4.0,0,1746.0,0.0,0.0,0.0
591.75,7.0,550.0,4.0,1,623.0,0.0,0.0,0.0
638.0,3.5,164.0,4.0,1,792.0,0.0,0.0,0.0
36.25,1.5,114.0,4.0,1,656.0,0.0,0.0,0.0
97.55555555555556,2.5,432.0,4.0,0,355.0,0.0,0.0,0.0
1286.0,19.8,1334.0,2.5,1,451.0,0.0,0.0,0.0
27.666666666666668,1.5,706.0,4.0,1,1026.0,0.0,0.0,0.0
186.0,3.0,980.0,4.0,1,331.0,0.0,0.0,0.0
343.25,6.666666666666667,412.0,4.0,0,116.0,31.666666666666668,2.0,0.0
494.0,3.5,9.0,4.0,1,255.0,0.0,0.0,0.0
35.5,0.5,403.0,4.0,0,657.0,30.15,13.0,0.0
268.75,3.5,308.0,4.0,1,240.0,24.0,4.0,0.0
599.0,5.5,79.0,4.0,0,1287.0,0.0,0.0,0.0
36.66666666666666,2.0,419.0,4.5,1,449.0,31.3,6.0,0.0
464.75,3.5,97.0,4.0,1,825.0,0.0,0.0,0.0
12.75,2.0,330.0,4.0,0,638.0,0.0,0.0,0.0
274.0,3.5,54.0,4.0,1,185.0,0.0,0.0,0.0
68.25,4.0,122.0,3.5,0,538.0,29.0,4.0,0.0
728.0,15.5,441.0,4.5,1,476.0,0.0,0.0,0.0
164.25,5.333333333333333,725.0,4.0,1,538.0,0.0,0.0,0.0
661.5,14.0,477.0,4.0,0,1177.0,0.0,0.0,0.0
1287.8333333333333,17.25,859.0,4.0,1,488.0,0.0,0.0,0.0
902.0,9.333333333333334,2123.0,4.0,1,396.0,0.0,0.0,0.0
291.3333333333333,2.5,205.0,2.0,1,32.0,0.0,0.0,0.0
120.5,3.5,140.0,4.0,1,195.0,0.0,0.0,0.0
924.0,13.75,561.0,5.0,1,1081.0,0.0,0.0,0.0
33.625,1.5,1214.0,4.5,1,308.0,26.705882352941178,13.0,0.0
21.33333333333333,1.5,559.0,4.0,1,133.0,31.17391304347826,13.0,0.0
251.25,3.0,255.0,4.0,0,954.0,0.0,0.0,0.0
1137.25,7.5,408.0,4.0,1,2277.0,0.0,0.0,0.0
735.0,10.5,1237.0,2.0,1,1373.0,0.0,0.0,0.0
637.1666666666666,11.0,465.0,4.0,1,954.0,0.0,0.0,0.0
248.25,4.0,142.0,4.0,1,400.0,0.0,0.0,0.0
393.25,8.0,38.0,4.0,1,227.0,0.0,0.0,0.0
196.0,5.5,1265.0,4.0,1,532.0,0.0,0.0,0.0
411.75,3.333333333333333,311.0,4.0,1,66.0,0.0,0.0,0.0
448.1666666666667,3.5,111.0,4.0,1,682.0,0.0,0.0,0.0
95.66666666666669,3.5,490.0,4.0,0,81.0,0.0,0.0,0.0
913.0,10.5,1491.0,5.0,0,1462.0,0.0,0.0,0.0
489.3333333333333,7.0,269.0,4.0,1,43.0,0.0,0.0,0.0
430.0,6.75,0.0,4.0,1,302.0,42.66666666666666,2.0,0.0
80.75,1.5,134.0,4.0,1,400.0,28.58333333333333,14.0,0.0
721.75,18.0,898.0,5.0,1,885.0,0.0,0.0,0.0
505.25,6.0,168.0,4.0,1,243.0,0.0,0.0,0.0
540.25,5.25,313.0,4.0,1,1245.0,0.0,0.0,0.0
1279.75,13.714285714285714,1015.0,4.0,1,282.0,0.0,0.0,0.0
91.5,1.5,548.0,4.0,0,522.0,19.25,5.0,0.0
764.3333333333334,6.0,1546.0,4.0,1,2600.0,0.0,0.0,0.0
476.0,21.33333333333333,302.0,4.0,0,215.0,0.0,0.0,0.0
76.25,2.5,639.0,4.0,0,577.0,31.95833333333333,11.0,0.0
66.25,6.333333333333333,904.0,4.0,0,432.0,0.0,0.0,0.0
790.25,6.5,1599.0,4.0,1,2482.0,0.0,0.0,0.0
203.0,2.5,661.0,4.0,1,116.0,0.0,0.0,0.0
224.16666666666663,4.0,593.0,4.0,0,56.0,0.0,0.0,0.0
130.25,5.5,486.0,4.0,1,359.0,0.0,0.0,0.0
907.0,16.0,1865.0,4.0,1,3223.0,0.0,0.0,0.0
905.5,15.0,661.0,5.0,1,1057.0,0.0,0.0,0.0
686.25,4.5,935.0,4.0,1,233.0,0.0,0.0,0.0
523.75,19.88888888888889,471.0,4.0,1,292.0,0.0,0.0,0.0
108.0,3.5,145.0,4.0,1,604.0,0.0,0.0,0.0
461.5,7.666666666666667,524.0,2.0,0,268.0,0.0,0.0,0.0
757.0,4.5,1675.0,4.0,1,2296.0,0.0,0.0,0.0
303.6666666666667,3.5,485.0,4.0,0,135.0,0.0,0.0,0.0
120.5,4.5,439.0,4.0,1,168.0,25.25,3.0,0.0
288.6666666666667,2.0,0.0,2.0,1,45.0,0.0,0.0,0.0
400.5,4.0,29.0,4.0,0,1147.0,0.0,0.0,0.0
36.0,1.5,945.0,4.5,0,747.0,29.125,12.0,0.0
1159.0,16.0,1850.0,5.0,0,460.0,0.0,0.0,0.0
235.66666666666663,6.333333333333333,836.0,4.0,1,593.0,0.0,0.0,0.0
155.5,2.5,653.0,4.0,0,303.0,0.0,0.0,0.0
54.25,1.5,992.0,2.6666666666666665,0,0.0,39.0,2.0,0.0
362.5,3.75,560.0,4.0,1,222.0,0.0,0.0,0.0
1433.75,19.75,434.0,4.0,0,1134.0,0.0,0.0,0.0
116.66666666666669,1.5,190.0,2.6666666666666665,1,40.0,27.666666666666668,7.0,0.0
78.0,2.5,491.0,4.0,1,92.0,10.0,1.0,0.0
895.5,9.333333333333334,880.0,4.0,1,162.0,0.0,0.0,0.0
639.0,8.333333333333334,721.0,2.6666666666666665,0,853.0,0.0,0.0,0.0
29.5,2.5,419.0,4.0,1,422.0,31.0,8.0,0.0
89.0,2.5,393.0,4.0,1,115.0,35.75,16.0,0.0
441.75,5.0,0.0,4.0,1,167.0,0.0,0.0,0.0
126.33333333333331,2.0,360.0,4.0,1,226.0,0.0,0.0,0.0
270.75,3.5,102.0,4.0,0,693.0,0.0,0.0,0.0
651.5,11.75,670.0,4.0,0,1037.0,0.0,0.0,0.0
811.6,6.5,1126.0,4.0,0,3877.0,0.0,0.0,0.0
835.0,17.0,872.0,5.0,1,1362.0,0.0,0.0,0.0
377.0,7.5,418.0,4.0,1,420.0,0.0,0.0,0.0
511.25,4.5,294.0,4.0,0,369.0,0.0,0.0,0.0
263.5,4.5,529.0,4.0,1,160.0,33.36363636363637,7.0,0.0
143.5,2.5,963.0,2.6666666666666665,1,0.0,21.15384615384616,6.0,0.0
955.3333333333334,15.2,1257.0,4.0,1,1826.0,0.0,0.0,0.0
226.0,3.5,132.0,4.0,1,271.0,10.0,1.0,0.0
162.0,3.0,830.0,4.0,1,75.0,22.0,5.0,0.0
808.0,3.6666666666666665,630.0,4.5,1,2328.0,0.0,0.0,0.0
973.25,6.0,164.0,4.0,1,152.0,0.0,0.0,0.0
664.5,4.0,2.0,4.0,1,157.0,0.0,0.0,0.0
287.75,3.5,914.0,4.0,1,183.0,0.0,0.0,0.0
749.0,9.0,1561.0,4.0,1,1757.0,0.0,0.0,0.0
643.5,9.666666666666666,1202.0,4.5,1,1985.0,0.0,0.0,0.0
917.8333333333334,13.0,1520.0,4.5,1,3848.0,0.0,0.0,0.0
628.0,2.0,215.0,4.0,1,736.0,0.0,0.0,0.0
22.5,3.0,551.0,4.0,1,195.0,86.0,0.0,0.0
1019.8333333333334,10.0,1344.0,4.5,1,681.0,0.0,0.0,0.0
222.25,5.0,463.0,4.0,1,600.0,0.0,0.0,0.0
428.5,4.5,20.0,4.0,0,138.0,0.0,0.0,0.0
35.0,1.0,315.0,4.0,1,256.0,35.38461538461539,8.0,0.0
927.75,19.33333333333333,1815.0,4.0,0,250.0,0.0,0.0,0.0
198.0,2.5,72.0,3.5,0,95.0,0.0,0.0,0.0
197.25,4.5,1028.0,4.0,1,949.0,0.0,0.0,0.0
578.5,3.4,411.0,4.5,0,1607.0,0.0,0.0,0.0
55.0,9.25,343.0,4.0,0,376.0,0.0,0.0,0.0
687.25,8.0,922.0,2.0,1,1776.0,0.0,0.0,0.0
484.0,3.5,320.0,4.0,1,1182.0,0.0,0.0,0.0
520.0,10.333333333333334,376.0,4.5,1,1052.0,0.0,0.0,0.0
340.1666666666667,4.5,370.0,4.0,1,116.0,0.0,0.0,0.0
485.75,7.25,358.0,4.0,1,182.0,0.0,0.0,0.0
208.0,4.5,137.0,4.0,0,588.0,0.0,0.0,0.0
1267.25,13.5,836.0,4.0,1,1551.0,0.0,0.0,0.0
346.25,6.75,96.0,4.0,1,120.0,0.0,0.0,0.0
64.33333333333333,1.5,611.0,4.5,0,774.0,28.043478260869566,13.0,0.0
652.0,4.5,730.0,4.0,1,572.0,0.0,0.0,0.0
168.75,2.5,242.0,4.0,1,148.0,14.0,1.0,0.0
96.5,3.0,290.0,4.0,1,240.0,22.5,2.0,0.0
651.0,11.5,394.0,4.0,0,1393.0,0.0,0.0,0.0
612.6666666666666,5.5,177.0,4.0,1,1156.0,0.0,0.0,0.0
1002.0,16.333333333333332,2388.0,2.0,1,609.0,0.0,0.0,0.0
386.75,3.5,897.0,2.0,1,290.0,0.0,0.0,0.0
14.166666666666666,2.5,59.0,4.0,0,86.0,22.678571428571427,19.0,0.0
527.3333333333334,4.5,84.0,4.0,1,485.0,0.0,0.0,0.0
448.75,3.8333333333333335,541.0,2.0,1,4.0,0.0,0.0,0.0
983.5,10.0,2272.0,4.0,1,4044.0,0.0,0.0,0.0
862.75,15.5,1507.0,4.0,0,1065.0,0.0,0.0,0.0
700.0,8.75,715.0,4.0,1,1752.0,0.0,0.0,0.0
154.66666666666666,1.0,416.0,4.0,1,222.0,34.0,0.0,0.0
369.5,5.5,64.0,4.0,1,455.0,0.0,0.0,0.0
38.0,1.0,175.0,4.0,1,451.0,35.22222222222222,12.0,0.0
321.6,3.0,298.0,4.0,1,109.0,0.0,0.0,0.0
308.25,7.0,270.0,4.0,1,353.0,0.0,0.0,0.0
54.5,1.0,83.0,4.0,1,352.0,0.0,0.0,0.0
186.75,2.0,282.0,4.0,0,166.0,0.0,0.0,0.0
215.0,5.5,580.0,4.0,0,142.0,44.0,2.0,0.0
283.25,3.5,57.0,4.0,1,340.0,0.0,0.0,0.0
683.25,6.5,795.0,4.0,0,1727.0,0.0,0.0,0.0
1142.0,5.5,570.0,4.0,1,1278.0,0.0,0.0,0.0
363.6666666666667,4.0,352.0,4.0,1,256.0,0.0,0.0,0.0
60.0,2.75,142.0,4.0,0,1160.0,35.6,3.0,0.0
1429.5,17.0,2116.0,4.0,1,744.0,0.0,0.0,0.0
19.4,6.666666666666667,726.0,2.0,1,1448.0,0.0,0.0,0.0
259.75,2.5,120.0,2.0,1,56.0,0.0,0.0,0.0
453.3333333333333,4.0,247.0,4.0,0,794.0,0.0,0.0,0.0
561.25,7.5,334.0,4.0,1,751.0,0.0,0.0,0.0
27.5,1.0,651.0,4.0,1,663.0,0.0,0.0,0.0
921.25,16.666666666666668,1877.0,4.0,0,3320.0,0.0,0.0,0.0
170.16666666666666,5.6,226.0,4.0,1,162.0,0.0,0.0,0.0
928.25,4.666666666666667,623.0,4.0,1,104.0,0.0,0.0,0.0
123.66666666666669,2.5,611.0,4.0,1,447.0,0.0,0.0,0.0
32.75,1.0,657.0,4.0,1,686.0,31.55555555555556,14.0,0.0
241.5,15.0,278.0,4.0,0,264.0,0.0,0.0,0.0
1253.0,8.0,1214.0,4.0,0,826.0,0.0,0.0,0.0
217.0,3.5,60.0,4.0,1,164.0,41.0,1.0,0.0
75.16666666666667,1.5,756.0,4.0,0,716.0,33.666666666666664,2.0,0.0
63.5,5.8,1133.0,4.0,0,300.0,0.0,0.0,0.0
121.5,2.0,457.0,4.0,1,60.0,33.333333333333336,4.0,0.0
133.66666666666666,2.25,408.0,2.0,1,53.0,0.0,0.0,0.0
771.25,10.5,1198.0,5.0,1,1357.0,0.0,0.0,0.0
416.25,5.666666666666667,81.0,4.0,1,227.0,0.0,0.0,0.0
69.25,4.571428571428571,27.0,4.0,0,446.0,0.0,0.0,0.0
692.0,5.5,224.0,4.0,1,1296.0,0.0,0.0,0.0
916.5,11.333333333333334,1622.0,4.5,1,1077.0,0.0,0.0,0.0
75.5,1.0,305.0,4.0,1,109.0,0.0,0.0,0.0
919.0,23.0,1730.0,4.0,1,1133.0,0.0,0.0,0.0
323.0,16.0,393.0,4.0,1,123.0,0.0,0.0,0.0
527.0,6.0,413.0,2.0,1,1138.0,0.0,0.0,0.0
476.0,5.666666666666667,375.0,4.0,1,1100.0,0.0,0.0,0.0
285.22222222222223,3.0,886.0,4.0,1,314.0,0.0,0.0,0.0
316.0,5.5,313.0,2.0,1,21.0,0.0,0.0,0.0
585.75,8.0,383.0,4.0,1,0.0,0.0,0.0,0.0
1231.8333333333333,12.5,1149.0,4.0,1,623.0,0.0,0.0,0.0
229.0,2.25,147.0,4.0,0,143.0,0.0,0.0,0.0
273.0,3.5,376.0,4.0,0,571.0,0.0,0.0,0.0
370.0,6.75,333.0,2.0,0,11.0,0.0,0.0,0.0
79.0,1.5,227.0,4.0,1,399.0,25.176470588235293,11.0,0.0
217.0,3.5,283.0,4.0,1,118.0,4.5,1.0,0.0
619.75,10.666666666666666,472.0,4.0,1,913.0,0.0,0.0,0.0
50.75,3.5,99.0,4.0,1,200.0,0.0,0.0,0.0
381.5,3.0,0.0,4.0,0,845.0,0.0,0.0,0.0
645.5,6.5,1063.0,4.0,1,2150.0,0.0,0.0,0.0
576.5,7.333333333333333,199.0,4.0,0,861.0,0.0,0.0,0.0
1020.5,16.333333333333332,139.0,5.0,1,445.0,0.0,0.0,0.0
623.0,3.0,582.0,4.0,0,695.0,0.0,0.0,0.0
157.0,0.5,347.0,4.0,1,357.0,0.0,0.0,0.0
21.0,2.5,200.0,4.5,0,455.0,22.39130434782609,11.0,0.0
523.6666666666666,3.5,2.0,4.0,1,521.0,0.0,0.0,0.0
62.0,2.5,308.0,4.0,0,656.0,0.0,0.0,0.0
480.6,13.25,459.0,4.5,1,1358.0,0.0,0.0,0.0
123.66666666666669,2.5,232.0,4.0,0,231.0,33.888888888888886,6.0,0.0
647.8,10.0,1036.0,4.0,1,1026.0,0.0,0.0,0.0
381.25,4.5,0.0,4.0,1,805.0,0.0,0.0,0.0
1247.8333333333333,9.0,885.0,4.0,0,1223.0,0.0,0.0,0.0
32.5,1.5,505.0,4.0,0,460.0,11.0,1.0,0.0
931.5,13.0,1451.0,4.5,0,1245.0,0.0,0.0,0.0
601.5,2.5,859.0,4.0,1,1100.0,0.0,0.0,0.0
342.0,3.5,164.0,4.0,1,1327.0,0.0,0.0,0.0
663.6666666666666,9.0,839.0,4.0,1,1269.0,0.0,0.0,0.0
173.0,2.5,825.0,2.0,1,13.0,20.88888888888889,14.0,0.0
320.75,3.5,77.0,4.0,1,209.0,0.0,0.0,0.0
9.25,1.5,242.0,4.0,0,1112.0,11.416666666666666,13.0,0.0
1206.75,5.75,426.0,4.5,1,1867.0,0.0,0.0,0.0
241.25,2.0,844.0,4.0,1,931.0,0.0,0.0,0.0
595.5,4.4,424.0,4.0,1,1035.0,0.0,0.0,0.0
995.0,7.0,0.0,4.0,1,170.0,0.0,0.0,0.0
100.0,3.0,1078.0,4.0,1,449.0,0.0,0.0,0.0
241.0,3.0,729.0,4.0,1,859.0,0.0,0.0,0.0
41.75,2.0,994.0,4.5,1,592.0,24.88235294117647,11.0,0.0
502.0,3.6666666666666665,208.0,4.0,0,490.0,0.0,0.0,0.0
1227.5,11.666666666666666,993.0,4.0,1,2720.0,0.0,0.0,0.0
1057.1666666666667,16.0,1672.0,4.5,1,233.0,0.0,0.0,0.0
139.0,4.0,797.0,4.0,1,247.0,0.0,0.0,0.0
193.5,5.666666666666667,116.0,4.0,1,225.0,0.0,0.0,0.0
819.2,6.0,1133.0,4.0,1,3862.0,0.0,0.0,0.0
1797.3333333333333,17.0,1156.0,3.0,1,241.0,0.0,0.0,0.0
546.0,8.0,321.0,4.0,1,803.0,0.0,0.0,0.0
1167.5,11.25,964.0,4.0,1,890.0,0.0,0.0,0.0
212.75,6.5,491.0,4.0,1,799.0,0.0,0.0,0.0
146.5,3.5,412.0,4.0,1,566.0,0.0,0.0,0.0
90.75,1.5,169.0,4.0,1,463.0,0.0,0.0,0.0
98.0,9.5,893.0,4.0,0,520.0,29.166666666666668,4.0,0.0
124.75,2.5,524.0,4.0,0,159.0,0.0,0.0,0.0
795.3333333333334,8.4,760.0,4.0,1,2230.0,0.0,0.0,0.0
192.5,4.0,247.0,4.0,0,109.0,0.0,0.0,0.0
324.0,4.0,299.0,4.0,1,1405.0,0.0,0.0,0.0
341.6666666666667,7.5,149.0,4.0,1,280.0,0.0,0.0,0.0
1075.0,12.5,691.0,4.5,1,1582.0,0.0,0.0,0.0
192.25,2.5,311.0,4.0,0,186.0,27.5,4.0,0.0
277.6666666666667,7.333333333333333,463.0,4.0,0,757.0,0.0,0.0,0.0
374.0,5.0,0.0,4.0,1,677.0,0.0,0.0,0.0
503.44444444444446,6.0,478.0,4.0,0,536.0,0.0,0.0,0.0
88.0,3.5,151.0,4.0,1,40.0,25.944444444444443,10.0,0.0
849.75,19.0,873.0,5.0,1,1299.0,0.0,0.0,0.0
400.8333333333333,4.666666666666667,160.0,4.0,1,170.0,22.666666666666668,4.0,0.0
1551.5,30.4,1940.0,4.5,1,211.0,0.0,0.0,0.0
494.0,6.5,247.0,4.0,1,201.0,0.0,0.0,0.0
541.75,5.2,703.0,4.0,0,115.0,0.0,0.0,0.0
42.0,1.0,1010.0,4.0,0,144.0,24.4,5.0,0.0
521.8333333333334,8.25,706.0,4.666666666666667,0,1922.0,0.0,0.0,0.0
101.0,2.5,757.0,4.0,1,457.0,32.714285714285715,5.0,0.0
274.6666666666667,5.5,631.0,4.0,1,261.0,0.0,0.0,0.0
84.6,2.75,297.0,4.5,1,414.0,13.375,3.0,0.0
625.75,3.5,522.0,4.0,1,782.0,0.0,0.0,0.0
325.0,3.0,359.0,2.0,1,87.0,57.0,1.0,0.0
337.5,6.5,543.0,4.0,1,438.0,0.0,0.0,0.0
102.75,1.0,543.0,4.0,1,946.0,14.0,1.0,0.0
285.0,3.0,0.0,4.0,0,352.0,0.0,0.0,0.0
451.3333333333333,4.5,194.0,4.0,1,1409.0,0.0,0.0,0.0
1062.25,7.0,1518.0,4.0,0,3380.0,0.0,0.0,0.0
239.0,4.0,524.0,4.0,0,184.0,0.0,0.0,0.0
84.25,2.0,695.0,4.0,0,609.0,36.9,5.0,0.0
613.25,5.5,666.0,4.0,0,594.0,0.0,0.0,0.0
978.0,16.666666666666668,2003.0,4.5,1,79.0,0.0,0.0,0.0
78.33333333333333,1.6666666666666667,107.0,2.0,1,18.0,0.0,0.0,0.0
614.0,10.6,835.0,2.0,1,969.0,0.0,0.0,0.0
682.75,6.25,40.0,4.0,1,293.0,0.0,0.0,0.0
832.0,4.5,1919.0,4.5,1,2437.0,0.0,0.0,0.0
26.0,2.5,402.0,4.0,1,120.0,0.0,0.0,0.0
1138.75,8.5,318.0,4.0,1,2177.0,0.0,0.0,0.0
1188.25,7.5,127.0,4.0,1,1806.0,0.0,0.0,0.0
311.0,5.25,101.0,2.0,1,266.0,0.0,0.0,0.0
262.0,4.5,253.0,4.0,1,257.0,0.0,0.0,0.0
277.5,2.0,313.0,4.0,1,66.0,0.0,0.0,0.0
223.5,4.666666666666667,146.0,2.0,1,39.0,44.42857142857143,4.0,0.0
588.0,6.25,11.0,4.0,1,455.0,0.0,0.0,0.0
383.5,3.0,719.0,4.0,1,242.0,0.0,0.0,0.0
533.5,6.25,352.0,4.0,0,131.0,0.0,0.0,0.0
557.0,4.0,553.0,4.0,1,524.0,0.0,0.0,0.0
228.16666666666663,3.0,472.0,2.0,0,39.0,0.0,0.0,0.0
784.75,11.666666666666666,1351.0,4.5,1,1672.0,0.0,0.0,0.0
590.75,7.333333333333333,866.0,4.5,1,2549.0,0.0,0.0,0.0
1091.0,14.5,2349.0,4.0,1,1104.0,0.0,0.0,0.0
524.75,5.5,462.0,2.0,1,244.0,0.0,0.0,0.0
625.1666666666666,14.666666666666666,532.0,4.5,0,938.0,0.0,0.0,0.0
1563.5,10.333333333333334,376.0,4.0,1,526.0,0.0,0.0,0.0
254.75,2.5,579.0,4.0,1,15.0,0.0,0.0,0.0
244.0,5.0,619.0,4.0,1,918.0,0.0,0.0,0.0
682.5,8.0,964.0,4.5,1,1750.0,0.0,0.0,0.0
741.25,4.5,1206.0,4.0,1,276.0,0.0,0.0,0.0
149.0,3.5,117.0,4.0,0,545.0,0.0,0.0,0.0
616.8333333333334,3.5,566.0,4.0,1,561.0,0.0,0.0,0.0
226.3333333333333,7.0,479.0,4.0,1,813.0,0.0,0.0,0.0
399.0,7.0,267.0,4.0,0,354.0,0.0,0.0,0.0
731.25,7.5,1589.0,4.5,0,1619.0,0.0,0.0,0.0
362.5,5.5,159.0,4.0,1,211.0,12.0,0.0,0.0
419.5,5.0,12.0,4.0,0,355.0,0.0,0.0,0.0
34.0,4.0,446.0,4.0,0,517.0,23.55555555555556,24.0,0.0
909.0,25.0,669.0,5.0,1,1308.0,0.0,0.0,0.0
247.0,3.5,260.0,4.0,0,196.0,43.0,4.0,0.0
162.66666666666666,2.5,734.0,4.0,1,466.0,30.23809523809524,18.0,0.0
209.25,3.0,694.0,4.0,0,32.0,0.0,0.0,0.0
515.2,4.5,481.0,2.0,1,96.0,0.0,0.0,0.0
497.0,5.5,0.0,4.0,0,1512.0,0.0,0.0,0.0
245.8571428571429,3.0,336.0,4.0,1,422.0,0.0,0.0,0.0
741.3333333333334,18.75,1167.0,5.0,1,1005.0,0.0,0.0,0.0
130.25,4.0,734.0,4.0,0,239.0,0.0,0.0,0.0
141.0,4.0,0.0,4.0,0,767.0,0.0,0.0,0.0
29.0,1.5,460.0,4.0,1,269.0,12.0,2.0,0.0
602.0,5.0,276.0,4.0,1,1161.0,0.0,0.0,0.0
93.25,2.5,441.0,4.0,1,483.0,33.333333333333336,2.0,0.0
487.5,3.0,83.0,4.0,1,438.0,0.0,0.0,0.0
100.75,3.5,508.0,4.0,1,199.0,0.0,0.0,0.0
216.25,6.5,359.0,4.0,1,344.0,0.0,0.0,0.0
623.5,14.5,651.0,5.0,0,2195.0,0.0,0.0,0.0
152.0,3.75,672.0,4.0,1,286.0,0.0,0.0,0.0
178.0,7.333333333333333,415.0,4.0,1,338.0,0.0,0.0,0.0
392.3333333333333,5.75,523.0,4.0,1,367.0,0.0,0.0,0.0
418.75,4.666666666666667,139.0,4.0,1,236.0,0.0,0.0,0.0
131.66666666666666,2.5,717.0,4.0,0,103.0,33.416666666666664,8.0,0.0
388.3333333333333,6.0,540.0,4.0,1,273.0,0.0,0.0,0.0
531.5,7.0,460.0,2.0,1,317.0,0.0,0.0,0.0
1262.0,16.833333333333332,1037.0,5.0,1,116.0,0.0,0.0,0.0
864.25,6.666666666666667,1467.0,4.0,1,4028.0,0.0,0.0,0.0
228.5,4.0,481.0,4.0,1,82.0,123.0,0.0,0.0
50.66666666666666,2.5,309.0,4.0,0,371.0,0.0,0.0,0.0
1077.0,11.333333333333334,658.0,4.0,0,1775.0,0.0,0.0,0.0
90.0,2.5,1083.0,4.0,0,137.0,29.35,11.0,0.0
662.75,6.666666666666667,967.0,4.0,1,2372.0,0.0,0.0,0.0
683.75,12.0,992.0,4.5,1,783.0,0.0,0.0,0.0
616.3333333333334,5.5,192.0,4.0,1,252.0,0.0,0.0,0.0
617.75,4.5,1304.0,4.0,1,2370.0,0.0,0.0,0.0
485.3333333333333,6.5,377.0,4.0,1,745.0,0.0,0.0,0.0
539.0,4.0,0.0,4.0,1,150.0,0.0,0.0,0.0
192.25,7.0,471.0,4.0,1,320.0,0.0,0.0,0.0
717.0,9.5,852.0,4.0,1,314.0,0.0,0.0,0.0
318.0,4.5,0.0,4.0,1,510.0,12.0,1.0,0.0
54.66666666666666,2.0,228.0,4.0,0,1170.0,0.0,0.0,0.0
289.75,3.5,179.0,4.0,1,242.0,0.0,0.0,0.0
1124.5,5.0,281.0,4.0,0,1678.0,0.0,0.0,0.0
774.0,16.0,1020.0,4.0,0,304.0,0.0,0.0,0.0
243.66666666666663,5.0,161.0,2.6666666666666665,0,12.0,30.25,2.0,0.0
77.33333333333333,2.0,312.0,4.0,0,652.0,0.0,0.0,0.0
504.8,3.5,26.0,4.0,1,101.0,0.0,0.0,0.0
194.0,3.5,280.0,4.0,0,326.0,0.0,0.0,0.0
102.0,1.5,614.0,4.0,1,1043.0,8.5,1.0,0.0
473.25,7.0,167.0,4.0,1,328.0,0.0,0.0,0.0
332.0,2.333333333333333,677.0,4.0,1,294.0,0.0,0.0,0.0
449.6666666666667,6.0,321.0,4.0,0,525.0,0.0,0.0,0.0
518.5,5.0,298.0,2.6666666666666665,0,44.0,0.0,0.0,0.0
292.3333333333333,4.5,243.0,2.0,1,30.0,0.0,0.0,0.0
502.3333333333333,5.5,31.0,4.0,1,562.0,0.0,0.0,0.0
473.0,4.5,8.0,4.0,0,605.0,0.0,0.0,0.0
34.5,1.5,737.0,4.0,1,281.0,28.11764705882353,12.0,0.0
1064.5,26.5,216.0,5.0,1,512.0,0.0,0.0,0.0
490.0,2.5,0.0,4.0,1,326.0,0.0,0.0,0.0
1213.5,7.25,526.0,4.5,1,1896.0,0.0,0.0,0.0
527.0,5.0,281.0,4.0,1,412.0,0.0,0.0,0.0
557.75,9.0,309.0,4.0,1,565.0,0.0,0.0,0.0
948.25,11.4,469.0,4.0,1,348.0,0.0,0.0,0.0
436.75,4.0,51.0,2.0,0,36.0,0.0,0.0,0.0
274.0,5.0,1061.0,4.0,1,141.0,0.0,0.0,0.0
552.75,17.666666666666668,426.0,4.0,1,464.0,0.0,0.0,0.0
310.25,5.0,898.0,4.0,0,468.0,0.0,0.0,0.0
764.5,5.5,1592.0,2.0,1,2541.0,0.0,0.0,0.0
127.83333333333331,3.5,317.0,4.0,0,227.0,0.0,0.0,0.0
82.75,2.0,784.0,4.0,1,663.0,34.88235294117647,8.0,0.0
139.66666666666666,2.0,868.0,4.0,0,342.0,23.33333333333333,3.0,0.0
457.25,5.0,0.0,3.5,0,441.0,0.0,0.0,0.0
366.0,12.0,254.0,4.0,1,517.0,0.0,0.0,0.0
343.25,4.0,208.0,4.0,1,61.0,0.0,0.0,0.0
407.25,5.333333333333333,585.0,4.0,1,50.0,0.0,0.0,0.0
761.3333333333334,9.0,842.0,4.0,1,674.0,0.0,0.0,0.0
555.75,3.0,16.0,4.5,0,1395.0,0.0,0.0,0.0
150.25,1.5,873.0,4.0,0,371.0,29.923076923076923,18.0,0.0
501.75,5.0,161.0,4.5,1,859.0,0.0,0.0,0.0
630.8333333333334,18.0,703.0,5.0,1,1203.0,0.0,0.0,0.0
477.25,4.5,309.0,4.0,1,107.0,0.0,0.0,0.0
1666.0,21.75,668.0,4.0,0,380.0,0.0,0.0,0.0
559.0,5.5,814.0,4.0,1,877.0,0.0,0.0,0.0
144.66666666666666,2.0,1000.0,4.0,1,151.0,27.63157894736842,8.0,0.0
215.0,2.5,381.0,3.5,0,143.0,0.0,0.0,0.0
894.0,17.0,1826.0,4.0,0,161.0,0.0,0.0,0.0
787.25,23.0,659.0,5.0,1,696.0,0.0,0.0,0.0
128.0,2.0,298.0,3.5,0,277.0,35.0,0.0,0.0
264.25,5.0,456.0,4.0,1,166.0,0.0,0.0,0.0
4.0,1.0,484.0,3.0,1,495.0,0.0,0.0,0.0
171.16666666666666,2.333333333333333,420.0,4.0,1,315.0,11.5,1.0,0.0
317.5,4.5,603.0,4.0,1,194.0,0.0,0.0,0.0
959.6,6.333333333333333,2008.0,4.0,1,521.0,0.0,0.0,0.0
936.0,13.5,1393.0,5.0,0,1441.0,0.0,0.0,0.0
776.75,6.0,1599.0,4.0,1,2646.0,0.0,0.0,0.0
106.0,1.5,565.0,4.0,0,581.0,33.15384615384615,8.0,0.0
274.1666666666667,4.166666666666667,324.0,4.0,1,242.0,0.0,0.0,0.0
1110.0,7.666666666666667,817.0,4.0,1,2589.0,0.0,0.0,0.0
320.5,3.0,0.0,4.0,0,477.0,27.75,3.0,0.0
110.5,1.0,170.0,4.0,1,338.0,11.0,0.0,0.0
408.8571428571428,5.0,575.0,4.0,0,168.0,0.0,0.0,0.0
27.0,3.5,606.0,4.0,0,528.0,0.0,0.0,0.0
523.3333333333334,2.5,548.0,4.0,0,766.0,0.0,0.0,0.0
1218.75,12.25,1249.0,4.0,1,733.0,0.0,0.0,0.0
128.66666666666666,2.5,492.0,4.0,1,516.0,30.3,7.0,0.0
749.5,7.5,850.0,4.0,0,1832.0,0.0,0.0,0.0
53.0,1.0,850.0,4.0,1,217.0,35.63636363636363,7.0,0.0
651.3333333333334,6.5,769.0,4.0,0,595.0,0.0,0.0,0.0
266.0,4.0,495.0,4.0,0,430.0,0.0,0.0,0.0
910.0,4.5,784.0,4.0,1,119.0,0.0,0.0,0.0
184.6,3.5,401.0,4.0,1,222.0,0.0,0.0,0.0
165.0,7.25,335.0,4.0,1,346.0,0.0,0.0,0.0
133.0,2.0,455.0,4.0,1,97.0,0.0,0.0,0.0
663.6,7.0,242.0,4.0,1,142.0,0.0,0.0,0.0
481.0,7.0,671.0,4.0,1,1003.0,0.0,0.0,0.0
512.1666666666666,3.5,522.0,4.0,1,82.0,0.0,0.0,0.0
164.25,3.0,142.0,4.0,1,130.0,22.428571428571427,4.0,0.0
487.5,2.5,283.0,4.0,1,608.0,0.0,0.0,0.0
6.75,1.5,403.0,3.0,1,806.0,17.0,1.0,0.0
444.3333333333333,3.0,93.0,4.0,0,727.0,0.0,0.0,0.0
1645.3333333333333,14.5,263.0,4.0,1,1179.0,0.0,0.0,0.0
73.83333333333333,2.6666666666666665,25.0,4.0,1,737.0,0.0,0.0,0.0
544.0,18.83333333333333,165.0,5.0,0,1738.0,0.0,0.0,0.0
320.1666666666667,5.0,207.0,2.0,1,261.0,0.0,0.0,0.0
347.0,3.5,45.0,2.0,1,51.0,0.0,0.0,0.0
575.25,4.0,1057.0,4.5,1,2650.0,0.0,0.0,0.0
426.5,4.0,104.0,2.0,1,5.0,0.0,0.0,0.0
945.6666666666666,16.833333333333332,1869.0,5.0,1,81.0,0.0,0.0,0.0
479.5,6.333333333333333,611.0,2.6666666666666665,1,72.0,0.0,0.0,0.0
35.0,1.5,253.0,4.0,1,89.0,0.0,0.0,0.0
554.0,9.333333333333334,100.0,4.0,0,364.0,0.0,0.0,0.0
1385.25,19.83333333333333,1082.0,4.0,1,1774.0,0.0,0.0,0.0
446.5,4.5,73.0,4.0,0,1388.0,0.0,0.0,0.0
265.75,4.5,452.0,2.0,0,58.0,38.45454545454545,5.0,0.0
416.25,4.0,373.0,4.0,1,744.0,0.0,0.0,0.0
136.0,3.6666666666666665,517.0,4.0,1,105.0,0.0,0.0,0.0
732.5,9.25,1097.0,4.0,1,2076.0,0.0,0.0,0.0
381.0,3.5,729.0,4.0,1,170.0,0.0,0.0,0.0
428.75,3.75,489.0,4.0,1,62.0,0.0,0.0,0.0
120.0,3.5,23.0,4.0,1,602.0,0.0,0.0,0.0
577.5,13.6,378.0,4.0,1,261.0,0.0,0.0,0.0
457.0,15.25,303.0,4.0,1,359.0,0.0,0.0,0.0
954.75,15.5,621.0,5.0,1,1130.0,0.0,0.0,0.0
300.75,4.0,261.0,4.0,1,721.0,0.0,0.0,0.0
421.5,8.0,304.0,4.0,1,451.0,0.0,0.0,0.0
601.0,3.5,366.0,4.0,1,904.0,0.0,0.0,0.0
36.0,5.0,509.0,4.0,1,391.0,0.0,0.0,0.0
1089.5,22.25,553.0,4.0,0,635.0,0.0,0.0,0.0
452.8,4.0,672.0,2.0,1,95.0,0.0,0.0,0.0
596.0,4.5,211.0,4.0,0,1187.0,0.0,0.0,0.0
68.66666666666667,2.5,237.0,4.0,0,512.0,0.0,0.0,0.0
79.75,3.0,1262.0,4.0,0,461.0,0.0,0.0,0.0
478.8333333333333,7.0,406.0,2.6666666666666665,1,346.0,0.0,0.0,0.0
101.0,3.0,220.0,4.0,1,233.0,0.0,0.0,0.0
806.25,6.666666666666667,1710.0,4.0,1,2792.0,0.0,0.0,0.0
165.0,1.5,487.0,4.0,1,255.0,0.0,0.0,0.0
788.25,12.666666666666666,1492.0,4.0,0,617.0,0.0,0.0,0.0
431.0,3.5,191.0,4.0,1,1211.0,0.0,0.0,0.0
440.0,8.6,844.0,4.0,1,935.0,0.0,0.0,0.0
120.5,5.5,422.0,4.0,0,234.0,28.692307692307693,10.0,0.0
136.5,3.0,337.0,4.0,1,288.0,0.0,0.0,0.0
158.25,3.6,253.0,4.0,1,298.0,0.0,0.0,0.0
1.6666666666666667,0.0,496.0,0.0,0,692.0,0.0,0.0,0.0
198.66666666666663,6.833333333333333,598.0,4.0,1,146.0,0.0,0.0,0.0
658.3333333333334,10.75,604.0,4.0,1,935.0,0.0,0.0,0.0
820.0,5.5,1339.0,4.0,1,218.0,0.0,0.0,0.0
336.0,4.333333333333333,181.0,4.0,0,192.0,0.0,0.0,0.0
446.0,5.5,108.0,4.0,1,374.0,0.0,0.0,0.0
734.75,4.5,1261.0,4.0,1,233.0,0.0,0.0,0.0
674.5,11.5,314.0,5.0,1,1190.0,0.0,0.0,0.0
546.6666666666666,4.5,284.0,4.0,0,417.0,0.0,0.0,0.0
850.75,7.5,2093.0,4.0,0,3109.0,0.0,0.0,0.0
1251.5,7.333333333333333,1043.0,4.5,1,2571.0,0.0,0.0,0.0
92.0,1.5,660.0,4.0,1,268.0,38.16666666666666,8.0,0.0
442.5,6.5,236.0,2.0,0,192.0,0.0,0.0,0.0
267.75,3.5,661.0,4.0,1,245.0,0.0,0.0,0.0
601.5,6.5,37.0,4.0,1,661.0,0.0,0.0,0.0
763.0,9.666666666666666,1308.0,5.0,1,1128.0,0.0,0.0,0.0
98.0,2.5,779.0,4.0,1,246.0,0.0,0.0,0.0
1062.4,9.5,914.0,4.0,1,1266.0,0.0,0.0,0.0
623.5,13.0,719.0,5.0,0,2267.0,0.0,0.0,0.0
735.25,9.5,541.0,4.0,1,759.0,0.0,0.0,0.0
1348.75,12.333333333333334,779.0,4.0,0,1001.0,0.0,0.0,0.0
64.0,2.5,717.0,4.0,0,609.0,33.5,11.0,0.0
81.25,3.0,789.0,4.0,0,62.0,11.428571428571429,5.0,0.0
955.0,7.0,2028.0,4.0,1,3924.0,0.0,0.0,0.0
356.0,3.5,392.0,4.0,1,64.0,0.0,0.0,0.0
14.75,3.0,396.0,4.5,0,728.0,34.47058823529412,14.0,0.0
690.5,5.0,659.0,4.0,1,1342.0,0.0,0.0,0.0
838.8333333333334,13.0,1707.0,4.5,0,537.0,0.0,0.0,0.0
405.5,2.5,453.0,4.0,1,94.0,0.0,0.0,0.0
145.0,2.0,243.0,4.0,1,320.0,0.0,0.0,0.0
828.6666666666666,6.0,1442.0,4.0,1,3072.0,0.0,0.0,0.0
817.75,13.5,1813.0,4.0,1,1914.0,0.0,0.0,0.0
406.2,5.5,475.0,2.0,1,281.0,24.0,1.0,0.0
1022.0,12.0,1465.0,5.0,0,491.0,0.0,0.0,0.0
651.0,4.25,368.0,4.5,1,60.0,0.0,0.0,0.0
289.0,2.0,202.0,4.0,1,470.0,0.0,0.0,0.0
593.75,1.5,1627.0,4.0,1,2571.0,0.0,0.0,0.0
534.75,3.5,0.0,2.0,0,512.0,0.0,0.0,0.0
802.0,7.75,1118.0,4.0,1,534.0,0.0,0.0,0.0
421.5,4.0,320.0,2.6666666666666665,1,26.0,0.0,0.0,0.0
148.0,1.5,789.0,4.0,1,116.0,23.25,6.0,0.0
97.25,1.5,546.0,4.0,1,207.0,0.0,0.0,0.0
294.6666666666667,5.0,501.0,4.0,1,246.0,0.0,0.0,0.0
802.75,6.5,1699.0,4.0,1,2581.0,0.0,0.0,0.0
1315.5,14.5,1566.0,4.0,1,566.0,0.0,0.0,0.0
192.0,4.333333333333333,398.0,4.0,1,532.0,0.0,0.0,0.0
275.5,6.5,93.0,4.0,1,520.0,0.0,0.0,0.0
146.33333333333334,3.333333333333333,985.0,4.0,1,512.0,24.08333333333333,22.0,0.0
545.0,3.5,168.0,4.0,1,171.0,0.0,0.0,0.0
565.5,4.4,146.0,4.0,1,933.0,0.0,0.0,0.0
107.75,2.5,661.0,2.0,1,104.0,0.0,0.0,0.0
1145.0,19.75,1558.0,5.0,1,21.0,0.0,0.0,0.0
578.75,5.5,105.0,4.0,1,907.0,0.0,0.0,0.0
733.6666666666666,8.0,575.0,4.0,1,807.0,0.0,0.0,0.0
439.0,4.25,74.0,4.0,0,223.0,0.0,0.0,0.0
218.0,3.5,105.0,4.0,1,85.0,0.0,0.0,0.0
465.3333333333333,4.0,63.0,4.0,1,411.0,0.0,0.0,0.0
871.75,12.25,993.0,5.0,1,2657.0,0.0,0.0,0.0
524.1666666666666,4.5,1.0,4.0,0,105.0,0.0,0.0,0.0
855.25,3.25,1034.0,4.0,1,3528.0,0.0,0.0,0.0
75.0,2.5,845.0,4.0,1,129.0,25.375,15.0,0.0
603.3333333333334,3.0,1502.0,4.0,1,2397.0,0.0,0.0,0.0
200.66666666666663,5.0,74.0,4.0,1,295.0,0.0,0.0,0.0
908.5,11.5,1617.0,4.0,1,2731.0,0.0,0.0,0.0
181.3333333333333,4.0,399.0,4.0,1,94.0,33.333333333333336,4.0,0.0
285.75,5.333333333333333,355.0,2.6666666666666665,1,31.0,0.5,1.0,0.0
848.25,13.0,1409.0,4.0,1,371.0,0.0,0.0,0.0
508.0,4.0,244.0,4.0,1,439.0,0.0,0.0,0.0
52.333333333333336,2.5,692.0,4.0,1,268.0,18.0,3.0,0.0
689.5,4.333333333333333,1026.0,4.0,1,192.0,0.0,0.0,0.0
927.75,20.0,1969.0,4.0,0,1632.0,0.0,0.0,0.0
735.8333333333334,9.0,1094.0,2.0,1,1173.0,0.0,0.0,0.0
724.25,5.0,607.0,4.0,1,1528.0,0.0,0.0,0.0
365.0,12.5,558.0,4.0,1,374.0,0.0,0.0,0.0
616.25,7.0,1322.0,4.0,1,2142.0,0.0,0.0,0.0
43.5,1.5,953.0,4.0,0,143.0,23.75,9.0,0.0
52.333333333333336,1.0,202.0,4.0,1,266.0,0.0,0.0,0.0
335.0,6.333333333333333,354.0,2.0,1,83.0,0.0,0.0,0.0
767.0,6.0,1314.0,4.0,1,2170.0,0.0,0.0,0.0
565.3333333333334,4.5,61.0,4.0,1,140.0,0.0,0.0,0.0
202.8333333333333,6.0,483.0,4.0,1,54.0,23.5,1.0,0.0
677.6666666666666,6.5,756.0,4.0,1,1831.0,0.0,0.0,0.0
68.5,2.5,297.0,4.0,1,611.0,0.0,0.0,0.0
344.4,4.5,139.0,4.0,0,1309.0,0.0,0.0,0.0
283.25,7.0,786.0,4.0,1,555.0,0.0,0.0,0.0
1515.3333333333333,16.75,231.0,4.0,1,629.0,0.0,0.0,0.0
996.0,13.166666666666666,85.0,4.0,1,308.0,0.0,0.0,0.0
179.5,2.0,495.0,4.0,1,58.0,53.0,1.0,0.0
288.5,2.5,387.0,4.0,1,271.0,0.0,0.0,0.0
94.0,3.0,720.0,2.0,1,1.0,19.0,4.0,0.0
574.1666666666666,4.5,389.0,4.0,1,596.0,0.0,0.0,0.0
714.0,15.666666666666666,1000.0,4.5,1,1003.0,0.0,0.0,0.0
554.0,5.0,677.0,4.0,1,305.0,0.0,0.0,0.0
401.5,3.5,301.0,4.0,0,229.0,0.0,0.0,0.0
60.25,1.5,254.0,4.0,0,605.0,29.23809523809524,15.0,0.0
178.0,4.0,1062.0,4.0,1,512.0,0.0,0.0,0.0
494.0,4.5,560.0,4.0,1,1069.0,0.0,0.0,0.0
976.5,8.666666666666666,1596.0,4.0,1,3123.0,0.0,0.0,0.0
60.5,2.5,598.0,4.5,0,805.0,29.681818181818183,13.0,0.0
159.5,2.5,579.0,4.0,0,280.0,33.75,7.0,0.0
1147.5,24.75,2292.0,4.5,0,1018.0,0.0,0.0,0.0
180.75,1.5,375.0,4.0,1,146.0,66.0,1.0,0.0
360.5,3.0,446.0,2.6666666666666665,1,31.0,0.0,0.0,0.0
372.75,4.333333333333333,185.0,4.0,1,182.0,0.0,0.0,0.0
211.0,4.5,689.0,4.0,0,1155.0,0.0,0.0,0.0
131.33333333333334,2.0,665.0,4.5,1,260.0,30.0,2.0,0.0
599.5,5.25,78.0,4.0,1,185.0,0.0,0.0,0.0
16.0,2.0,169.0,4.0,1,333.0,25.666666666666668,17.0,0.0
195.75,6.75,278.0,4.0,1,406.0,0.0,0.0,0.0
473.75,9.0,296.0,4.0,1,182.0,0.0,0.0,0.0
463.5,5.0,268.0,4.0,0,225.0,0.0,0.0,0.0
345.25,6.0,0.0,4.0,1,183.0,0.0,0.0,0.0
941.75,16.333333333333332,527.0,5.0,1,1109.0,0.0,0.0,0.0
56.0,2.5,322.0,4.0,1,428.0,0.0,0.0,0.0
602.0,5.5,284.0,4.0,1,1112.0,0.0,0.0,0.0
752.5,5.5,891.0,4.0,1,574.0,0.0,0.0,0.0
917.5,15.25,924.0,5.0,1,1434.0,0.0,0.0,0.0
731.25,9.75,1320.0,4.0,0,753.0,0.0,0.0,0.0
323.75,4.5,372.0,4.0,0,191.0,0.0,0.0,0.0
760.0,4.5,1697.0,4.0,1,2433.0,0.0,0.0,0.0
284.75,4.5,560.0,4.0,0,204.0,0.0,0.0,0.0
26.0,1.0,566.0,4.0,0,281.0,21.444444444444443,7.0,0.0
284.3333333333333,3.0,0.0,4.0,0,436.0,0.0,0.0,0.0
804.0,5.666666666666667,1802.0,4.0,1,2771.0,0.0,0.0,0.0
1704.25,29.0,1353.0,2.5,1,191.0,0.0,0.0,0.0
911.75,12.25,1450.0,5.0,1,3661.0,0.0,0.0,0.0
304.0,4.5,1005.0,4.0,1,841.0,0.0,0.0,0.0
593.25,5.25,240.0,2.0,1,1006.0,0.0,0.0,0.0
141.0,6.333333333333333,658.0,2.0,1,2.0,0.0,0.0,0.0
122.0,3.5,831.0,4.0,1,70.0,0.0,0.0,0.0
969.6666666666666,10.0,1623.0,4.5,1,442.0,0.0,0.0,0.0
695.25,7.5,794.0,4.0,0,1760.0,0.0,0.0,0.0
552.1666666666666,6.0,58.0,2.0,1,303.0,0.0,0.0,0.0
672.5,8.666666666666666,899.0,4.0,1,730.0,0.0,0.0,0.0
707.6666666666666,4.0,841.0,4.0,0,1476.0,0.0,0.0,0.0
42.833333333333336,2.0,0.0,4.0,1,144.0,20.73333333333333,13.0,0.0
109.33333333333331,3.5,898.0,4.0,1,411.0,36.66666666666666,2.0,0.0
786.25,5.0,1719.0,4.0,1,2607.0,0.0,0.0,0.0
553.6666666666666,7.0,661.0,5.0,1,1369.0,0.0,0.0,0.0
275.0,2.5,358.0,2.6666666666666665,1,0.0,0.0,0.0,0.0
763.5,5.5,1296.0,4.0,1,2265.0,0.0,0.0,0.0
128.5,2.5,233.0,4.0,1,160.0,0.0,0.0,0.0
51.0,1.0,805.0,4.0,1,356.0,29.33333333333333,12.0,0.0
400.0,3.0,201.0,4.0,1,328.0,0.0,0.0,0.0
796.75,11.333333333333334,625.0,4.0,1,3404.0,0.0,0.0,0.0
417.0,5.0,418.0,4.0,1,1354.0,0.0,0.0,0.0
264.0,5.0,305.0,4.0,1,182.0,0.0,0.0,0.0
903.0,8.0,2127.0,4.0,1,3646.0,0.0,0.0,0.0
1064.75,9.0,1169.0,4.0,1,2987.0,0.0,0.0,0.0
245.25,2.0,624.0,4.0,1,875.0,0.0,0.0,0.0
145.75,1.5,202.0,4.0,1,285.0,0.0,0.0,0.0
49.5,2.6666666666666665,248.0,2.0,1,0.0,24.647058823529413,10.0,0.0
272.75,5.666666666666667,550.0,4.0,1,308.0,0.0,0.0,0.0
611.1666666666666,3.5,746.0,4.0,1,972.0,0.0,0.0,0.0
144.5,1.5,178.0,4.0,1,173.0,0.0,0.0,0.0
1221.8333333333333,6.0,336.0,4.0,1,2037.0,0.0,0.0,0.0
380.1666666666667,3.5,458.0,4.0,1,734.0,0.0,0.0,0.0
761.0,6.0,1376.0,4.5,1,2422.0,0.0,0.0,0.0
117.0,3.5,265.0,3.5,0,322.0,22.33333333333333,4.0,0.0
797.5,9.0,918.0,4.0,1,756.0,0.0,0.0,0.0
1337.0,21.0,1740.0,5.0,1,787.0,0.0,0.0,0.0
237.0,4.5,756.0,4.0,1,156.0,53.5,1.0,0.0
392.8,3.5,263.0,4.0,1,663.0,0.0,0.0,0.0
309.75,4.0,394.0,4.0,1,702.0,0.0,0.0,0.0
629.5,8.0,278.0,4.0,0,1217.0,0.0,0.0,0.0
359.75,4.0,198.0,3.0,1,41.0,14.571428571428571,4.0,0.0
492.25,4.666666666666667,37.0,4.0,1,580.0,0.0,0.0,0.0
793.0,10.25,1153.0,5.0,1,1286.0,0.0,0.0,0.0
470.0,6.0,271.0,4.0,1,314.0,0.0,0.0,0.0
143.0,1.5,383.0,4.0,0,308.0,0.0,0.0,0.0
669.0,7.5,595.0,4.0,1,1538.0,0.0,0.0,0.0
24.5,0.5,802.0,4.0,1,426.0,0.0,0.0,0.0
52.5,6.0,760.0,4.0,1,544.0,0.0,0.0,0.0
331.3333333333333,5.0,232.0,4.0,1,572.0,0.0,0.0,0.0
551.25,6.333333333333333,286.0,4.0,1,546.0,0.0,0.0,0.0
72.0,1.5,425.0,4.0,1,262.0,28.75,8.0,0.0
7.0,2.0,233.0,4.0,1,345.0,30.045454545454547,14.0,0.0
114.5,2.5,516.0,4.0,1,157.0,14.5,2.0,0.0
564.5,6.0,111.0,4.0,0,769.0,0.0,0.0,0.0
260.5,3.0,48.0,2.0,1,110.0,0.0,0.0,0.0
1121.5,10.5,270.0,4.0,1,1978.0,0.0,0.0,0.0
143.25,3.6666666666666665,966.0,4.0,1,438.0,26.40625,20.0,0.0
174.33333333333334,3.5,281.0,2.0,1,0.0,0.0,0.0,0.0
1031.75,9.5,1671.0,4.0,1,3463.0,0.0,0.0,0.0
806.6666666666666,11.25,1866.0,4.0,0,2646.0,0.0,0.0,0.0
293.0,2.25,314.0,4.0,0,492.0,29.0,0.0,0.0
527.1666666666666,6.5,208.0,4.5,1,1761.0,0.0,0.0,0.0
1506.75,17.333333333333332,157.0,4.0,0,716.0,0.0,0.0,0.0
324.75,6.5,815.0,4.0,1,326.0,0.0,0.0,0.0
210.66666666666663,4.0,905.0,4.0,1,1076.0,0.0,0.0,0.0
613.75,7.0,526.0,4.0,1,149.0,0.0,0.0,0.0
498.3333333333333,11.666666666666666,208.0,4.0,1,602.0,0.0,0.0,0.0
673.3333333333334,6.0,223.0,4.0,1,1284.0,0.0,0.0,0.0
431.0,5.0,343.0,4.0,1,325.0,0.0,0.0,0.0
1190.0,6.5,1217.0,4.0,0,3007.0,0.0,0.0,0.0
399.2,3.6666666666666665,289.0,4.0,0,514.0,0.0,0.0,0.0
637.0,10.25,798.0,5.0,0,2363.0,0.0,0.0,0.0
305.3333333333333,3.5,206.0,4.0,1,405.0,0.0,0.0,0.0
153.5,1.0,566.0,4.0,0,332.0,0.0,0.0,0.0
186.25,4.0,344.0,4.0,0,96.0,0.0,0.0,0.0
336.0,6.0,742.0,4.0,1,94.0,0.0,0.0,0.0
116.2,1.5,80.0,4.0,1,799.0,6.666666666666667,0.0,0.0
1116.0,30.666666666666668,1847.0,5.0,1,773.0,0.0,0.0,0.0
510.25,5.75,891.0,4.0,1,856.0,0.0,0.0,0.0
541.5,10.5,353.0,5.0,1,1124.0,0.0,0.0,0.0
544.3333333333334,5.0,643.0,4.0,1,722.0,0.0,0.0,0.0
302.0,5.5,668.0,4.0,1,538.0,0.0,0.0,0.0
397.0,5.25,230.0,4.0,1,106.0,0.0,0.0,0.0
76.0,2.0,1174.0,4.0,1,151.0,0.0,0.0,0.0
166.0,4.5,583.0,2.0,1,182.0,0.0,0.0,0.0
336.5,2.5,356.0,4.0,1,1534.0,0.0,0.0,0.0
841.6666666666666,19.33333333333333,1647.0,4.5,1,68.0,0.0,0.0,0.0
386.5,2.5,287.0,3.0,1,4.0,0.0,0.0,0.0
276.75,7.0,652.0,4.0,1,346.0,0.0,0.0,0.0
20.0,1.5,491.0,4.0,1,265.0,0.0,0.0,0.0
129.75,6.5,35.0,2.0,1,65.0,0.0,0.0,0.0
576.8333333333334,8.5,623.0,4.0,1,741.0,0.0,0.0,0.0
150.0,1.0,268.0,4.0,1,416.0,22.823529411764707,10.0,0.0
43.333333333333336,2.5,638.0,4.0,0,1240.0,20.5,1.0,0.0
35.5,1.0,22.0,4.0,1,506.0,72.0,2.0,0.0
31.666666666666668,10.75,407.0,4.0,1,421.0,30.875,6.0,0.0
1017.5,20.0,506.0,4.5,1,872.0,0.0,0.0,0.0
837.75,13.75,1765.0,4.5,1,100.0,0.0,0.0,0.0
324.75,6.0,406.0,4.0,1,717.0,0.0,0.0,0.0
275.8,3.5,64.0,2.0,1,66.0,0.0,0.0,0.0
1066.25,14.75,1481.0,4.5,0,426.0,0.0,0.0,0.0
489.0,7.5,261.0,4.0,1,543.0,0.0,0.0,0.0
283.3333333333333,2.0,255.0,4.0,0,83.0,27.928571428571427,10.0,0.0
340.5,9.2,663.0,4.0,0,781.0,0.0,0.0,0.0
850.75,19.0,88.0,5.0,0,2782.0,0.0,0.0,0.0
445.1666666666667,3.0,30.0,4.0,1,533.0,0.0,0.0,0.0
1124.75,6.0,1020.0,4.0,1,778.0,0.0,0.0,0.0
756.5,14.0,341.0,5.0,0,2580.0,0.0,0.0,0.0
546.4,3.0,419.0,4.0,1,710.0,0.0,0.0,0.0
587.0,9.0,67.0,4.0,1,277.0,0.0,0.0,0.0
161.83333333333334,6.5,258.0,4.0,0,256.0,0.0,0.0,0.0
281.6666666666667,4.0,26.0,4.0,1,300.0,100.0,0.0,0.0
124.0,3.333333333333333,378.0,4.0,1,424.0,17.666666666666668,5.0,0.0
376.75,4.0,295.0,2.6666666666666665,1,63.0,29.0,3.0,0.0
764.75,6.0,1346.0,5.0,1,2378.0,0.0,0.0,0.0
334.0,3.0,607.0,4.0,1,245.0,0.0,0.0,0.0
423.25,3.5,0.0,4.0,1,508.0,0.0,0.0,0.0
819.5,7.666666666666667,703.0,4.5,1,2430.0,0.0,0.0,0.0
811.25,17.0,120.0,4.5,1,2594.0,0.0,0.0,0.0
959.0,7.0,2002.0,4.0,1,3993.0,0.0,0.0,0.0
129.0,2.5,493.0,2.0,0,23.0,0.0,0.0,0.0
263.75,2.5,0.0,4.0,1,467.0,20.0,4.0,0.0
891.25,15.5,1950.0,4.333333333333333,0,396.0,0.0,0.0,0.0
144.0,6.75,588.0,4.0,1,293.0,0.0,0.0,0.0
68.0,2.0,752.0,4.0,0,227.0,33.86666666666667,12.0,0.0
89.5,4.75,312.0,4.0,0,343.0,24.125,6.0,0.0
304.75,6.0,943.0,4.0,1,645.0,0.0,0.0,0.0
978.0,19.5,361.0,5.0,1,1111.0,0.0,0.0,0.0
365.0,10.666666666666666,758.0,4.0,1,574.0,0.0,0.0,0.0
214.5,7.0,805.0,4.0,1,908.0,0.0,0.0,0.0
555.75,5.0,117.0,4.0,1,561.0,0.0,0.0,0.0
647.5,9.0,169.0,4.0,1,456.0,0.0,0.0,0.0
314.75,5.5,316.0,4.0,1,609.0,0.0,0.0,0.0
207.0,15.0,283.0,4.0,0,282.0,0.0,0.0,0.0
322.5,7.0,402.0,4.0,1,283.0,0.0,0.0,0.0
207.3333333333333,3.0,0.0,4.0,1,267.0,0.0,0.0,0.0
113.0,1.0,500.0,2.0,1,25.0,23.0,1.0,0.0
455.3333333333333,3.5,230.0,4.0,1,621.0,0.0,0.0,0.0
1150.3333333333333,12.333333333333334,907.0,4.0,0,892.0,0.0,0.0,0.0
70.5,2.5,672.0,4.0,1,761.0,34.083333333333336,8.0,0.0
1409.5,25.166666666666668,806.0,4.0,1,1463.0,0.0,0.0,0.0
635.0,8.5,157.0,4.0,1,677.0,0.0,0.0,0.0
794.0,7.333333333333333,1412.0,4.0,1,2593.0,0.0,0.0,0.0
938.1428571428572,9.0,2107.0,4.0,1,3722.0,0.0,0.0,0.0
18.5,2.5,142.0,4.5,0,488.0,23.21212121212121,25.0,0.0
577.25,4.5,31.0,4.0,1,832.0,0.0,0.0,0.0
377.75,3.0,634.0,4.0,0,803.0,0.0,0.0,0.0
144.0,3.6666666666666665,32.0,4.0,1,641.0,0.0,0.0,0.0
965.75,10.0,1704.0,4.0,1,348.0,0.0,0.0,0.0
462.75,4.0,132.0,4.0,1,326.0,0.0,0.0,0.0
919.75,14.0,1903.0,4.0,0,225.0,0.0,0.0,0.0
754.25,10.5,1271.0,4.0,1,1336.0,0.0,0.0,0.0
4.5,5.0,552.0,0.0,0,1064.0,0.0,0.0,0.0
309.5,3.5,237.0,4.0,0,508.0,0.0,0.0,0.0
24.5,2.5,572.0,4.0,1,595.0,0.0,0.0,0.0
519.25,6.5,513.0,4.0,1,1139.0,0.0,0.0,0.0
511.75,6.5,278.0,4.0,1,1531.0,0.0,0.0,0.0
641.4,3.5,0.0,2.0,1,222.0,0.0,0.0,0.0
274.6666666666667,3.5,576.0,4.0,0,764.0,0.0,0.0,0.0
288.5,3.5,15.0,4.0,1,259.0,0.0,0.0,0.0
44.333333333333336,4.166666666666667,1033.0,4.0,1,494.0,14.5,2.0,0.0
101.25,2.0,337.0,2.333333333333333,1,52.0,0.0,0.0,0.0
693.25,9.25,697.0,4.0,1,2090.0,0.0,0.0,0.0
74.8,2.5,456.0,4.0,1,189.0,0.0,0.0,0.0
108.25,1.5,462.0,2.0,0,73.0,0.0,0.0,0.0
310.0,7.5,493.0,4.0,1,904.0,0.0,0.0,0.0
522.8333333333334,16.0,717.0,4.0,1,1182.0,0.0,0.0,0.0
440.0,3.0,57.0,4.0,0,712.0,0.0,0.0,0.0
688.5,6.0,1013.0,4.0,1,1768.0,0.0,0.0,0.0
457.0,5.25,334.0,4.0,1,137.0,0.0,0.0,0.0
